"time","S1.Cp_p[1]","S1.Cp_p[2]","S1.Cp_p[3]","S1.Cp_pc[1,1]","S1.Cp_pc[1,2]","S1.Cp_pc[2,1]","S1.Cp_pc[2,2]","S1.Cp_pc[3,1]","S1.Cp_pc[3,2]","S1.Cpres_p[1]","S1.Cpres_p[2]","S1.Cpres_p[3]","S1.F_p[1]","S1.F_p[2]","S1.F_p[3]","S1.F_pc[1,1]","S1.F_pc[1,2]","S1.F_pc[2,1]","S1.F_pc[2,2]","S1.F_pc[3,1]","S1.F_pc[3,2]","S1.Fm_p[1]","S1.Fm_p[2]","S1.Fm_p[3]","S1.Fm_pc[1,1]","S1.Fm_pc[1,2]","S1.Fm_pc[2,1]","S1.Fm_pc[2,2]","S1.Fm_pc[3,1]","S1.Fm_pc[3,2]","S1.H_p[1]","S1.H_p[2]","S1.H_p[3]","S1.H_pc[1,1]","S1.H_pc[1,2]","S1.H_pc[2,1]","S1.H_pc[2,2]","S1.H_pc[3,1]","S1.H_pc[3,2]","S1.Hres_p[1]","S1.Hres_p[2]","S1.Hres_p[3]","S1.K_c[1]","S1.K_c[2]","S1.MW_p[1]","S1.MW_p[2]","S1.MW_p[3]","S1.P","S1.Pbubl","S1.Pdew","S1.Pvap_c[1]","S1.Pvap_c[2]","S1.S_p[1]","S1.S_p[2]","S1.S_p[3]","S1.S_pc[1,1]","S1.S_pc[1,2]","S1.S_pc[2,1]","S1.S_pc[2,2]","S1.S_pc[3,1]","S1.S_pc[3,2]","S1.Sres_p[1]","S1.Sres_p[2]","S1.Sres_p[3]","S1.T","S1.gma_c[1]","S1.gma_c[2]","S1.gmabubl_c[1]","S1.gmabubl_c[2]","S1.gmadew_c[1]","S1.gmadew_c[2]","S1.philiqbubl_c[1]","S1.philiqbubl_c[2]","S1.phivapdew_c[1]","S1.phivapdew_c[2]","S1.x_pc[1,1]","S1.x_pc[1,2]","S1.x_pc[2,1]","S1.x_pc[2,2]","S1.x_pc[3,1]","S1.x_pc[3,2]","S1.xliq","S1.xm_pc[1,1]","S1.xm_pc[1,2]","S1.xm_pc[2,1]","S1.xm_pc[2,2]","S1.xm_pc[3,1]","S1.xm_pc[3,2]","S1.xmliq","S1.xmvap","S1.xvap","S1.In.F","S1.In.H","S1.In.P","S1.In.S","S1.In.T","S1.In.x_pc[1,1]","S1.In.x_pc[1,2]","S1.In.x_pc[2,1]","S1.In.x_pc[2,2]","S1.In.x_pc[3,1]","S1.In.x_pc[3,2]","S1.In.xvap","S1.Out.F","S1.Out.H","S1.Out.P","S1.Out.S","S1.Out.T","S1.Out.x_pc[1,1]","S1.Out.x_pc[1,2]","S1.Out.x_pc[2,1]","S1.Out.x_pc[2,2]","S1.Out.x_pc[3,1]","S1.Out.x_pc[3,2]","S1.Out.xvap"
0,146.1957090661339,167.8855917603916,113.2373706509648,73.09785453306694,73.09785453306694,153.1397420816477,178.2097705185411,103.8552737738388,129.4895241883515,0,0,0,100,60.30999316368191,39.69000683631809,50,50,24.83647563033173,35.47351753335018,25.16352436966826,14.52648246664983,8512.75,5208.641836428152,3304.108163571849,3905.7,4607.05,1940.076457387733,3268.565379040419,1965.623542612267,1338.484620959582,-12184.17631903778,-24894.87014131815,7130.052088348826,-6092.088159518888,-6092.088159518888,-23363.60035599317,-25966.9754004296,6520.46119735415,8186.016963279074,0,0,0,1.539535136156243,0.6222491539426789,85.1275,86.36449057939448,83.24786078264026,101325,109521.3965971366,89802.44714147809,155993.3976710313,63049.39552324193,-25.45328699389587,-59.88252140507227,26.86282624166117,-12.72664349694793,-12.72664349694793,-54.26039658339575,-63.81880333688171,23.35876383928222,32.93274439683289,0,0,0,368,1,1,1,1,1,1,1,1,1,1,0.5,0.5,0.4118136038073375,0.5881863961926626,0.6340015126085223,0.3659984873914776,0.6030999316368191,0.4588059087838831,0.5411940912161171,0.3724726172990518,0.6275273827009482,0.5949029042945627,0.4050970957054373,0.6118635971252712,0.3881364028747289,0.3969000683631809,100,-12184.17631903778,101325,-25.45328699389587,368,0.5,0.5,0.4118136038073375,0.5881863961926626,0.6340015126085223,0.3659984873914776,0.3969000683631809,100,-12184.17631903778,101325,-25.45328699389587,368,0.5,0.5,0.4118136038073375,0.5881863961926626,0.6340015126085223,0.3659984873914776,0.3969000683631809
0.002,146.1957090661339,167.8855917603916,113.2373706509648,73.09785453306694,73.09785453306694,153.1397420816477,178.2097705185411,103.8552737738388,129.4895241883515,0,0,0,100,60.30999316368191,39.69000683631809,50,50,24.83647563033173,35.47351753335018,25.16352436966826,14.52648246664983,8512.75,5208.641836428152,3304.108163571849,3905.7,4607.05,1940.076457387733,3268.565379040419,1965.623542612267,1338.484620959582,-12184.17631903778,-24894.87014131815,7130.052088348826,-6092.088159518888,-6092.088159518888,-23363.60035599317,-25966.9754004296,6520.46119735415,8186.016963279074,0,0,0,1.539535136156243,0.6222491539426789,85.1275,86.36449057939448,83.24786078264026,101325,109521.3965971366,89802.44714147809,155993.3976710313,63049.39552324193,-25.45328699389587,-59.88252140507227,26.86282624166117,-12.72664349694793,-12.72664349694793,-54.26039658339575,-63.81880333688171,23.35876383928222,32.93274439683289,0,0,0,368,1,1,1,1,1,1,1,1,1,1,0.5,0.5,0.4118136038073375,0.5881863961926626,0.6340015126085223,0.3659984873914776,0.6030999316368191,0.4588059087838831,0.5411940912161171,0.3724726172990518,0.6275273827009482,0.5949029042945627,0.4050970957054373,0.6118635971252712,0.3881364028747289,0.3969000683631809,100,-12184.17631903778,101325,-25.45328699389587,368,0.5,0.5,0.4118136038073375,0.5881863961926626,0.6340015126085223,0.3659984873914776,0.3969000683631809,100,-12184.17631903778,101325,-25.45328699389587,368,0.5,0.5,0.4118136038073375,0.5881863961926626,0.6340015126085223,0.3659984873914776,0.3969000683631809
0.004,146.1957090661339,167.8855917603916,113.2373706509648,73.09785453306694,73.09785453306694,153.1397420816477,178.2097705185411,103.8552737738388,129.4895241883515,0,0,0,100,60.30999316368191,39.69000683631809,50,50,24.83647563033173,35.47351753335018,25.16352436966826,14.52648246664983,8512.75,5208.641836428152,3304.108163571849,3905.7,4607.05,1940.076457387733,3268.565379040419,1965.623542612267,1338.484620959582,-12184.17631903778,-24894.87014131815,7130.052088348826,-6092.088159518888,-6092.088159518888,-23363.60035599317,-25966.9754004296,6520.46119735415,8186.016963279074,0,0,0,1.539535136156243,0.6222491539426789,85.1275,86.36449057939448,83.24786078264026,101325,109521.3965971366,89802.44714147809,155993.3976710313,63049.39552324193,-25.45328699389587,-59.88252140507227,26.86282624166117,-12.72664349694793,-12.72664349694793,-54.26039658339575,-63.81880333688171,23.35876383928222,32.93274439683289,0,0,0,368,1,1,1,1,1,1,1,1,1,1,0.5,0.5,0.4118136038073375,0.5881863961926626,0.6340015126085223,0.3659984873914776,0.6030999316368191,0.4588059087838831,0.5411940912161171,0.3724726172990518,0.6275273827009482,0.5949029042945627,0.4050970957054373,0.6118635971252712,0.3881364028747289,0.3969000683631809,100,-12184.17631903778,101325,-25.45328699389587,368,0.5,0.5,0.4118136038073375,0.5881863961926626,0.6340015126085223,0.3659984873914776,0.3969000683631809,100,-12184.17631903778,101325,-25.45328699389587,368,0.5,0.5,0.4118136038073375,0.5881863961926626,0.6340015126085223,0.3659984873914776,0.3969000683631809
0.006,146.1957090661339,167.8855917603916,113.2373706509648,73.09785453306694,73.09785453306694,153.1397420816477,178.2097705185411,103.8552737738388,129.4895241883515,0,0,0,100,60.30999316368191,39.69000683631809,50,50,24.83647563033173,35.47351753335018,25.16352436966826,14.52648246664983,8512.75,5208.641836428152,3304.108163571849,3905.7,4607.05,1940.076457387733,3268.565379040419,1965.623542612267,1338.484620959582,-12184.17631903778,-24894.87014131815,7130.052088348826,-6092.088159518888,-6092.088159518888,-23363.60035599317,-25966.9754004296,6520.46119735415,8186.016963279074,0,0,0,1.539535136156243,0.6222491539426789,85.1275,86.36449057939448,83.24786078264026,101325,109521.3965971366,89802.44714147809,155993.3976710313,63049.39552324193,-25.45328699389587,-59.88252140507227,26.86282624166117,-12.72664349694793,-12.72664349694793,-54.26039658339575,-63.81880333688171,23.35876383928222,32.93274439683289,0,0,0,368,1,1,1,1,1,1,1,1,1,1,0.5,0.5,0.4118136038073375,0.5881863961926626,0.6340015126085223,0.3659984873914776,0.6030999316368191,0.4588059087838831,0.5411940912161171,0.3724726172990518,0.6275273827009482,0.5949029042945627,0.4050970957054373,0.6118635971252712,0.3881364028747289,0.3969000683631809,100,-12184.17631903778,101325,-25.45328699389587,368,0.5,0.5,0.4118136038073375,0.5881863961926626,0.6340015126085223,0.3659984873914776,0.3969000683631809,100,-12184.17631903778,101325,-25.45328699389587,368,0.5,0.5,0.4118136038073375,0.5881863961926626,0.6340015126085223,0.3659984873914776,0.3969000683631809
0.008,146.1957090661339,167.8855917603916,113.2373706509648,73.09785453306694,73.09785453306694,153.1397420816477,178.2097705185411,103.8552737738388,129.4895241883515,0,0,0,100,60.30999316368191,39.69000683631809,50,50,24.83647563033173,35.47351753335018,25.16352436966826,14.52648246664983,8512.75,5208.641836428152,3304.108163571849,3905.7,4607.05,1940.076457387733,3268.565379040419,1965.623542612267,1338.484620959582,-12184.17631903778,-24894.87014131815,7130.052088348826,-6092.088159518888,-6092.088159518888,-23363.60035599317,-25966.9754004296,6520.46119735415,8186.016963279074,0,0,0,1.539535136156243,0.6222491539426789,85.1275,86.36449057939448,83.24786078264026,101325,109521.3965971366,89802.44714147809,155993.3976710313,63049.39552324193,-25.45328699389587,-59.88252140507227,26.86282624166117,-12.72664349694793,-12.72664349694793,-54.26039658339575,-63.81880333688171,23.35876383928222,32.93274439683289,0,0,0,368,1,1,1,1,1,1,1,1,1,1,0.5,0.5,0.4118136038073375,0.5881863961926626,0.6340015126085223,0.3659984873914776,0.6030999316368191,0.4588059087838831,0.5411940912161171,0.3724726172990518,0.6275273827009482,0.5949029042945627,0.4050970957054373,0.6118635971252712,0.3881364028747289,0.3969000683631809,100,-12184.17631903778,101325,-25.45328699389587,368,0.5,0.5,0.4118136038073375,0.5881863961926626,0.6340015126085223,0.3659984873914776,0.3969000683631809,100,-12184.17631903778,101325,-25.45328699389587,368,0.5,0.5,0.4118136038073375,0.5881863961926626,0.6340015126085223,0.3659984873914776,0.3969000683631809
0.01,146.1957090661339,167.8855917603916,113.2373706509648,73.09785453306694,73.09785453306694,153.1397420816477,178.2097705185411,103.8552737738388,129.4895241883515,0,0,0,100,60.30999316368191,39.69000683631809,50,50,24.83647563033173,35.47351753335018,25.16352436966826,14.52648246664983,8512.75,5208.641836428152,3304.108163571849,3905.7,4607.05,1940.076457387733,3268.565379040419,1965.623542612267,1338.484620959582,-12184.17631903778,-24894.87014131815,7130.052088348826,-6092.088159518888,-6092.088159518888,-23363.60035599317,-25966.9754004296,6520.46119735415,8186.016963279074,0,0,0,1.539535136156243,0.6222491539426789,85.1275,86.36449057939448,83.24786078264026,101325,109521.3965971366,89802.44714147809,155993.3976710313,63049.39552324193,-25.45328699389587,-59.88252140507227,26.86282624166117,-12.72664349694793,-12.72664349694793,-54.26039658339575,-63.81880333688171,23.35876383928222,32.93274439683289,0,0,0,368,1,1,1,1,1,1,1,1,1,1,0.5,0.5,0.4118136038073375,0.5881863961926626,0.6340015126085223,0.3659984873914776,0.6030999316368191,0.4588059087838831,0.5411940912161171,0.3724726172990518,0.6275273827009482,0.5949029042945627,0.4050970957054373,0.6118635971252712,0.3881364028747289,0.3969000683631809,100,-12184.17631903778,101325,-25.45328699389587,368,0.5,0.5,0.4118136038073375,0.5881863961926626,0.6340015126085223,0.3659984873914776,0.3969000683631809,100,-12184.17631903778,101325,-25.45328699389587,368,0.5,0.5,0.4118136038073375,0.5881863961926626,0.6340015126085223,0.3659984873914776,0.3969000683631809
0.012,146.1957090661339,167.8855917603916,113.2373706509648,73.09785453306694,73.09785453306694,153.1397420816477,178.2097705185411,103.8552737738388,129.4895241883515,0,0,0,100,60.30999316368191,39.69000683631809,50,50,24.83647563033173,35.47351753335018,25.16352436966826,14.52648246664983,8512.75,5208.641836428152,3304.108163571849,3905.7,4607.05,1940.076457387733,3268.565379040419,1965.623542612267,1338.484620959582,-12184.17631903778,-24894.87014131815,7130.052088348826,-6092.088159518888,-6092.088159518888,-23363.60035599317,-25966.9754004296,6520.46119735415,8186.016963279074,0,0,0,1.539535136156243,0.6222491539426789,85.1275,86.36449057939448,83.24786078264026,101325,109521.3965971366,89802.44714147809,155993.3976710313,63049.39552324193,-25.45328699389587,-59.88252140507227,26.86282624166117,-12.72664349694793,-12.72664349694793,-54.26039658339575,-63.81880333688171,23.35876383928222,32.93274439683289,0,0,0,368,1,1,1,1,1,1,1,1,1,1,0.5,0.5,0.4118136038073375,0.5881863961926626,0.6340015126085223,0.3659984873914776,0.6030999316368191,0.4588059087838831,0.5411940912161171,0.3724726172990518,0.6275273827009482,0.5949029042945627,0.4050970957054373,0.6118635971252712,0.3881364028747289,0.3969000683631809,100,-12184.17631903778,101325,-25.45328699389587,368,0.5,0.5,0.4118136038073375,0.5881863961926626,0.6340015126085223,0.3659984873914776,0.3969000683631809,100,-12184.17631903778,101325,-25.45328699389587,368,0.5,0.5,0.4118136038073375,0.5881863961926626,0.6340015126085223,0.3659984873914776,0.3969000683631809
0.014,146.1957090661339,167.8855917603916,113.2373706509648,73.09785453306694,73.09785453306694,153.1397420816477,178.2097705185411,103.8552737738388,129.4895241883515,0,0,0,100,60.30999316368191,39.69000683631809,50,50,24.83647563033173,35.47351753335018,25.16352436966826,14.52648246664983,8512.75,5208.641836428152,3304.108163571849,3905.7,4607.05,1940.076457387733,3268.565379040419,1965.623542612267,1338.484620959582,-12184.17631903778,-24894.87014131815,7130.052088348826,-6092.088159518888,-6092.088159518888,-23363.60035599317,-25966.9754004296,6520.46119735415,8186.016963279074,0,0,0,1.539535136156243,0.6222491539426789,85.1275,86.36449057939448,83.24786078264026,101325,109521.3965971366,89802.44714147809,155993.3976710313,63049.39552324193,-25.45328699389587,-59.88252140507227,26.86282624166117,-12.72664349694793,-12.72664349694793,-54.26039658339575,-63.81880333688171,23.35876383928222,32.93274439683289,0,0,0,368,1,1,1,1,1,1,1,1,1,1,0.5,0.5,0.4118136038073375,0.5881863961926626,0.6340015126085223,0.3659984873914776,0.6030999316368191,0.4588059087838831,0.5411940912161171,0.3724726172990518,0.6275273827009482,0.5949029042945627,0.4050970957054373,0.6118635971252712,0.3881364028747289,0.3969000683631809,100,-12184.17631903778,101325,-25.45328699389587,368,0.5,0.5,0.4118136038073375,0.5881863961926626,0.6340015126085223,0.3659984873914776,0.3969000683631809,100,-12184.17631903778,101325,-25.45328699389587,368,0.5,0.5,0.4118136038073375,0.5881863961926626,0.6340015126085223,0.3659984873914776,0.3969000683631809
0.016,146.1957090661339,167.8855917603916,113.2373706509648,73.09785453306694,73.09785453306694,153.1397420816477,178.2097705185411,103.8552737738388,129.4895241883515,0,0,0,100,60.30999316368191,39.69000683631809,50,50,24.83647563033173,35.47351753335018,25.16352436966826,14.52648246664983,8512.75,5208.641836428152,3304.108163571849,3905.7,4607.05,1940.076457387733,3268.565379040419,1965.623542612267,1338.484620959582,-12184.17631903778,-24894.87014131815,7130.052088348826,-6092.088159518888,-6092.088159518888,-23363.60035599317,-25966.9754004296,6520.46119735415,8186.016963279074,0,0,0,1.539535136156243,0.6222491539426789,85.1275,86.36449057939448,83.24786078264026,101325,109521.3965971366,89802.44714147809,155993.3976710313,63049.39552324193,-25.45328699389587,-59.88252140507227,26.86282624166117,-12.72664349694793,-12.72664349694793,-54.26039658339575,-63.81880333688171,23.35876383928222,32.93274439683289,0,0,0,368,1,1,1,1,1,1,1,1,1,1,0.5,0.5,0.4118136038073375,0.5881863961926626,0.6340015126085223,0.3659984873914776,0.6030999316368191,0.4588059087838831,0.5411940912161171,0.3724726172990518,0.6275273827009482,0.5949029042945627,0.4050970957054373,0.6118635971252712,0.3881364028747289,0.3969000683631809,100,-12184.17631903778,101325,-25.45328699389587,368,0.5,0.5,0.4118136038073375,0.5881863961926626,0.6340015126085223,0.3659984873914776,0.3969000683631809,100,-12184.17631903778,101325,-25.45328699389587,368,0.5,0.5,0.4118136038073375,0.5881863961926626,0.6340015126085223,0.3659984873914776,0.3969000683631809
0.018,146.1957090661339,167.8855917603916,113.2373706509648,73.09785453306694,73.09785453306694,153.1397420816477,178.2097705185411,103.8552737738388,129.4895241883515,0,0,0,100,60.30999316368191,39.69000683631809,50,50,24.83647563033173,35.47351753335018,25.16352436966826,14.52648246664983,8512.75,5208.641836428152,3304.108163571849,3905.7,4607.05,1940.076457387733,3268.565379040419,1965.623542612267,1338.484620959582,-12184.17631903778,-24894.87014131815,7130.052088348826,-6092.088159518888,-6092.088159518888,-23363.60035599317,-25966.9754004296,6520.46119735415,8186.016963279074,0,0,0,1.539535136156243,0.6222491539426789,85.1275,86.36449057939448,83.24786078264026,101325,109521.3965971366,89802.44714147809,155993.3976710313,63049.39552324193,-25.45328699389587,-59.88252140507227,26.86282624166117,-12.72664349694793,-12.72664349694793,-54.26039658339575,-63.81880333688171,23.35876383928222,32.93274439683289,0,0,0,368,1,1,1,1,1,1,1,1,1,1,0.5,0.5,0.4118136038073375,0.5881863961926626,0.6340015126085223,0.3659984873914776,0.6030999316368191,0.4588059087838831,0.5411940912161171,0.3724726172990518,0.6275273827009482,0.5949029042945627,0.4050970957054373,0.6118635971252712,0.3881364028747289,0.3969000683631809,100,-12184.17631903778,101325,-25.45328699389587,368,0.5,0.5,0.4118136038073375,0.5881863961926626,0.6340015126085223,0.3659984873914776,0.3969000683631809,100,-12184.17631903778,101325,-25.45328699389587,368,0.5,0.5,0.4118136038073375,0.5881863961926626,0.6340015126085223,0.3659984873914776,0.3969000683631809
0.02,146.1957090661339,167.8855917603916,113.2373706509648,73.09785453306694,73.09785453306694,153.1397420816477,178.2097705185411,103.8552737738388,129.4895241883515,0,0,0,100,60.30999316368191,39.69000683631809,50,50,24.83647563033173,35.47351753335018,25.16352436966826,14.52648246664983,8512.75,5208.641836428152,3304.108163571849,3905.7,4607.05,1940.076457387733,3268.565379040419,1965.623542612267,1338.484620959582,-12184.17631903778,-24894.87014131815,7130.052088348826,-6092.088159518888,-6092.088159518888,-23363.60035599317,-25966.9754004296,6520.46119735415,8186.016963279074,0,0,0,1.539535136156243,0.6222491539426789,85.1275,86.36449057939448,83.24786078264026,101325,109521.3965971366,89802.44714147809,155993.3976710313,63049.39552324193,-25.45328699389587,-59.88252140507227,26.86282624166117,-12.72664349694793,-12.72664349694793,-54.26039658339575,-63.81880333688171,23.35876383928222,32.93274439683289,0,0,0,368,1,1,1,1,1,1,1,1,1,1,0.5,0.5,0.4118136038073375,0.5881863961926626,0.6340015126085223,0.3659984873914776,0.6030999316368191,0.4588059087838831,0.5411940912161171,0.3724726172990518,0.6275273827009482,0.5949029042945627,0.4050970957054373,0.6118635971252712,0.3881364028747289,0.3969000683631809,100,-12184.17631903778,101325,-25.45328699389587,368,0.5,0.5,0.4118136038073375,0.5881863961926626,0.6340015126085223,0.3659984873914776,0.3969000683631809,100,-12184.17631903778,101325,-25.45328699389587,368,0.5,0.5,0.4118136038073375,0.5881863961926626,0.6340015126085223,0.3659984873914776,0.3969000683631809
0.022,146.1957090661339,167.8855917603916,113.2373706509648,73.09785453306694,73.09785453306694,153.1397420816477,178.2097705185411,103.8552737738388,129.4895241883515,0,0,0,100,60.30999316368191,39.69000683631809,50,50,24.83647563033173,35.47351753335018,25.16352436966826,14.52648246664983,8512.75,5208.641836428152,3304.108163571849,3905.7,4607.05,1940.076457387733,3268.565379040419,1965.623542612267,1338.484620959582,-12184.17631903778,-24894.87014131815,7130.052088348826,-6092.088159518888,-6092.088159518888,-23363.60035599317,-25966.9754004296,6520.46119735415,8186.016963279074,0,0,0,1.539535136156243,0.6222491539426789,85.1275,86.36449057939448,83.24786078264026,101325,109521.3965971366,89802.44714147809,155993.3976710313,63049.39552324193,-25.45328699389587,-59.88252140507227,26.86282624166117,-12.72664349694793,-12.72664349694793,-54.26039658339575,-63.81880333688171,23.35876383928222,32.93274439683289,0,0,0,368,1,1,1,1,1,1,1,1,1,1,0.5,0.5,0.4118136038073375,0.5881863961926626,0.6340015126085223,0.3659984873914776,0.6030999316368191,0.4588059087838831,0.5411940912161171,0.3724726172990518,0.6275273827009482,0.5949029042945627,0.4050970957054373,0.6118635971252712,0.3881364028747289,0.3969000683631809,100,-12184.17631903778,101325,-25.45328699389587,368,0.5,0.5,0.4118136038073375,0.5881863961926626,0.6340015126085223,0.3659984873914776,0.3969000683631809,100,-12184.17631903778,101325,-25.45328699389587,368,0.5,0.5,0.4118136038073375,0.5881863961926626,0.6340015126085223,0.3659984873914776,0.3969000683631809
0.024,146.1957090661339,167.8855917603916,113.2373706509648,73.09785453306694,73.09785453306694,153.1397420816477,178.2097705185411,103.8552737738388,129.4895241883515,0,0,0,100,60.30999316368191,39.69000683631809,50,50,24.83647563033173,35.47351753335018,25.16352436966826,14.52648246664983,8512.75,5208.641836428152,3304.108163571849,3905.7,4607.05,1940.076457387733,3268.565379040419,1965.623542612267,1338.484620959582,-12184.17631903778,-24894.87014131815,7130.052088348826,-6092.088159518888,-6092.088159518888,-23363.60035599317,-25966.9754004296,6520.46119735415,8186.016963279074,0,0,0,1.539535136156243,0.6222491539426789,85.1275,86.36449057939448,83.24786078264026,101325,109521.3965971366,89802.44714147809,155993.3976710313,63049.39552324193,-25.45328699389587,-59.88252140507227,26.86282624166117,-12.72664349694793,-12.72664349694793,-54.26039658339575,-63.81880333688171,23.35876383928222,32.93274439683289,0,0,0,368,1,1,1,1,1,1,1,1,1,1,0.5,0.5,0.4118136038073375,0.5881863961926626,0.6340015126085223,0.3659984873914776,0.6030999316368191,0.4588059087838831,0.5411940912161171,0.3724726172990518,0.6275273827009482,0.5949029042945627,0.4050970957054373,0.6118635971252712,0.3881364028747289,0.3969000683631809,100,-12184.17631903778,101325,-25.45328699389587,368,0.5,0.5,0.4118136038073375,0.5881863961926626,0.6340015126085223,0.3659984873914776,0.3969000683631809,100,-12184.17631903778,101325,-25.45328699389587,368,0.5,0.5,0.4118136038073375,0.5881863961926626,0.6340015126085223,0.3659984873914776,0.3969000683631809
0.026,146.1957090661339,167.8855917603916,113.2373706509648,73.09785453306694,73.09785453306694,153.1397420816477,178.2097705185411,103.8552737738388,129.4895241883515,0,0,0,100,60.30999316368191,39.69000683631809,50,50,24.83647563033173,35.47351753335018,25.16352436966826,14.52648246664983,8512.75,5208.641836428152,3304.108163571849,3905.7,4607.05,1940.076457387733,3268.565379040419,1965.623542612267,1338.484620959582,-12184.17631903778,-24894.87014131815,7130.052088348826,-6092.088159518888,-6092.088159518888,-23363.60035599317,-25966.9754004296,6520.46119735415,8186.016963279074,0,0,0,1.539535136156243,0.6222491539426789,85.1275,86.36449057939448,83.24786078264026,101325,109521.3965971366,89802.44714147809,155993.3976710313,63049.39552324193,-25.45328699389587,-59.88252140507227,26.86282624166117,-12.72664349694793,-12.72664349694793,-54.26039658339575,-63.81880333688171,23.35876383928222,32.93274439683289,0,0,0,368,1,1,1,1,1,1,1,1,1,1,0.5,0.5,0.4118136038073375,0.5881863961926626,0.6340015126085223,0.3659984873914776,0.6030999316368191,0.4588059087838831,0.5411940912161171,0.3724726172990518,0.6275273827009482,0.5949029042945627,0.4050970957054373,0.6118635971252712,0.3881364028747289,0.3969000683631809,100,-12184.17631903778,101325,-25.45328699389587,368,0.5,0.5,0.4118136038073375,0.5881863961926626,0.6340015126085223,0.3659984873914776,0.3969000683631809,100,-12184.17631903778,101325,-25.45328699389587,368,0.5,0.5,0.4118136038073375,0.5881863961926626,0.6340015126085223,0.3659984873914776,0.3969000683631809
0.028,146.1957090661339,167.8855917603916,113.2373706509648,73.09785453306694,73.09785453306694,153.1397420816477,178.2097705185411,103.8552737738388,129.4895241883515,0,0,0,100,60.30999316368191,39.69000683631809,50,50,24.83647563033173,35.47351753335018,25.16352436966826,14.52648246664983,8512.75,5208.641836428152,3304.108163571849,3905.7,4607.05,1940.076457387733,3268.565379040419,1965.623542612267,1338.484620959582,-12184.17631903778,-24894.87014131815,7130.052088348826,-6092.088159518888,-6092.088159518888,-23363.60035599317,-25966.9754004296,6520.46119735415,8186.016963279074,0,0,0,1.539535136156243,0.6222491539426789,85.1275,86.36449057939448,83.24786078264026,101325,109521.3965971366,89802.44714147809,155993.3976710313,63049.39552324193,-25.45328699389587,-59.88252140507227,26.86282624166117,-12.72664349694793,-12.72664349694793,-54.26039658339575,-63.81880333688171,23.35876383928222,32.93274439683289,0,0,0,368,1,1,1,1,1,1,1,1,1,1,0.5,0.5,0.4118136038073375,0.5881863961926626,0.6340015126085223,0.3659984873914776,0.6030999316368191,0.4588059087838831,0.5411940912161171,0.3724726172990518,0.6275273827009482,0.5949029042945627,0.4050970957054373,0.6118635971252712,0.3881364028747289,0.3969000683631809,100,-12184.17631903778,101325,-25.45328699389587,368,0.5,0.5,0.4118136038073375,0.5881863961926626,0.6340015126085223,0.3659984873914776,0.3969000683631809,100,-12184.17631903778,101325,-25.45328699389587,368,0.5,0.5,0.4118136038073375,0.5881863961926626,0.6340015126085223,0.3659984873914776,0.3969000683631809
0.03,146.1957090661339,167.8855917603916,113.2373706509648,73.09785453306694,73.09785453306694,153.1397420816477,178.2097705185411,103.8552737738388,129.4895241883515,0,0,0,100,60.30999316368191,39.69000683631809,50,50,24.83647563033173,35.47351753335018,25.16352436966826,14.52648246664983,8512.75,5208.641836428152,3304.108163571849,3905.7,4607.05,1940.076457387733,3268.565379040419,1965.623542612267,1338.484620959582,-12184.17631903778,-24894.87014131815,7130.052088348826,-6092.088159518888,-6092.088159518888,-23363.60035599317,-25966.9754004296,6520.46119735415,8186.016963279074,0,0,0,1.539535136156243,0.6222491539426789,85.1275,86.36449057939448,83.24786078264026,101325,109521.3965971366,89802.44714147809,155993.3976710313,63049.39552324193,-25.45328699389587,-59.88252140507227,26.86282624166117,-12.72664349694793,-12.72664349694793,-54.26039658339575,-63.81880333688171,23.35876383928222,32.93274439683289,0,0,0,368,1,1,1,1,1,1,1,1,1,1,0.5,0.5,0.4118136038073375,0.5881863961926626,0.6340015126085223,0.3659984873914776,0.6030999316368191,0.4588059087838831,0.5411940912161171,0.3724726172990518,0.6275273827009482,0.5949029042945627,0.4050970957054373,0.6118635971252712,0.3881364028747289,0.3969000683631809,100,-12184.17631903778,101325,-25.45328699389587,368,0.5,0.5,0.4118136038073375,0.5881863961926626,0.6340015126085223,0.3659984873914776,0.3969000683631809,100,-12184.17631903778,101325,-25.45328699389587,368,0.5,0.5,0.4118136038073375,0.5881863961926626,0.6340015126085223,0.3659984873914776,0.3969000683631809
0.032,146.1957090661339,167.8855917603916,113.2373706509648,73.09785453306694,73.09785453306694,153.1397420816477,178.2097705185411,103.8552737738388,129.4895241883515,0,0,0,100,60.30999316368191,39.69000683631809,50,50,24.83647563033173,35.47351753335018,25.16352436966826,14.52648246664983,8512.75,5208.641836428152,3304.108163571849,3905.7,4607.05,1940.076457387733,3268.565379040419,1965.623542612267,1338.484620959582,-12184.17631903778,-24894.87014131815,7130.052088348826,-6092.088159518888,-6092.088159518888,-23363.60035599317,-25966.9754004296,6520.46119735415,8186.016963279074,0,0,0,1.539535136156243,0.6222491539426789,85.1275,86.36449057939448,83.24786078264026,101325,109521.3965971366,89802.44714147809,155993.3976710313,63049.39552324193,-25.45328699389587,-59.88252140507227,26.86282624166117,-12.72664349694793,-12.72664349694793,-54.26039658339575,-63.81880333688171,23.35876383928222,32.93274439683289,0,0,0,368,1,1,1,1,1,1,1,1,1,1,0.5,0.5,0.4118136038073375,0.5881863961926626,0.6340015126085223,0.3659984873914776,0.6030999316368191,0.4588059087838831,0.5411940912161171,0.3724726172990518,0.6275273827009482,0.5949029042945627,0.4050970957054373,0.6118635971252712,0.3881364028747289,0.3969000683631809,100,-12184.17631903778,101325,-25.45328699389587,368,0.5,0.5,0.4118136038073375,0.5881863961926626,0.6340015126085223,0.3659984873914776,0.3969000683631809,100,-12184.17631903778,101325,-25.45328699389587,368,0.5,0.5,0.4118136038073375,0.5881863961926626,0.6340015126085223,0.3659984873914776,0.3969000683631809
0.034,146.1957090661339,167.8855917603916,113.2373706509648,73.09785453306694,73.09785453306694,153.1397420816477,178.2097705185411,103.8552737738388,129.4895241883515,0,0,0,100,60.30999316368191,39.69000683631809,50,50,24.83647563033173,35.47351753335018,25.16352436966826,14.52648246664983,8512.75,5208.641836428152,3304.108163571849,3905.7,4607.05,1940.076457387733,3268.565379040419,1965.623542612267,1338.484620959582,-12184.17631903778,-24894.87014131815,7130.052088348826,-6092.088159518888,-6092.088159518888,-23363.60035599317,-25966.9754004296,6520.46119735415,8186.016963279074,0,0,0,1.539535136156243,0.6222491539426789,85.1275,86.36449057939448,83.24786078264026,101325,109521.3965971366,89802.44714147809,155993.3976710313,63049.39552324193,-25.45328699389587,-59.88252140507227,26.86282624166117,-12.72664349694793,-12.72664349694793,-54.26039658339575,-63.81880333688171,23.35876383928222,32.93274439683289,0,0,0,368,1,1,1,1,1,1,1,1,1,1,0.5,0.5,0.4118136038073375,0.5881863961926626,0.6340015126085223,0.3659984873914776,0.6030999316368191,0.4588059087838831,0.5411940912161171,0.3724726172990518,0.6275273827009482,0.5949029042945627,0.4050970957054373,0.6118635971252712,0.3881364028747289,0.3969000683631809,100,-12184.17631903778,101325,-25.45328699389587,368,0.5,0.5,0.4118136038073375,0.5881863961926626,0.6340015126085223,0.3659984873914776,0.3969000683631809,100,-12184.17631903778,101325,-25.45328699389587,368,0.5,0.5,0.4118136038073375,0.5881863961926626,0.6340015126085223,0.3659984873914776,0.3969000683631809
0.036,146.1957090661339,167.8855917603916,113.2373706509648,73.09785453306694,73.09785453306694,153.1397420816477,178.2097705185411,103.8552737738388,129.4895241883515,0,0,0,100,60.30999316368191,39.69000683631809,50,50,24.83647563033173,35.47351753335018,25.16352436966826,14.52648246664983,8512.75,5208.641836428152,3304.108163571849,3905.7,4607.05,1940.076457387733,3268.565379040419,1965.623542612267,1338.484620959582,-12184.17631903778,-24894.87014131815,7130.052088348826,-6092.088159518888,-6092.088159518888,-23363.60035599317,-25966.9754004296,6520.46119735415,8186.016963279074,0,0,0,1.539535136156243,0.6222491539426789,85.1275,86.36449057939448,83.24786078264026,101325,109521.3965971366,89802.44714147809,155993.3976710313,63049.39552324193,-25.45328699389587,-59.88252140507227,26.86282624166117,-12.72664349694793,-12.72664349694793,-54.26039658339575,-63.81880333688171,23.35876383928222,32.93274439683289,0,0,0,368,1,1,1,1,1,1,1,1,1,1,0.5,0.5,0.4118136038073375,0.5881863961926626,0.6340015126085223,0.3659984873914776,0.6030999316368191,0.4588059087838831,0.5411940912161171,0.3724726172990518,0.6275273827009482,0.5949029042945627,0.4050970957054373,0.6118635971252712,0.3881364028747289,0.3969000683631809,100,-12184.17631903778,101325,-25.45328699389587,368,0.5,0.5,0.4118136038073375,0.5881863961926626,0.6340015126085223,0.3659984873914776,0.3969000683631809,100,-12184.17631903778,101325,-25.45328699389587,368,0.5,0.5,0.4118136038073375,0.5881863961926626,0.6340015126085223,0.3659984873914776,0.3969000683631809
0.038,146.1957090661339,167.8855917603916,113.2373706509648,73.09785453306694,73.09785453306694,153.1397420816477,178.2097705185411,103.8552737738388,129.4895241883515,0,0,0,100,60.30999316368191,39.69000683631809,50,50,24.83647563033173,35.47351753335018,25.16352436966826,14.52648246664983,8512.75,5208.641836428152,3304.108163571849,3905.7,4607.05,1940.076457387733,3268.565379040419,1965.623542612267,1338.484620959582,-12184.17631903778,-24894.87014131815,7130.052088348826,-6092.088159518888,-6092.088159518888,-23363.60035599317,-25966.9754004296,6520.46119735415,8186.016963279074,0,0,0,1.539535136156243,0.6222491539426789,85.1275,86.36449057939448,83.24786078264026,101325,109521.3965971366,89802.44714147809,155993.3976710313,63049.39552324193,-25.45328699389587,-59.88252140507227,26.86282624166117,-12.72664349694793,-12.72664349694793,-54.26039658339575,-63.81880333688171,23.35876383928222,32.93274439683289,0,0,0,368,1,1,1,1,1,1,1,1,1,1,0.5,0.5,0.4118136038073375,0.5881863961926626,0.6340015126085223,0.3659984873914776,0.6030999316368191,0.4588059087838831,0.5411940912161171,0.3724726172990518,0.6275273827009482,0.5949029042945627,0.4050970957054373,0.6118635971252712,0.3881364028747289,0.3969000683631809,100,-12184.17631903778,101325,-25.45328699389587,368,0.5,0.5,0.4118136038073375,0.5881863961926626,0.6340015126085223,0.3659984873914776,0.3969000683631809,100,-12184.17631903778,101325,-25.45328699389587,368,0.5,0.5,0.4118136038073375,0.5881863961926626,0.6340015126085223,0.3659984873914776,0.3969000683631809
0.04,146.1957090661339,167.8855917603916,113.2373706509648,73.09785453306694,73.09785453306694,153.1397420816477,178.2097705185411,103.8552737738388,129.4895241883515,0,0,0,100,60.30999316368191,39.69000683631809,50,50,24.83647563033173,35.47351753335018,25.16352436966826,14.52648246664983,8512.75,5208.641836428152,3304.108163571849,3905.7,4607.05,1940.076457387733,3268.565379040419,1965.623542612267,1338.484620959582,-12184.17631903778,-24894.87014131815,7130.052088348826,-6092.088159518888,-6092.088159518888,-23363.60035599317,-25966.9754004296,6520.46119735415,8186.016963279074,0,0,0,1.539535136156243,0.6222491539426789,85.1275,86.36449057939448,83.24786078264026,101325,109521.3965971366,89802.44714147809,155993.3976710313,63049.39552324193,-25.45328699389587,-59.88252140507227,26.86282624166117,-12.72664349694793,-12.72664349694793,-54.26039658339575,-63.81880333688171,23.35876383928222,32.93274439683289,0,0,0,368,1,1,1,1,1,1,1,1,1,1,0.5,0.5,0.4118136038073375,0.5881863961926626,0.6340015126085223,0.3659984873914776,0.6030999316368191,0.4588059087838831,0.5411940912161171,0.3724726172990518,0.6275273827009482,0.5949029042945627,0.4050970957054373,0.6118635971252712,0.3881364028747289,0.3969000683631809,100,-12184.17631903778,101325,-25.45328699389587,368,0.5,0.5,0.4118136038073375,0.5881863961926626,0.6340015126085223,0.3659984873914776,0.3969000683631809,100,-12184.17631903778,101325,-25.45328699389587,368,0.5,0.5,0.4118136038073375,0.5881863961926626,0.6340015126085223,0.3659984873914776,0.3969000683631809
0.042,146.1957090661339,167.8855917603916,113.2373706509648,73.09785453306694,73.09785453306694,153.1397420816477,178.2097705185411,103.8552737738388,129.4895241883515,0,0,0,100,60.30999316368191,39.69000683631809,50,50,24.83647563033173,35.47351753335018,25.16352436966826,14.52648246664983,8512.75,5208.641836428152,3304.108163571849,3905.7,4607.05,1940.076457387733,3268.565379040419,1965.623542612267,1338.484620959582,-12184.17631903778,-24894.87014131815,7130.052088348826,-6092.088159518888,-6092.088159518888,-23363.60035599317,-25966.9754004296,6520.46119735415,8186.016963279074,0,0,0,1.539535136156243,0.6222491539426789,85.1275,86.36449057939448,83.24786078264026,101325,109521.3965971366,89802.44714147809,155993.3976710313,63049.39552324193,-25.45328699389587,-59.88252140507227,26.86282624166117,-12.72664349694793,-12.72664349694793,-54.26039658339575,-63.81880333688171,23.35876383928222,32.93274439683289,0,0,0,368,1,1,1,1,1,1,1,1,1,1,0.5,0.5,0.4118136038073375,0.5881863961926626,0.6340015126085223,0.3659984873914776,0.6030999316368191,0.4588059087838831,0.5411940912161171,0.3724726172990518,0.6275273827009482,0.5949029042945627,0.4050970957054373,0.6118635971252712,0.3881364028747289,0.3969000683631809,100,-12184.17631903778,101325,-25.45328699389587,368,0.5,0.5,0.4118136038073375,0.5881863961926626,0.6340015126085223,0.3659984873914776,0.3969000683631809,100,-12184.17631903778,101325,-25.45328699389587,368,0.5,0.5,0.4118136038073375,0.5881863961926626,0.6340015126085223,0.3659984873914776,0.3969000683631809
0.044,146.1957090661339,167.8855917603916,113.2373706509648,73.09785453306694,73.09785453306694,153.1397420816477,178.2097705185411,103.8552737738388,129.4895241883515,0,0,0,100,60.30999316368191,39.69000683631809,50,50,24.83647563033173,35.47351753335018,25.16352436966826,14.52648246664983,8512.75,5208.641836428152,3304.108163571849,3905.7,4607.05,1940.076457387733,3268.565379040419,1965.623542612267,1338.484620959582,-12184.17631903778,-24894.87014131815,7130.052088348826,-6092.088159518888,-6092.088159518888,-23363.60035599317,-25966.9754004296,6520.46119735415,8186.016963279074,0,0,0,1.539535136156243,0.6222491539426789,85.1275,86.36449057939448,83.24786078264026,101325,109521.3965971366,89802.44714147809,155993.3976710313,63049.39552324193,-25.45328699389587,-59.88252140507227,26.86282624166117,-12.72664349694793,-12.72664349694793,-54.26039658339575,-63.81880333688171,23.35876383928222,32.93274439683289,0,0,0,368,1,1,1,1,1,1,1,1,1,1,0.5,0.5,0.4118136038073375,0.5881863961926626,0.6340015126085223,0.3659984873914776,0.6030999316368191,0.4588059087838831,0.5411940912161171,0.3724726172990518,0.6275273827009482,0.5949029042945627,0.4050970957054373,0.6118635971252712,0.3881364028747289,0.3969000683631809,100,-12184.17631903778,101325,-25.45328699389587,368,0.5,0.5,0.4118136038073375,0.5881863961926626,0.6340015126085223,0.3659984873914776,0.3969000683631809,100,-12184.17631903778,101325,-25.45328699389587,368,0.5,0.5,0.4118136038073375,0.5881863961926626,0.6340015126085223,0.3659984873914776,0.3969000683631809
0.046,146.1957090661339,167.8855917603916,113.2373706509648,73.09785453306694,73.09785453306694,153.1397420816477,178.2097705185411,103.8552737738388,129.4895241883515,0,0,0,100,60.30999316368191,39.69000683631809,50,50,24.83647563033173,35.47351753335018,25.16352436966826,14.52648246664983,8512.75,5208.641836428152,3304.108163571849,3905.7,4607.05,1940.076457387733,3268.565379040419,1965.623542612267,1338.484620959582,-12184.17631903778,-24894.87014131815,7130.052088348826,-6092.088159518888,-6092.088159518888,-23363.60035599317,-25966.9754004296,6520.46119735415,8186.016963279074,0,0,0,1.539535136156243,0.6222491539426789,85.1275,86.36449057939448,83.24786078264026,101325,109521.3965971366,89802.44714147809,155993.3976710313,63049.39552324193,-25.45328699389587,-59.88252140507227,26.86282624166117,-12.72664349694793,-12.72664349694793,-54.26039658339575,-63.81880333688171,23.35876383928222,32.93274439683289,0,0,0,368,1,1,1,1,1,1,1,1,1,1,0.5,0.5,0.4118136038073375,0.5881863961926626,0.6340015126085223,0.3659984873914776,0.6030999316368191,0.4588059087838831,0.5411940912161171,0.3724726172990518,0.6275273827009482,0.5949029042945627,0.4050970957054373,0.6118635971252712,0.3881364028747289,0.3969000683631809,100,-12184.17631903778,101325,-25.45328699389587,368,0.5,0.5,0.4118136038073375,0.5881863961926626,0.6340015126085223,0.3659984873914776,0.3969000683631809,100,-12184.17631903778,101325,-25.45328699389587,368,0.5,0.5,0.4118136038073375,0.5881863961926626,0.6340015126085223,0.3659984873914776,0.3969000683631809
0.048,146.1957090661339,167.8855917603916,113.2373706509648,73.09785453306694,73.09785453306694,153.1397420816477,178.2097705185411,103.8552737738388,129.4895241883515,0,0,0,100,60.30999316368191,39.69000683631809,50,50,24.83647563033173,35.47351753335018,25.16352436966826,14.52648246664983,8512.75,5208.641836428152,3304.108163571849,3905.7,4607.05,1940.076457387733,3268.565379040419,1965.623542612267,1338.484620959582,-12184.17631903778,-24894.87014131815,7130.052088348826,-6092.088159518888,-6092.088159518888,-23363.60035599317,-25966.9754004296,6520.46119735415,8186.016963279074,0,0,0,1.539535136156243,0.6222491539426789,85.1275,86.36449057939448,83.24786078264026,101325,109521.3965971366,89802.44714147809,155993.3976710313,63049.39552324193,-25.45328699389587,-59.88252140507227,26.86282624166117,-12.72664349694793,-12.72664349694793,-54.26039658339575,-63.81880333688171,23.35876383928222,32.93274439683289,0,0,0,368,1,1,1,1,1,1,1,1,1,1,0.5,0.5,0.4118136038073375,0.5881863961926626,0.6340015126085223,0.3659984873914776,0.6030999316368191,0.4588059087838831,0.5411940912161171,0.3724726172990518,0.6275273827009482,0.5949029042945627,0.4050970957054373,0.6118635971252712,0.3881364028747289,0.3969000683631809,100,-12184.17631903778,101325,-25.45328699389587,368,0.5,0.5,0.4118136038073375,0.5881863961926626,0.6340015126085223,0.3659984873914776,0.3969000683631809,100,-12184.17631903778,101325,-25.45328699389587,368,0.5,0.5,0.4118136038073375,0.5881863961926626,0.6340015126085223,0.3659984873914776,0.3969000683631809
0.05,146.1957090661339,167.8855917603916,113.2373706509648,73.09785453306694,73.09785453306694,153.1397420816477,178.2097705185411,103.8552737738388,129.4895241883515,0,0,0,100,60.30999316368191,39.69000683631809,50,50,24.83647563033173,35.47351753335018,25.16352436966826,14.52648246664983,8512.75,5208.641836428152,3304.108163571849,3905.7,4607.05,1940.076457387733,3268.565379040419,1965.623542612267,1338.484620959582,-12184.17631903778,-24894.87014131815,7130.052088348826,-6092.088159518888,-6092.088159518888,-23363.60035599317,-25966.9754004296,6520.46119735415,8186.016963279074,0,0,0,1.539535136156243,0.6222491539426789,85.1275,86.36449057939448,83.24786078264026,101325,109521.3965971366,89802.44714147809,155993.3976710313,63049.39552324193,-25.45328699389587,-59.88252140507227,26.86282624166117,-12.72664349694793,-12.72664349694793,-54.26039658339575,-63.81880333688171,23.35876383928222,32.93274439683289,0,0,0,368,1,1,1,1,1,1,1,1,1,1,0.5,0.5,0.4118136038073375,0.5881863961926626,0.6340015126085223,0.3659984873914776,0.6030999316368191,0.4588059087838831,0.5411940912161171,0.3724726172990518,0.6275273827009482,0.5949029042945627,0.4050970957054373,0.6118635971252712,0.3881364028747289,0.3969000683631809,100,-12184.17631903778,101325,-25.45328699389587,368,0.5,0.5,0.4118136038073375,0.5881863961926626,0.6340015126085223,0.3659984873914776,0.3969000683631809,100,-12184.17631903778,101325,-25.45328699389587,368,0.5,0.5,0.4118136038073375,0.5881863961926626,0.6340015126085223,0.3659984873914776,0.3969000683631809
0.052,146.1957090661339,167.8855917603916,113.2373706509648,73.09785453306694,73.09785453306694,153.1397420816477,178.2097705185411,103.8552737738388,129.4895241883515,0,0,0,100,60.30999316368191,39.69000683631809,50,50,24.83647563033173,35.47351753335018,25.16352436966826,14.52648246664983,8512.75,5208.641836428152,3304.108163571849,3905.7,4607.05,1940.076457387733,3268.565379040419,1965.623542612267,1338.484620959582,-12184.17631903778,-24894.87014131815,7130.052088348826,-6092.088159518888,-6092.088159518888,-23363.60035599317,-25966.9754004296,6520.46119735415,8186.016963279074,0,0,0,1.539535136156243,0.6222491539426789,85.1275,86.36449057939448,83.24786078264026,101325,109521.3965971366,89802.44714147809,155993.3976710313,63049.39552324193,-25.45328699389587,-59.88252140507227,26.86282624166117,-12.72664349694793,-12.72664349694793,-54.26039658339575,-63.81880333688171,23.35876383928222,32.93274439683289,0,0,0,368,1,1,1,1,1,1,1,1,1,1,0.5,0.5,0.4118136038073375,0.5881863961926626,0.6340015126085223,0.3659984873914776,0.6030999316368191,0.4588059087838831,0.5411940912161171,0.3724726172990518,0.6275273827009482,0.5949029042945627,0.4050970957054373,0.6118635971252712,0.3881364028747289,0.3969000683631809,100,-12184.17631903778,101325,-25.45328699389587,368,0.5,0.5,0.4118136038073375,0.5881863961926626,0.6340015126085223,0.3659984873914776,0.3969000683631809,100,-12184.17631903778,101325,-25.45328699389587,368,0.5,0.5,0.4118136038073375,0.5881863961926626,0.6340015126085223,0.3659984873914776,0.3969000683631809
0.054,146.1957090661339,167.8855917603916,113.2373706509648,73.09785453306694,73.09785453306694,153.1397420816477,178.2097705185411,103.8552737738388,129.4895241883515,0,0,0,100,60.30999316368191,39.69000683631809,50,50,24.83647563033173,35.47351753335018,25.16352436966826,14.52648246664983,8512.75,5208.641836428152,3304.108163571849,3905.7,4607.05,1940.076457387733,3268.565379040419,1965.623542612267,1338.484620959582,-12184.17631903778,-24894.87014131815,7130.052088348826,-6092.088159518888,-6092.088159518888,-23363.60035599317,-25966.9754004296,6520.46119735415,8186.016963279074,0,0,0,1.539535136156243,0.6222491539426789,85.1275,86.36449057939448,83.24786078264026,101325,109521.3965971366,89802.44714147809,155993.3976710313,63049.39552324193,-25.45328699389587,-59.88252140507227,26.86282624166117,-12.72664349694793,-12.72664349694793,-54.26039658339575,-63.81880333688171,23.35876383928222,32.93274439683289,0,0,0,368,1,1,1,1,1,1,1,1,1,1,0.5,0.5,0.4118136038073375,0.5881863961926626,0.6340015126085223,0.3659984873914776,0.6030999316368191,0.4588059087838831,0.5411940912161171,0.3724726172990518,0.6275273827009482,0.5949029042945627,0.4050970957054373,0.6118635971252712,0.3881364028747289,0.3969000683631809,100,-12184.17631903778,101325,-25.45328699389587,368,0.5,0.5,0.4118136038073375,0.5881863961926626,0.6340015126085223,0.3659984873914776,0.3969000683631809,100,-12184.17631903778,101325,-25.45328699389587,368,0.5,0.5,0.4118136038073375,0.5881863961926626,0.6340015126085223,0.3659984873914776,0.3969000683631809
0.056,146.1957090661339,167.8855917603916,113.2373706509648,73.09785453306694,73.09785453306694,153.1397420816477,178.2097705185411,103.8552737738388,129.4895241883515,0,0,0,100,60.30999316368191,39.69000683631809,50,50,24.83647563033173,35.47351753335018,25.16352436966826,14.52648246664983,8512.75,5208.641836428152,3304.108163571849,3905.7,4607.05,1940.076457387733,3268.565379040419,1965.623542612267,1338.484620959582,-12184.17631903778,-24894.87014131815,7130.052088348826,-6092.088159518888,-6092.088159518888,-23363.60035599317,-25966.9754004296,6520.46119735415,8186.016963279074,0,0,0,1.539535136156243,0.6222491539426789,85.1275,86.36449057939448,83.24786078264026,101325,109521.3965971366,89802.44714147809,155993.3976710313,63049.39552324193,-25.45328699389587,-59.88252140507227,26.86282624166117,-12.72664349694793,-12.72664349694793,-54.26039658339575,-63.81880333688171,23.35876383928222,32.93274439683289,0,0,0,368,1,1,1,1,1,1,1,1,1,1,0.5,0.5,0.4118136038073375,0.5881863961926626,0.6340015126085223,0.3659984873914776,0.6030999316368191,0.4588059087838831,0.5411940912161171,0.3724726172990518,0.6275273827009482,0.5949029042945627,0.4050970957054373,0.6118635971252712,0.3881364028747289,0.3969000683631809,100,-12184.17631903778,101325,-25.45328699389587,368,0.5,0.5,0.4118136038073375,0.5881863961926626,0.6340015126085223,0.3659984873914776,0.3969000683631809,100,-12184.17631903778,101325,-25.45328699389587,368,0.5,0.5,0.4118136038073375,0.5881863961926626,0.6340015126085223,0.3659984873914776,0.3969000683631809
0.058,146.1957090661339,167.8855917603916,113.2373706509648,73.09785453306694,73.09785453306694,153.1397420816477,178.2097705185411,103.8552737738388,129.4895241883515,0,0,0,100,60.30999316368191,39.69000683631809,50,50,24.83647563033173,35.47351753335018,25.16352436966826,14.52648246664983,8512.75,5208.641836428152,3304.108163571849,3905.7,4607.05,1940.076457387733,3268.565379040419,1965.623542612267,1338.484620959582,-12184.17631903778,-24894.87014131815,7130.052088348826,-6092.088159518888,-6092.088159518888,-23363.60035599317,-25966.9754004296,6520.46119735415,8186.016963279074,0,0,0,1.539535136156243,0.6222491539426789,85.1275,86.36449057939448,83.24786078264026,101325,109521.3965971366,89802.44714147809,155993.3976710313,63049.39552324193,-25.45328699389587,-59.88252140507227,26.86282624166117,-12.72664349694793,-12.72664349694793,-54.26039658339575,-63.81880333688171,23.35876383928222,32.93274439683289,0,0,0,368,1,1,1,1,1,1,1,1,1,1,0.5,0.5,0.4118136038073375,0.5881863961926626,0.6340015126085223,0.3659984873914776,0.6030999316368191,0.4588059087838831,0.5411940912161171,0.3724726172990518,0.6275273827009482,0.5949029042945627,0.4050970957054373,0.6118635971252712,0.3881364028747289,0.3969000683631809,100,-12184.17631903778,101325,-25.45328699389587,368,0.5,0.5,0.4118136038073375,0.5881863961926626,0.6340015126085223,0.3659984873914776,0.3969000683631809,100,-12184.17631903778,101325,-25.45328699389587,368,0.5,0.5,0.4118136038073375,0.5881863961926626,0.6340015126085223,0.3659984873914776,0.3969000683631809
0.06,146.1957090661339,167.8855917603916,113.2373706509648,73.09785453306694,73.09785453306694,153.1397420816477,178.2097705185411,103.8552737738388,129.4895241883515,0,0,0,100,60.30999316368191,39.69000683631809,50,50,24.83647563033173,35.47351753335018,25.16352436966826,14.52648246664983,8512.75,5208.641836428152,3304.108163571849,3905.7,4607.05,1940.076457387733,3268.565379040419,1965.623542612267,1338.484620959582,-12184.17631903778,-24894.87014131815,7130.052088348826,-6092.088159518888,-6092.088159518888,-23363.60035599317,-25966.9754004296,6520.46119735415,8186.016963279074,0,0,0,1.539535136156243,0.6222491539426789,85.1275,86.36449057939448,83.24786078264026,101325,109521.3965971366,89802.44714147809,155993.3976710313,63049.39552324193,-25.45328699389587,-59.88252140507227,26.86282624166117,-12.72664349694793,-12.72664349694793,-54.26039658339575,-63.81880333688171,23.35876383928222,32.93274439683289,0,0,0,368,1,1,1,1,1,1,1,1,1,1,0.5,0.5,0.4118136038073375,0.5881863961926626,0.6340015126085223,0.3659984873914776,0.6030999316368191,0.4588059087838831,0.5411940912161171,0.3724726172990518,0.6275273827009482,0.5949029042945627,0.4050970957054373,0.6118635971252712,0.3881364028747289,0.3969000683631809,100,-12184.17631903778,101325,-25.45328699389587,368,0.5,0.5,0.4118136038073375,0.5881863961926626,0.6340015126085223,0.3659984873914776,0.3969000683631809,100,-12184.17631903778,101325,-25.45328699389587,368,0.5,0.5,0.4118136038073375,0.5881863961926626,0.6340015126085223,0.3659984873914776,0.3969000683631809
0.062,146.1957090661339,167.8855917603916,113.2373706509648,73.09785453306694,73.09785453306694,153.1397420816477,178.2097705185411,103.8552737738388,129.4895241883515,0,0,0,100,60.30999316368191,39.69000683631809,50,50,24.83647563033173,35.47351753335018,25.16352436966826,14.52648246664983,8512.75,5208.641836428152,3304.108163571849,3905.7,4607.05,1940.076457387733,3268.565379040419,1965.623542612267,1338.484620959582,-12184.17631903778,-24894.87014131815,7130.052088348826,-6092.088159518888,-6092.088159518888,-23363.60035599317,-25966.9754004296,6520.46119735415,8186.016963279074,0,0,0,1.539535136156243,0.6222491539426789,85.1275,86.36449057939448,83.24786078264026,101325,109521.3965971366,89802.44714147809,155993.3976710313,63049.39552324193,-25.45328699389587,-59.88252140507227,26.86282624166117,-12.72664349694793,-12.72664349694793,-54.26039658339575,-63.81880333688171,23.35876383928222,32.93274439683289,0,0,0,368,1,1,1,1,1,1,1,1,1,1,0.5,0.5,0.4118136038073375,0.5881863961926626,0.6340015126085223,0.3659984873914776,0.6030999316368191,0.4588059087838831,0.5411940912161171,0.3724726172990518,0.6275273827009482,0.5949029042945627,0.4050970957054373,0.6118635971252712,0.3881364028747289,0.3969000683631809,100,-12184.17631903778,101325,-25.45328699389587,368,0.5,0.5,0.4118136038073375,0.5881863961926626,0.6340015126085223,0.3659984873914776,0.3969000683631809,100,-12184.17631903778,101325,-25.45328699389587,368,0.5,0.5,0.4118136038073375,0.5881863961926626,0.6340015126085223,0.3659984873914776,0.3969000683631809
0.064,146.1957090661339,167.8855917603916,113.2373706509648,73.09785453306694,73.09785453306694,153.1397420816477,178.2097705185411,103.8552737738388,129.4895241883515,0,0,0,100,60.30999316368191,39.69000683631809,50,50,24.83647563033173,35.47351753335018,25.16352436966826,14.52648246664983,8512.75,5208.641836428152,3304.108163571849,3905.7,4607.05,1940.076457387733,3268.565379040419,1965.623542612267,1338.484620959582,-12184.17631903778,-24894.87014131815,7130.052088348826,-6092.088159518888,-6092.088159518888,-23363.60035599317,-25966.9754004296,6520.46119735415,8186.016963279074,0,0,0,1.539535136156243,0.6222491539426789,85.1275,86.36449057939448,83.24786078264026,101325,109521.3965971366,89802.44714147809,155993.3976710313,63049.39552324193,-25.45328699389587,-59.88252140507227,26.86282624166117,-12.72664349694793,-12.72664349694793,-54.26039658339575,-63.81880333688171,23.35876383928222,32.93274439683289,0,0,0,368,1,1,1,1,1,1,1,1,1,1,0.5,0.5,0.4118136038073375,0.5881863961926626,0.6340015126085223,0.3659984873914776,0.6030999316368191,0.4588059087838831,0.5411940912161171,0.3724726172990518,0.6275273827009482,0.5949029042945627,0.4050970957054373,0.6118635971252712,0.3881364028747289,0.3969000683631809,100,-12184.17631903778,101325,-25.45328699389587,368,0.5,0.5,0.4118136038073375,0.5881863961926626,0.6340015126085223,0.3659984873914776,0.3969000683631809,100,-12184.17631903778,101325,-25.45328699389587,368,0.5,0.5,0.4118136038073375,0.5881863961926626,0.6340015126085223,0.3659984873914776,0.3969000683631809
0.066,146.1957090661339,167.8855917603916,113.2373706509648,73.09785453306694,73.09785453306694,153.1397420816477,178.2097705185411,103.8552737738388,129.4895241883515,0,0,0,100,60.30999316368191,39.69000683631809,50,50,24.83647563033173,35.47351753335018,25.16352436966826,14.52648246664983,8512.75,5208.641836428152,3304.108163571849,3905.7,4607.05,1940.076457387733,3268.565379040419,1965.623542612267,1338.484620959582,-12184.17631903778,-24894.87014131815,7130.052088348826,-6092.088159518888,-6092.088159518888,-23363.60035599317,-25966.9754004296,6520.46119735415,8186.016963279074,0,0,0,1.539535136156243,0.6222491539426789,85.1275,86.36449057939448,83.24786078264026,101325,109521.3965971366,89802.44714147809,155993.3976710313,63049.39552324193,-25.45328699389587,-59.88252140507227,26.86282624166117,-12.72664349694793,-12.72664349694793,-54.26039658339575,-63.81880333688171,23.35876383928222,32.93274439683289,0,0,0,368,1,1,1,1,1,1,1,1,1,1,0.5,0.5,0.4118136038073375,0.5881863961926626,0.6340015126085223,0.3659984873914776,0.6030999316368191,0.4588059087838831,0.5411940912161171,0.3724726172990518,0.6275273827009482,0.5949029042945627,0.4050970957054373,0.6118635971252712,0.3881364028747289,0.3969000683631809,100,-12184.17631903778,101325,-25.45328699389587,368,0.5,0.5,0.4118136038073375,0.5881863961926626,0.6340015126085223,0.3659984873914776,0.3969000683631809,100,-12184.17631903778,101325,-25.45328699389587,368,0.5,0.5,0.4118136038073375,0.5881863961926626,0.6340015126085223,0.3659984873914776,0.3969000683631809
0.068,146.1957090661339,167.8855917603916,113.2373706509648,73.09785453306694,73.09785453306694,153.1397420816477,178.2097705185411,103.8552737738388,129.4895241883515,0,0,0,100,60.30999316368191,39.69000683631809,50,50,24.83647563033173,35.47351753335018,25.16352436966826,14.52648246664983,8512.75,5208.641836428152,3304.108163571849,3905.7,4607.05,1940.076457387733,3268.565379040419,1965.623542612267,1338.484620959582,-12184.17631903778,-24894.87014131815,7130.052088348826,-6092.088159518888,-6092.088159518888,-23363.60035599317,-25966.9754004296,6520.46119735415,8186.016963279074,0,0,0,1.539535136156243,0.6222491539426789,85.1275,86.36449057939448,83.24786078264026,101325,109521.3965971366,89802.44714147809,155993.3976710313,63049.39552324193,-25.45328699389587,-59.88252140507227,26.86282624166117,-12.72664349694793,-12.72664349694793,-54.26039658339575,-63.81880333688171,23.35876383928222,32.93274439683289,0,0,0,368,1,1,1,1,1,1,1,1,1,1,0.5,0.5,0.4118136038073375,0.5881863961926626,0.6340015126085223,0.3659984873914776,0.6030999316368191,0.4588059087838831,0.5411940912161171,0.3724726172990518,0.6275273827009482,0.5949029042945627,0.4050970957054373,0.6118635971252712,0.3881364028747289,0.3969000683631809,100,-12184.17631903778,101325,-25.45328699389587,368,0.5,0.5,0.4118136038073375,0.5881863961926626,0.6340015126085223,0.3659984873914776,0.3969000683631809,100,-12184.17631903778,101325,-25.45328699389587,368,0.5,0.5,0.4118136038073375,0.5881863961926626,0.6340015126085223,0.3659984873914776,0.3969000683631809
0.07000000000000001,146.1957090661339,167.8855917603916,113.2373706509648,73.09785453306694,73.09785453306694,153.1397420816477,178.2097705185411,103.8552737738388,129.4895241883515,0,0,0,100,60.30999316368191,39.69000683631809,50,50,24.83647563033173,35.47351753335018,25.16352436966826,14.52648246664983,8512.75,5208.641836428152,3304.108163571849,3905.7,4607.05,1940.076457387733,3268.565379040419,1965.623542612267,1338.484620959582,-12184.17631903778,-24894.87014131815,7130.052088348826,-6092.088159518888,-6092.088159518888,-23363.60035599317,-25966.9754004296,6520.46119735415,8186.016963279074,0,0,0,1.539535136156243,0.6222491539426789,85.1275,86.36449057939448,83.24786078264026,101325,109521.3965971366,89802.44714147809,155993.3976710313,63049.39552324193,-25.45328699389587,-59.88252140507227,26.86282624166117,-12.72664349694793,-12.72664349694793,-54.26039658339575,-63.81880333688171,23.35876383928222,32.93274439683289,0,0,0,368,1,1,1,1,1,1,1,1,1,1,0.5,0.5,0.4118136038073375,0.5881863961926626,0.6340015126085223,0.3659984873914776,0.6030999316368191,0.4588059087838831,0.5411940912161171,0.3724726172990518,0.6275273827009482,0.5949029042945627,0.4050970957054373,0.6118635971252712,0.3881364028747289,0.3969000683631809,100,-12184.17631903778,101325,-25.45328699389587,368,0.5,0.5,0.4118136038073375,0.5881863961926626,0.6340015126085223,0.3659984873914776,0.3969000683631809,100,-12184.17631903778,101325,-25.45328699389587,368,0.5,0.5,0.4118136038073375,0.5881863961926626,0.6340015126085223,0.3659984873914776,0.3969000683631809
0.07199999999999999,146.1957090661339,167.8855917603916,113.2373706509648,73.09785453306694,73.09785453306694,153.1397420816477,178.2097705185411,103.8552737738388,129.4895241883515,0,0,0,100,60.30999316368191,39.69000683631809,50,50,24.83647563033173,35.47351753335018,25.16352436966826,14.52648246664983,8512.75,5208.641836428152,3304.108163571849,3905.7,4607.05,1940.076457387733,3268.565379040419,1965.623542612267,1338.484620959582,-12184.17631903778,-24894.87014131815,7130.052088348826,-6092.088159518888,-6092.088159518888,-23363.60035599317,-25966.9754004296,6520.46119735415,8186.016963279074,0,0,0,1.539535136156243,0.6222491539426789,85.1275,86.36449057939448,83.24786078264026,101325,109521.3965971366,89802.44714147809,155993.3976710313,63049.39552324193,-25.45328699389587,-59.88252140507227,26.86282624166117,-12.72664349694793,-12.72664349694793,-54.26039658339575,-63.81880333688171,23.35876383928222,32.93274439683289,0,0,0,368,1,1,1,1,1,1,1,1,1,1,0.5,0.5,0.4118136038073375,0.5881863961926626,0.6340015126085223,0.3659984873914776,0.6030999316368191,0.4588059087838831,0.5411940912161171,0.3724726172990518,0.6275273827009482,0.5949029042945627,0.4050970957054373,0.6118635971252712,0.3881364028747289,0.3969000683631809,100,-12184.17631903778,101325,-25.45328699389587,368,0.5,0.5,0.4118136038073375,0.5881863961926626,0.6340015126085223,0.3659984873914776,0.3969000683631809,100,-12184.17631903778,101325,-25.45328699389587,368,0.5,0.5,0.4118136038073375,0.5881863961926626,0.6340015126085223,0.3659984873914776,0.3969000683631809
0.074,146.1957090661339,167.8855917603916,113.2373706509648,73.09785453306694,73.09785453306694,153.1397420816477,178.2097705185411,103.8552737738388,129.4895241883515,0,0,0,100,60.30999316368191,39.69000683631809,50,50,24.83647563033173,35.47351753335018,25.16352436966826,14.52648246664983,8512.75,5208.641836428152,3304.108163571849,3905.7,4607.05,1940.076457387733,3268.565379040419,1965.623542612267,1338.484620959582,-12184.17631903778,-24894.87014131815,7130.052088348826,-6092.088159518888,-6092.088159518888,-23363.60035599317,-25966.9754004296,6520.46119735415,8186.016963279074,0,0,0,1.539535136156243,0.6222491539426789,85.1275,86.36449057939448,83.24786078264026,101325,109521.3965971366,89802.44714147809,155993.3976710313,63049.39552324193,-25.45328699389587,-59.88252140507227,26.86282624166117,-12.72664349694793,-12.72664349694793,-54.26039658339575,-63.81880333688171,23.35876383928222,32.93274439683289,0,0,0,368,1,1,1,1,1,1,1,1,1,1,0.5,0.5,0.4118136038073375,0.5881863961926626,0.6340015126085223,0.3659984873914776,0.6030999316368191,0.4588059087838831,0.5411940912161171,0.3724726172990518,0.6275273827009482,0.5949029042945627,0.4050970957054373,0.6118635971252712,0.3881364028747289,0.3969000683631809,100,-12184.17631903778,101325,-25.45328699389587,368,0.5,0.5,0.4118136038073375,0.5881863961926626,0.6340015126085223,0.3659984873914776,0.3969000683631809,100,-12184.17631903778,101325,-25.45328699389587,368,0.5,0.5,0.4118136038073375,0.5881863961926626,0.6340015126085223,0.3659984873914776,0.3969000683631809
0.076,146.1957090661339,167.8855917603916,113.2373706509648,73.09785453306694,73.09785453306694,153.1397420816477,178.2097705185411,103.8552737738388,129.4895241883515,0,0,0,100,60.30999316368191,39.69000683631809,50,50,24.83647563033173,35.47351753335018,25.16352436966826,14.52648246664983,8512.75,5208.641836428152,3304.108163571849,3905.7,4607.05,1940.076457387733,3268.565379040419,1965.623542612267,1338.484620959582,-12184.17631903778,-24894.87014131815,7130.052088348826,-6092.088159518888,-6092.088159518888,-23363.60035599317,-25966.9754004296,6520.46119735415,8186.016963279074,0,0,0,1.539535136156243,0.6222491539426789,85.1275,86.36449057939448,83.24786078264026,101325,109521.3965971366,89802.44714147809,155993.3976710313,63049.39552324193,-25.45328699389587,-59.88252140507227,26.86282624166117,-12.72664349694793,-12.72664349694793,-54.26039658339575,-63.81880333688171,23.35876383928222,32.93274439683289,0,0,0,368,1,1,1,1,1,1,1,1,1,1,0.5,0.5,0.4118136038073375,0.5881863961926626,0.6340015126085223,0.3659984873914776,0.6030999316368191,0.4588059087838831,0.5411940912161171,0.3724726172990518,0.6275273827009482,0.5949029042945627,0.4050970957054373,0.6118635971252712,0.3881364028747289,0.3969000683631809,100,-12184.17631903778,101325,-25.45328699389587,368,0.5,0.5,0.4118136038073375,0.5881863961926626,0.6340015126085223,0.3659984873914776,0.3969000683631809,100,-12184.17631903778,101325,-25.45328699389587,368,0.5,0.5,0.4118136038073375,0.5881863961926626,0.6340015126085223,0.3659984873914776,0.3969000683631809
0.078,146.1957090661339,167.8855917603916,113.2373706509648,73.09785453306694,73.09785453306694,153.1397420816477,178.2097705185411,103.8552737738388,129.4895241883515,0,0,0,100,60.30999316368191,39.69000683631809,50,50,24.83647563033173,35.47351753335018,25.16352436966826,14.52648246664983,8512.75,5208.641836428152,3304.108163571849,3905.7,4607.05,1940.076457387733,3268.565379040419,1965.623542612267,1338.484620959582,-12184.17631903778,-24894.87014131815,7130.052088348826,-6092.088159518888,-6092.088159518888,-23363.60035599317,-25966.9754004296,6520.46119735415,8186.016963279074,0,0,0,1.539535136156243,0.6222491539426789,85.1275,86.36449057939448,83.24786078264026,101325,109521.3965971366,89802.44714147809,155993.3976710313,63049.39552324193,-25.45328699389587,-59.88252140507227,26.86282624166117,-12.72664349694793,-12.72664349694793,-54.26039658339575,-63.81880333688171,23.35876383928222,32.93274439683289,0,0,0,368,1,1,1,1,1,1,1,1,1,1,0.5,0.5,0.4118136038073375,0.5881863961926626,0.6340015126085223,0.3659984873914776,0.6030999316368191,0.4588059087838831,0.5411940912161171,0.3724726172990518,0.6275273827009482,0.5949029042945627,0.4050970957054373,0.6118635971252712,0.3881364028747289,0.3969000683631809,100,-12184.17631903778,101325,-25.45328699389587,368,0.5,0.5,0.4118136038073375,0.5881863961926626,0.6340015126085223,0.3659984873914776,0.3969000683631809,100,-12184.17631903778,101325,-25.45328699389587,368,0.5,0.5,0.4118136038073375,0.5881863961926626,0.6340015126085223,0.3659984873914776,0.3969000683631809
0.08,146.1957090661339,167.8855917603916,113.2373706509648,73.09785453306694,73.09785453306694,153.1397420816477,178.2097705185411,103.8552737738388,129.4895241883515,0,0,0,100,60.30999316368191,39.69000683631809,50,50,24.83647563033173,35.47351753335018,25.16352436966826,14.52648246664983,8512.75,5208.641836428152,3304.108163571849,3905.7,4607.05,1940.076457387733,3268.565379040419,1965.623542612267,1338.484620959582,-12184.17631903778,-24894.87014131815,7130.052088348826,-6092.088159518888,-6092.088159518888,-23363.60035599317,-25966.9754004296,6520.46119735415,8186.016963279074,0,0,0,1.539535136156243,0.6222491539426789,85.1275,86.36449057939448,83.24786078264026,101325,109521.3965971366,89802.44714147809,155993.3976710313,63049.39552324193,-25.45328699389587,-59.88252140507227,26.86282624166117,-12.72664349694793,-12.72664349694793,-54.26039658339575,-63.81880333688171,23.35876383928222,32.93274439683289,0,0,0,368,1,1,1,1,1,1,1,1,1,1,0.5,0.5,0.4118136038073375,0.5881863961926626,0.6340015126085223,0.3659984873914776,0.6030999316368191,0.4588059087838831,0.5411940912161171,0.3724726172990518,0.6275273827009482,0.5949029042945627,0.4050970957054373,0.6118635971252712,0.3881364028747289,0.3969000683631809,100,-12184.17631903778,101325,-25.45328699389587,368,0.5,0.5,0.4118136038073375,0.5881863961926626,0.6340015126085223,0.3659984873914776,0.3969000683631809,100,-12184.17631903778,101325,-25.45328699389587,368,0.5,0.5,0.4118136038073375,0.5881863961926626,0.6340015126085223,0.3659984873914776,0.3969000683631809
0.082,146.1957090661339,167.8855917603916,113.2373706509648,73.09785453306694,73.09785453306694,153.1397420816477,178.2097705185411,103.8552737738388,129.4895241883515,0,0,0,100,60.30999316368191,39.69000683631809,50,50,24.83647563033173,35.47351753335018,25.16352436966826,14.52648246664983,8512.75,5208.641836428152,3304.108163571849,3905.7,4607.05,1940.076457387733,3268.565379040419,1965.623542612267,1338.484620959582,-12184.17631903778,-24894.87014131815,7130.052088348826,-6092.088159518888,-6092.088159518888,-23363.60035599317,-25966.9754004296,6520.46119735415,8186.016963279074,0,0,0,1.539535136156243,0.6222491539426789,85.1275,86.36449057939448,83.24786078264026,101325,109521.3965971366,89802.44714147809,155993.3976710313,63049.39552324193,-25.45328699389587,-59.88252140507227,26.86282624166117,-12.72664349694793,-12.72664349694793,-54.26039658339575,-63.81880333688171,23.35876383928222,32.93274439683289,0,0,0,368,1,1,1,1,1,1,1,1,1,1,0.5,0.5,0.4118136038073375,0.5881863961926626,0.6340015126085223,0.3659984873914776,0.6030999316368191,0.4588059087838831,0.5411940912161171,0.3724726172990518,0.6275273827009482,0.5949029042945627,0.4050970957054373,0.6118635971252712,0.3881364028747289,0.3969000683631809,100,-12184.17631903778,101325,-25.45328699389587,368,0.5,0.5,0.4118136038073375,0.5881863961926626,0.6340015126085223,0.3659984873914776,0.3969000683631809,100,-12184.17631903778,101325,-25.45328699389587,368,0.5,0.5,0.4118136038073375,0.5881863961926626,0.6340015126085223,0.3659984873914776,0.3969000683631809
0.08400000000000001,146.1957090661339,167.8855917603916,113.2373706509648,73.09785453306694,73.09785453306694,153.1397420816477,178.2097705185411,103.8552737738388,129.4895241883515,0,0,0,100,60.30999316368191,39.69000683631809,50,50,24.83647563033173,35.47351753335018,25.16352436966826,14.52648246664983,8512.75,5208.641836428152,3304.108163571849,3905.7,4607.05,1940.076457387733,3268.565379040419,1965.623542612267,1338.484620959582,-12184.17631903778,-24894.87014131815,7130.052088348826,-6092.088159518888,-6092.088159518888,-23363.60035599317,-25966.9754004296,6520.46119735415,8186.016963279074,0,0,0,1.539535136156243,0.6222491539426789,85.1275,86.36449057939448,83.24786078264026,101325,109521.3965971366,89802.44714147809,155993.3976710313,63049.39552324193,-25.45328699389587,-59.88252140507227,26.86282624166117,-12.72664349694793,-12.72664349694793,-54.26039658339575,-63.81880333688171,23.35876383928222,32.93274439683289,0,0,0,368,1,1,1,1,1,1,1,1,1,1,0.5,0.5,0.4118136038073375,0.5881863961926626,0.6340015126085223,0.3659984873914776,0.6030999316368191,0.4588059087838831,0.5411940912161171,0.3724726172990518,0.6275273827009482,0.5949029042945627,0.4050970957054373,0.6118635971252712,0.3881364028747289,0.3969000683631809,100,-12184.17631903778,101325,-25.45328699389587,368,0.5,0.5,0.4118136038073375,0.5881863961926626,0.6340015126085223,0.3659984873914776,0.3969000683631809,100,-12184.17631903778,101325,-25.45328699389587,368,0.5,0.5,0.4118136038073375,0.5881863961926626,0.6340015126085223,0.3659984873914776,0.3969000683631809
0.08599999999999999,146.1957090661339,167.8855917603916,113.2373706509648,73.09785453306694,73.09785453306694,153.1397420816477,178.2097705185411,103.8552737738388,129.4895241883515,0,0,0,100,60.30999316368191,39.69000683631809,50,50,24.83647563033173,35.47351753335018,25.16352436966826,14.52648246664983,8512.75,5208.641836428152,3304.108163571849,3905.7,4607.05,1940.076457387733,3268.565379040419,1965.623542612267,1338.484620959582,-12184.17631903778,-24894.87014131815,7130.052088348826,-6092.088159518888,-6092.088159518888,-23363.60035599317,-25966.9754004296,6520.46119735415,8186.016963279074,0,0,0,1.539535136156243,0.6222491539426789,85.1275,86.36449057939448,83.24786078264026,101325,109521.3965971366,89802.44714147809,155993.3976710313,63049.39552324193,-25.45328699389587,-59.88252140507227,26.86282624166117,-12.72664349694793,-12.72664349694793,-54.26039658339575,-63.81880333688171,23.35876383928222,32.93274439683289,0,0,0,368,1,1,1,1,1,1,1,1,1,1,0.5,0.5,0.4118136038073375,0.5881863961926626,0.6340015126085223,0.3659984873914776,0.6030999316368191,0.4588059087838831,0.5411940912161171,0.3724726172990518,0.6275273827009482,0.5949029042945627,0.4050970957054373,0.6118635971252712,0.3881364028747289,0.3969000683631809,100,-12184.17631903778,101325,-25.45328699389587,368,0.5,0.5,0.4118136038073375,0.5881863961926626,0.6340015126085223,0.3659984873914776,0.3969000683631809,100,-12184.17631903778,101325,-25.45328699389587,368,0.5,0.5,0.4118136038073375,0.5881863961926626,0.6340015126085223,0.3659984873914776,0.3969000683631809
0.08799999999999999,146.1957090661339,167.8855917603916,113.2373706509648,73.09785453306694,73.09785453306694,153.1397420816477,178.2097705185411,103.8552737738388,129.4895241883515,0,0,0,100,60.30999316368191,39.69000683631809,50,50,24.83647563033173,35.47351753335018,25.16352436966826,14.52648246664983,8512.75,5208.641836428152,3304.108163571849,3905.7,4607.05,1940.076457387733,3268.565379040419,1965.623542612267,1338.484620959582,-12184.17631903778,-24894.87014131815,7130.052088348826,-6092.088159518888,-6092.088159518888,-23363.60035599317,-25966.9754004296,6520.46119735415,8186.016963279074,0,0,0,1.539535136156243,0.6222491539426789,85.1275,86.36449057939448,83.24786078264026,101325,109521.3965971366,89802.44714147809,155993.3976710313,63049.39552324193,-25.45328699389587,-59.88252140507227,26.86282624166117,-12.72664349694793,-12.72664349694793,-54.26039658339575,-63.81880333688171,23.35876383928222,32.93274439683289,0,0,0,368,1,1,1,1,1,1,1,1,1,1,0.5,0.5,0.4118136038073375,0.5881863961926626,0.6340015126085223,0.3659984873914776,0.6030999316368191,0.4588059087838831,0.5411940912161171,0.3724726172990518,0.6275273827009482,0.5949029042945627,0.4050970957054373,0.6118635971252712,0.3881364028747289,0.3969000683631809,100,-12184.17631903778,101325,-25.45328699389587,368,0.5,0.5,0.4118136038073375,0.5881863961926626,0.6340015126085223,0.3659984873914776,0.3969000683631809,100,-12184.17631903778,101325,-25.45328699389587,368,0.5,0.5,0.4118136038073375,0.5881863961926626,0.6340015126085223,0.3659984873914776,0.3969000683631809
0.09,146.1957090661339,167.8855917603916,113.2373706509648,73.09785453306694,73.09785453306694,153.1397420816477,178.2097705185411,103.8552737738388,129.4895241883515,0,0,0,100,60.30999316368191,39.69000683631809,50,50,24.83647563033173,35.47351753335018,25.16352436966826,14.52648246664983,8512.75,5208.641836428152,3304.108163571849,3905.7,4607.05,1940.076457387733,3268.565379040419,1965.623542612267,1338.484620959582,-12184.17631903778,-24894.87014131815,7130.052088348826,-6092.088159518888,-6092.088159518888,-23363.60035599317,-25966.9754004296,6520.46119735415,8186.016963279074,0,0,0,1.539535136156243,0.6222491539426789,85.1275,86.36449057939448,83.24786078264026,101325,109521.3965971366,89802.44714147809,155993.3976710313,63049.39552324193,-25.45328699389587,-59.88252140507227,26.86282624166117,-12.72664349694793,-12.72664349694793,-54.26039658339575,-63.81880333688171,23.35876383928222,32.93274439683289,0,0,0,368,1,1,1,1,1,1,1,1,1,1,0.5,0.5,0.4118136038073375,0.5881863961926626,0.6340015126085223,0.3659984873914776,0.6030999316368191,0.4588059087838831,0.5411940912161171,0.3724726172990518,0.6275273827009482,0.5949029042945627,0.4050970957054373,0.6118635971252712,0.3881364028747289,0.3969000683631809,100,-12184.17631903778,101325,-25.45328699389587,368,0.5,0.5,0.4118136038073375,0.5881863961926626,0.6340015126085223,0.3659984873914776,0.3969000683631809,100,-12184.17631903778,101325,-25.45328699389587,368,0.5,0.5,0.4118136038073375,0.5881863961926626,0.6340015126085223,0.3659984873914776,0.3969000683631809
0.092,146.1957090661339,167.8855917603916,113.2373706509648,73.09785453306694,73.09785453306694,153.1397420816477,178.2097705185411,103.8552737738388,129.4895241883515,0,0,0,100,60.30999316368191,39.69000683631809,50,50,24.83647563033173,35.47351753335018,25.16352436966826,14.52648246664983,8512.75,5208.641836428152,3304.108163571849,3905.7,4607.05,1940.076457387733,3268.565379040419,1965.623542612267,1338.484620959582,-12184.17631903778,-24894.87014131815,7130.052088348826,-6092.088159518888,-6092.088159518888,-23363.60035599317,-25966.9754004296,6520.46119735415,8186.016963279074,0,0,0,1.539535136156243,0.6222491539426789,85.1275,86.36449057939448,83.24786078264026,101325,109521.3965971366,89802.44714147809,155993.3976710313,63049.39552324193,-25.45328699389587,-59.88252140507227,26.86282624166117,-12.72664349694793,-12.72664349694793,-54.26039658339575,-63.81880333688171,23.35876383928222,32.93274439683289,0,0,0,368,1,1,1,1,1,1,1,1,1,1,0.5,0.5,0.4118136038073375,0.5881863961926626,0.6340015126085223,0.3659984873914776,0.6030999316368191,0.4588059087838831,0.5411940912161171,0.3724726172990518,0.6275273827009482,0.5949029042945627,0.4050970957054373,0.6118635971252712,0.3881364028747289,0.3969000683631809,100,-12184.17631903778,101325,-25.45328699389587,368,0.5,0.5,0.4118136038073375,0.5881863961926626,0.6340015126085223,0.3659984873914776,0.3969000683631809,100,-12184.17631903778,101325,-25.45328699389587,368,0.5,0.5,0.4118136038073375,0.5881863961926626,0.6340015126085223,0.3659984873914776,0.3969000683631809
0.094,146.1957090661339,167.8855917603916,113.2373706509648,73.09785453306694,73.09785453306694,153.1397420816477,178.2097705185411,103.8552737738388,129.4895241883515,0,0,0,100,60.30999316368191,39.69000683631809,50,50,24.83647563033173,35.47351753335018,25.16352436966826,14.52648246664983,8512.75,5208.641836428152,3304.108163571849,3905.7,4607.05,1940.076457387733,3268.565379040419,1965.623542612267,1338.484620959582,-12184.17631903778,-24894.87014131815,7130.052088348826,-6092.088159518888,-6092.088159518888,-23363.60035599317,-25966.9754004296,6520.46119735415,8186.016963279074,0,0,0,1.539535136156243,0.6222491539426789,85.1275,86.36449057939448,83.24786078264026,101325,109521.3965971366,89802.44714147809,155993.3976710313,63049.39552324193,-25.45328699389587,-59.88252140507227,26.86282624166117,-12.72664349694793,-12.72664349694793,-54.26039658339575,-63.81880333688171,23.35876383928222,32.93274439683289,0,0,0,368,1,1,1,1,1,1,1,1,1,1,0.5,0.5,0.4118136038073375,0.5881863961926626,0.6340015126085223,0.3659984873914776,0.6030999316368191,0.4588059087838831,0.5411940912161171,0.3724726172990518,0.6275273827009482,0.5949029042945627,0.4050970957054373,0.6118635971252712,0.3881364028747289,0.3969000683631809,100,-12184.17631903778,101325,-25.45328699389587,368,0.5,0.5,0.4118136038073375,0.5881863961926626,0.6340015126085223,0.3659984873914776,0.3969000683631809,100,-12184.17631903778,101325,-25.45328699389587,368,0.5,0.5,0.4118136038073375,0.5881863961926626,0.6340015126085223,0.3659984873914776,0.3969000683631809
0.096,146.1957090661339,167.8855917603916,113.2373706509648,73.09785453306694,73.09785453306694,153.1397420816477,178.2097705185411,103.8552737738388,129.4895241883515,0,0,0,100,60.30999316368191,39.69000683631809,50,50,24.83647563033173,35.47351753335018,25.16352436966826,14.52648246664983,8512.75,5208.641836428152,3304.108163571849,3905.7,4607.05,1940.076457387733,3268.565379040419,1965.623542612267,1338.484620959582,-12184.17631903778,-24894.87014131815,7130.052088348826,-6092.088159518888,-6092.088159518888,-23363.60035599317,-25966.9754004296,6520.46119735415,8186.016963279074,0,0,0,1.539535136156243,0.6222491539426789,85.1275,86.36449057939448,83.24786078264026,101325,109521.3965971366,89802.44714147809,155993.3976710313,63049.39552324193,-25.45328699389587,-59.88252140507227,26.86282624166117,-12.72664349694793,-12.72664349694793,-54.26039658339575,-63.81880333688171,23.35876383928222,32.93274439683289,0,0,0,368,1,1,1,1,1,1,1,1,1,1,0.5,0.5,0.4118136038073375,0.5881863961926626,0.6340015126085223,0.3659984873914776,0.6030999316368191,0.4588059087838831,0.5411940912161171,0.3724726172990518,0.6275273827009482,0.5949029042945627,0.4050970957054373,0.6118635971252712,0.3881364028747289,0.3969000683631809,100,-12184.17631903778,101325,-25.45328699389587,368,0.5,0.5,0.4118136038073375,0.5881863961926626,0.6340015126085223,0.3659984873914776,0.3969000683631809,100,-12184.17631903778,101325,-25.45328699389587,368,0.5,0.5,0.4118136038073375,0.5881863961926626,0.6340015126085223,0.3659984873914776,0.3969000683631809
0.098,146.1957090661339,167.8855917603916,113.2373706509648,73.09785453306694,73.09785453306694,153.1397420816477,178.2097705185411,103.8552737738388,129.4895241883515,0,0,0,100,60.30999316368191,39.69000683631809,50,50,24.83647563033173,35.47351753335018,25.16352436966826,14.52648246664983,8512.75,5208.641836428152,3304.108163571849,3905.7,4607.05,1940.076457387733,3268.565379040419,1965.623542612267,1338.484620959582,-12184.17631903778,-24894.87014131815,7130.052088348826,-6092.088159518888,-6092.088159518888,-23363.60035599317,-25966.9754004296,6520.46119735415,8186.016963279074,0,0,0,1.539535136156243,0.6222491539426789,85.1275,86.36449057939448,83.24786078264026,101325,109521.3965971366,89802.44714147809,155993.3976710313,63049.39552324193,-25.45328699389587,-59.88252140507227,26.86282624166117,-12.72664349694793,-12.72664349694793,-54.26039658339575,-63.81880333688171,23.35876383928222,32.93274439683289,0,0,0,368,1,1,1,1,1,1,1,1,1,1,0.5,0.5,0.4118136038073375,0.5881863961926626,0.6340015126085223,0.3659984873914776,0.6030999316368191,0.4588059087838831,0.5411940912161171,0.3724726172990518,0.6275273827009482,0.5949029042945627,0.4050970957054373,0.6118635971252712,0.3881364028747289,0.3969000683631809,100,-12184.17631903778,101325,-25.45328699389587,368,0.5,0.5,0.4118136038073375,0.5881863961926626,0.6340015126085223,0.3659984873914776,0.3969000683631809,100,-12184.17631903778,101325,-25.45328699389587,368,0.5,0.5,0.4118136038073375,0.5881863961926626,0.6340015126085223,0.3659984873914776,0.3969000683631809
0.1,146.1957090661339,167.8855917603916,113.2373706509648,73.09785453306694,73.09785453306694,153.1397420816477,178.2097705185411,103.8552737738388,129.4895241883515,0,0,0,100,60.30999316368191,39.69000683631809,50,50,24.83647563033173,35.47351753335018,25.16352436966826,14.52648246664983,8512.75,5208.641836428152,3304.108163571849,3905.7,4607.05,1940.076457387733,3268.565379040419,1965.623542612267,1338.484620959582,-12184.17631903778,-24894.87014131815,7130.052088348826,-6092.088159518888,-6092.088159518888,-23363.60035599317,-25966.9754004296,6520.46119735415,8186.016963279074,0,0,0,1.539535136156243,0.6222491539426789,85.1275,86.36449057939448,83.24786078264026,101325,109521.3965971366,89802.44714147809,155993.3976710313,63049.39552324193,-25.45328699389587,-59.88252140507227,26.86282624166117,-12.72664349694793,-12.72664349694793,-54.26039658339575,-63.81880333688171,23.35876383928222,32.93274439683289,0,0,0,368,1,1,1,1,1,1,1,1,1,1,0.5,0.5,0.4118136038073375,0.5881863961926626,0.6340015126085223,0.3659984873914776,0.6030999316368191,0.4588059087838831,0.5411940912161171,0.3724726172990518,0.6275273827009482,0.5949029042945627,0.4050970957054373,0.6118635971252712,0.3881364028747289,0.3969000683631809,100,-12184.17631903778,101325,-25.45328699389587,368,0.5,0.5,0.4118136038073375,0.5881863961926626,0.6340015126085223,0.3659984873914776,0.3969000683631809,100,-12184.17631903778,101325,-25.45328699389587,368,0.5,0.5,0.4118136038073375,0.5881863961926626,0.6340015126085223,0.3659984873914776,0.3969000683631809
0.102,146.1957090661339,167.8855917603916,113.2373706509648,73.09785453306694,73.09785453306694,153.1397420816477,178.2097705185411,103.8552737738388,129.4895241883515,0,0,0,100,60.30999316368191,39.69000683631809,50,50,24.83647563033173,35.47351753335018,25.16352436966826,14.52648246664983,8512.75,5208.641836428152,3304.108163571849,3905.7,4607.05,1940.076457387733,3268.565379040419,1965.623542612267,1338.484620959582,-12184.17631903778,-24894.87014131815,7130.052088348826,-6092.088159518888,-6092.088159518888,-23363.60035599317,-25966.9754004296,6520.46119735415,8186.016963279074,0,0,0,1.539535136156243,0.6222491539426789,85.1275,86.36449057939448,83.24786078264026,101325,109521.3965971366,89802.44714147809,155993.3976710313,63049.39552324193,-25.45328699389587,-59.88252140507227,26.86282624166117,-12.72664349694793,-12.72664349694793,-54.26039658339575,-63.81880333688171,23.35876383928222,32.93274439683289,0,0,0,368,1,1,1,1,1,1,1,1,1,1,0.5,0.5,0.4118136038073375,0.5881863961926626,0.6340015126085223,0.3659984873914776,0.6030999316368191,0.4588059087838831,0.5411940912161171,0.3724726172990518,0.6275273827009482,0.5949029042945627,0.4050970957054373,0.6118635971252712,0.3881364028747289,0.3969000683631809,100,-12184.17631903778,101325,-25.45328699389587,368,0.5,0.5,0.4118136038073375,0.5881863961926626,0.6340015126085223,0.3659984873914776,0.3969000683631809,100,-12184.17631903778,101325,-25.45328699389587,368,0.5,0.5,0.4118136038073375,0.5881863961926626,0.6340015126085223,0.3659984873914776,0.3969000683631809
0.104,146.1957090661339,167.8855917603916,113.2373706509648,73.09785453306694,73.09785453306694,153.1397420816477,178.2097705185411,103.8552737738388,129.4895241883515,0,0,0,100,60.30999316368191,39.69000683631809,50,50,24.83647563033173,35.47351753335018,25.16352436966826,14.52648246664983,8512.75,5208.641836428152,3304.108163571849,3905.7,4607.05,1940.076457387733,3268.565379040419,1965.623542612267,1338.484620959582,-12184.17631903778,-24894.87014131815,7130.052088348826,-6092.088159518888,-6092.088159518888,-23363.60035599317,-25966.9754004296,6520.46119735415,8186.016963279074,0,0,0,1.539535136156243,0.6222491539426789,85.1275,86.36449057939448,83.24786078264026,101325,109521.3965971366,89802.44714147809,155993.3976710313,63049.39552324193,-25.45328699389587,-59.88252140507227,26.86282624166117,-12.72664349694793,-12.72664349694793,-54.26039658339575,-63.81880333688171,23.35876383928222,32.93274439683289,0,0,0,368,1,1,1,1,1,1,1,1,1,1,0.5,0.5,0.4118136038073375,0.5881863961926626,0.6340015126085223,0.3659984873914776,0.6030999316368191,0.4588059087838831,0.5411940912161171,0.3724726172990518,0.6275273827009482,0.5949029042945627,0.4050970957054373,0.6118635971252712,0.3881364028747289,0.3969000683631809,100,-12184.17631903778,101325,-25.45328699389587,368,0.5,0.5,0.4118136038073375,0.5881863961926626,0.6340015126085223,0.3659984873914776,0.3969000683631809,100,-12184.17631903778,101325,-25.45328699389587,368,0.5,0.5,0.4118136038073375,0.5881863961926626,0.6340015126085223,0.3659984873914776,0.3969000683631809
0.106,146.1957090661339,167.8855917603916,113.2373706509648,73.09785453306694,73.09785453306694,153.1397420816477,178.2097705185411,103.8552737738388,129.4895241883515,0,0,0,100,60.30999316368191,39.69000683631809,50,50,24.83647563033173,35.47351753335018,25.16352436966826,14.52648246664983,8512.75,5208.641836428152,3304.108163571849,3905.7,4607.05,1940.076457387733,3268.565379040419,1965.623542612267,1338.484620959582,-12184.17631903778,-24894.87014131815,7130.052088348826,-6092.088159518888,-6092.088159518888,-23363.60035599317,-25966.9754004296,6520.46119735415,8186.016963279074,0,0,0,1.539535136156243,0.6222491539426789,85.1275,86.36449057939448,83.24786078264026,101325,109521.3965971366,89802.44714147809,155993.3976710313,63049.39552324193,-25.45328699389587,-59.88252140507227,26.86282624166117,-12.72664349694793,-12.72664349694793,-54.26039658339575,-63.81880333688171,23.35876383928222,32.93274439683289,0,0,0,368,1,1,1,1,1,1,1,1,1,1,0.5,0.5,0.4118136038073375,0.5881863961926626,0.6340015126085223,0.3659984873914776,0.6030999316368191,0.4588059087838831,0.5411940912161171,0.3724726172990518,0.6275273827009482,0.5949029042945627,0.4050970957054373,0.6118635971252712,0.3881364028747289,0.3969000683631809,100,-12184.17631903778,101325,-25.45328699389587,368,0.5,0.5,0.4118136038073375,0.5881863961926626,0.6340015126085223,0.3659984873914776,0.3969000683631809,100,-12184.17631903778,101325,-25.45328699389587,368,0.5,0.5,0.4118136038073375,0.5881863961926626,0.6340015126085223,0.3659984873914776,0.3969000683631809
0.108,146.1957090661339,167.8855917603916,113.2373706509648,73.09785453306694,73.09785453306694,153.1397420816477,178.2097705185411,103.8552737738388,129.4895241883515,0,0,0,100,60.30999316368191,39.69000683631809,50,50,24.83647563033173,35.47351753335018,25.16352436966826,14.52648246664983,8512.75,5208.641836428152,3304.108163571849,3905.7,4607.05,1940.076457387733,3268.565379040419,1965.623542612267,1338.484620959582,-12184.17631903778,-24894.87014131815,7130.052088348826,-6092.088159518888,-6092.088159518888,-23363.60035599317,-25966.9754004296,6520.46119735415,8186.016963279074,0,0,0,1.539535136156243,0.6222491539426789,85.1275,86.36449057939448,83.24786078264026,101325,109521.3965971366,89802.44714147809,155993.3976710313,63049.39552324193,-25.45328699389587,-59.88252140507227,26.86282624166117,-12.72664349694793,-12.72664349694793,-54.26039658339575,-63.81880333688171,23.35876383928222,32.93274439683289,0,0,0,368,1,1,1,1,1,1,1,1,1,1,0.5,0.5,0.4118136038073375,0.5881863961926626,0.6340015126085223,0.3659984873914776,0.6030999316368191,0.4588059087838831,0.5411940912161171,0.3724726172990518,0.6275273827009482,0.5949029042945627,0.4050970957054373,0.6118635971252712,0.3881364028747289,0.3969000683631809,100,-12184.17631903778,101325,-25.45328699389587,368,0.5,0.5,0.4118136038073375,0.5881863961926626,0.6340015126085223,0.3659984873914776,0.3969000683631809,100,-12184.17631903778,101325,-25.45328699389587,368,0.5,0.5,0.4118136038073375,0.5881863961926626,0.6340015126085223,0.3659984873914776,0.3969000683631809
0.11,146.1957090661339,167.8855917603916,113.2373706509648,73.09785453306694,73.09785453306694,153.1397420816477,178.2097705185411,103.8552737738388,129.4895241883515,0,0,0,100,60.30999316368191,39.69000683631809,50,50,24.83647563033173,35.47351753335018,25.16352436966826,14.52648246664983,8512.75,5208.641836428152,3304.108163571849,3905.7,4607.05,1940.076457387733,3268.565379040419,1965.623542612267,1338.484620959582,-12184.17631903778,-24894.87014131815,7130.052088348826,-6092.088159518888,-6092.088159518888,-23363.60035599317,-25966.9754004296,6520.46119735415,8186.016963279074,0,0,0,1.539535136156243,0.6222491539426789,85.1275,86.36449057939448,83.24786078264026,101325,109521.3965971366,89802.44714147809,155993.3976710313,63049.39552324193,-25.45328699389587,-59.88252140507227,26.86282624166117,-12.72664349694793,-12.72664349694793,-54.26039658339575,-63.81880333688171,23.35876383928222,32.93274439683289,0,0,0,368,1,1,1,1,1,1,1,1,1,1,0.5,0.5,0.4118136038073375,0.5881863961926626,0.6340015126085223,0.3659984873914776,0.6030999316368191,0.4588059087838831,0.5411940912161171,0.3724726172990518,0.6275273827009482,0.5949029042945627,0.4050970957054373,0.6118635971252712,0.3881364028747289,0.3969000683631809,100,-12184.17631903778,101325,-25.45328699389587,368,0.5,0.5,0.4118136038073375,0.5881863961926626,0.6340015126085223,0.3659984873914776,0.3969000683631809,100,-12184.17631903778,101325,-25.45328699389587,368,0.5,0.5,0.4118136038073375,0.5881863961926626,0.6340015126085223,0.3659984873914776,0.3969000683631809
0.112,146.1957090661339,167.8855917603916,113.2373706509648,73.09785453306694,73.09785453306694,153.1397420816477,178.2097705185411,103.8552737738388,129.4895241883515,0,0,0,100,60.30999316368191,39.69000683631809,50,50,24.83647563033173,35.47351753335018,25.16352436966826,14.52648246664983,8512.75,5208.641836428152,3304.108163571849,3905.7,4607.05,1940.076457387733,3268.565379040419,1965.623542612267,1338.484620959582,-12184.17631903778,-24894.87014131815,7130.052088348826,-6092.088159518888,-6092.088159518888,-23363.60035599317,-25966.9754004296,6520.46119735415,8186.016963279074,0,0,0,1.539535136156243,0.6222491539426789,85.1275,86.36449057939448,83.24786078264026,101325,109521.3965971366,89802.44714147809,155993.3976710313,63049.39552324193,-25.45328699389587,-59.88252140507227,26.86282624166117,-12.72664349694793,-12.72664349694793,-54.26039658339575,-63.81880333688171,23.35876383928222,32.93274439683289,0,0,0,368,1,1,1,1,1,1,1,1,1,1,0.5,0.5,0.4118136038073375,0.5881863961926626,0.6340015126085223,0.3659984873914776,0.6030999316368191,0.4588059087838831,0.5411940912161171,0.3724726172990518,0.6275273827009482,0.5949029042945627,0.4050970957054373,0.6118635971252712,0.3881364028747289,0.3969000683631809,100,-12184.17631903778,101325,-25.45328699389587,368,0.5,0.5,0.4118136038073375,0.5881863961926626,0.6340015126085223,0.3659984873914776,0.3969000683631809,100,-12184.17631903778,101325,-25.45328699389587,368,0.5,0.5,0.4118136038073375,0.5881863961926626,0.6340015126085223,0.3659984873914776,0.3969000683631809
0.114,146.1957090661339,167.8855917603916,113.2373706509648,73.09785453306694,73.09785453306694,153.1397420816477,178.2097705185411,103.8552737738388,129.4895241883515,0,0,0,100,60.30999316368191,39.69000683631809,50,50,24.83647563033173,35.47351753335018,25.16352436966826,14.52648246664983,8512.75,5208.641836428152,3304.108163571849,3905.7,4607.05,1940.076457387733,3268.565379040419,1965.623542612267,1338.484620959582,-12184.17631903778,-24894.87014131815,7130.052088348826,-6092.088159518888,-6092.088159518888,-23363.60035599317,-25966.9754004296,6520.46119735415,8186.016963279074,0,0,0,1.539535136156243,0.6222491539426789,85.1275,86.36449057939448,83.24786078264026,101325,109521.3965971366,89802.44714147809,155993.3976710313,63049.39552324193,-25.45328699389587,-59.88252140507227,26.86282624166117,-12.72664349694793,-12.72664349694793,-54.26039658339575,-63.81880333688171,23.35876383928222,32.93274439683289,0,0,0,368,1,1,1,1,1,1,1,1,1,1,0.5,0.5,0.4118136038073375,0.5881863961926626,0.6340015126085223,0.3659984873914776,0.6030999316368191,0.4588059087838831,0.5411940912161171,0.3724726172990518,0.6275273827009482,0.5949029042945627,0.4050970957054373,0.6118635971252712,0.3881364028747289,0.3969000683631809,100,-12184.17631903778,101325,-25.45328699389587,368,0.5,0.5,0.4118136038073375,0.5881863961926626,0.6340015126085223,0.3659984873914776,0.3969000683631809,100,-12184.17631903778,101325,-25.45328699389587,368,0.5,0.5,0.4118136038073375,0.5881863961926626,0.6340015126085223,0.3659984873914776,0.3969000683631809
0.116,146.1957090661339,167.8855917603916,113.2373706509648,73.09785453306694,73.09785453306694,153.1397420816477,178.2097705185411,103.8552737738388,129.4895241883515,0,0,0,100,60.30999316368191,39.69000683631809,50,50,24.83647563033173,35.47351753335018,25.16352436966826,14.52648246664983,8512.75,5208.641836428152,3304.108163571849,3905.7,4607.05,1940.076457387733,3268.565379040419,1965.623542612267,1338.484620959582,-12184.17631903778,-24894.87014131815,7130.052088348826,-6092.088159518888,-6092.088159518888,-23363.60035599317,-25966.9754004296,6520.46119735415,8186.016963279074,0,0,0,1.539535136156243,0.6222491539426789,85.1275,86.36449057939448,83.24786078264026,101325,109521.3965971366,89802.44714147809,155993.3976710313,63049.39552324193,-25.45328699389587,-59.88252140507227,26.86282624166117,-12.72664349694793,-12.72664349694793,-54.26039658339575,-63.81880333688171,23.35876383928222,32.93274439683289,0,0,0,368,1,1,1,1,1,1,1,1,1,1,0.5,0.5,0.4118136038073375,0.5881863961926626,0.6340015126085223,0.3659984873914776,0.6030999316368191,0.4588059087838831,0.5411940912161171,0.3724726172990518,0.6275273827009482,0.5949029042945627,0.4050970957054373,0.6118635971252712,0.3881364028747289,0.3969000683631809,100,-12184.17631903778,101325,-25.45328699389587,368,0.5,0.5,0.4118136038073375,0.5881863961926626,0.6340015126085223,0.3659984873914776,0.3969000683631809,100,-12184.17631903778,101325,-25.45328699389587,368,0.5,0.5,0.4118136038073375,0.5881863961926626,0.6340015126085223,0.3659984873914776,0.3969000683631809
0.118,146.1957090661339,167.8855917603916,113.2373706509648,73.09785453306694,73.09785453306694,153.1397420816477,178.2097705185411,103.8552737738388,129.4895241883515,0,0,0,100,60.30999316368191,39.69000683631809,50,50,24.83647563033173,35.47351753335018,25.16352436966826,14.52648246664983,8512.75,5208.641836428152,3304.108163571849,3905.7,4607.05,1940.076457387733,3268.565379040419,1965.623542612267,1338.484620959582,-12184.17631903778,-24894.87014131815,7130.052088348826,-6092.088159518888,-6092.088159518888,-23363.60035599317,-25966.9754004296,6520.46119735415,8186.016963279074,0,0,0,1.539535136156243,0.6222491539426789,85.1275,86.36449057939448,83.24786078264026,101325,109521.3965971366,89802.44714147809,155993.3976710313,63049.39552324193,-25.45328699389587,-59.88252140507227,26.86282624166117,-12.72664349694793,-12.72664349694793,-54.26039658339575,-63.81880333688171,23.35876383928222,32.93274439683289,0,0,0,368,1,1,1,1,1,1,1,1,1,1,0.5,0.5,0.4118136038073375,0.5881863961926626,0.6340015126085223,0.3659984873914776,0.6030999316368191,0.4588059087838831,0.5411940912161171,0.3724726172990518,0.6275273827009482,0.5949029042945627,0.4050970957054373,0.6118635971252712,0.3881364028747289,0.3969000683631809,100,-12184.17631903778,101325,-25.45328699389587,368,0.5,0.5,0.4118136038073375,0.5881863961926626,0.6340015126085223,0.3659984873914776,0.3969000683631809,100,-12184.17631903778,101325,-25.45328699389587,368,0.5,0.5,0.4118136038073375,0.5881863961926626,0.6340015126085223,0.3659984873914776,0.3969000683631809
0.12,146.1957090661339,167.8855917603916,113.2373706509648,73.09785453306694,73.09785453306694,153.1397420816477,178.2097705185411,103.8552737738388,129.4895241883515,0,0,0,100,60.30999316368191,39.69000683631809,50,50,24.83647563033173,35.47351753335018,25.16352436966826,14.52648246664983,8512.75,5208.641836428152,3304.108163571849,3905.7,4607.05,1940.076457387733,3268.565379040419,1965.623542612267,1338.484620959582,-12184.17631903778,-24894.87014131815,7130.052088348826,-6092.088159518888,-6092.088159518888,-23363.60035599317,-25966.9754004296,6520.46119735415,8186.016963279074,0,0,0,1.539535136156243,0.6222491539426789,85.1275,86.36449057939448,83.24786078264026,101325,109521.3965971366,89802.44714147809,155993.3976710313,63049.39552324193,-25.45328699389587,-59.88252140507227,26.86282624166117,-12.72664349694793,-12.72664349694793,-54.26039658339575,-63.81880333688171,23.35876383928222,32.93274439683289,0,0,0,368,1,1,1,1,1,1,1,1,1,1,0.5,0.5,0.4118136038073375,0.5881863961926626,0.6340015126085223,0.3659984873914776,0.6030999316368191,0.4588059087838831,0.5411940912161171,0.3724726172990518,0.6275273827009482,0.5949029042945627,0.4050970957054373,0.6118635971252712,0.3881364028747289,0.3969000683631809,100,-12184.17631903778,101325,-25.45328699389587,368,0.5,0.5,0.4118136038073375,0.5881863961926626,0.6340015126085223,0.3659984873914776,0.3969000683631809,100,-12184.17631903778,101325,-25.45328699389587,368,0.5,0.5,0.4118136038073375,0.5881863961926626,0.6340015126085223,0.3659984873914776,0.3969000683631809
0.122,146.1957090661339,167.8855917603916,113.2373706509648,73.09785453306694,73.09785453306694,153.1397420816477,178.2097705185411,103.8552737738388,129.4895241883515,0,0,0,100,60.30999316368191,39.69000683631809,50,50,24.83647563033173,35.47351753335018,25.16352436966826,14.52648246664983,8512.75,5208.641836428152,3304.108163571849,3905.7,4607.05,1940.076457387733,3268.565379040419,1965.623542612267,1338.484620959582,-12184.17631903778,-24894.87014131815,7130.052088348826,-6092.088159518888,-6092.088159518888,-23363.60035599317,-25966.9754004296,6520.46119735415,8186.016963279074,0,0,0,1.539535136156243,0.6222491539426789,85.1275,86.36449057939448,83.24786078264026,101325,109521.3965971366,89802.44714147809,155993.3976710313,63049.39552324193,-25.45328699389587,-59.88252140507227,26.86282624166117,-12.72664349694793,-12.72664349694793,-54.26039658339575,-63.81880333688171,23.35876383928222,32.93274439683289,0,0,0,368,1,1,1,1,1,1,1,1,1,1,0.5,0.5,0.4118136038073375,0.5881863961926626,0.6340015126085223,0.3659984873914776,0.6030999316368191,0.4588059087838831,0.5411940912161171,0.3724726172990518,0.6275273827009482,0.5949029042945627,0.4050970957054373,0.6118635971252712,0.3881364028747289,0.3969000683631809,100,-12184.17631903778,101325,-25.45328699389587,368,0.5,0.5,0.4118136038073375,0.5881863961926626,0.6340015126085223,0.3659984873914776,0.3969000683631809,100,-12184.17631903778,101325,-25.45328699389587,368,0.5,0.5,0.4118136038073375,0.5881863961926626,0.6340015126085223,0.3659984873914776,0.3969000683631809
0.124,146.1957090661339,167.8855917603916,113.2373706509648,73.09785453306694,73.09785453306694,153.1397420816477,178.2097705185411,103.8552737738388,129.4895241883515,0,0,0,100,60.30999316368191,39.69000683631809,50,50,24.83647563033173,35.47351753335018,25.16352436966826,14.52648246664983,8512.75,5208.641836428152,3304.108163571849,3905.7,4607.05,1940.076457387733,3268.565379040419,1965.623542612267,1338.484620959582,-12184.17631903778,-24894.87014131815,7130.052088348826,-6092.088159518888,-6092.088159518888,-23363.60035599317,-25966.9754004296,6520.46119735415,8186.016963279074,0,0,0,1.539535136156243,0.6222491539426789,85.1275,86.36449057939448,83.24786078264026,101325,109521.3965971366,89802.44714147809,155993.3976710313,63049.39552324193,-25.45328699389587,-59.88252140507227,26.86282624166117,-12.72664349694793,-12.72664349694793,-54.26039658339575,-63.81880333688171,23.35876383928222,32.93274439683289,0,0,0,368,1,1,1,1,1,1,1,1,1,1,0.5,0.5,0.4118136038073375,0.5881863961926626,0.6340015126085223,0.3659984873914776,0.6030999316368191,0.4588059087838831,0.5411940912161171,0.3724726172990518,0.6275273827009482,0.5949029042945627,0.4050970957054373,0.6118635971252712,0.3881364028747289,0.3969000683631809,100,-12184.17631903778,101325,-25.45328699389587,368,0.5,0.5,0.4118136038073375,0.5881863961926626,0.6340015126085223,0.3659984873914776,0.3969000683631809,100,-12184.17631903778,101325,-25.45328699389587,368,0.5,0.5,0.4118136038073375,0.5881863961926626,0.6340015126085223,0.3659984873914776,0.3969000683631809
0.126,146.1957090661339,167.8855917603916,113.2373706509648,73.09785453306694,73.09785453306694,153.1397420816477,178.2097705185411,103.8552737738388,129.4895241883515,0,0,0,100,60.30999316368191,39.69000683631809,50,50,24.83647563033173,35.47351753335018,25.16352436966826,14.52648246664983,8512.75,5208.641836428152,3304.108163571849,3905.7,4607.05,1940.076457387733,3268.565379040419,1965.623542612267,1338.484620959582,-12184.17631903778,-24894.87014131815,7130.052088348826,-6092.088159518888,-6092.088159518888,-23363.60035599317,-25966.9754004296,6520.46119735415,8186.016963279074,0,0,0,1.539535136156243,0.6222491539426789,85.1275,86.36449057939448,83.24786078264026,101325,109521.3965971366,89802.44714147809,155993.3976710313,63049.39552324193,-25.45328699389587,-59.88252140507227,26.86282624166117,-12.72664349694793,-12.72664349694793,-54.26039658339575,-63.81880333688171,23.35876383928222,32.93274439683289,0,0,0,368,1,1,1,1,1,1,1,1,1,1,0.5,0.5,0.4118136038073375,0.5881863961926626,0.6340015126085223,0.3659984873914776,0.6030999316368191,0.4588059087838831,0.5411940912161171,0.3724726172990518,0.6275273827009482,0.5949029042945627,0.4050970957054373,0.6118635971252712,0.3881364028747289,0.3969000683631809,100,-12184.17631903778,101325,-25.45328699389587,368,0.5,0.5,0.4118136038073375,0.5881863961926626,0.6340015126085223,0.3659984873914776,0.3969000683631809,100,-12184.17631903778,101325,-25.45328699389587,368,0.5,0.5,0.4118136038073375,0.5881863961926626,0.6340015126085223,0.3659984873914776,0.3969000683631809
0.128,146.1957090661339,167.8855917603916,113.2373706509648,73.09785453306694,73.09785453306694,153.1397420816477,178.2097705185411,103.8552737738388,129.4895241883515,0,0,0,100,60.30999316368191,39.69000683631809,50,50,24.83647563033173,35.47351753335018,25.16352436966826,14.52648246664983,8512.75,5208.641836428152,3304.108163571849,3905.7,4607.05,1940.076457387733,3268.565379040419,1965.623542612267,1338.484620959582,-12184.17631903778,-24894.87014131815,7130.052088348826,-6092.088159518888,-6092.088159518888,-23363.60035599317,-25966.9754004296,6520.46119735415,8186.016963279074,0,0,0,1.539535136156243,0.6222491539426789,85.1275,86.36449057939448,83.24786078264026,101325,109521.3965971366,89802.44714147809,155993.3976710313,63049.39552324193,-25.45328699389587,-59.88252140507227,26.86282624166117,-12.72664349694793,-12.72664349694793,-54.26039658339575,-63.81880333688171,23.35876383928222,32.93274439683289,0,0,0,368,1,1,1,1,1,1,1,1,1,1,0.5,0.5,0.4118136038073375,0.5881863961926626,0.6340015126085223,0.3659984873914776,0.6030999316368191,0.4588059087838831,0.5411940912161171,0.3724726172990518,0.6275273827009482,0.5949029042945627,0.4050970957054373,0.6118635971252712,0.3881364028747289,0.3969000683631809,100,-12184.17631903778,101325,-25.45328699389587,368,0.5,0.5,0.4118136038073375,0.5881863961926626,0.6340015126085223,0.3659984873914776,0.3969000683631809,100,-12184.17631903778,101325,-25.45328699389587,368,0.5,0.5,0.4118136038073375,0.5881863961926626,0.6340015126085223,0.3659984873914776,0.3969000683631809
0.13,146.1957090661339,167.8855917603916,113.2373706509648,73.09785453306694,73.09785453306694,153.1397420816477,178.2097705185411,103.8552737738388,129.4895241883515,0,0,0,100,60.30999316368191,39.69000683631809,50,50,24.83647563033173,35.47351753335018,25.16352436966826,14.52648246664983,8512.75,5208.641836428152,3304.108163571849,3905.7,4607.05,1940.076457387733,3268.565379040419,1965.623542612267,1338.484620959582,-12184.17631903778,-24894.87014131815,7130.052088348826,-6092.088159518888,-6092.088159518888,-23363.60035599317,-25966.9754004296,6520.46119735415,8186.016963279074,0,0,0,1.539535136156243,0.6222491539426789,85.1275,86.36449057939448,83.24786078264026,101325,109521.3965971366,89802.44714147809,155993.3976710313,63049.39552324193,-25.45328699389587,-59.88252140507227,26.86282624166117,-12.72664349694793,-12.72664349694793,-54.26039658339575,-63.81880333688171,23.35876383928222,32.93274439683289,0,0,0,368,1,1,1,1,1,1,1,1,1,1,0.5,0.5,0.4118136038073375,0.5881863961926626,0.6340015126085223,0.3659984873914776,0.6030999316368191,0.4588059087838831,0.5411940912161171,0.3724726172990518,0.6275273827009482,0.5949029042945627,0.4050970957054373,0.6118635971252712,0.3881364028747289,0.3969000683631809,100,-12184.17631903778,101325,-25.45328699389587,368,0.5,0.5,0.4118136038073375,0.5881863961926626,0.6340015126085223,0.3659984873914776,0.3969000683631809,100,-12184.17631903778,101325,-25.45328699389587,368,0.5,0.5,0.4118136038073375,0.5881863961926626,0.6340015126085223,0.3659984873914776,0.3969000683631809
0.132,146.1957090661339,167.8855917603916,113.2373706509648,73.09785453306694,73.09785453306694,153.1397420816477,178.2097705185411,103.8552737738388,129.4895241883515,0,0,0,100,60.30999316368191,39.69000683631809,50,50,24.83647563033173,35.47351753335018,25.16352436966826,14.52648246664983,8512.75,5208.641836428152,3304.108163571849,3905.7,4607.05,1940.076457387733,3268.565379040419,1965.623542612267,1338.484620959582,-12184.17631903778,-24894.87014131815,7130.052088348826,-6092.088159518888,-6092.088159518888,-23363.60035599317,-25966.9754004296,6520.46119735415,8186.016963279074,0,0,0,1.539535136156243,0.6222491539426789,85.1275,86.36449057939448,83.24786078264026,101325,109521.3965971366,89802.44714147809,155993.3976710313,63049.39552324193,-25.45328699389587,-59.88252140507227,26.86282624166117,-12.72664349694793,-12.72664349694793,-54.26039658339575,-63.81880333688171,23.35876383928222,32.93274439683289,0,0,0,368,1,1,1,1,1,1,1,1,1,1,0.5,0.5,0.4118136038073375,0.5881863961926626,0.6340015126085223,0.3659984873914776,0.6030999316368191,0.4588059087838831,0.5411940912161171,0.3724726172990518,0.6275273827009482,0.5949029042945627,0.4050970957054373,0.6118635971252712,0.3881364028747289,0.3969000683631809,100,-12184.17631903778,101325,-25.45328699389587,368,0.5,0.5,0.4118136038073375,0.5881863961926626,0.6340015126085223,0.3659984873914776,0.3969000683631809,100,-12184.17631903778,101325,-25.45328699389587,368,0.5,0.5,0.4118136038073375,0.5881863961926626,0.6340015126085223,0.3659984873914776,0.3969000683631809
0.134,146.1957090661339,167.8855917603916,113.2373706509648,73.09785453306694,73.09785453306694,153.1397420816477,178.2097705185411,103.8552737738388,129.4895241883515,0,0,0,100,60.30999316368191,39.69000683631809,50,50,24.83647563033173,35.47351753335018,25.16352436966826,14.52648246664983,8512.75,5208.641836428152,3304.108163571849,3905.7,4607.05,1940.076457387733,3268.565379040419,1965.623542612267,1338.484620959582,-12184.17631903778,-24894.87014131815,7130.052088348826,-6092.088159518888,-6092.088159518888,-23363.60035599317,-25966.9754004296,6520.46119735415,8186.016963279074,0,0,0,1.539535136156243,0.6222491539426789,85.1275,86.36449057939448,83.24786078264026,101325,109521.3965971366,89802.44714147809,155993.3976710313,63049.39552324193,-25.45328699389587,-59.88252140507227,26.86282624166117,-12.72664349694793,-12.72664349694793,-54.26039658339575,-63.81880333688171,23.35876383928222,32.93274439683289,0,0,0,368,1,1,1,1,1,1,1,1,1,1,0.5,0.5,0.4118136038073375,0.5881863961926626,0.6340015126085223,0.3659984873914776,0.6030999316368191,0.4588059087838831,0.5411940912161171,0.3724726172990518,0.6275273827009482,0.5949029042945627,0.4050970957054373,0.6118635971252712,0.3881364028747289,0.3969000683631809,100,-12184.17631903778,101325,-25.45328699389587,368,0.5,0.5,0.4118136038073375,0.5881863961926626,0.6340015126085223,0.3659984873914776,0.3969000683631809,100,-12184.17631903778,101325,-25.45328699389587,368,0.5,0.5,0.4118136038073375,0.5881863961926626,0.6340015126085223,0.3659984873914776,0.3969000683631809
0.136,146.1957090661339,167.8855917603916,113.2373706509648,73.09785453306694,73.09785453306694,153.1397420816477,178.2097705185411,103.8552737738388,129.4895241883515,0,0,0,100,60.30999316368191,39.69000683631809,50,50,24.83647563033173,35.47351753335018,25.16352436966826,14.52648246664983,8512.75,5208.641836428152,3304.108163571849,3905.7,4607.05,1940.076457387733,3268.565379040419,1965.623542612267,1338.484620959582,-12184.17631903778,-24894.87014131815,7130.052088348826,-6092.088159518888,-6092.088159518888,-23363.60035599317,-25966.9754004296,6520.46119735415,8186.016963279074,0,0,0,1.539535136156243,0.6222491539426789,85.1275,86.36449057939448,83.24786078264026,101325,109521.3965971366,89802.44714147809,155993.3976710313,63049.39552324193,-25.45328699389587,-59.88252140507227,26.86282624166117,-12.72664349694793,-12.72664349694793,-54.26039658339575,-63.81880333688171,23.35876383928222,32.93274439683289,0,0,0,368,1,1,1,1,1,1,1,1,1,1,0.5,0.5,0.4118136038073375,0.5881863961926626,0.6340015126085223,0.3659984873914776,0.6030999316368191,0.4588059087838831,0.5411940912161171,0.3724726172990518,0.6275273827009482,0.5949029042945627,0.4050970957054373,0.6118635971252712,0.3881364028747289,0.3969000683631809,100,-12184.17631903778,101325,-25.45328699389587,368,0.5,0.5,0.4118136038073375,0.5881863961926626,0.6340015126085223,0.3659984873914776,0.3969000683631809,100,-12184.17631903778,101325,-25.45328699389587,368,0.5,0.5,0.4118136038073375,0.5881863961926626,0.6340015126085223,0.3659984873914776,0.3969000683631809
0.138,146.1957090661339,167.8855917603916,113.2373706509648,73.09785453306694,73.09785453306694,153.1397420816477,178.2097705185411,103.8552737738388,129.4895241883515,0,0,0,100,60.30999316368191,39.69000683631809,50,50,24.83647563033173,35.47351753335018,25.16352436966826,14.52648246664983,8512.75,5208.641836428152,3304.108163571849,3905.7,4607.05,1940.076457387733,3268.565379040419,1965.623542612267,1338.484620959582,-12184.17631903778,-24894.87014131815,7130.052088348826,-6092.088159518888,-6092.088159518888,-23363.60035599317,-25966.9754004296,6520.46119735415,8186.016963279074,0,0,0,1.539535136156243,0.6222491539426789,85.1275,86.36449057939448,83.24786078264026,101325,109521.3965971366,89802.44714147809,155993.3976710313,63049.39552324193,-25.45328699389587,-59.88252140507227,26.86282624166117,-12.72664349694793,-12.72664349694793,-54.26039658339575,-63.81880333688171,23.35876383928222,32.93274439683289,0,0,0,368,1,1,1,1,1,1,1,1,1,1,0.5,0.5,0.4118136038073375,0.5881863961926626,0.6340015126085223,0.3659984873914776,0.6030999316368191,0.4588059087838831,0.5411940912161171,0.3724726172990518,0.6275273827009482,0.5949029042945627,0.4050970957054373,0.6118635971252712,0.3881364028747289,0.3969000683631809,100,-12184.17631903778,101325,-25.45328699389587,368,0.5,0.5,0.4118136038073375,0.5881863961926626,0.6340015126085223,0.3659984873914776,0.3969000683631809,100,-12184.17631903778,101325,-25.45328699389587,368,0.5,0.5,0.4118136038073375,0.5881863961926626,0.6340015126085223,0.3659984873914776,0.3969000683631809
0.14,146.1957090661339,167.8855917603916,113.2373706509648,73.09785453306694,73.09785453306694,153.1397420816477,178.2097705185411,103.8552737738388,129.4895241883515,0,0,0,100,60.30999316368191,39.69000683631809,50,50,24.83647563033173,35.47351753335018,25.16352436966826,14.52648246664983,8512.75,5208.641836428152,3304.108163571849,3905.7,4607.05,1940.076457387733,3268.565379040419,1965.623542612267,1338.484620959582,-12184.17631903778,-24894.87014131815,7130.052088348826,-6092.088159518888,-6092.088159518888,-23363.60035599317,-25966.9754004296,6520.46119735415,8186.016963279074,0,0,0,1.539535136156243,0.6222491539426789,85.1275,86.36449057939448,83.24786078264026,101325,109521.3965971366,89802.44714147809,155993.3976710313,63049.39552324193,-25.45328699389587,-59.88252140507227,26.86282624166117,-12.72664349694793,-12.72664349694793,-54.26039658339575,-63.81880333688171,23.35876383928222,32.93274439683289,0,0,0,368,1,1,1,1,1,1,1,1,1,1,0.5,0.5,0.4118136038073375,0.5881863961926626,0.6340015126085223,0.3659984873914776,0.6030999316368191,0.4588059087838831,0.5411940912161171,0.3724726172990518,0.6275273827009482,0.5949029042945627,0.4050970957054373,0.6118635971252712,0.3881364028747289,0.3969000683631809,100,-12184.17631903778,101325,-25.45328699389587,368,0.5,0.5,0.4118136038073375,0.5881863961926626,0.6340015126085223,0.3659984873914776,0.3969000683631809,100,-12184.17631903778,101325,-25.45328699389587,368,0.5,0.5,0.4118136038073375,0.5881863961926626,0.6340015126085223,0.3659984873914776,0.3969000683631809
0.142,146.1957090661339,167.8855917603916,113.2373706509648,73.09785453306694,73.09785453306694,153.1397420816477,178.2097705185411,103.8552737738388,129.4895241883515,0,0,0,100,60.30999316368191,39.69000683631809,50,50,24.83647563033173,35.47351753335018,25.16352436966826,14.52648246664983,8512.75,5208.641836428152,3304.108163571849,3905.7,4607.05,1940.076457387733,3268.565379040419,1965.623542612267,1338.484620959582,-12184.17631903778,-24894.87014131815,7130.052088348826,-6092.088159518888,-6092.088159518888,-23363.60035599317,-25966.9754004296,6520.46119735415,8186.016963279074,0,0,0,1.539535136156243,0.6222491539426789,85.1275,86.36449057939448,83.24786078264026,101325,109521.3965971366,89802.44714147809,155993.3976710313,63049.39552324193,-25.45328699389587,-59.88252140507227,26.86282624166117,-12.72664349694793,-12.72664349694793,-54.26039658339575,-63.81880333688171,23.35876383928222,32.93274439683289,0,0,0,368,1,1,1,1,1,1,1,1,1,1,0.5,0.5,0.4118136038073375,0.5881863961926626,0.6340015126085223,0.3659984873914776,0.6030999316368191,0.4588059087838831,0.5411940912161171,0.3724726172990518,0.6275273827009482,0.5949029042945627,0.4050970957054373,0.6118635971252712,0.3881364028747289,0.3969000683631809,100,-12184.17631903778,101325,-25.45328699389587,368,0.5,0.5,0.4118136038073375,0.5881863961926626,0.6340015126085223,0.3659984873914776,0.3969000683631809,100,-12184.17631903778,101325,-25.45328699389587,368,0.5,0.5,0.4118136038073375,0.5881863961926626,0.6340015126085223,0.3659984873914776,0.3969000683631809
0.144,146.1957090661339,167.8855917603916,113.2373706509648,73.09785453306694,73.09785453306694,153.1397420816477,178.2097705185411,103.8552737738388,129.4895241883515,0,0,0,100,60.30999316368191,39.69000683631809,50,50,24.83647563033173,35.47351753335018,25.16352436966826,14.52648246664983,8512.75,5208.641836428152,3304.108163571849,3905.7,4607.05,1940.076457387733,3268.565379040419,1965.623542612267,1338.484620959582,-12184.17631903778,-24894.87014131815,7130.052088348826,-6092.088159518888,-6092.088159518888,-23363.60035599317,-25966.9754004296,6520.46119735415,8186.016963279074,0,0,0,1.539535136156243,0.6222491539426789,85.1275,86.36449057939448,83.24786078264026,101325,109521.3965971366,89802.44714147809,155993.3976710313,63049.39552324193,-25.45328699389587,-59.88252140507227,26.86282624166117,-12.72664349694793,-12.72664349694793,-54.26039658339575,-63.81880333688171,23.35876383928222,32.93274439683289,0,0,0,368,1,1,1,1,1,1,1,1,1,1,0.5,0.5,0.4118136038073375,0.5881863961926626,0.6340015126085223,0.3659984873914776,0.6030999316368191,0.4588059087838831,0.5411940912161171,0.3724726172990518,0.6275273827009482,0.5949029042945627,0.4050970957054373,0.6118635971252712,0.3881364028747289,0.3969000683631809,100,-12184.17631903778,101325,-25.45328699389587,368,0.5,0.5,0.4118136038073375,0.5881863961926626,0.6340015126085223,0.3659984873914776,0.3969000683631809,100,-12184.17631903778,101325,-25.45328699389587,368,0.5,0.5,0.4118136038073375,0.5881863961926626,0.6340015126085223,0.3659984873914776,0.3969000683631809
0.146,146.1957090661339,167.8855917603916,113.2373706509648,73.09785453306694,73.09785453306694,153.1397420816477,178.2097705185411,103.8552737738388,129.4895241883515,0,0,0,100,60.30999316368191,39.69000683631809,50,50,24.83647563033173,35.47351753335018,25.16352436966826,14.52648246664983,8512.75,5208.641836428152,3304.108163571849,3905.7,4607.05,1940.076457387733,3268.565379040419,1965.623542612267,1338.484620959582,-12184.17631903778,-24894.87014131815,7130.052088348826,-6092.088159518888,-6092.088159518888,-23363.60035599317,-25966.9754004296,6520.46119735415,8186.016963279074,0,0,0,1.539535136156243,0.6222491539426789,85.1275,86.36449057939448,83.24786078264026,101325,109521.3965971366,89802.44714147809,155993.3976710313,63049.39552324193,-25.45328699389587,-59.88252140507227,26.86282624166117,-12.72664349694793,-12.72664349694793,-54.26039658339575,-63.81880333688171,23.35876383928222,32.93274439683289,0,0,0,368,1,1,1,1,1,1,1,1,1,1,0.5,0.5,0.4118136038073375,0.5881863961926626,0.6340015126085223,0.3659984873914776,0.6030999316368191,0.4588059087838831,0.5411940912161171,0.3724726172990518,0.6275273827009482,0.5949029042945627,0.4050970957054373,0.6118635971252712,0.3881364028747289,0.3969000683631809,100,-12184.17631903778,101325,-25.45328699389587,368,0.5,0.5,0.4118136038073375,0.5881863961926626,0.6340015126085223,0.3659984873914776,0.3969000683631809,100,-12184.17631903778,101325,-25.45328699389587,368,0.5,0.5,0.4118136038073375,0.5881863961926626,0.6340015126085223,0.3659984873914776,0.3969000683631809
0.148,146.1957090661339,167.8855917603916,113.2373706509648,73.09785453306694,73.09785453306694,153.1397420816477,178.2097705185411,103.8552737738388,129.4895241883515,0,0,0,100,60.30999316368191,39.69000683631809,50,50,24.83647563033173,35.47351753335018,25.16352436966826,14.52648246664983,8512.75,5208.641836428152,3304.108163571849,3905.7,4607.05,1940.076457387733,3268.565379040419,1965.623542612267,1338.484620959582,-12184.17631903778,-24894.87014131815,7130.052088348826,-6092.088159518888,-6092.088159518888,-23363.60035599317,-25966.9754004296,6520.46119735415,8186.016963279074,0,0,0,1.539535136156243,0.6222491539426789,85.1275,86.36449057939448,83.24786078264026,101325,109521.3965971366,89802.44714147809,155993.3976710313,63049.39552324193,-25.45328699389587,-59.88252140507227,26.86282624166117,-12.72664349694793,-12.72664349694793,-54.26039658339575,-63.81880333688171,23.35876383928222,32.93274439683289,0,0,0,368,1,1,1,1,1,1,1,1,1,1,0.5,0.5,0.4118136038073375,0.5881863961926626,0.6340015126085223,0.3659984873914776,0.6030999316368191,0.4588059087838831,0.5411940912161171,0.3724726172990518,0.6275273827009482,0.5949029042945627,0.4050970957054373,0.6118635971252712,0.3881364028747289,0.3969000683631809,100,-12184.17631903778,101325,-25.45328699389587,368,0.5,0.5,0.4118136038073375,0.5881863961926626,0.6340015126085223,0.3659984873914776,0.3969000683631809,100,-12184.17631903778,101325,-25.45328699389587,368,0.5,0.5,0.4118136038073375,0.5881863961926626,0.6340015126085223,0.3659984873914776,0.3969000683631809
0.15,146.1957090661339,167.8855917603916,113.2373706509648,73.09785453306694,73.09785453306694,153.1397420816477,178.2097705185411,103.8552737738388,129.4895241883515,0,0,0,100,60.30999316368191,39.69000683631809,50,50,24.83647563033173,35.47351753335018,25.16352436966826,14.52648246664983,8512.75,5208.641836428152,3304.108163571849,3905.7,4607.05,1940.076457387733,3268.565379040419,1965.623542612267,1338.484620959582,-12184.17631903778,-24894.87014131815,7130.052088348826,-6092.088159518888,-6092.088159518888,-23363.60035599317,-25966.9754004296,6520.46119735415,8186.016963279074,0,0,0,1.539535136156243,0.6222491539426789,85.1275,86.36449057939448,83.24786078264026,101325,109521.3965971366,89802.44714147809,155993.3976710313,63049.39552324193,-25.45328699389587,-59.88252140507227,26.86282624166117,-12.72664349694793,-12.72664349694793,-54.26039658339575,-63.81880333688171,23.35876383928222,32.93274439683289,0,0,0,368,1,1,1,1,1,1,1,1,1,1,0.5,0.5,0.4118136038073375,0.5881863961926626,0.6340015126085223,0.3659984873914776,0.6030999316368191,0.4588059087838831,0.5411940912161171,0.3724726172990518,0.6275273827009482,0.5949029042945627,0.4050970957054373,0.6118635971252712,0.3881364028747289,0.3969000683631809,100,-12184.17631903778,101325,-25.45328699389587,368,0.5,0.5,0.4118136038073375,0.5881863961926626,0.6340015126085223,0.3659984873914776,0.3969000683631809,100,-12184.17631903778,101325,-25.45328699389587,368,0.5,0.5,0.4118136038073375,0.5881863961926626,0.6340015126085223,0.3659984873914776,0.3969000683631809
0.152,146.1957090661339,167.8855917603916,113.2373706509648,73.09785453306694,73.09785453306694,153.1397420816477,178.2097705185411,103.8552737738388,129.4895241883515,0,0,0,100,60.30999316368191,39.69000683631809,50,50,24.83647563033173,35.47351753335018,25.16352436966826,14.52648246664983,8512.75,5208.641836428152,3304.108163571849,3905.7,4607.05,1940.076457387733,3268.565379040419,1965.623542612267,1338.484620959582,-12184.17631903778,-24894.87014131815,7130.052088348826,-6092.088159518888,-6092.088159518888,-23363.60035599317,-25966.9754004296,6520.46119735415,8186.016963279074,0,0,0,1.539535136156243,0.6222491539426789,85.1275,86.36449057939448,83.24786078264026,101325,109521.3965971366,89802.44714147809,155993.3976710313,63049.39552324193,-25.45328699389587,-59.88252140507227,26.86282624166117,-12.72664349694793,-12.72664349694793,-54.26039658339575,-63.81880333688171,23.35876383928222,32.93274439683289,0,0,0,368,1,1,1,1,1,1,1,1,1,1,0.5,0.5,0.4118136038073375,0.5881863961926626,0.6340015126085223,0.3659984873914776,0.6030999316368191,0.4588059087838831,0.5411940912161171,0.3724726172990518,0.6275273827009482,0.5949029042945627,0.4050970957054373,0.6118635971252712,0.3881364028747289,0.3969000683631809,100,-12184.17631903778,101325,-25.45328699389587,368,0.5,0.5,0.4118136038073375,0.5881863961926626,0.6340015126085223,0.3659984873914776,0.3969000683631809,100,-12184.17631903778,101325,-25.45328699389587,368,0.5,0.5,0.4118136038073375,0.5881863961926626,0.6340015126085223,0.3659984873914776,0.3969000683631809
0.154,146.1957090661339,167.8855917603916,113.2373706509648,73.09785453306694,73.09785453306694,153.1397420816477,178.2097705185411,103.8552737738388,129.4895241883515,0,0,0,100,60.30999316368191,39.69000683631809,50,50,24.83647563033173,35.47351753335018,25.16352436966826,14.52648246664983,8512.75,5208.641836428152,3304.108163571849,3905.7,4607.05,1940.076457387733,3268.565379040419,1965.623542612267,1338.484620959582,-12184.17631903778,-24894.87014131815,7130.052088348826,-6092.088159518888,-6092.088159518888,-23363.60035599317,-25966.9754004296,6520.46119735415,8186.016963279074,0,0,0,1.539535136156243,0.6222491539426789,85.1275,86.36449057939448,83.24786078264026,101325,109521.3965971366,89802.44714147809,155993.3976710313,63049.39552324193,-25.45328699389587,-59.88252140507227,26.86282624166117,-12.72664349694793,-12.72664349694793,-54.26039658339575,-63.81880333688171,23.35876383928222,32.93274439683289,0,0,0,368,1,1,1,1,1,1,1,1,1,1,0.5,0.5,0.4118136038073375,0.5881863961926626,0.6340015126085223,0.3659984873914776,0.6030999316368191,0.4588059087838831,0.5411940912161171,0.3724726172990518,0.6275273827009482,0.5949029042945627,0.4050970957054373,0.6118635971252712,0.3881364028747289,0.3969000683631809,100,-12184.17631903778,101325,-25.45328699389587,368,0.5,0.5,0.4118136038073375,0.5881863961926626,0.6340015126085223,0.3659984873914776,0.3969000683631809,100,-12184.17631903778,101325,-25.45328699389587,368,0.5,0.5,0.4118136038073375,0.5881863961926626,0.6340015126085223,0.3659984873914776,0.3969000683631809
0.156,146.1957090661339,167.8855917603916,113.2373706509648,73.09785453306694,73.09785453306694,153.1397420816477,178.2097705185411,103.8552737738388,129.4895241883515,0,0,0,100,60.30999316368191,39.69000683631809,50,50,24.83647563033173,35.47351753335018,25.16352436966826,14.52648246664983,8512.75,5208.641836428152,3304.108163571849,3905.7,4607.05,1940.076457387733,3268.565379040419,1965.623542612267,1338.484620959582,-12184.17631903778,-24894.87014131815,7130.052088348826,-6092.088159518888,-6092.088159518888,-23363.60035599317,-25966.9754004296,6520.46119735415,8186.016963279074,0,0,0,1.539535136156243,0.6222491539426789,85.1275,86.36449057939448,83.24786078264026,101325,109521.3965971366,89802.44714147809,155993.3976710313,63049.39552324193,-25.45328699389587,-59.88252140507227,26.86282624166117,-12.72664349694793,-12.72664349694793,-54.26039658339575,-63.81880333688171,23.35876383928222,32.93274439683289,0,0,0,368,1,1,1,1,1,1,1,1,1,1,0.5,0.5,0.4118136038073375,0.5881863961926626,0.6340015126085223,0.3659984873914776,0.6030999316368191,0.4588059087838831,0.5411940912161171,0.3724726172990518,0.6275273827009482,0.5949029042945627,0.4050970957054373,0.6118635971252712,0.3881364028747289,0.3969000683631809,100,-12184.17631903778,101325,-25.45328699389587,368,0.5,0.5,0.4118136038073375,0.5881863961926626,0.6340015126085223,0.3659984873914776,0.3969000683631809,100,-12184.17631903778,101325,-25.45328699389587,368,0.5,0.5,0.4118136038073375,0.5881863961926626,0.6340015126085223,0.3659984873914776,0.3969000683631809
0.158,146.1957090661339,167.8855917603916,113.2373706509648,73.09785453306694,73.09785453306694,153.1397420816477,178.2097705185411,103.8552737738388,129.4895241883515,0,0,0,100,60.30999316368191,39.69000683631809,50,50,24.83647563033173,35.47351753335018,25.16352436966826,14.52648246664983,8512.75,5208.641836428152,3304.108163571849,3905.7,4607.05,1940.076457387733,3268.565379040419,1965.623542612267,1338.484620959582,-12184.17631903778,-24894.87014131815,7130.052088348826,-6092.088159518888,-6092.088159518888,-23363.60035599317,-25966.9754004296,6520.46119735415,8186.016963279074,0,0,0,1.539535136156243,0.6222491539426789,85.1275,86.36449057939448,83.24786078264026,101325,109521.3965971366,89802.44714147809,155993.3976710313,63049.39552324193,-25.45328699389587,-59.88252140507227,26.86282624166117,-12.72664349694793,-12.72664349694793,-54.26039658339575,-63.81880333688171,23.35876383928222,32.93274439683289,0,0,0,368,1,1,1,1,1,1,1,1,1,1,0.5,0.5,0.4118136038073375,0.5881863961926626,0.6340015126085223,0.3659984873914776,0.6030999316368191,0.4588059087838831,0.5411940912161171,0.3724726172990518,0.6275273827009482,0.5949029042945627,0.4050970957054373,0.6118635971252712,0.3881364028747289,0.3969000683631809,100,-12184.17631903778,101325,-25.45328699389587,368,0.5,0.5,0.4118136038073375,0.5881863961926626,0.6340015126085223,0.3659984873914776,0.3969000683631809,100,-12184.17631903778,101325,-25.45328699389587,368,0.5,0.5,0.4118136038073375,0.5881863961926626,0.6340015126085223,0.3659984873914776,0.3969000683631809
0.16,146.1957090661339,167.8855917603916,113.2373706509648,73.09785453306694,73.09785453306694,153.1397420816477,178.2097705185411,103.8552737738388,129.4895241883515,0,0,0,100,60.30999316368191,39.69000683631809,50,50,24.83647563033173,35.47351753335018,25.16352436966826,14.52648246664983,8512.75,5208.641836428152,3304.108163571849,3905.7,4607.05,1940.076457387733,3268.565379040419,1965.623542612267,1338.484620959582,-12184.17631903778,-24894.87014131815,7130.052088348826,-6092.088159518888,-6092.088159518888,-23363.60035599317,-25966.9754004296,6520.46119735415,8186.016963279074,0,0,0,1.539535136156243,0.6222491539426789,85.1275,86.36449057939448,83.24786078264026,101325,109521.3965971366,89802.44714147809,155993.3976710313,63049.39552324193,-25.45328699389587,-59.88252140507227,26.86282624166117,-12.72664349694793,-12.72664349694793,-54.26039658339575,-63.81880333688171,23.35876383928222,32.93274439683289,0,0,0,368,1,1,1,1,1,1,1,1,1,1,0.5,0.5,0.4118136038073375,0.5881863961926626,0.6340015126085223,0.3659984873914776,0.6030999316368191,0.4588059087838831,0.5411940912161171,0.3724726172990518,0.6275273827009482,0.5949029042945627,0.4050970957054373,0.6118635971252712,0.3881364028747289,0.3969000683631809,100,-12184.17631903778,101325,-25.45328699389587,368,0.5,0.5,0.4118136038073375,0.5881863961926626,0.6340015126085223,0.3659984873914776,0.3969000683631809,100,-12184.17631903778,101325,-25.45328699389587,368,0.5,0.5,0.4118136038073375,0.5881863961926626,0.6340015126085223,0.3659984873914776,0.3969000683631809
0.162,146.1957090661339,167.8855917603916,113.2373706509648,73.09785453306694,73.09785453306694,153.1397420816477,178.2097705185411,103.8552737738388,129.4895241883515,0,0,0,100,60.30999316368191,39.69000683631809,50,50,24.83647563033173,35.47351753335018,25.16352436966826,14.52648246664983,8512.75,5208.641836428152,3304.108163571849,3905.7,4607.05,1940.076457387733,3268.565379040419,1965.623542612267,1338.484620959582,-12184.17631903778,-24894.87014131815,7130.052088348826,-6092.088159518888,-6092.088159518888,-23363.60035599317,-25966.9754004296,6520.46119735415,8186.016963279074,0,0,0,1.539535136156243,0.6222491539426789,85.1275,86.36449057939448,83.24786078264026,101325,109521.3965971366,89802.44714147809,155993.3976710313,63049.39552324193,-25.45328699389587,-59.88252140507227,26.86282624166117,-12.72664349694793,-12.72664349694793,-54.26039658339575,-63.81880333688171,23.35876383928222,32.93274439683289,0,0,0,368,1,1,1,1,1,1,1,1,1,1,0.5,0.5,0.4118136038073375,0.5881863961926626,0.6340015126085223,0.3659984873914776,0.6030999316368191,0.4588059087838831,0.5411940912161171,0.3724726172990518,0.6275273827009482,0.5949029042945627,0.4050970957054373,0.6118635971252712,0.3881364028747289,0.3969000683631809,100,-12184.17631903778,101325,-25.45328699389587,368,0.5,0.5,0.4118136038073375,0.5881863961926626,0.6340015126085223,0.3659984873914776,0.3969000683631809,100,-12184.17631903778,101325,-25.45328699389587,368,0.5,0.5,0.4118136038073375,0.5881863961926626,0.6340015126085223,0.3659984873914776,0.3969000683631809
0.164,146.1957090661339,167.8855917603916,113.2373706509648,73.09785453306694,73.09785453306694,153.1397420816477,178.2097705185411,103.8552737738388,129.4895241883515,0,0,0,100,60.30999316368191,39.69000683631809,50,50,24.83647563033173,35.47351753335018,25.16352436966826,14.52648246664983,8512.75,5208.641836428152,3304.108163571849,3905.7,4607.05,1940.076457387733,3268.565379040419,1965.623542612267,1338.484620959582,-12184.17631903778,-24894.87014131815,7130.052088348826,-6092.088159518888,-6092.088159518888,-23363.60035599317,-25966.9754004296,6520.46119735415,8186.016963279074,0,0,0,1.539535136156243,0.6222491539426789,85.1275,86.36449057939448,83.24786078264026,101325,109521.3965971366,89802.44714147809,155993.3976710313,63049.39552324193,-25.45328699389587,-59.88252140507227,26.86282624166117,-12.72664349694793,-12.72664349694793,-54.26039658339575,-63.81880333688171,23.35876383928222,32.93274439683289,0,0,0,368,1,1,1,1,1,1,1,1,1,1,0.5,0.5,0.4118136038073375,0.5881863961926626,0.6340015126085223,0.3659984873914776,0.6030999316368191,0.4588059087838831,0.5411940912161171,0.3724726172990518,0.6275273827009482,0.5949029042945627,0.4050970957054373,0.6118635971252712,0.3881364028747289,0.3969000683631809,100,-12184.17631903778,101325,-25.45328699389587,368,0.5,0.5,0.4118136038073375,0.5881863961926626,0.6340015126085223,0.3659984873914776,0.3969000683631809,100,-12184.17631903778,101325,-25.45328699389587,368,0.5,0.5,0.4118136038073375,0.5881863961926626,0.6340015126085223,0.3659984873914776,0.3969000683631809
0.166,146.1957090661339,167.8855917603916,113.2373706509648,73.09785453306694,73.09785453306694,153.1397420816477,178.2097705185411,103.8552737738388,129.4895241883515,0,0,0,100,60.30999316368191,39.69000683631809,50,50,24.83647563033173,35.47351753335018,25.16352436966826,14.52648246664983,8512.75,5208.641836428152,3304.108163571849,3905.7,4607.05,1940.076457387733,3268.565379040419,1965.623542612267,1338.484620959582,-12184.17631903778,-24894.87014131815,7130.052088348826,-6092.088159518888,-6092.088159518888,-23363.60035599317,-25966.9754004296,6520.46119735415,8186.016963279074,0,0,0,1.539535136156243,0.6222491539426789,85.1275,86.36449057939448,83.24786078264026,101325,109521.3965971366,89802.44714147809,155993.3976710313,63049.39552324193,-25.45328699389587,-59.88252140507227,26.86282624166117,-12.72664349694793,-12.72664349694793,-54.26039658339575,-63.81880333688171,23.35876383928222,32.93274439683289,0,0,0,368,1,1,1,1,1,1,1,1,1,1,0.5,0.5,0.4118136038073375,0.5881863961926626,0.6340015126085223,0.3659984873914776,0.6030999316368191,0.4588059087838831,0.5411940912161171,0.3724726172990518,0.6275273827009482,0.5949029042945627,0.4050970957054373,0.6118635971252712,0.3881364028747289,0.3969000683631809,100,-12184.17631903778,101325,-25.45328699389587,368,0.5,0.5,0.4118136038073375,0.5881863961926626,0.6340015126085223,0.3659984873914776,0.3969000683631809,100,-12184.17631903778,101325,-25.45328699389587,368,0.5,0.5,0.4118136038073375,0.5881863961926626,0.6340015126085223,0.3659984873914776,0.3969000683631809
0.168,146.1957090661339,167.8855917603916,113.2373706509648,73.09785453306694,73.09785453306694,153.1397420816477,178.2097705185411,103.8552737738388,129.4895241883515,0,0,0,100,60.30999316368191,39.69000683631809,50,50,24.83647563033173,35.47351753335018,25.16352436966826,14.52648246664983,8512.75,5208.641836428152,3304.108163571849,3905.7,4607.05,1940.076457387733,3268.565379040419,1965.623542612267,1338.484620959582,-12184.17631903778,-24894.87014131815,7130.052088348826,-6092.088159518888,-6092.088159518888,-23363.60035599317,-25966.9754004296,6520.46119735415,8186.016963279074,0,0,0,1.539535136156243,0.6222491539426789,85.1275,86.36449057939448,83.24786078264026,101325,109521.3965971366,89802.44714147809,155993.3976710313,63049.39552324193,-25.45328699389587,-59.88252140507227,26.86282624166117,-12.72664349694793,-12.72664349694793,-54.26039658339575,-63.81880333688171,23.35876383928222,32.93274439683289,0,0,0,368,1,1,1,1,1,1,1,1,1,1,0.5,0.5,0.4118136038073375,0.5881863961926626,0.6340015126085223,0.3659984873914776,0.6030999316368191,0.4588059087838831,0.5411940912161171,0.3724726172990518,0.6275273827009482,0.5949029042945627,0.4050970957054373,0.6118635971252712,0.3881364028747289,0.3969000683631809,100,-12184.17631903778,101325,-25.45328699389587,368,0.5,0.5,0.4118136038073375,0.5881863961926626,0.6340015126085223,0.3659984873914776,0.3969000683631809,100,-12184.17631903778,101325,-25.45328699389587,368,0.5,0.5,0.4118136038073375,0.5881863961926626,0.6340015126085223,0.3659984873914776,0.3969000683631809
0.17,146.1957090661339,167.8855917603916,113.2373706509648,73.09785453306694,73.09785453306694,153.1397420816477,178.2097705185411,103.8552737738388,129.4895241883515,0,0,0,100,60.30999316368191,39.69000683631809,50,50,24.83647563033173,35.47351753335018,25.16352436966826,14.52648246664983,8512.75,5208.641836428152,3304.108163571849,3905.7,4607.05,1940.076457387733,3268.565379040419,1965.623542612267,1338.484620959582,-12184.17631903778,-24894.87014131815,7130.052088348826,-6092.088159518888,-6092.088159518888,-23363.60035599317,-25966.9754004296,6520.46119735415,8186.016963279074,0,0,0,1.539535136156243,0.6222491539426789,85.1275,86.36449057939448,83.24786078264026,101325,109521.3965971366,89802.44714147809,155993.3976710313,63049.39552324193,-25.45328699389587,-59.88252140507227,26.86282624166117,-12.72664349694793,-12.72664349694793,-54.26039658339575,-63.81880333688171,23.35876383928222,32.93274439683289,0,0,0,368,1,1,1,1,1,1,1,1,1,1,0.5,0.5,0.4118136038073375,0.5881863961926626,0.6340015126085223,0.3659984873914776,0.6030999316368191,0.4588059087838831,0.5411940912161171,0.3724726172990518,0.6275273827009482,0.5949029042945627,0.4050970957054373,0.6118635971252712,0.3881364028747289,0.3969000683631809,100,-12184.17631903778,101325,-25.45328699389587,368,0.5,0.5,0.4118136038073375,0.5881863961926626,0.6340015126085223,0.3659984873914776,0.3969000683631809,100,-12184.17631903778,101325,-25.45328699389587,368,0.5,0.5,0.4118136038073375,0.5881863961926626,0.6340015126085223,0.3659984873914776,0.3969000683631809
0.172,146.1957090661339,167.8855917603916,113.2373706509648,73.09785453306694,73.09785453306694,153.1397420816477,178.2097705185411,103.8552737738388,129.4895241883515,0,0,0,100,60.30999316368191,39.69000683631809,50,50,24.83647563033173,35.47351753335018,25.16352436966826,14.52648246664983,8512.75,5208.641836428152,3304.108163571849,3905.7,4607.05,1940.076457387733,3268.565379040419,1965.623542612267,1338.484620959582,-12184.17631903778,-24894.87014131815,7130.052088348826,-6092.088159518888,-6092.088159518888,-23363.60035599317,-25966.9754004296,6520.46119735415,8186.016963279074,0,0,0,1.539535136156243,0.6222491539426789,85.1275,86.36449057939448,83.24786078264026,101325,109521.3965971366,89802.44714147809,155993.3976710313,63049.39552324193,-25.45328699389587,-59.88252140507227,26.86282624166117,-12.72664349694793,-12.72664349694793,-54.26039658339575,-63.81880333688171,23.35876383928222,32.93274439683289,0,0,0,368,1,1,1,1,1,1,1,1,1,1,0.5,0.5,0.4118136038073375,0.5881863961926626,0.6340015126085223,0.3659984873914776,0.6030999316368191,0.4588059087838831,0.5411940912161171,0.3724726172990518,0.6275273827009482,0.5949029042945627,0.4050970957054373,0.6118635971252712,0.3881364028747289,0.3969000683631809,100,-12184.17631903778,101325,-25.45328699389587,368,0.5,0.5,0.4118136038073375,0.5881863961926626,0.6340015126085223,0.3659984873914776,0.3969000683631809,100,-12184.17631903778,101325,-25.45328699389587,368,0.5,0.5,0.4118136038073375,0.5881863961926626,0.6340015126085223,0.3659984873914776,0.3969000683631809
0.174,146.1957090661339,167.8855917603916,113.2373706509648,73.09785453306694,73.09785453306694,153.1397420816477,178.2097705185411,103.8552737738388,129.4895241883515,0,0,0,100,60.30999316368191,39.69000683631809,50,50,24.83647563033173,35.47351753335018,25.16352436966826,14.52648246664983,8512.75,5208.641836428152,3304.108163571849,3905.7,4607.05,1940.076457387733,3268.565379040419,1965.623542612267,1338.484620959582,-12184.17631903778,-24894.87014131815,7130.052088348826,-6092.088159518888,-6092.088159518888,-23363.60035599317,-25966.9754004296,6520.46119735415,8186.016963279074,0,0,0,1.539535136156243,0.6222491539426789,85.1275,86.36449057939448,83.24786078264026,101325,109521.3965971366,89802.44714147809,155993.3976710313,63049.39552324193,-25.45328699389587,-59.88252140507227,26.86282624166117,-12.72664349694793,-12.72664349694793,-54.26039658339575,-63.81880333688171,23.35876383928222,32.93274439683289,0,0,0,368,1,1,1,1,1,1,1,1,1,1,0.5,0.5,0.4118136038073375,0.5881863961926626,0.6340015126085223,0.3659984873914776,0.6030999316368191,0.4588059087838831,0.5411940912161171,0.3724726172990518,0.6275273827009482,0.5949029042945627,0.4050970957054373,0.6118635971252712,0.3881364028747289,0.3969000683631809,100,-12184.17631903778,101325,-25.45328699389587,368,0.5,0.5,0.4118136038073375,0.5881863961926626,0.6340015126085223,0.3659984873914776,0.3969000683631809,100,-12184.17631903778,101325,-25.45328699389587,368,0.5,0.5,0.4118136038073375,0.5881863961926626,0.6340015126085223,0.3659984873914776,0.3969000683631809
0.176,146.1957090661339,167.8855917603916,113.2373706509648,73.09785453306694,73.09785453306694,153.1397420816477,178.2097705185411,103.8552737738388,129.4895241883515,0,0,0,100,60.30999316368191,39.69000683631809,50,50,24.83647563033173,35.47351753335018,25.16352436966826,14.52648246664983,8512.75,5208.641836428152,3304.108163571849,3905.7,4607.05,1940.076457387733,3268.565379040419,1965.623542612267,1338.484620959582,-12184.17631903778,-24894.87014131815,7130.052088348826,-6092.088159518888,-6092.088159518888,-23363.60035599317,-25966.9754004296,6520.46119735415,8186.016963279074,0,0,0,1.539535136156243,0.6222491539426789,85.1275,86.36449057939448,83.24786078264026,101325,109521.3965971366,89802.44714147809,155993.3976710313,63049.39552324193,-25.45328699389587,-59.88252140507227,26.86282624166117,-12.72664349694793,-12.72664349694793,-54.26039658339575,-63.81880333688171,23.35876383928222,32.93274439683289,0,0,0,368,1,1,1,1,1,1,1,1,1,1,0.5,0.5,0.4118136038073375,0.5881863961926626,0.6340015126085223,0.3659984873914776,0.6030999316368191,0.4588059087838831,0.5411940912161171,0.3724726172990518,0.6275273827009482,0.5949029042945627,0.4050970957054373,0.6118635971252712,0.3881364028747289,0.3969000683631809,100,-12184.17631903778,101325,-25.45328699389587,368,0.5,0.5,0.4118136038073375,0.5881863961926626,0.6340015126085223,0.3659984873914776,0.3969000683631809,100,-12184.17631903778,101325,-25.45328699389587,368,0.5,0.5,0.4118136038073375,0.5881863961926626,0.6340015126085223,0.3659984873914776,0.3969000683631809
0.178,146.1957090661339,167.8855917603916,113.2373706509648,73.09785453306694,73.09785453306694,153.1397420816477,178.2097705185411,103.8552737738388,129.4895241883515,0,0,0,100,60.30999316368191,39.69000683631809,50,50,24.83647563033173,35.47351753335018,25.16352436966826,14.52648246664983,8512.75,5208.641836428152,3304.108163571849,3905.7,4607.05,1940.076457387733,3268.565379040419,1965.623542612267,1338.484620959582,-12184.17631903778,-24894.87014131815,7130.052088348826,-6092.088159518888,-6092.088159518888,-23363.60035599317,-25966.9754004296,6520.46119735415,8186.016963279074,0,0,0,1.539535136156243,0.6222491539426789,85.1275,86.36449057939448,83.24786078264026,101325,109521.3965971366,89802.44714147809,155993.3976710313,63049.39552324193,-25.45328699389587,-59.88252140507227,26.86282624166117,-12.72664349694793,-12.72664349694793,-54.26039658339575,-63.81880333688171,23.35876383928222,32.93274439683289,0,0,0,368,1,1,1,1,1,1,1,1,1,1,0.5,0.5,0.4118136038073375,0.5881863961926626,0.6340015126085223,0.3659984873914776,0.6030999316368191,0.4588059087838831,0.5411940912161171,0.3724726172990518,0.6275273827009482,0.5949029042945627,0.4050970957054373,0.6118635971252712,0.3881364028747289,0.3969000683631809,100,-12184.17631903778,101325,-25.45328699389587,368,0.5,0.5,0.4118136038073375,0.5881863961926626,0.6340015126085223,0.3659984873914776,0.3969000683631809,100,-12184.17631903778,101325,-25.45328699389587,368,0.5,0.5,0.4118136038073375,0.5881863961926626,0.6340015126085223,0.3659984873914776,0.3969000683631809
0.18,146.1957090661339,167.8855917603916,113.2373706509648,73.09785453306694,73.09785453306694,153.1397420816477,178.2097705185411,103.8552737738388,129.4895241883515,0,0,0,100,60.30999316368191,39.69000683631809,50,50,24.83647563033173,35.47351753335018,25.16352436966826,14.52648246664983,8512.75,5208.641836428152,3304.108163571849,3905.7,4607.05,1940.076457387733,3268.565379040419,1965.623542612267,1338.484620959582,-12184.17631903778,-24894.87014131815,7130.052088348826,-6092.088159518888,-6092.088159518888,-23363.60035599317,-25966.9754004296,6520.46119735415,8186.016963279074,0,0,0,1.539535136156243,0.6222491539426789,85.1275,86.36449057939448,83.24786078264026,101325,109521.3965971366,89802.44714147809,155993.3976710313,63049.39552324193,-25.45328699389587,-59.88252140507227,26.86282624166117,-12.72664349694793,-12.72664349694793,-54.26039658339575,-63.81880333688171,23.35876383928222,32.93274439683289,0,0,0,368,1,1,1,1,1,1,1,1,1,1,0.5,0.5,0.4118136038073375,0.5881863961926626,0.6340015126085223,0.3659984873914776,0.6030999316368191,0.4588059087838831,0.5411940912161171,0.3724726172990518,0.6275273827009482,0.5949029042945627,0.4050970957054373,0.6118635971252712,0.3881364028747289,0.3969000683631809,100,-12184.17631903778,101325,-25.45328699389587,368,0.5,0.5,0.4118136038073375,0.5881863961926626,0.6340015126085223,0.3659984873914776,0.3969000683631809,100,-12184.17631903778,101325,-25.45328699389587,368,0.5,0.5,0.4118136038073375,0.5881863961926626,0.6340015126085223,0.3659984873914776,0.3969000683631809
0.182,146.1957090661339,167.8855917603916,113.2373706509648,73.09785453306694,73.09785453306694,153.1397420816477,178.2097705185411,103.8552737738388,129.4895241883515,0,0,0,100,60.30999316368191,39.69000683631809,50,50,24.83647563033173,35.47351753335018,25.16352436966826,14.52648246664983,8512.75,5208.641836428152,3304.108163571849,3905.7,4607.05,1940.076457387733,3268.565379040419,1965.623542612267,1338.484620959582,-12184.17631903778,-24894.87014131815,7130.052088348826,-6092.088159518888,-6092.088159518888,-23363.60035599317,-25966.9754004296,6520.46119735415,8186.016963279074,0,0,0,1.539535136156243,0.6222491539426789,85.1275,86.36449057939448,83.24786078264026,101325,109521.3965971366,89802.44714147809,155993.3976710313,63049.39552324193,-25.45328699389587,-59.88252140507227,26.86282624166117,-12.72664349694793,-12.72664349694793,-54.26039658339575,-63.81880333688171,23.35876383928222,32.93274439683289,0,0,0,368,1,1,1,1,1,1,1,1,1,1,0.5,0.5,0.4118136038073375,0.5881863961926626,0.6340015126085223,0.3659984873914776,0.6030999316368191,0.4588059087838831,0.5411940912161171,0.3724726172990518,0.6275273827009482,0.5949029042945627,0.4050970957054373,0.6118635971252712,0.3881364028747289,0.3969000683631809,100,-12184.17631903778,101325,-25.45328699389587,368,0.5,0.5,0.4118136038073375,0.5881863961926626,0.6340015126085223,0.3659984873914776,0.3969000683631809,100,-12184.17631903778,101325,-25.45328699389587,368,0.5,0.5,0.4118136038073375,0.5881863961926626,0.6340015126085223,0.3659984873914776,0.3969000683631809
0.184,146.1957090661339,167.8855917603916,113.2373706509648,73.09785453306694,73.09785453306694,153.1397420816477,178.2097705185411,103.8552737738388,129.4895241883515,0,0,0,100,60.30999316368191,39.69000683631809,50,50,24.83647563033173,35.47351753335018,25.16352436966826,14.52648246664983,8512.75,5208.641836428152,3304.108163571849,3905.7,4607.05,1940.076457387733,3268.565379040419,1965.623542612267,1338.484620959582,-12184.17631903778,-24894.87014131815,7130.052088348826,-6092.088159518888,-6092.088159518888,-23363.60035599317,-25966.9754004296,6520.46119735415,8186.016963279074,0,0,0,1.539535136156243,0.6222491539426789,85.1275,86.36449057939448,83.24786078264026,101325,109521.3965971366,89802.44714147809,155993.3976710313,63049.39552324193,-25.45328699389587,-59.88252140507227,26.86282624166117,-12.72664349694793,-12.72664349694793,-54.26039658339575,-63.81880333688171,23.35876383928222,32.93274439683289,0,0,0,368,1,1,1,1,1,1,1,1,1,1,0.5,0.5,0.4118136038073375,0.5881863961926626,0.6340015126085223,0.3659984873914776,0.6030999316368191,0.4588059087838831,0.5411940912161171,0.3724726172990518,0.6275273827009482,0.5949029042945627,0.4050970957054373,0.6118635971252712,0.3881364028747289,0.3969000683631809,100,-12184.17631903778,101325,-25.45328699389587,368,0.5,0.5,0.4118136038073375,0.5881863961926626,0.6340015126085223,0.3659984873914776,0.3969000683631809,100,-12184.17631903778,101325,-25.45328699389587,368,0.5,0.5,0.4118136038073375,0.5881863961926626,0.6340015126085223,0.3659984873914776,0.3969000683631809
0.186,146.1957090661339,167.8855917603916,113.2373706509648,73.09785453306694,73.09785453306694,153.1397420816477,178.2097705185411,103.8552737738388,129.4895241883515,0,0,0,100,60.30999316368191,39.69000683631809,50,50,24.83647563033173,35.47351753335018,25.16352436966826,14.52648246664983,8512.75,5208.641836428152,3304.108163571849,3905.7,4607.05,1940.076457387733,3268.565379040419,1965.623542612267,1338.484620959582,-12184.17631903778,-24894.87014131815,7130.052088348826,-6092.088159518888,-6092.088159518888,-23363.60035599317,-25966.9754004296,6520.46119735415,8186.016963279074,0,0,0,1.539535136156243,0.6222491539426789,85.1275,86.36449057939448,83.24786078264026,101325,109521.3965971366,89802.44714147809,155993.3976710313,63049.39552324193,-25.45328699389587,-59.88252140507227,26.86282624166117,-12.72664349694793,-12.72664349694793,-54.26039658339575,-63.81880333688171,23.35876383928222,32.93274439683289,0,0,0,368,1,1,1,1,1,1,1,1,1,1,0.5,0.5,0.4118136038073375,0.5881863961926626,0.6340015126085223,0.3659984873914776,0.6030999316368191,0.4588059087838831,0.5411940912161171,0.3724726172990518,0.6275273827009482,0.5949029042945627,0.4050970957054373,0.6118635971252712,0.3881364028747289,0.3969000683631809,100,-12184.17631903778,101325,-25.45328699389587,368,0.5,0.5,0.4118136038073375,0.5881863961926626,0.6340015126085223,0.3659984873914776,0.3969000683631809,100,-12184.17631903778,101325,-25.45328699389587,368,0.5,0.5,0.4118136038073375,0.5881863961926626,0.6340015126085223,0.3659984873914776,0.3969000683631809
0.188,146.1957090661339,167.8855917603916,113.2373706509648,73.09785453306694,73.09785453306694,153.1397420816477,178.2097705185411,103.8552737738388,129.4895241883515,0,0,0,100,60.30999316368191,39.69000683631809,50,50,24.83647563033173,35.47351753335018,25.16352436966826,14.52648246664983,8512.75,5208.641836428152,3304.108163571849,3905.7,4607.05,1940.076457387733,3268.565379040419,1965.623542612267,1338.484620959582,-12184.17631903778,-24894.87014131815,7130.052088348826,-6092.088159518888,-6092.088159518888,-23363.60035599317,-25966.9754004296,6520.46119735415,8186.016963279074,0,0,0,1.539535136156243,0.6222491539426789,85.1275,86.36449057939448,83.24786078264026,101325,109521.3965971366,89802.44714147809,155993.3976710313,63049.39552324193,-25.45328699389587,-59.88252140507227,26.86282624166117,-12.72664349694793,-12.72664349694793,-54.26039658339575,-63.81880333688171,23.35876383928222,32.93274439683289,0,0,0,368,1,1,1,1,1,1,1,1,1,1,0.5,0.5,0.4118136038073375,0.5881863961926626,0.6340015126085223,0.3659984873914776,0.6030999316368191,0.4588059087838831,0.5411940912161171,0.3724726172990518,0.6275273827009482,0.5949029042945627,0.4050970957054373,0.6118635971252712,0.3881364028747289,0.3969000683631809,100,-12184.17631903778,101325,-25.45328699389587,368,0.5,0.5,0.4118136038073375,0.5881863961926626,0.6340015126085223,0.3659984873914776,0.3969000683631809,100,-12184.17631903778,101325,-25.45328699389587,368,0.5,0.5,0.4118136038073375,0.5881863961926626,0.6340015126085223,0.3659984873914776,0.3969000683631809
0.19,146.1957090661339,167.8855917603916,113.2373706509648,73.09785453306694,73.09785453306694,153.1397420816477,178.2097705185411,103.8552737738388,129.4895241883515,0,0,0,100,60.30999316368191,39.69000683631809,50,50,24.83647563033173,35.47351753335018,25.16352436966826,14.52648246664983,8512.75,5208.641836428152,3304.108163571849,3905.7,4607.05,1940.076457387733,3268.565379040419,1965.623542612267,1338.484620959582,-12184.17631903778,-24894.87014131815,7130.052088348826,-6092.088159518888,-6092.088159518888,-23363.60035599317,-25966.9754004296,6520.46119735415,8186.016963279074,0,0,0,1.539535136156243,0.6222491539426789,85.1275,86.36449057939448,83.24786078264026,101325,109521.3965971366,89802.44714147809,155993.3976710313,63049.39552324193,-25.45328699389587,-59.88252140507227,26.86282624166117,-12.72664349694793,-12.72664349694793,-54.26039658339575,-63.81880333688171,23.35876383928222,32.93274439683289,0,0,0,368,1,1,1,1,1,1,1,1,1,1,0.5,0.5,0.4118136038073375,0.5881863961926626,0.6340015126085223,0.3659984873914776,0.6030999316368191,0.4588059087838831,0.5411940912161171,0.3724726172990518,0.6275273827009482,0.5949029042945627,0.4050970957054373,0.6118635971252712,0.3881364028747289,0.3969000683631809,100,-12184.17631903778,101325,-25.45328699389587,368,0.5,0.5,0.4118136038073375,0.5881863961926626,0.6340015126085223,0.3659984873914776,0.3969000683631809,100,-12184.17631903778,101325,-25.45328699389587,368,0.5,0.5,0.4118136038073375,0.5881863961926626,0.6340015126085223,0.3659984873914776,0.3969000683631809
0.192,146.1957090661339,167.8855917603916,113.2373706509648,73.09785453306694,73.09785453306694,153.1397420816477,178.2097705185411,103.8552737738388,129.4895241883515,0,0,0,100,60.30999316368191,39.69000683631809,50,50,24.83647563033173,35.47351753335018,25.16352436966826,14.52648246664983,8512.75,5208.641836428152,3304.108163571849,3905.7,4607.05,1940.076457387733,3268.565379040419,1965.623542612267,1338.484620959582,-12184.17631903778,-24894.87014131815,7130.052088348826,-6092.088159518888,-6092.088159518888,-23363.60035599317,-25966.9754004296,6520.46119735415,8186.016963279074,0,0,0,1.539535136156243,0.6222491539426789,85.1275,86.36449057939448,83.24786078264026,101325,109521.3965971366,89802.44714147809,155993.3976710313,63049.39552324193,-25.45328699389587,-59.88252140507227,26.86282624166117,-12.72664349694793,-12.72664349694793,-54.26039658339575,-63.81880333688171,23.35876383928222,32.93274439683289,0,0,0,368,1,1,1,1,1,1,1,1,1,1,0.5,0.5,0.4118136038073375,0.5881863961926626,0.6340015126085223,0.3659984873914776,0.6030999316368191,0.4588059087838831,0.5411940912161171,0.3724726172990518,0.6275273827009482,0.5949029042945627,0.4050970957054373,0.6118635971252712,0.3881364028747289,0.3969000683631809,100,-12184.17631903778,101325,-25.45328699389587,368,0.5,0.5,0.4118136038073375,0.5881863961926626,0.6340015126085223,0.3659984873914776,0.3969000683631809,100,-12184.17631903778,101325,-25.45328699389587,368,0.5,0.5,0.4118136038073375,0.5881863961926626,0.6340015126085223,0.3659984873914776,0.3969000683631809
0.194,146.1957090661339,167.8855917603916,113.2373706509648,73.09785453306694,73.09785453306694,153.1397420816477,178.2097705185411,103.8552737738388,129.4895241883515,0,0,0,100,60.30999316368191,39.69000683631809,50,50,24.83647563033173,35.47351753335018,25.16352436966826,14.52648246664983,8512.75,5208.641836428152,3304.108163571849,3905.7,4607.05,1940.076457387733,3268.565379040419,1965.623542612267,1338.484620959582,-12184.17631903778,-24894.87014131815,7130.052088348826,-6092.088159518888,-6092.088159518888,-23363.60035599317,-25966.9754004296,6520.46119735415,8186.016963279074,0,0,0,1.539535136156243,0.6222491539426789,85.1275,86.36449057939448,83.24786078264026,101325,109521.3965971366,89802.44714147809,155993.3976710313,63049.39552324193,-25.45328699389587,-59.88252140507227,26.86282624166117,-12.72664349694793,-12.72664349694793,-54.26039658339575,-63.81880333688171,23.35876383928222,32.93274439683289,0,0,0,368,1,1,1,1,1,1,1,1,1,1,0.5,0.5,0.4118136038073375,0.5881863961926626,0.6340015126085223,0.3659984873914776,0.6030999316368191,0.4588059087838831,0.5411940912161171,0.3724726172990518,0.6275273827009482,0.5949029042945627,0.4050970957054373,0.6118635971252712,0.3881364028747289,0.3969000683631809,100,-12184.17631903778,101325,-25.45328699389587,368,0.5,0.5,0.4118136038073375,0.5881863961926626,0.6340015126085223,0.3659984873914776,0.3969000683631809,100,-12184.17631903778,101325,-25.45328699389587,368,0.5,0.5,0.4118136038073375,0.5881863961926626,0.6340015126085223,0.3659984873914776,0.3969000683631809
0.196,146.1957090661339,167.8855917603916,113.2373706509648,73.09785453306694,73.09785453306694,153.1397420816477,178.2097705185411,103.8552737738388,129.4895241883515,0,0,0,100,60.30999316368191,39.69000683631809,50,50,24.83647563033173,35.47351753335018,25.16352436966826,14.52648246664983,8512.75,5208.641836428152,3304.108163571849,3905.7,4607.05,1940.076457387733,3268.565379040419,1965.623542612267,1338.484620959582,-12184.17631903778,-24894.87014131815,7130.052088348826,-6092.088159518888,-6092.088159518888,-23363.60035599317,-25966.9754004296,6520.46119735415,8186.016963279074,0,0,0,1.539535136156243,0.6222491539426789,85.1275,86.36449057939448,83.24786078264026,101325,109521.3965971366,89802.44714147809,155993.3976710313,63049.39552324193,-25.45328699389587,-59.88252140507227,26.86282624166117,-12.72664349694793,-12.72664349694793,-54.26039658339575,-63.81880333688171,23.35876383928222,32.93274439683289,0,0,0,368,1,1,1,1,1,1,1,1,1,1,0.5,0.5,0.4118136038073375,0.5881863961926626,0.6340015126085223,0.3659984873914776,0.6030999316368191,0.4588059087838831,0.5411940912161171,0.3724726172990518,0.6275273827009482,0.5949029042945627,0.4050970957054373,0.6118635971252712,0.3881364028747289,0.3969000683631809,100,-12184.17631903778,101325,-25.45328699389587,368,0.5,0.5,0.4118136038073375,0.5881863961926626,0.6340015126085223,0.3659984873914776,0.3969000683631809,100,-12184.17631903778,101325,-25.45328699389587,368,0.5,0.5,0.4118136038073375,0.5881863961926626,0.6340015126085223,0.3659984873914776,0.3969000683631809
0.198,146.1957090661339,167.8855917603916,113.2373706509648,73.09785453306694,73.09785453306694,153.1397420816477,178.2097705185411,103.8552737738388,129.4895241883515,0,0,0,100,60.30999316368191,39.69000683631809,50,50,24.83647563033173,35.47351753335018,25.16352436966826,14.52648246664983,8512.75,5208.641836428152,3304.108163571849,3905.7,4607.05,1940.076457387733,3268.565379040419,1965.623542612267,1338.484620959582,-12184.17631903778,-24894.87014131815,7130.052088348826,-6092.088159518888,-6092.088159518888,-23363.60035599317,-25966.9754004296,6520.46119735415,8186.016963279074,0,0,0,1.539535136156243,0.6222491539426789,85.1275,86.36449057939448,83.24786078264026,101325,109521.3965971366,89802.44714147809,155993.3976710313,63049.39552324193,-25.45328699389587,-59.88252140507227,26.86282624166117,-12.72664349694793,-12.72664349694793,-54.26039658339575,-63.81880333688171,23.35876383928222,32.93274439683289,0,0,0,368,1,1,1,1,1,1,1,1,1,1,0.5,0.5,0.4118136038073375,0.5881863961926626,0.6340015126085223,0.3659984873914776,0.6030999316368191,0.4588059087838831,0.5411940912161171,0.3724726172990518,0.6275273827009482,0.5949029042945627,0.4050970957054373,0.6118635971252712,0.3881364028747289,0.3969000683631809,100,-12184.17631903778,101325,-25.45328699389587,368,0.5,0.5,0.4118136038073375,0.5881863961926626,0.6340015126085223,0.3659984873914776,0.3969000683631809,100,-12184.17631903778,101325,-25.45328699389587,368,0.5,0.5,0.4118136038073375,0.5881863961926626,0.6340015126085223,0.3659984873914776,0.3969000683631809
0.2,146.1957090661339,167.8855917603916,113.2373706509648,73.09785453306694,73.09785453306694,153.1397420816477,178.2097705185411,103.8552737738388,129.4895241883515,0,0,0,100,60.30999316368191,39.69000683631809,50,50,24.83647563033173,35.47351753335018,25.16352436966826,14.52648246664983,8512.75,5208.641836428152,3304.108163571849,3905.7,4607.05,1940.076457387733,3268.565379040419,1965.623542612267,1338.484620959582,-12184.17631903778,-24894.87014131815,7130.052088348826,-6092.088159518888,-6092.088159518888,-23363.60035599317,-25966.9754004296,6520.46119735415,8186.016963279074,0,0,0,1.539535136156243,0.6222491539426789,85.1275,86.36449057939448,83.24786078264026,101325,109521.3965971366,89802.44714147809,155993.3976710313,63049.39552324193,-25.45328699389587,-59.88252140507227,26.86282624166117,-12.72664349694793,-12.72664349694793,-54.26039658339575,-63.81880333688171,23.35876383928222,32.93274439683289,0,0,0,368,1,1,1,1,1,1,1,1,1,1,0.5,0.5,0.4118136038073375,0.5881863961926626,0.6340015126085223,0.3659984873914776,0.6030999316368191,0.4588059087838831,0.5411940912161171,0.3724726172990518,0.6275273827009482,0.5949029042945627,0.4050970957054373,0.6118635971252712,0.3881364028747289,0.3969000683631809,100,-12184.17631903778,101325,-25.45328699389587,368,0.5,0.5,0.4118136038073375,0.5881863961926626,0.6340015126085223,0.3659984873914776,0.3969000683631809,100,-12184.17631903778,101325,-25.45328699389587,368,0.5,0.5,0.4118136038073375,0.5881863961926626,0.6340015126085223,0.3659984873914776,0.3969000683631809
0.202,146.1957090661339,167.8855917603916,113.2373706509648,73.09785453306694,73.09785453306694,153.1397420816477,178.2097705185411,103.8552737738388,129.4895241883515,0,0,0,100,60.30999316368191,39.69000683631809,50,50,24.83647563033173,35.47351753335018,25.16352436966826,14.52648246664983,8512.75,5208.641836428152,3304.108163571849,3905.7,4607.05,1940.076457387733,3268.565379040419,1965.623542612267,1338.484620959582,-12184.17631903778,-24894.87014131815,7130.052088348826,-6092.088159518888,-6092.088159518888,-23363.60035599317,-25966.9754004296,6520.46119735415,8186.016963279074,0,0,0,1.539535136156243,0.6222491539426789,85.1275,86.36449057939448,83.24786078264026,101325,109521.3965971366,89802.44714147809,155993.3976710313,63049.39552324193,-25.45328699389587,-59.88252140507227,26.86282624166117,-12.72664349694793,-12.72664349694793,-54.26039658339575,-63.81880333688171,23.35876383928222,32.93274439683289,0,0,0,368,1,1,1,1,1,1,1,1,1,1,0.5,0.5,0.4118136038073375,0.5881863961926626,0.6340015126085223,0.3659984873914776,0.6030999316368191,0.4588059087838831,0.5411940912161171,0.3724726172990518,0.6275273827009482,0.5949029042945627,0.4050970957054373,0.6118635971252712,0.3881364028747289,0.3969000683631809,100,-12184.17631903778,101325,-25.45328699389587,368,0.5,0.5,0.4118136038073375,0.5881863961926626,0.6340015126085223,0.3659984873914776,0.3969000683631809,100,-12184.17631903778,101325,-25.45328699389587,368,0.5,0.5,0.4118136038073375,0.5881863961926626,0.6340015126085223,0.3659984873914776,0.3969000683631809
0.204,146.1957090661339,167.8855917603916,113.2373706509648,73.09785453306694,73.09785453306694,153.1397420816477,178.2097705185411,103.8552737738388,129.4895241883515,0,0,0,100,60.30999316368191,39.69000683631809,50,50,24.83647563033173,35.47351753335018,25.16352436966826,14.52648246664983,8512.75,5208.641836428152,3304.108163571849,3905.7,4607.05,1940.076457387733,3268.565379040419,1965.623542612267,1338.484620959582,-12184.17631903778,-24894.87014131815,7130.052088348826,-6092.088159518888,-6092.088159518888,-23363.60035599317,-25966.9754004296,6520.46119735415,8186.016963279074,0,0,0,1.539535136156243,0.6222491539426789,85.1275,86.36449057939448,83.24786078264026,101325,109521.3965971366,89802.44714147809,155993.3976710313,63049.39552324193,-25.45328699389587,-59.88252140507227,26.86282624166117,-12.72664349694793,-12.72664349694793,-54.26039658339575,-63.81880333688171,23.35876383928222,32.93274439683289,0,0,0,368,1,1,1,1,1,1,1,1,1,1,0.5,0.5,0.4118136038073375,0.5881863961926626,0.6340015126085223,0.3659984873914776,0.6030999316368191,0.4588059087838831,0.5411940912161171,0.3724726172990518,0.6275273827009482,0.5949029042945627,0.4050970957054373,0.6118635971252712,0.3881364028747289,0.3969000683631809,100,-12184.17631903778,101325,-25.45328699389587,368,0.5,0.5,0.4118136038073375,0.5881863961926626,0.6340015126085223,0.3659984873914776,0.3969000683631809,100,-12184.17631903778,101325,-25.45328699389587,368,0.5,0.5,0.4118136038073375,0.5881863961926626,0.6340015126085223,0.3659984873914776,0.3969000683631809
0.206,146.1957090661339,167.8855917603916,113.2373706509648,73.09785453306694,73.09785453306694,153.1397420816477,178.2097705185411,103.8552737738388,129.4895241883515,0,0,0,100,60.30999316368191,39.69000683631809,50,50,24.83647563033173,35.47351753335018,25.16352436966826,14.52648246664983,8512.75,5208.641836428152,3304.108163571849,3905.7,4607.05,1940.076457387733,3268.565379040419,1965.623542612267,1338.484620959582,-12184.17631903778,-24894.87014131815,7130.052088348826,-6092.088159518888,-6092.088159518888,-23363.60035599317,-25966.9754004296,6520.46119735415,8186.016963279074,0,0,0,1.539535136156243,0.6222491539426789,85.1275,86.36449057939448,83.24786078264026,101325,109521.3965971366,89802.44714147809,155993.3976710313,63049.39552324193,-25.45328699389587,-59.88252140507227,26.86282624166117,-12.72664349694793,-12.72664349694793,-54.26039658339575,-63.81880333688171,23.35876383928222,32.93274439683289,0,0,0,368,1,1,1,1,1,1,1,1,1,1,0.5,0.5,0.4118136038073375,0.5881863961926626,0.6340015126085223,0.3659984873914776,0.6030999316368191,0.4588059087838831,0.5411940912161171,0.3724726172990518,0.6275273827009482,0.5949029042945627,0.4050970957054373,0.6118635971252712,0.3881364028747289,0.3969000683631809,100,-12184.17631903778,101325,-25.45328699389587,368,0.5,0.5,0.4118136038073375,0.5881863961926626,0.6340015126085223,0.3659984873914776,0.3969000683631809,100,-12184.17631903778,101325,-25.45328699389587,368,0.5,0.5,0.4118136038073375,0.5881863961926626,0.6340015126085223,0.3659984873914776,0.3969000683631809
0.208,146.1957090661339,167.8855917603916,113.2373706509648,73.09785453306694,73.09785453306694,153.1397420816477,178.2097705185411,103.8552737738388,129.4895241883515,0,0,0,100,60.30999316368191,39.69000683631809,50,50,24.83647563033173,35.47351753335018,25.16352436966826,14.52648246664983,8512.75,5208.641836428152,3304.108163571849,3905.7,4607.05,1940.076457387733,3268.565379040419,1965.623542612267,1338.484620959582,-12184.17631903778,-24894.87014131815,7130.052088348826,-6092.088159518888,-6092.088159518888,-23363.60035599317,-25966.9754004296,6520.46119735415,8186.016963279074,0,0,0,1.539535136156243,0.6222491539426789,85.1275,86.36449057939448,83.24786078264026,101325,109521.3965971366,89802.44714147809,155993.3976710313,63049.39552324193,-25.45328699389587,-59.88252140507227,26.86282624166117,-12.72664349694793,-12.72664349694793,-54.26039658339575,-63.81880333688171,23.35876383928222,32.93274439683289,0,0,0,368,1,1,1,1,1,1,1,1,1,1,0.5,0.5,0.4118136038073375,0.5881863961926626,0.6340015126085223,0.3659984873914776,0.6030999316368191,0.4588059087838831,0.5411940912161171,0.3724726172990518,0.6275273827009482,0.5949029042945627,0.4050970957054373,0.6118635971252712,0.3881364028747289,0.3969000683631809,100,-12184.17631903778,101325,-25.45328699389587,368,0.5,0.5,0.4118136038073375,0.5881863961926626,0.6340015126085223,0.3659984873914776,0.3969000683631809,100,-12184.17631903778,101325,-25.45328699389587,368,0.5,0.5,0.4118136038073375,0.5881863961926626,0.6340015126085223,0.3659984873914776,0.3969000683631809
0.21,146.1957090661339,167.8855917603916,113.2373706509648,73.09785453306694,73.09785453306694,153.1397420816477,178.2097705185411,103.8552737738388,129.4895241883515,0,0,0,100,60.30999316368191,39.69000683631809,50,50,24.83647563033173,35.47351753335018,25.16352436966826,14.52648246664983,8512.75,5208.641836428152,3304.108163571849,3905.7,4607.05,1940.076457387733,3268.565379040419,1965.623542612267,1338.484620959582,-12184.17631903778,-24894.87014131815,7130.052088348826,-6092.088159518888,-6092.088159518888,-23363.60035599317,-25966.9754004296,6520.46119735415,8186.016963279074,0,0,0,1.539535136156243,0.6222491539426789,85.1275,86.36449057939448,83.24786078264026,101325,109521.3965971366,89802.44714147809,155993.3976710313,63049.39552324193,-25.45328699389587,-59.88252140507227,26.86282624166117,-12.72664349694793,-12.72664349694793,-54.26039658339575,-63.81880333688171,23.35876383928222,32.93274439683289,0,0,0,368,1,1,1,1,1,1,1,1,1,1,0.5,0.5,0.4118136038073375,0.5881863961926626,0.6340015126085223,0.3659984873914776,0.6030999316368191,0.4588059087838831,0.5411940912161171,0.3724726172990518,0.6275273827009482,0.5949029042945627,0.4050970957054373,0.6118635971252712,0.3881364028747289,0.3969000683631809,100,-12184.17631903778,101325,-25.45328699389587,368,0.5,0.5,0.4118136038073375,0.5881863961926626,0.6340015126085223,0.3659984873914776,0.3969000683631809,100,-12184.17631903778,101325,-25.45328699389587,368,0.5,0.5,0.4118136038073375,0.5881863961926626,0.6340015126085223,0.3659984873914776,0.3969000683631809
0.212,146.1957090661339,167.8855917603916,113.2373706509648,73.09785453306694,73.09785453306694,153.1397420816477,178.2097705185411,103.8552737738388,129.4895241883515,0,0,0,100,60.30999316368191,39.69000683631809,50,50,24.83647563033173,35.47351753335018,25.16352436966826,14.52648246664983,8512.75,5208.641836428152,3304.108163571849,3905.7,4607.05,1940.076457387733,3268.565379040419,1965.623542612267,1338.484620959582,-12184.17631903778,-24894.87014131815,7130.052088348826,-6092.088159518888,-6092.088159518888,-23363.60035599317,-25966.9754004296,6520.46119735415,8186.016963279074,0,0,0,1.539535136156243,0.6222491539426789,85.1275,86.36449057939448,83.24786078264026,101325,109521.3965971366,89802.44714147809,155993.3976710313,63049.39552324193,-25.45328699389587,-59.88252140507227,26.86282624166117,-12.72664349694793,-12.72664349694793,-54.26039658339575,-63.81880333688171,23.35876383928222,32.93274439683289,0,0,0,368,1,1,1,1,1,1,1,1,1,1,0.5,0.5,0.4118136038073375,0.5881863961926626,0.6340015126085223,0.3659984873914776,0.6030999316368191,0.4588059087838831,0.5411940912161171,0.3724726172990518,0.6275273827009482,0.5949029042945627,0.4050970957054373,0.6118635971252712,0.3881364028747289,0.3969000683631809,100,-12184.17631903778,101325,-25.45328699389587,368,0.5,0.5,0.4118136038073375,0.5881863961926626,0.6340015126085223,0.3659984873914776,0.3969000683631809,100,-12184.17631903778,101325,-25.45328699389587,368,0.5,0.5,0.4118136038073375,0.5881863961926626,0.6340015126085223,0.3659984873914776,0.3969000683631809
0.214,146.1957090661339,167.8855917603916,113.2373706509648,73.09785453306694,73.09785453306694,153.1397420816477,178.2097705185411,103.8552737738388,129.4895241883515,0,0,0,100,60.30999316368191,39.69000683631809,50,50,24.83647563033173,35.47351753335018,25.16352436966826,14.52648246664983,8512.75,5208.641836428152,3304.108163571849,3905.7,4607.05,1940.076457387733,3268.565379040419,1965.623542612267,1338.484620959582,-12184.17631903778,-24894.87014131815,7130.052088348826,-6092.088159518888,-6092.088159518888,-23363.60035599317,-25966.9754004296,6520.46119735415,8186.016963279074,0,0,0,1.539535136156243,0.6222491539426789,85.1275,86.36449057939448,83.24786078264026,101325,109521.3965971366,89802.44714147809,155993.3976710313,63049.39552324193,-25.45328699389587,-59.88252140507227,26.86282624166117,-12.72664349694793,-12.72664349694793,-54.26039658339575,-63.81880333688171,23.35876383928222,32.93274439683289,0,0,0,368,1,1,1,1,1,1,1,1,1,1,0.5,0.5,0.4118136038073375,0.5881863961926626,0.6340015126085223,0.3659984873914776,0.6030999316368191,0.4588059087838831,0.5411940912161171,0.3724726172990518,0.6275273827009482,0.5949029042945627,0.4050970957054373,0.6118635971252712,0.3881364028747289,0.3969000683631809,100,-12184.17631903778,101325,-25.45328699389587,368,0.5,0.5,0.4118136038073375,0.5881863961926626,0.6340015126085223,0.3659984873914776,0.3969000683631809,100,-12184.17631903778,101325,-25.45328699389587,368,0.5,0.5,0.4118136038073375,0.5881863961926626,0.6340015126085223,0.3659984873914776,0.3969000683631809
0.216,146.1957090661339,167.8855917603916,113.2373706509648,73.09785453306694,73.09785453306694,153.1397420816477,178.2097705185411,103.8552737738388,129.4895241883515,0,0,0,100,60.30999316368191,39.69000683631809,50,50,24.83647563033173,35.47351753335018,25.16352436966826,14.52648246664983,8512.75,5208.641836428152,3304.108163571849,3905.7,4607.05,1940.076457387733,3268.565379040419,1965.623542612267,1338.484620959582,-12184.17631903778,-24894.87014131815,7130.052088348826,-6092.088159518888,-6092.088159518888,-23363.60035599317,-25966.9754004296,6520.46119735415,8186.016963279074,0,0,0,1.539535136156243,0.6222491539426789,85.1275,86.36449057939448,83.24786078264026,101325,109521.3965971366,89802.44714147809,155993.3976710313,63049.39552324193,-25.45328699389587,-59.88252140507227,26.86282624166117,-12.72664349694793,-12.72664349694793,-54.26039658339575,-63.81880333688171,23.35876383928222,32.93274439683289,0,0,0,368,1,1,1,1,1,1,1,1,1,1,0.5,0.5,0.4118136038073375,0.5881863961926626,0.6340015126085223,0.3659984873914776,0.6030999316368191,0.4588059087838831,0.5411940912161171,0.3724726172990518,0.6275273827009482,0.5949029042945627,0.4050970957054373,0.6118635971252712,0.3881364028747289,0.3969000683631809,100,-12184.17631903778,101325,-25.45328699389587,368,0.5,0.5,0.4118136038073375,0.5881863961926626,0.6340015126085223,0.3659984873914776,0.3969000683631809,100,-12184.17631903778,101325,-25.45328699389587,368,0.5,0.5,0.4118136038073375,0.5881863961926626,0.6340015126085223,0.3659984873914776,0.3969000683631809
0.218,146.1957090661339,167.8855917603916,113.2373706509648,73.09785453306694,73.09785453306694,153.1397420816477,178.2097705185411,103.8552737738388,129.4895241883515,0,0,0,100,60.30999316368191,39.69000683631809,50,50,24.83647563033173,35.47351753335018,25.16352436966826,14.52648246664983,8512.75,5208.641836428152,3304.108163571849,3905.7,4607.05,1940.076457387733,3268.565379040419,1965.623542612267,1338.484620959582,-12184.17631903778,-24894.87014131815,7130.052088348826,-6092.088159518888,-6092.088159518888,-23363.60035599317,-25966.9754004296,6520.46119735415,8186.016963279074,0,0,0,1.539535136156243,0.6222491539426789,85.1275,86.36449057939448,83.24786078264026,101325,109521.3965971366,89802.44714147809,155993.3976710313,63049.39552324193,-25.45328699389587,-59.88252140507227,26.86282624166117,-12.72664349694793,-12.72664349694793,-54.26039658339575,-63.81880333688171,23.35876383928222,32.93274439683289,0,0,0,368,1,1,1,1,1,1,1,1,1,1,0.5,0.5,0.4118136038073375,0.5881863961926626,0.6340015126085223,0.3659984873914776,0.6030999316368191,0.4588059087838831,0.5411940912161171,0.3724726172990518,0.6275273827009482,0.5949029042945627,0.4050970957054373,0.6118635971252712,0.3881364028747289,0.3969000683631809,100,-12184.17631903778,101325,-25.45328699389587,368,0.5,0.5,0.4118136038073375,0.5881863961926626,0.6340015126085223,0.3659984873914776,0.3969000683631809,100,-12184.17631903778,101325,-25.45328699389587,368,0.5,0.5,0.4118136038073375,0.5881863961926626,0.6340015126085223,0.3659984873914776,0.3969000683631809
0.22,146.1957090661339,167.8855917603916,113.2373706509648,73.09785453306694,73.09785453306694,153.1397420816477,178.2097705185411,103.8552737738388,129.4895241883515,0,0,0,100,60.30999316368191,39.69000683631809,50,50,24.83647563033173,35.47351753335018,25.16352436966826,14.52648246664983,8512.75,5208.641836428152,3304.108163571849,3905.7,4607.05,1940.076457387733,3268.565379040419,1965.623542612267,1338.484620959582,-12184.17631903778,-24894.87014131815,7130.052088348826,-6092.088159518888,-6092.088159518888,-23363.60035599317,-25966.9754004296,6520.46119735415,8186.016963279074,0,0,0,1.539535136156243,0.6222491539426789,85.1275,86.36449057939448,83.24786078264026,101325,109521.3965971366,89802.44714147809,155993.3976710313,63049.39552324193,-25.45328699389587,-59.88252140507227,26.86282624166117,-12.72664349694793,-12.72664349694793,-54.26039658339575,-63.81880333688171,23.35876383928222,32.93274439683289,0,0,0,368,1,1,1,1,1,1,1,1,1,1,0.5,0.5,0.4118136038073375,0.5881863961926626,0.6340015126085223,0.3659984873914776,0.6030999316368191,0.4588059087838831,0.5411940912161171,0.3724726172990518,0.6275273827009482,0.5949029042945627,0.4050970957054373,0.6118635971252712,0.3881364028747289,0.3969000683631809,100,-12184.17631903778,101325,-25.45328699389587,368,0.5,0.5,0.4118136038073375,0.5881863961926626,0.6340015126085223,0.3659984873914776,0.3969000683631809,100,-12184.17631903778,101325,-25.45328699389587,368,0.5,0.5,0.4118136038073375,0.5881863961926626,0.6340015126085223,0.3659984873914776,0.3969000683631809
0.222,146.1957090661339,167.8855917603916,113.2373706509648,73.09785453306694,73.09785453306694,153.1397420816477,178.2097705185411,103.8552737738388,129.4895241883515,0,0,0,100,60.30999316368191,39.69000683631809,50,50,24.83647563033173,35.47351753335018,25.16352436966826,14.52648246664983,8512.75,5208.641836428152,3304.108163571849,3905.7,4607.05,1940.076457387733,3268.565379040419,1965.623542612267,1338.484620959582,-12184.17631903778,-24894.87014131815,7130.052088348826,-6092.088159518888,-6092.088159518888,-23363.60035599317,-25966.9754004296,6520.46119735415,8186.016963279074,0,0,0,1.539535136156243,0.6222491539426789,85.1275,86.36449057939448,83.24786078264026,101325,109521.3965971366,89802.44714147809,155993.3976710313,63049.39552324193,-25.45328699389587,-59.88252140507227,26.86282624166117,-12.72664349694793,-12.72664349694793,-54.26039658339575,-63.81880333688171,23.35876383928222,32.93274439683289,0,0,0,368,1,1,1,1,1,1,1,1,1,1,0.5,0.5,0.4118136038073375,0.5881863961926626,0.6340015126085223,0.3659984873914776,0.6030999316368191,0.4588059087838831,0.5411940912161171,0.3724726172990518,0.6275273827009482,0.5949029042945627,0.4050970957054373,0.6118635971252712,0.3881364028747289,0.3969000683631809,100,-12184.17631903778,101325,-25.45328699389587,368,0.5,0.5,0.4118136038073375,0.5881863961926626,0.6340015126085223,0.3659984873914776,0.3969000683631809,100,-12184.17631903778,101325,-25.45328699389587,368,0.5,0.5,0.4118136038073375,0.5881863961926626,0.6340015126085223,0.3659984873914776,0.3969000683631809
0.224,146.1957090661339,167.8855917603916,113.2373706509648,73.09785453306694,73.09785453306694,153.1397420816477,178.2097705185411,103.8552737738388,129.4895241883515,0,0,0,100,60.30999316368191,39.69000683631809,50,50,24.83647563033173,35.47351753335018,25.16352436966826,14.52648246664983,8512.75,5208.641836428152,3304.108163571849,3905.7,4607.05,1940.076457387733,3268.565379040419,1965.623542612267,1338.484620959582,-12184.17631903778,-24894.87014131815,7130.052088348826,-6092.088159518888,-6092.088159518888,-23363.60035599317,-25966.9754004296,6520.46119735415,8186.016963279074,0,0,0,1.539535136156243,0.6222491539426789,85.1275,86.36449057939448,83.24786078264026,101325,109521.3965971366,89802.44714147809,155993.3976710313,63049.39552324193,-25.45328699389587,-59.88252140507227,26.86282624166117,-12.72664349694793,-12.72664349694793,-54.26039658339575,-63.81880333688171,23.35876383928222,32.93274439683289,0,0,0,368,1,1,1,1,1,1,1,1,1,1,0.5,0.5,0.4118136038073375,0.5881863961926626,0.6340015126085223,0.3659984873914776,0.6030999316368191,0.4588059087838831,0.5411940912161171,0.3724726172990518,0.6275273827009482,0.5949029042945627,0.4050970957054373,0.6118635971252712,0.3881364028747289,0.3969000683631809,100,-12184.17631903778,101325,-25.45328699389587,368,0.5,0.5,0.4118136038073375,0.5881863961926626,0.6340015126085223,0.3659984873914776,0.3969000683631809,100,-12184.17631903778,101325,-25.45328699389587,368,0.5,0.5,0.4118136038073375,0.5881863961926626,0.6340015126085223,0.3659984873914776,0.3969000683631809
0.226,146.1957090661339,167.8855917603916,113.2373706509648,73.09785453306694,73.09785453306694,153.1397420816477,178.2097705185411,103.8552737738388,129.4895241883515,0,0,0,100,60.30999316368191,39.69000683631809,50,50,24.83647563033173,35.47351753335018,25.16352436966826,14.52648246664983,8512.75,5208.641836428152,3304.108163571849,3905.7,4607.05,1940.076457387733,3268.565379040419,1965.623542612267,1338.484620959582,-12184.17631903778,-24894.87014131815,7130.052088348826,-6092.088159518888,-6092.088159518888,-23363.60035599317,-25966.9754004296,6520.46119735415,8186.016963279074,0,0,0,1.539535136156243,0.6222491539426789,85.1275,86.36449057939448,83.24786078264026,101325,109521.3965971366,89802.44714147809,155993.3976710313,63049.39552324193,-25.45328699389587,-59.88252140507227,26.86282624166117,-12.72664349694793,-12.72664349694793,-54.26039658339575,-63.81880333688171,23.35876383928222,32.93274439683289,0,0,0,368,1,1,1,1,1,1,1,1,1,1,0.5,0.5,0.4118136038073375,0.5881863961926626,0.6340015126085223,0.3659984873914776,0.6030999316368191,0.4588059087838831,0.5411940912161171,0.3724726172990518,0.6275273827009482,0.5949029042945627,0.4050970957054373,0.6118635971252712,0.3881364028747289,0.3969000683631809,100,-12184.17631903778,101325,-25.45328699389587,368,0.5,0.5,0.4118136038073375,0.5881863961926626,0.6340015126085223,0.3659984873914776,0.3969000683631809,100,-12184.17631903778,101325,-25.45328699389587,368,0.5,0.5,0.4118136038073375,0.5881863961926626,0.6340015126085223,0.3659984873914776,0.3969000683631809
0.228,146.1957090661339,167.8855917603916,113.2373706509648,73.09785453306694,73.09785453306694,153.1397420816477,178.2097705185411,103.8552737738388,129.4895241883515,0,0,0,100,60.30999316368191,39.69000683631809,50,50,24.83647563033173,35.47351753335018,25.16352436966826,14.52648246664983,8512.75,5208.641836428152,3304.108163571849,3905.7,4607.05,1940.076457387733,3268.565379040419,1965.623542612267,1338.484620959582,-12184.17631903778,-24894.87014131815,7130.052088348826,-6092.088159518888,-6092.088159518888,-23363.60035599317,-25966.9754004296,6520.46119735415,8186.016963279074,0,0,0,1.539535136156243,0.6222491539426789,85.1275,86.36449057939448,83.24786078264026,101325,109521.3965971366,89802.44714147809,155993.3976710313,63049.39552324193,-25.45328699389587,-59.88252140507227,26.86282624166117,-12.72664349694793,-12.72664349694793,-54.26039658339575,-63.81880333688171,23.35876383928222,32.93274439683289,0,0,0,368,1,1,1,1,1,1,1,1,1,1,0.5,0.5,0.4118136038073375,0.5881863961926626,0.6340015126085223,0.3659984873914776,0.6030999316368191,0.4588059087838831,0.5411940912161171,0.3724726172990518,0.6275273827009482,0.5949029042945627,0.4050970957054373,0.6118635971252712,0.3881364028747289,0.3969000683631809,100,-12184.17631903778,101325,-25.45328699389587,368,0.5,0.5,0.4118136038073375,0.5881863961926626,0.6340015126085223,0.3659984873914776,0.3969000683631809,100,-12184.17631903778,101325,-25.45328699389587,368,0.5,0.5,0.4118136038073375,0.5881863961926626,0.6340015126085223,0.3659984873914776,0.3969000683631809
0.23,146.1957090661339,167.8855917603916,113.2373706509648,73.09785453306694,73.09785453306694,153.1397420816477,178.2097705185411,103.8552737738388,129.4895241883515,0,0,0,100,60.30999316368191,39.69000683631809,50,50,24.83647563033173,35.47351753335018,25.16352436966826,14.52648246664983,8512.75,5208.641836428152,3304.108163571849,3905.7,4607.05,1940.076457387733,3268.565379040419,1965.623542612267,1338.484620959582,-12184.17631903778,-24894.87014131815,7130.052088348826,-6092.088159518888,-6092.088159518888,-23363.60035599317,-25966.9754004296,6520.46119735415,8186.016963279074,0,0,0,1.539535136156243,0.6222491539426789,85.1275,86.36449057939448,83.24786078264026,101325,109521.3965971366,89802.44714147809,155993.3976710313,63049.39552324193,-25.45328699389587,-59.88252140507227,26.86282624166117,-12.72664349694793,-12.72664349694793,-54.26039658339575,-63.81880333688171,23.35876383928222,32.93274439683289,0,0,0,368,1,1,1,1,1,1,1,1,1,1,0.5,0.5,0.4118136038073375,0.5881863961926626,0.6340015126085223,0.3659984873914776,0.6030999316368191,0.4588059087838831,0.5411940912161171,0.3724726172990518,0.6275273827009482,0.5949029042945627,0.4050970957054373,0.6118635971252712,0.3881364028747289,0.3969000683631809,100,-12184.17631903778,101325,-25.45328699389587,368,0.5,0.5,0.4118136038073375,0.5881863961926626,0.6340015126085223,0.3659984873914776,0.3969000683631809,100,-12184.17631903778,101325,-25.45328699389587,368,0.5,0.5,0.4118136038073375,0.5881863961926626,0.6340015126085223,0.3659984873914776,0.3969000683631809
0.232,146.1957090661339,167.8855917603916,113.2373706509648,73.09785453306694,73.09785453306694,153.1397420816477,178.2097705185411,103.8552737738388,129.4895241883515,0,0,0,100,60.30999316368191,39.69000683631809,50,50,24.83647563033173,35.47351753335018,25.16352436966826,14.52648246664983,8512.75,5208.641836428152,3304.108163571849,3905.7,4607.05,1940.076457387733,3268.565379040419,1965.623542612267,1338.484620959582,-12184.17631903778,-24894.87014131815,7130.052088348826,-6092.088159518888,-6092.088159518888,-23363.60035599317,-25966.9754004296,6520.46119735415,8186.016963279074,0,0,0,1.539535136156243,0.6222491539426789,85.1275,86.36449057939448,83.24786078264026,101325,109521.3965971366,89802.44714147809,155993.3976710313,63049.39552324193,-25.45328699389587,-59.88252140507227,26.86282624166117,-12.72664349694793,-12.72664349694793,-54.26039658339575,-63.81880333688171,23.35876383928222,32.93274439683289,0,0,0,368,1,1,1,1,1,1,1,1,1,1,0.5,0.5,0.4118136038073375,0.5881863961926626,0.6340015126085223,0.3659984873914776,0.6030999316368191,0.4588059087838831,0.5411940912161171,0.3724726172990518,0.6275273827009482,0.5949029042945627,0.4050970957054373,0.6118635971252712,0.3881364028747289,0.3969000683631809,100,-12184.17631903778,101325,-25.45328699389587,368,0.5,0.5,0.4118136038073375,0.5881863961926626,0.6340015126085223,0.3659984873914776,0.3969000683631809,100,-12184.17631903778,101325,-25.45328699389587,368,0.5,0.5,0.4118136038073375,0.5881863961926626,0.6340015126085223,0.3659984873914776,0.3969000683631809
0.234,146.1957090661339,167.8855917603916,113.2373706509648,73.09785453306694,73.09785453306694,153.1397420816477,178.2097705185411,103.8552737738388,129.4895241883515,0,0,0,100,60.30999316368191,39.69000683631809,50,50,24.83647563033173,35.47351753335018,25.16352436966826,14.52648246664983,8512.75,5208.641836428152,3304.108163571849,3905.7,4607.05,1940.076457387733,3268.565379040419,1965.623542612267,1338.484620959582,-12184.17631903778,-24894.87014131815,7130.052088348826,-6092.088159518888,-6092.088159518888,-23363.60035599317,-25966.9754004296,6520.46119735415,8186.016963279074,0,0,0,1.539535136156243,0.6222491539426789,85.1275,86.36449057939448,83.24786078264026,101325,109521.3965971366,89802.44714147809,155993.3976710313,63049.39552324193,-25.45328699389587,-59.88252140507227,26.86282624166117,-12.72664349694793,-12.72664349694793,-54.26039658339575,-63.81880333688171,23.35876383928222,32.93274439683289,0,0,0,368,1,1,1,1,1,1,1,1,1,1,0.5,0.5,0.4118136038073375,0.5881863961926626,0.6340015126085223,0.3659984873914776,0.6030999316368191,0.4588059087838831,0.5411940912161171,0.3724726172990518,0.6275273827009482,0.5949029042945627,0.4050970957054373,0.6118635971252712,0.3881364028747289,0.3969000683631809,100,-12184.17631903778,101325,-25.45328699389587,368,0.5,0.5,0.4118136038073375,0.5881863961926626,0.6340015126085223,0.3659984873914776,0.3969000683631809,100,-12184.17631903778,101325,-25.45328699389587,368,0.5,0.5,0.4118136038073375,0.5881863961926626,0.6340015126085223,0.3659984873914776,0.3969000683631809
0.236,146.1957090661339,167.8855917603916,113.2373706509648,73.09785453306694,73.09785453306694,153.1397420816477,178.2097705185411,103.8552737738388,129.4895241883515,0,0,0,100,60.30999316368191,39.69000683631809,50,50,24.83647563033173,35.47351753335018,25.16352436966826,14.52648246664983,8512.75,5208.641836428152,3304.108163571849,3905.7,4607.05,1940.076457387733,3268.565379040419,1965.623542612267,1338.484620959582,-12184.17631903778,-24894.87014131815,7130.052088348826,-6092.088159518888,-6092.088159518888,-23363.60035599317,-25966.9754004296,6520.46119735415,8186.016963279074,0,0,0,1.539535136156243,0.6222491539426789,85.1275,86.36449057939448,83.24786078264026,101325,109521.3965971366,89802.44714147809,155993.3976710313,63049.39552324193,-25.45328699389587,-59.88252140507227,26.86282624166117,-12.72664349694793,-12.72664349694793,-54.26039658339575,-63.81880333688171,23.35876383928222,32.93274439683289,0,0,0,368,1,1,1,1,1,1,1,1,1,1,0.5,0.5,0.4118136038073375,0.5881863961926626,0.6340015126085223,0.3659984873914776,0.6030999316368191,0.4588059087838831,0.5411940912161171,0.3724726172990518,0.6275273827009482,0.5949029042945627,0.4050970957054373,0.6118635971252712,0.3881364028747289,0.3969000683631809,100,-12184.17631903778,101325,-25.45328699389587,368,0.5,0.5,0.4118136038073375,0.5881863961926626,0.6340015126085223,0.3659984873914776,0.3969000683631809,100,-12184.17631903778,101325,-25.45328699389587,368,0.5,0.5,0.4118136038073375,0.5881863961926626,0.6340015126085223,0.3659984873914776,0.3969000683631809
0.238,146.1957090661339,167.8855917603916,113.2373706509648,73.09785453306694,73.09785453306694,153.1397420816477,178.2097705185411,103.8552737738388,129.4895241883515,0,0,0,100,60.30999316368191,39.69000683631809,50,50,24.83647563033173,35.47351753335018,25.16352436966826,14.52648246664983,8512.75,5208.641836428152,3304.108163571849,3905.7,4607.05,1940.076457387733,3268.565379040419,1965.623542612267,1338.484620959582,-12184.17631903778,-24894.87014131815,7130.052088348826,-6092.088159518888,-6092.088159518888,-23363.60035599317,-25966.9754004296,6520.46119735415,8186.016963279074,0,0,0,1.539535136156243,0.6222491539426789,85.1275,86.36449057939448,83.24786078264026,101325,109521.3965971366,89802.44714147809,155993.3976710313,63049.39552324193,-25.45328699389587,-59.88252140507227,26.86282624166117,-12.72664349694793,-12.72664349694793,-54.26039658339575,-63.81880333688171,23.35876383928222,32.93274439683289,0,0,0,368,1,1,1,1,1,1,1,1,1,1,0.5,0.5,0.4118136038073375,0.5881863961926626,0.6340015126085223,0.3659984873914776,0.6030999316368191,0.4588059087838831,0.5411940912161171,0.3724726172990518,0.6275273827009482,0.5949029042945627,0.4050970957054373,0.6118635971252712,0.3881364028747289,0.3969000683631809,100,-12184.17631903778,101325,-25.45328699389587,368,0.5,0.5,0.4118136038073375,0.5881863961926626,0.6340015126085223,0.3659984873914776,0.3969000683631809,100,-12184.17631903778,101325,-25.45328699389587,368,0.5,0.5,0.4118136038073375,0.5881863961926626,0.6340015126085223,0.3659984873914776,0.3969000683631809
0.24,146.1957090661339,167.8855917603916,113.2373706509648,73.09785453306694,73.09785453306694,153.1397420816477,178.2097705185411,103.8552737738388,129.4895241883515,0,0,0,100,60.30999316368191,39.69000683631809,50,50,24.83647563033173,35.47351753335018,25.16352436966826,14.52648246664983,8512.75,5208.641836428152,3304.108163571849,3905.7,4607.05,1940.076457387733,3268.565379040419,1965.623542612267,1338.484620959582,-12184.17631903778,-24894.87014131815,7130.052088348826,-6092.088159518888,-6092.088159518888,-23363.60035599317,-25966.9754004296,6520.46119735415,8186.016963279074,0,0,0,1.539535136156243,0.6222491539426789,85.1275,86.36449057939448,83.24786078264026,101325,109521.3965971366,89802.44714147809,155993.3976710313,63049.39552324193,-25.45328699389587,-59.88252140507227,26.86282624166117,-12.72664349694793,-12.72664349694793,-54.26039658339575,-63.81880333688171,23.35876383928222,32.93274439683289,0,0,0,368,1,1,1,1,1,1,1,1,1,1,0.5,0.5,0.4118136038073375,0.5881863961926626,0.6340015126085223,0.3659984873914776,0.6030999316368191,0.4588059087838831,0.5411940912161171,0.3724726172990518,0.6275273827009482,0.5949029042945627,0.4050970957054373,0.6118635971252712,0.3881364028747289,0.3969000683631809,100,-12184.17631903778,101325,-25.45328699389587,368,0.5,0.5,0.4118136038073375,0.5881863961926626,0.6340015126085223,0.3659984873914776,0.3969000683631809,100,-12184.17631903778,101325,-25.45328699389587,368,0.5,0.5,0.4118136038073375,0.5881863961926626,0.6340015126085223,0.3659984873914776,0.3969000683631809
0.242,146.1957090661339,167.8855917603916,113.2373706509648,73.09785453306694,73.09785453306694,153.1397420816477,178.2097705185411,103.8552737738388,129.4895241883515,0,0,0,100,60.30999316368191,39.69000683631809,50,50,24.83647563033173,35.47351753335018,25.16352436966826,14.52648246664983,8512.75,5208.641836428152,3304.108163571849,3905.7,4607.05,1940.076457387733,3268.565379040419,1965.623542612267,1338.484620959582,-12184.17631903778,-24894.87014131815,7130.052088348826,-6092.088159518888,-6092.088159518888,-23363.60035599317,-25966.9754004296,6520.46119735415,8186.016963279074,0,0,0,1.539535136156243,0.6222491539426789,85.1275,86.36449057939448,83.24786078264026,101325,109521.3965971366,89802.44714147809,155993.3976710313,63049.39552324193,-25.45328699389587,-59.88252140507227,26.86282624166117,-12.72664349694793,-12.72664349694793,-54.26039658339575,-63.81880333688171,23.35876383928222,32.93274439683289,0,0,0,368,1,1,1,1,1,1,1,1,1,1,0.5,0.5,0.4118136038073375,0.5881863961926626,0.6340015126085223,0.3659984873914776,0.6030999316368191,0.4588059087838831,0.5411940912161171,0.3724726172990518,0.6275273827009482,0.5949029042945627,0.4050970957054373,0.6118635971252712,0.3881364028747289,0.3969000683631809,100,-12184.17631903778,101325,-25.45328699389587,368,0.5,0.5,0.4118136038073375,0.5881863961926626,0.6340015126085223,0.3659984873914776,0.3969000683631809,100,-12184.17631903778,101325,-25.45328699389587,368,0.5,0.5,0.4118136038073375,0.5881863961926626,0.6340015126085223,0.3659984873914776,0.3969000683631809
0.244,146.1957090661339,167.8855917603916,113.2373706509648,73.09785453306694,73.09785453306694,153.1397420816477,178.2097705185411,103.8552737738388,129.4895241883515,0,0,0,100,60.30999316368191,39.69000683631809,50,50,24.83647563033173,35.47351753335018,25.16352436966826,14.52648246664983,8512.75,5208.641836428152,3304.108163571849,3905.7,4607.05,1940.076457387733,3268.565379040419,1965.623542612267,1338.484620959582,-12184.17631903778,-24894.87014131815,7130.052088348826,-6092.088159518888,-6092.088159518888,-23363.60035599317,-25966.9754004296,6520.46119735415,8186.016963279074,0,0,0,1.539535136156243,0.6222491539426789,85.1275,86.36449057939448,83.24786078264026,101325,109521.3965971366,89802.44714147809,155993.3976710313,63049.39552324193,-25.45328699389587,-59.88252140507227,26.86282624166117,-12.72664349694793,-12.72664349694793,-54.26039658339575,-63.81880333688171,23.35876383928222,32.93274439683289,0,0,0,368,1,1,1,1,1,1,1,1,1,1,0.5,0.5,0.4118136038073375,0.5881863961926626,0.6340015126085223,0.3659984873914776,0.6030999316368191,0.4588059087838831,0.5411940912161171,0.3724726172990518,0.6275273827009482,0.5949029042945627,0.4050970957054373,0.6118635971252712,0.3881364028747289,0.3969000683631809,100,-12184.17631903778,101325,-25.45328699389587,368,0.5,0.5,0.4118136038073375,0.5881863961926626,0.6340015126085223,0.3659984873914776,0.3969000683631809,100,-12184.17631903778,101325,-25.45328699389587,368,0.5,0.5,0.4118136038073375,0.5881863961926626,0.6340015126085223,0.3659984873914776,0.3969000683631809
0.246,146.1957090661339,167.8855917603916,113.2373706509648,73.09785453306694,73.09785453306694,153.1397420816477,178.2097705185411,103.8552737738388,129.4895241883515,0,0,0,100,60.30999316368191,39.69000683631809,50,50,24.83647563033173,35.47351753335018,25.16352436966826,14.52648246664983,8512.75,5208.641836428152,3304.108163571849,3905.7,4607.05,1940.076457387733,3268.565379040419,1965.623542612267,1338.484620959582,-12184.17631903778,-24894.87014131815,7130.052088348826,-6092.088159518888,-6092.088159518888,-23363.60035599317,-25966.9754004296,6520.46119735415,8186.016963279074,0,0,0,1.539535136156243,0.6222491539426789,85.1275,86.36449057939448,83.24786078264026,101325,109521.3965971366,89802.44714147809,155993.3976710313,63049.39552324193,-25.45328699389587,-59.88252140507227,26.86282624166117,-12.72664349694793,-12.72664349694793,-54.26039658339575,-63.81880333688171,23.35876383928222,32.93274439683289,0,0,0,368,1,1,1,1,1,1,1,1,1,1,0.5,0.5,0.4118136038073375,0.5881863961926626,0.6340015126085223,0.3659984873914776,0.6030999316368191,0.4588059087838831,0.5411940912161171,0.3724726172990518,0.6275273827009482,0.5949029042945627,0.4050970957054373,0.6118635971252712,0.3881364028747289,0.3969000683631809,100,-12184.17631903778,101325,-25.45328699389587,368,0.5,0.5,0.4118136038073375,0.5881863961926626,0.6340015126085223,0.3659984873914776,0.3969000683631809,100,-12184.17631903778,101325,-25.45328699389587,368,0.5,0.5,0.4118136038073375,0.5881863961926626,0.6340015126085223,0.3659984873914776,0.3969000683631809
0.248,146.1957090661339,167.8855917603916,113.2373706509648,73.09785453306694,73.09785453306694,153.1397420816477,178.2097705185411,103.8552737738388,129.4895241883515,0,0,0,100,60.30999316368191,39.69000683631809,50,50,24.83647563033173,35.47351753335018,25.16352436966826,14.52648246664983,8512.75,5208.641836428152,3304.108163571849,3905.7,4607.05,1940.076457387733,3268.565379040419,1965.623542612267,1338.484620959582,-12184.17631903778,-24894.87014131815,7130.052088348826,-6092.088159518888,-6092.088159518888,-23363.60035599317,-25966.9754004296,6520.46119735415,8186.016963279074,0,0,0,1.539535136156243,0.6222491539426789,85.1275,86.36449057939448,83.24786078264026,101325,109521.3965971366,89802.44714147809,155993.3976710313,63049.39552324193,-25.45328699389587,-59.88252140507227,26.86282624166117,-12.72664349694793,-12.72664349694793,-54.26039658339575,-63.81880333688171,23.35876383928222,32.93274439683289,0,0,0,368,1,1,1,1,1,1,1,1,1,1,0.5,0.5,0.4118136038073375,0.5881863961926626,0.6340015126085223,0.3659984873914776,0.6030999316368191,0.4588059087838831,0.5411940912161171,0.3724726172990518,0.6275273827009482,0.5949029042945627,0.4050970957054373,0.6118635971252712,0.3881364028747289,0.3969000683631809,100,-12184.17631903778,101325,-25.45328699389587,368,0.5,0.5,0.4118136038073375,0.5881863961926626,0.6340015126085223,0.3659984873914776,0.3969000683631809,100,-12184.17631903778,101325,-25.45328699389587,368,0.5,0.5,0.4118136038073375,0.5881863961926626,0.6340015126085223,0.3659984873914776,0.3969000683631809
0.25,146.1957090661339,167.8855917603916,113.2373706509648,73.09785453306694,73.09785453306694,153.1397420816477,178.2097705185411,103.8552737738388,129.4895241883515,0,0,0,100,60.30999316368191,39.69000683631809,50,50,24.83647563033173,35.47351753335018,25.16352436966826,14.52648246664983,8512.75,5208.641836428152,3304.108163571849,3905.7,4607.05,1940.076457387733,3268.565379040419,1965.623542612267,1338.484620959582,-12184.17631903778,-24894.87014131815,7130.052088348826,-6092.088159518888,-6092.088159518888,-23363.60035599317,-25966.9754004296,6520.46119735415,8186.016963279074,0,0,0,1.539535136156243,0.6222491539426789,85.1275,86.36449057939448,83.24786078264026,101325,109521.3965971366,89802.44714147809,155993.3976710313,63049.39552324193,-25.45328699389587,-59.88252140507227,26.86282624166117,-12.72664349694793,-12.72664349694793,-54.26039658339575,-63.81880333688171,23.35876383928222,32.93274439683289,0,0,0,368,1,1,1,1,1,1,1,1,1,1,0.5,0.5,0.4118136038073375,0.5881863961926626,0.6340015126085223,0.3659984873914776,0.6030999316368191,0.4588059087838831,0.5411940912161171,0.3724726172990518,0.6275273827009482,0.5949029042945627,0.4050970957054373,0.6118635971252712,0.3881364028747289,0.3969000683631809,100,-12184.17631903778,101325,-25.45328699389587,368,0.5,0.5,0.4118136038073375,0.5881863961926626,0.6340015126085223,0.3659984873914776,0.3969000683631809,100,-12184.17631903778,101325,-25.45328699389587,368,0.5,0.5,0.4118136038073375,0.5881863961926626,0.6340015126085223,0.3659984873914776,0.3969000683631809
0.252,146.1957090661339,167.8855917603916,113.2373706509648,73.09785453306694,73.09785453306694,153.1397420816477,178.2097705185411,103.8552737738388,129.4895241883515,0,0,0,100,60.30999316368191,39.69000683631809,50,50,24.83647563033173,35.47351753335018,25.16352436966826,14.52648246664983,8512.75,5208.641836428152,3304.108163571849,3905.7,4607.05,1940.076457387733,3268.565379040419,1965.623542612267,1338.484620959582,-12184.17631903778,-24894.87014131815,7130.052088348826,-6092.088159518888,-6092.088159518888,-23363.60035599317,-25966.9754004296,6520.46119735415,8186.016963279074,0,0,0,1.539535136156243,0.6222491539426789,85.1275,86.36449057939448,83.24786078264026,101325,109521.3965971366,89802.44714147809,155993.3976710313,63049.39552324193,-25.45328699389587,-59.88252140507227,26.86282624166117,-12.72664349694793,-12.72664349694793,-54.26039658339575,-63.81880333688171,23.35876383928222,32.93274439683289,0,0,0,368,1,1,1,1,1,1,1,1,1,1,0.5,0.5,0.4118136038073375,0.5881863961926626,0.6340015126085223,0.3659984873914776,0.6030999316368191,0.4588059087838831,0.5411940912161171,0.3724726172990518,0.6275273827009482,0.5949029042945627,0.4050970957054373,0.6118635971252712,0.3881364028747289,0.3969000683631809,100,-12184.17631903778,101325,-25.45328699389587,368,0.5,0.5,0.4118136038073375,0.5881863961926626,0.6340015126085223,0.3659984873914776,0.3969000683631809,100,-12184.17631903778,101325,-25.45328699389587,368,0.5,0.5,0.4118136038073375,0.5881863961926626,0.6340015126085223,0.3659984873914776,0.3969000683631809
0.254,146.1957090661339,167.8855917603916,113.2373706509648,73.09785453306694,73.09785453306694,153.1397420816477,178.2097705185411,103.8552737738388,129.4895241883515,0,0,0,100,60.30999316368191,39.69000683631809,50,50,24.83647563033173,35.47351753335018,25.16352436966826,14.52648246664983,8512.75,5208.641836428152,3304.108163571849,3905.7,4607.05,1940.076457387733,3268.565379040419,1965.623542612267,1338.484620959582,-12184.17631903778,-24894.87014131815,7130.052088348826,-6092.088159518888,-6092.088159518888,-23363.60035599317,-25966.9754004296,6520.46119735415,8186.016963279074,0,0,0,1.539535136156243,0.6222491539426789,85.1275,86.36449057939448,83.24786078264026,101325,109521.3965971366,89802.44714147809,155993.3976710313,63049.39552324193,-25.45328699389587,-59.88252140507227,26.86282624166117,-12.72664349694793,-12.72664349694793,-54.26039658339575,-63.81880333688171,23.35876383928222,32.93274439683289,0,0,0,368,1,1,1,1,1,1,1,1,1,1,0.5,0.5,0.4118136038073375,0.5881863961926626,0.6340015126085223,0.3659984873914776,0.6030999316368191,0.4588059087838831,0.5411940912161171,0.3724726172990518,0.6275273827009482,0.5949029042945627,0.4050970957054373,0.6118635971252712,0.3881364028747289,0.3969000683631809,100,-12184.17631903778,101325,-25.45328699389587,368,0.5,0.5,0.4118136038073375,0.5881863961926626,0.6340015126085223,0.3659984873914776,0.3969000683631809,100,-12184.17631903778,101325,-25.45328699389587,368,0.5,0.5,0.4118136038073375,0.5881863961926626,0.6340015126085223,0.3659984873914776,0.3969000683631809
0.256,146.1957090661339,167.8855917603916,113.2373706509648,73.09785453306694,73.09785453306694,153.1397420816477,178.2097705185411,103.8552737738388,129.4895241883515,0,0,0,100,60.30999316368191,39.69000683631809,50,50,24.83647563033173,35.47351753335018,25.16352436966826,14.52648246664983,8512.75,5208.641836428152,3304.108163571849,3905.7,4607.05,1940.076457387733,3268.565379040419,1965.623542612267,1338.484620959582,-12184.17631903778,-24894.87014131815,7130.052088348826,-6092.088159518888,-6092.088159518888,-23363.60035599317,-25966.9754004296,6520.46119735415,8186.016963279074,0,0,0,1.539535136156243,0.6222491539426789,85.1275,86.36449057939448,83.24786078264026,101325,109521.3965971366,89802.44714147809,155993.3976710313,63049.39552324193,-25.45328699389587,-59.88252140507227,26.86282624166117,-12.72664349694793,-12.72664349694793,-54.26039658339575,-63.81880333688171,23.35876383928222,32.93274439683289,0,0,0,368,1,1,1,1,1,1,1,1,1,1,0.5,0.5,0.4118136038073375,0.5881863961926626,0.6340015126085223,0.3659984873914776,0.6030999316368191,0.4588059087838831,0.5411940912161171,0.3724726172990518,0.6275273827009482,0.5949029042945627,0.4050970957054373,0.6118635971252712,0.3881364028747289,0.3969000683631809,100,-12184.17631903778,101325,-25.45328699389587,368,0.5,0.5,0.4118136038073375,0.5881863961926626,0.6340015126085223,0.3659984873914776,0.3969000683631809,100,-12184.17631903778,101325,-25.45328699389587,368,0.5,0.5,0.4118136038073375,0.5881863961926626,0.6340015126085223,0.3659984873914776,0.3969000683631809
0.258,146.1957090661339,167.8855917603916,113.2373706509648,73.09785453306694,73.09785453306694,153.1397420816477,178.2097705185411,103.8552737738388,129.4895241883515,0,0,0,100,60.30999316368191,39.69000683631809,50,50,24.83647563033173,35.47351753335018,25.16352436966826,14.52648246664983,8512.75,5208.641836428152,3304.108163571849,3905.7,4607.05,1940.076457387733,3268.565379040419,1965.623542612267,1338.484620959582,-12184.17631903778,-24894.87014131815,7130.052088348826,-6092.088159518888,-6092.088159518888,-23363.60035599317,-25966.9754004296,6520.46119735415,8186.016963279074,0,0,0,1.539535136156243,0.6222491539426789,85.1275,86.36449057939448,83.24786078264026,101325,109521.3965971366,89802.44714147809,155993.3976710313,63049.39552324193,-25.45328699389587,-59.88252140507227,26.86282624166117,-12.72664349694793,-12.72664349694793,-54.26039658339575,-63.81880333688171,23.35876383928222,32.93274439683289,0,0,0,368,1,1,1,1,1,1,1,1,1,1,0.5,0.5,0.4118136038073375,0.5881863961926626,0.6340015126085223,0.3659984873914776,0.6030999316368191,0.4588059087838831,0.5411940912161171,0.3724726172990518,0.6275273827009482,0.5949029042945627,0.4050970957054373,0.6118635971252712,0.3881364028747289,0.3969000683631809,100,-12184.17631903778,101325,-25.45328699389587,368,0.5,0.5,0.4118136038073375,0.5881863961926626,0.6340015126085223,0.3659984873914776,0.3969000683631809,100,-12184.17631903778,101325,-25.45328699389587,368,0.5,0.5,0.4118136038073375,0.5881863961926626,0.6340015126085223,0.3659984873914776,0.3969000683631809
0.26,146.1957090661339,167.8855917603916,113.2373706509648,73.09785453306694,73.09785453306694,153.1397420816477,178.2097705185411,103.8552737738388,129.4895241883515,0,0,0,100,60.30999316368191,39.69000683631809,50,50,24.83647563033173,35.47351753335018,25.16352436966826,14.52648246664983,8512.75,5208.641836428152,3304.108163571849,3905.7,4607.05,1940.076457387733,3268.565379040419,1965.623542612267,1338.484620959582,-12184.17631903778,-24894.87014131815,7130.052088348826,-6092.088159518888,-6092.088159518888,-23363.60035599317,-25966.9754004296,6520.46119735415,8186.016963279074,0,0,0,1.539535136156243,0.6222491539426789,85.1275,86.36449057939448,83.24786078264026,101325,109521.3965971366,89802.44714147809,155993.3976710313,63049.39552324193,-25.45328699389587,-59.88252140507227,26.86282624166117,-12.72664349694793,-12.72664349694793,-54.26039658339575,-63.81880333688171,23.35876383928222,32.93274439683289,0,0,0,368,1,1,1,1,1,1,1,1,1,1,0.5,0.5,0.4118136038073375,0.5881863961926626,0.6340015126085223,0.3659984873914776,0.6030999316368191,0.4588059087838831,0.5411940912161171,0.3724726172990518,0.6275273827009482,0.5949029042945627,0.4050970957054373,0.6118635971252712,0.3881364028747289,0.3969000683631809,100,-12184.17631903778,101325,-25.45328699389587,368,0.5,0.5,0.4118136038073375,0.5881863961926626,0.6340015126085223,0.3659984873914776,0.3969000683631809,100,-12184.17631903778,101325,-25.45328699389587,368,0.5,0.5,0.4118136038073375,0.5881863961926626,0.6340015126085223,0.3659984873914776,0.3969000683631809
0.262,146.1957090661339,167.8855917603916,113.2373706509648,73.09785453306694,73.09785453306694,153.1397420816477,178.2097705185411,103.8552737738388,129.4895241883515,0,0,0,100,60.30999316368191,39.69000683631809,50,50,24.83647563033173,35.47351753335018,25.16352436966826,14.52648246664983,8512.75,5208.641836428152,3304.108163571849,3905.7,4607.05,1940.076457387733,3268.565379040419,1965.623542612267,1338.484620959582,-12184.17631903778,-24894.87014131815,7130.052088348826,-6092.088159518888,-6092.088159518888,-23363.60035599317,-25966.9754004296,6520.46119735415,8186.016963279074,0,0,0,1.539535136156243,0.6222491539426789,85.1275,86.36449057939448,83.24786078264026,101325,109521.3965971366,89802.44714147809,155993.3976710313,63049.39552324193,-25.45328699389587,-59.88252140507227,26.86282624166117,-12.72664349694793,-12.72664349694793,-54.26039658339575,-63.81880333688171,23.35876383928222,32.93274439683289,0,0,0,368,1,1,1,1,1,1,1,1,1,1,0.5,0.5,0.4118136038073375,0.5881863961926626,0.6340015126085223,0.3659984873914776,0.6030999316368191,0.4588059087838831,0.5411940912161171,0.3724726172990518,0.6275273827009482,0.5949029042945627,0.4050970957054373,0.6118635971252712,0.3881364028747289,0.3969000683631809,100,-12184.17631903778,101325,-25.45328699389587,368,0.5,0.5,0.4118136038073375,0.5881863961926626,0.6340015126085223,0.3659984873914776,0.3969000683631809,100,-12184.17631903778,101325,-25.45328699389587,368,0.5,0.5,0.4118136038073375,0.5881863961926626,0.6340015126085223,0.3659984873914776,0.3969000683631809
0.264,146.1957090661339,167.8855917603916,113.2373706509648,73.09785453306694,73.09785453306694,153.1397420816477,178.2097705185411,103.8552737738388,129.4895241883515,0,0,0,100,60.30999316368191,39.69000683631809,50,50,24.83647563033173,35.47351753335018,25.16352436966826,14.52648246664983,8512.75,5208.641836428152,3304.108163571849,3905.7,4607.05,1940.076457387733,3268.565379040419,1965.623542612267,1338.484620959582,-12184.17631903778,-24894.87014131815,7130.052088348826,-6092.088159518888,-6092.088159518888,-23363.60035599317,-25966.9754004296,6520.46119735415,8186.016963279074,0,0,0,1.539535136156243,0.6222491539426789,85.1275,86.36449057939448,83.24786078264026,101325,109521.3965971366,89802.44714147809,155993.3976710313,63049.39552324193,-25.45328699389587,-59.88252140507227,26.86282624166117,-12.72664349694793,-12.72664349694793,-54.26039658339575,-63.81880333688171,23.35876383928222,32.93274439683289,0,0,0,368,1,1,1,1,1,1,1,1,1,1,0.5,0.5,0.4118136038073375,0.5881863961926626,0.6340015126085223,0.3659984873914776,0.6030999316368191,0.4588059087838831,0.5411940912161171,0.3724726172990518,0.6275273827009482,0.5949029042945627,0.4050970957054373,0.6118635971252712,0.3881364028747289,0.3969000683631809,100,-12184.17631903778,101325,-25.45328699389587,368,0.5,0.5,0.4118136038073375,0.5881863961926626,0.6340015126085223,0.3659984873914776,0.3969000683631809,100,-12184.17631903778,101325,-25.45328699389587,368,0.5,0.5,0.4118136038073375,0.5881863961926626,0.6340015126085223,0.3659984873914776,0.3969000683631809
0.266,146.1957090661339,167.8855917603916,113.2373706509648,73.09785453306694,73.09785453306694,153.1397420816477,178.2097705185411,103.8552737738388,129.4895241883515,0,0,0,100,60.30999316368191,39.69000683631809,50,50,24.83647563033173,35.47351753335018,25.16352436966826,14.52648246664983,8512.75,5208.641836428152,3304.108163571849,3905.7,4607.05,1940.076457387733,3268.565379040419,1965.623542612267,1338.484620959582,-12184.17631903778,-24894.87014131815,7130.052088348826,-6092.088159518888,-6092.088159518888,-23363.60035599317,-25966.9754004296,6520.46119735415,8186.016963279074,0,0,0,1.539535136156243,0.6222491539426789,85.1275,86.36449057939448,83.24786078264026,101325,109521.3965971366,89802.44714147809,155993.3976710313,63049.39552324193,-25.45328699389587,-59.88252140507227,26.86282624166117,-12.72664349694793,-12.72664349694793,-54.26039658339575,-63.81880333688171,23.35876383928222,32.93274439683289,0,0,0,368,1,1,1,1,1,1,1,1,1,1,0.5,0.5,0.4118136038073375,0.5881863961926626,0.6340015126085223,0.3659984873914776,0.6030999316368191,0.4588059087838831,0.5411940912161171,0.3724726172990518,0.6275273827009482,0.5949029042945627,0.4050970957054373,0.6118635971252712,0.3881364028747289,0.3969000683631809,100,-12184.17631903778,101325,-25.45328699389587,368,0.5,0.5,0.4118136038073375,0.5881863961926626,0.6340015126085223,0.3659984873914776,0.3969000683631809,100,-12184.17631903778,101325,-25.45328699389587,368,0.5,0.5,0.4118136038073375,0.5881863961926626,0.6340015126085223,0.3659984873914776,0.3969000683631809
0.268,146.1957090661339,167.8855917603916,113.2373706509648,73.09785453306694,73.09785453306694,153.1397420816477,178.2097705185411,103.8552737738388,129.4895241883515,0,0,0,100,60.30999316368191,39.69000683631809,50,50,24.83647563033173,35.47351753335018,25.16352436966826,14.52648246664983,8512.75,5208.641836428152,3304.108163571849,3905.7,4607.05,1940.076457387733,3268.565379040419,1965.623542612267,1338.484620959582,-12184.17631903778,-24894.87014131815,7130.052088348826,-6092.088159518888,-6092.088159518888,-23363.60035599317,-25966.9754004296,6520.46119735415,8186.016963279074,0,0,0,1.539535136156243,0.6222491539426789,85.1275,86.36449057939448,83.24786078264026,101325,109521.3965971366,89802.44714147809,155993.3976710313,63049.39552324193,-25.45328699389587,-59.88252140507227,26.86282624166117,-12.72664349694793,-12.72664349694793,-54.26039658339575,-63.81880333688171,23.35876383928222,32.93274439683289,0,0,0,368,1,1,1,1,1,1,1,1,1,1,0.5,0.5,0.4118136038073375,0.5881863961926626,0.6340015126085223,0.3659984873914776,0.6030999316368191,0.4588059087838831,0.5411940912161171,0.3724726172990518,0.6275273827009482,0.5949029042945627,0.4050970957054373,0.6118635971252712,0.3881364028747289,0.3969000683631809,100,-12184.17631903778,101325,-25.45328699389587,368,0.5,0.5,0.4118136038073375,0.5881863961926626,0.6340015126085223,0.3659984873914776,0.3969000683631809,100,-12184.17631903778,101325,-25.45328699389587,368,0.5,0.5,0.4118136038073375,0.5881863961926626,0.6340015126085223,0.3659984873914776,0.3969000683631809
0.27,146.1957090661339,167.8855917603916,113.2373706509648,73.09785453306694,73.09785453306694,153.1397420816477,178.2097705185411,103.8552737738388,129.4895241883515,0,0,0,100,60.30999316368191,39.69000683631809,50,50,24.83647563033173,35.47351753335018,25.16352436966826,14.52648246664983,8512.75,5208.641836428152,3304.108163571849,3905.7,4607.05,1940.076457387733,3268.565379040419,1965.623542612267,1338.484620959582,-12184.17631903778,-24894.87014131815,7130.052088348826,-6092.088159518888,-6092.088159518888,-23363.60035599317,-25966.9754004296,6520.46119735415,8186.016963279074,0,0,0,1.539535136156243,0.6222491539426789,85.1275,86.36449057939448,83.24786078264026,101325,109521.3965971366,89802.44714147809,155993.3976710313,63049.39552324193,-25.45328699389587,-59.88252140507227,26.86282624166117,-12.72664349694793,-12.72664349694793,-54.26039658339575,-63.81880333688171,23.35876383928222,32.93274439683289,0,0,0,368,1,1,1,1,1,1,1,1,1,1,0.5,0.5,0.4118136038073375,0.5881863961926626,0.6340015126085223,0.3659984873914776,0.6030999316368191,0.4588059087838831,0.5411940912161171,0.3724726172990518,0.6275273827009482,0.5949029042945627,0.4050970957054373,0.6118635971252712,0.3881364028747289,0.3969000683631809,100,-12184.17631903778,101325,-25.45328699389587,368,0.5,0.5,0.4118136038073375,0.5881863961926626,0.6340015126085223,0.3659984873914776,0.3969000683631809,100,-12184.17631903778,101325,-25.45328699389587,368,0.5,0.5,0.4118136038073375,0.5881863961926626,0.6340015126085223,0.3659984873914776,0.3969000683631809
0.272,146.1957090661339,167.8855917603916,113.2373706509648,73.09785453306694,73.09785453306694,153.1397420816477,178.2097705185411,103.8552737738388,129.4895241883515,0,0,0,100,60.30999316368191,39.69000683631809,50,50,24.83647563033173,35.47351753335018,25.16352436966826,14.52648246664983,8512.75,5208.641836428152,3304.108163571849,3905.7,4607.05,1940.076457387733,3268.565379040419,1965.623542612267,1338.484620959582,-12184.17631903778,-24894.87014131815,7130.052088348826,-6092.088159518888,-6092.088159518888,-23363.60035599317,-25966.9754004296,6520.46119735415,8186.016963279074,0,0,0,1.539535136156243,0.6222491539426789,85.1275,86.36449057939448,83.24786078264026,101325,109521.3965971366,89802.44714147809,155993.3976710313,63049.39552324193,-25.45328699389587,-59.88252140507227,26.86282624166117,-12.72664349694793,-12.72664349694793,-54.26039658339575,-63.81880333688171,23.35876383928222,32.93274439683289,0,0,0,368,1,1,1,1,1,1,1,1,1,1,0.5,0.5,0.4118136038073375,0.5881863961926626,0.6340015126085223,0.3659984873914776,0.6030999316368191,0.4588059087838831,0.5411940912161171,0.3724726172990518,0.6275273827009482,0.5949029042945627,0.4050970957054373,0.6118635971252712,0.3881364028747289,0.3969000683631809,100,-12184.17631903778,101325,-25.45328699389587,368,0.5,0.5,0.4118136038073375,0.5881863961926626,0.6340015126085223,0.3659984873914776,0.3969000683631809,100,-12184.17631903778,101325,-25.45328699389587,368,0.5,0.5,0.4118136038073375,0.5881863961926626,0.6340015126085223,0.3659984873914776,0.3969000683631809
0.274,146.1957090661339,167.8855917603916,113.2373706509648,73.09785453306694,73.09785453306694,153.1397420816477,178.2097705185411,103.8552737738388,129.4895241883515,0,0,0,100,60.30999316368191,39.69000683631809,50,50,24.83647563033173,35.47351753335018,25.16352436966826,14.52648246664983,8512.75,5208.641836428152,3304.108163571849,3905.7,4607.05,1940.076457387733,3268.565379040419,1965.623542612267,1338.484620959582,-12184.17631903778,-24894.87014131815,7130.052088348826,-6092.088159518888,-6092.088159518888,-23363.60035599317,-25966.9754004296,6520.46119735415,8186.016963279074,0,0,0,1.539535136156243,0.6222491539426789,85.1275,86.36449057939448,83.24786078264026,101325,109521.3965971366,89802.44714147809,155993.3976710313,63049.39552324193,-25.45328699389587,-59.88252140507227,26.86282624166117,-12.72664349694793,-12.72664349694793,-54.26039658339575,-63.81880333688171,23.35876383928222,32.93274439683289,0,0,0,368,1,1,1,1,1,1,1,1,1,1,0.5,0.5,0.4118136038073375,0.5881863961926626,0.6340015126085223,0.3659984873914776,0.6030999316368191,0.4588059087838831,0.5411940912161171,0.3724726172990518,0.6275273827009482,0.5949029042945627,0.4050970957054373,0.6118635971252712,0.3881364028747289,0.3969000683631809,100,-12184.17631903778,101325,-25.45328699389587,368,0.5,0.5,0.4118136038073375,0.5881863961926626,0.6340015126085223,0.3659984873914776,0.3969000683631809,100,-12184.17631903778,101325,-25.45328699389587,368,0.5,0.5,0.4118136038073375,0.5881863961926626,0.6340015126085223,0.3659984873914776,0.3969000683631809
0.276,146.1957090661339,167.8855917603916,113.2373706509648,73.09785453306694,73.09785453306694,153.1397420816477,178.2097705185411,103.8552737738388,129.4895241883515,0,0,0,100,60.30999316368191,39.69000683631809,50,50,24.83647563033173,35.47351753335018,25.16352436966826,14.52648246664983,8512.75,5208.641836428152,3304.108163571849,3905.7,4607.05,1940.076457387733,3268.565379040419,1965.623542612267,1338.484620959582,-12184.17631903778,-24894.87014131815,7130.052088348826,-6092.088159518888,-6092.088159518888,-23363.60035599317,-25966.9754004296,6520.46119735415,8186.016963279074,0,0,0,1.539535136156243,0.6222491539426789,85.1275,86.36449057939448,83.24786078264026,101325,109521.3965971366,89802.44714147809,155993.3976710313,63049.39552324193,-25.45328699389587,-59.88252140507227,26.86282624166117,-12.72664349694793,-12.72664349694793,-54.26039658339575,-63.81880333688171,23.35876383928222,32.93274439683289,0,0,0,368,1,1,1,1,1,1,1,1,1,1,0.5,0.5,0.4118136038073375,0.5881863961926626,0.6340015126085223,0.3659984873914776,0.6030999316368191,0.4588059087838831,0.5411940912161171,0.3724726172990518,0.6275273827009482,0.5949029042945627,0.4050970957054373,0.6118635971252712,0.3881364028747289,0.3969000683631809,100,-12184.17631903778,101325,-25.45328699389587,368,0.5,0.5,0.4118136038073375,0.5881863961926626,0.6340015126085223,0.3659984873914776,0.3969000683631809,100,-12184.17631903778,101325,-25.45328699389587,368,0.5,0.5,0.4118136038073375,0.5881863961926626,0.6340015126085223,0.3659984873914776,0.3969000683631809
0.278,146.1957090661339,167.8855917603916,113.2373706509648,73.09785453306694,73.09785453306694,153.1397420816477,178.2097705185411,103.8552737738388,129.4895241883515,0,0,0,100,60.30999316368191,39.69000683631809,50,50,24.83647563033173,35.47351753335018,25.16352436966826,14.52648246664983,8512.75,5208.641836428152,3304.108163571849,3905.7,4607.05,1940.076457387733,3268.565379040419,1965.623542612267,1338.484620959582,-12184.17631903778,-24894.87014131815,7130.052088348826,-6092.088159518888,-6092.088159518888,-23363.60035599317,-25966.9754004296,6520.46119735415,8186.016963279074,0,0,0,1.539535136156243,0.6222491539426789,85.1275,86.36449057939448,83.24786078264026,101325,109521.3965971366,89802.44714147809,155993.3976710313,63049.39552324193,-25.45328699389587,-59.88252140507227,26.86282624166117,-12.72664349694793,-12.72664349694793,-54.26039658339575,-63.81880333688171,23.35876383928222,32.93274439683289,0,0,0,368,1,1,1,1,1,1,1,1,1,1,0.5,0.5,0.4118136038073375,0.5881863961926626,0.6340015126085223,0.3659984873914776,0.6030999316368191,0.4588059087838831,0.5411940912161171,0.3724726172990518,0.6275273827009482,0.5949029042945627,0.4050970957054373,0.6118635971252712,0.3881364028747289,0.3969000683631809,100,-12184.17631903778,101325,-25.45328699389587,368,0.5,0.5,0.4118136038073375,0.5881863961926626,0.6340015126085223,0.3659984873914776,0.3969000683631809,100,-12184.17631903778,101325,-25.45328699389587,368,0.5,0.5,0.4118136038073375,0.5881863961926626,0.6340015126085223,0.3659984873914776,0.3969000683631809
0.28,146.1957090661339,167.8855917603916,113.2373706509648,73.09785453306694,73.09785453306694,153.1397420816477,178.2097705185411,103.8552737738388,129.4895241883515,0,0,0,100,60.30999316368191,39.69000683631809,50,50,24.83647563033173,35.47351753335018,25.16352436966826,14.52648246664983,8512.75,5208.641836428152,3304.108163571849,3905.7,4607.05,1940.076457387733,3268.565379040419,1965.623542612267,1338.484620959582,-12184.17631903778,-24894.87014131815,7130.052088348826,-6092.088159518888,-6092.088159518888,-23363.60035599317,-25966.9754004296,6520.46119735415,8186.016963279074,0,0,0,1.539535136156243,0.6222491539426789,85.1275,86.36449057939448,83.24786078264026,101325,109521.3965971366,89802.44714147809,155993.3976710313,63049.39552324193,-25.45328699389587,-59.88252140507227,26.86282624166117,-12.72664349694793,-12.72664349694793,-54.26039658339575,-63.81880333688171,23.35876383928222,32.93274439683289,0,0,0,368,1,1,1,1,1,1,1,1,1,1,0.5,0.5,0.4118136038073375,0.5881863961926626,0.6340015126085223,0.3659984873914776,0.6030999316368191,0.4588059087838831,0.5411940912161171,0.3724726172990518,0.6275273827009482,0.5949029042945627,0.4050970957054373,0.6118635971252712,0.3881364028747289,0.3969000683631809,100,-12184.17631903778,101325,-25.45328699389587,368,0.5,0.5,0.4118136038073375,0.5881863961926626,0.6340015126085223,0.3659984873914776,0.3969000683631809,100,-12184.17631903778,101325,-25.45328699389587,368,0.5,0.5,0.4118136038073375,0.5881863961926626,0.6340015126085223,0.3659984873914776,0.3969000683631809
0.282,146.1957090661339,167.8855917603916,113.2373706509648,73.09785453306694,73.09785453306694,153.1397420816477,178.2097705185411,103.8552737738388,129.4895241883515,0,0,0,100,60.30999316368191,39.69000683631809,50,50,24.83647563033173,35.47351753335018,25.16352436966826,14.52648246664983,8512.75,5208.641836428152,3304.108163571849,3905.7,4607.05,1940.076457387733,3268.565379040419,1965.623542612267,1338.484620959582,-12184.17631903778,-24894.87014131815,7130.052088348826,-6092.088159518888,-6092.088159518888,-23363.60035599317,-25966.9754004296,6520.46119735415,8186.016963279074,0,0,0,1.539535136156243,0.6222491539426789,85.1275,86.36449057939448,83.24786078264026,101325,109521.3965971366,89802.44714147809,155993.3976710313,63049.39552324193,-25.45328699389587,-59.88252140507227,26.86282624166117,-12.72664349694793,-12.72664349694793,-54.26039658339575,-63.81880333688171,23.35876383928222,32.93274439683289,0,0,0,368,1,1,1,1,1,1,1,1,1,1,0.5,0.5,0.4118136038073375,0.5881863961926626,0.6340015126085223,0.3659984873914776,0.6030999316368191,0.4588059087838831,0.5411940912161171,0.3724726172990518,0.6275273827009482,0.5949029042945627,0.4050970957054373,0.6118635971252712,0.3881364028747289,0.3969000683631809,100,-12184.17631903778,101325,-25.45328699389587,368,0.5,0.5,0.4118136038073375,0.5881863961926626,0.6340015126085223,0.3659984873914776,0.3969000683631809,100,-12184.17631903778,101325,-25.45328699389587,368,0.5,0.5,0.4118136038073375,0.5881863961926626,0.6340015126085223,0.3659984873914776,0.3969000683631809
0.284,146.1957090661339,167.8855917603916,113.2373706509648,73.09785453306694,73.09785453306694,153.1397420816477,178.2097705185411,103.8552737738388,129.4895241883515,0,0,0,100,60.30999316368191,39.69000683631809,50,50,24.83647563033173,35.47351753335018,25.16352436966826,14.52648246664983,8512.75,5208.641836428152,3304.108163571849,3905.7,4607.05,1940.076457387733,3268.565379040419,1965.623542612267,1338.484620959582,-12184.17631903778,-24894.87014131815,7130.052088348826,-6092.088159518888,-6092.088159518888,-23363.60035599317,-25966.9754004296,6520.46119735415,8186.016963279074,0,0,0,1.539535136156243,0.6222491539426789,85.1275,86.36449057939448,83.24786078264026,101325,109521.3965971366,89802.44714147809,155993.3976710313,63049.39552324193,-25.45328699389587,-59.88252140507227,26.86282624166117,-12.72664349694793,-12.72664349694793,-54.26039658339575,-63.81880333688171,23.35876383928222,32.93274439683289,0,0,0,368,1,1,1,1,1,1,1,1,1,1,0.5,0.5,0.4118136038073375,0.5881863961926626,0.6340015126085223,0.3659984873914776,0.6030999316368191,0.4588059087838831,0.5411940912161171,0.3724726172990518,0.6275273827009482,0.5949029042945627,0.4050970957054373,0.6118635971252712,0.3881364028747289,0.3969000683631809,100,-12184.17631903778,101325,-25.45328699389587,368,0.5,0.5,0.4118136038073375,0.5881863961926626,0.6340015126085223,0.3659984873914776,0.3969000683631809,100,-12184.17631903778,101325,-25.45328699389587,368,0.5,0.5,0.4118136038073375,0.5881863961926626,0.6340015126085223,0.3659984873914776,0.3969000683631809
0.286,146.1957090661339,167.8855917603916,113.2373706509648,73.09785453306694,73.09785453306694,153.1397420816477,178.2097705185411,103.8552737738388,129.4895241883515,0,0,0,100,60.30999316368191,39.69000683631809,50,50,24.83647563033173,35.47351753335018,25.16352436966826,14.52648246664983,8512.75,5208.641836428152,3304.108163571849,3905.7,4607.05,1940.076457387733,3268.565379040419,1965.623542612267,1338.484620959582,-12184.17631903778,-24894.87014131815,7130.052088348826,-6092.088159518888,-6092.088159518888,-23363.60035599317,-25966.9754004296,6520.46119735415,8186.016963279074,0,0,0,1.539535136156243,0.6222491539426789,85.1275,86.36449057939448,83.24786078264026,101325,109521.3965971366,89802.44714147809,155993.3976710313,63049.39552324193,-25.45328699389587,-59.88252140507227,26.86282624166117,-12.72664349694793,-12.72664349694793,-54.26039658339575,-63.81880333688171,23.35876383928222,32.93274439683289,0,0,0,368,1,1,1,1,1,1,1,1,1,1,0.5,0.5,0.4118136038073375,0.5881863961926626,0.6340015126085223,0.3659984873914776,0.6030999316368191,0.4588059087838831,0.5411940912161171,0.3724726172990518,0.6275273827009482,0.5949029042945627,0.4050970957054373,0.6118635971252712,0.3881364028747289,0.3969000683631809,100,-12184.17631903778,101325,-25.45328699389587,368,0.5,0.5,0.4118136038073375,0.5881863961926626,0.6340015126085223,0.3659984873914776,0.3969000683631809,100,-12184.17631903778,101325,-25.45328699389587,368,0.5,0.5,0.4118136038073375,0.5881863961926626,0.6340015126085223,0.3659984873914776,0.3969000683631809
0.288,146.1957090661339,167.8855917603916,113.2373706509648,73.09785453306694,73.09785453306694,153.1397420816477,178.2097705185411,103.8552737738388,129.4895241883515,0,0,0,100,60.30999316368191,39.69000683631809,50,50,24.83647563033173,35.47351753335018,25.16352436966826,14.52648246664983,8512.75,5208.641836428152,3304.108163571849,3905.7,4607.05,1940.076457387733,3268.565379040419,1965.623542612267,1338.484620959582,-12184.17631903778,-24894.87014131815,7130.052088348826,-6092.088159518888,-6092.088159518888,-23363.60035599317,-25966.9754004296,6520.46119735415,8186.016963279074,0,0,0,1.539535136156243,0.6222491539426789,85.1275,86.36449057939448,83.24786078264026,101325,109521.3965971366,89802.44714147809,155993.3976710313,63049.39552324193,-25.45328699389587,-59.88252140507227,26.86282624166117,-12.72664349694793,-12.72664349694793,-54.26039658339575,-63.81880333688171,23.35876383928222,32.93274439683289,0,0,0,368,1,1,1,1,1,1,1,1,1,1,0.5,0.5,0.4118136038073375,0.5881863961926626,0.6340015126085223,0.3659984873914776,0.6030999316368191,0.4588059087838831,0.5411940912161171,0.3724726172990518,0.6275273827009482,0.5949029042945627,0.4050970957054373,0.6118635971252712,0.3881364028747289,0.3969000683631809,100,-12184.17631903778,101325,-25.45328699389587,368,0.5,0.5,0.4118136038073375,0.5881863961926626,0.6340015126085223,0.3659984873914776,0.3969000683631809,100,-12184.17631903778,101325,-25.45328699389587,368,0.5,0.5,0.4118136038073375,0.5881863961926626,0.6340015126085223,0.3659984873914776,0.3969000683631809
0.29,146.1957090661339,167.8855917603916,113.2373706509648,73.09785453306694,73.09785453306694,153.1397420816477,178.2097705185411,103.8552737738388,129.4895241883515,0,0,0,100,60.30999316368191,39.69000683631809,50,50,24.83647563033173,35.47351753335018,25.16352436966826,14.52648246664983,8512.75,5208.641836428152,3304.108163571849,3905.7,4607.05,1940.076457387733,3268.565379040419,1965.623542612267,1338.484620959582,-12184.17631903778,-24894.87014131815,7130.052088348826,-6092.088159518888,-6092.088159518888,-23363.60035599317,-25966.9754004296,6520.46119735415,8186.016963279074,0,0,0,1.539535136156243,0.6222491539426789,85.1275,86.36449057939448,83.24786078264026,101325,109521.3965971366,89802.44714147809,155993.3976710313,63049.39552324193,-25.45328699389587,-59.88252140507227,26.86282624166117,-12.72664349694793,-12.72664349694793,-54.26039658339575,-63.81880333688171,23.35876383928222,32.93274439683289,0,0,0,368,1,1,1,1,1,1,1,1,1,1,0.5,0.5,0.4118136038073375,0.5881863961926626,0.6340015126085223,0.3659984873914776,0.6030999316368191,0.4588059087838831,0.5411940912161171,0.3724726172990518,0.6275273827009482,0.5949029042945627,0.4050970957054373,0.6118635971252712,0.3881364028747289,0.3969000683631809,100,-12184.17631903778,101325,-25.45328699389587,368,0.5,0.5,0.4118136038073375,0.5881863961926626,0.6340015126085223,0.3659984873914776,0.3969000683631809,100,-12184.17631903778,101325,-25.45328699389587,368,0.5,0.5,0.4118136038073375,0.5881863961926626,0.6340015126085223,0.3659984873914776,0.3969000683631809
0.292,146.1957090661339,167.8855917603916,113.2373706509648,73.09785453306694,73.09785453306694,153.1397420816477,178.2097705185411,103.8552737738388,129.4895241883515,0,0,0,100,60.30999316368191,39.69000683631809,50,50,24.83647563033173,35.47351753335018,25.16352436966826,14.52648246664983,8512.75,5208.641836428152,3304.108163571849,3905.7,4607.05,1940.076457387733,3268.565379040419,1965.623542612267,1338.484620959582,-12184.17631903778,-24894.87014131815,7130.052088348826,-6092.088159518888,-6092.088159518888,-23363.60035599317,-25966.9754004296,6520.46119735415,8186.016963279074,0,0,0,1.539535136156243,0.6222491539426789,85.1275,86.36449057939448,83.24786078264026,101325,109521.3965971366,89802.44714147809,155993.3976710313,63049.39552324193,-25.45328699389587,-59.88252140507227,26.86282624166117,-12.72664349694793,-12.72664349694793,-54.26039658339575,-63.81880333688171,23.35876383928222,32.93274439683289,0,0,0,368,1,1,1,1,1,1,1,1,1,1,0.5,0.5,0.4118136038073375,0.5881863961926626,0.6340015126085223,0.3659984873914776,0.6030999316368191,0.4588059087838831,0.5411940912161171,0.3724726172990518,0.6275273827009482,0.5949029042945627,0.4050970957054373,0.6118635971252712,0.3881364028747289,0.3969000683631809,100,-12184.17631903778,101325,-25.45328699389587,368,0.5,0.5,0.4118136038073375,0.5881863961926626,0.6340015126085223,0.3659984873914776,0.3969000683631809,100,-12184.17631903778,101325,-25.45328699389587,368,0.5,0.5,0.4118136038073375,0.5881863961926626,0.6340015126085223,0.3659984873914776,0.3969000683631809
0.294,146.1957090661339,167.8855917603916,113.2373706509648,73.09785453306694,73.09785453306694,153.1397420816477,178.2097705185411,103.8552737738388,129.4895241883515,0,0,0,100,60.30999316368191,39.69000683631809,50,50,24.83647563033173,35.47351753335018,25.16352436966826,14.52648246664983,8512.75,5208.641836428152,3304.108163571849,3905.7,4607.05,1940.076457387733,3268.565379040419,1965.623542612267,1338.484620959582,-12184.17631903778,-24894.87014131815,7130.052088348826,-6092.088159518888,-6092.088159518888,-23363.60035599317,-25966.9754004296,6520.46119735415,8186.016963279074,0,0,0,1.539535136156243,0.6222491539426789,85.1275,86.36449057939448,83.24786078264026,101325,109521.3965971366,89802.44714147809,155993.3976710313,63049.39552324193,-25.45328699389587,-59.88252140507227,26.86282624166117,-12.72664349694793,-12.72664349694793,-54.26039658339575,-63.81880333688171,23.35876383928222,32.93274439683289,0,0,0,368,1,1,1,1,1,1,1,1,1,1,0.5,0.5,0.4118136038073375,0.5881863961926626,0.6340015126085223,0.3659984873914776,0.6030999316368191,0.4588059087838831,0.5411940912161171,0.3724726172990518,0.6275273827009482,0.5949029042945627,0.4050970957054373,0.6118635971252712,0.3881364028747289,0.3969000683631809,100,-12184.17631903778,101325,-25.45328699389587,368,0.5,0.5,0.4118136038073375,0.5881863961926626,0.6340015126085223,0.3659984873914776,0.3969000683631809,100,-12184.17631903778,101325,-25.45328699389587,368,0.5,0.5,0.4118136038073375,0.5881863961926626,0.6340015126085223,0.3659984873914776,0.3969000683631809
0.296,146.1957090661339,167.8855917603916,113.2373706509648,73.09785453306694,73.09785453306694,153.1397420816477,178.2097705185411,103.8552737738388,129.4895241883515,0,0,0,100,60.30999316368191,39.69000683631809,50,50,24.83647563033173,35.47351753335018,25.16352436966826,14.52648246664983,8512.75,5208.641836428152,3304.108163571849,3905.7,4607.05,1940.076457387733,3268.565379040419,1965.623542612267,1338.484620959582,-12184.17631903778,-24894.87014131815,7130.052088348826,-6092.088159518888,-6092.088159518888,-23363.60035599317,-25966.9754004296,6520.46119735415,8186.016963279074,0,0,0,1.539535136156243,0.6222491539426789,85.1275,86.36449057939448,83.24786078264026,101325,109521.3965971366,89802.44714147809,155993.3976710313,63049.39552324193,-25.45328699389587,-59.88252140507227,26.86282624166117,-12.72664349694793,-12.72664349694793,-54.26039658339575,-63.81880333688171,23.35876383928222,32.93274439683289,0,0,0,368,1,1,1,1,1,1,1,1,1,1,0.5,0.5,0.4118136038073375,0.5881863961926626,0.6340015126085223,0.3659984873914776,0.6030999316368191,0.4588059087838831,0.5411940912161171,0.3724726172990518,0.6275273827009482,0.5949029042945627,0.4050970957054373,0.6118635971252712,0.3881364028747289,0.3969000683631809,100,-12184.17631903778,101325,-25.45328699389587,368,0.5,0.5,0.4118136038073375,0.5881863961926626,0.6340015126085223,0.3659984873914776,0.3969000683631809,100,-12184.17631903778,101325,-25.45328699389587,368,0.5,0.5,0.4118136038073375,0.5881863961926626,0.6340015126085223,0.3659984873914776,0.3969000683631809
0.298,146.1957090661339,167.8855917603916,113.2373706509648,73.09785453306694,73.09785453306694,153.1397420816477,178.2097705185411,103.8552737738388,129.4895241883515,0,0,0,100,60.30999316368191,39.69000683631809,50,50,24.83647563033173,35.47351753335018,25.16352436966826,14.52648246664983,8512.75,5208.641836428152,3304.108163571849,3905.7,4607.05,1940.076457387733,3268.565379040419,1965.623542612267,1338.484620959582,-12184.17631903778,-24894.87014131815,7130.052088348826,-6092.088159518888,-6092.088159518888,-23363.60035599317,-25966.9754004296,6520.46119735415,8186.016963279074,0,0,0,1.539535136156243,0.6222491539426789,85.1275,86.36449057939448,83.24786078264026,101325,109521.3965971366,89802.44714147809,155993.3976710313,63049.39552324193,-25.45328699389587,-59.88252140507227,26.86282624166117,-12.72664349694793,-12.72664349694793,-54.26039658339575,-63.81880333688171,23.35876383928222,32.93274439683289,0,0,0,368,1,1,1,1,1,1,1,1,1,1,0.5,0.5,0.4118136038073375,0.5881863961926626,0.6340015126085223,0.3659984873914776,0.6030999316368191,0.4588059087838831,0.5411940912161171,0.3724726172990518,0.6275273827009482,0.5949029042945627,0.4050970957054373,0.6118635971252712,0.3881364028747289,0.3969000683631809,100,-12184.17631903778,101325,-25.45328699389587,368,0.5,0.5,0.4118136038073375,0.5881863961926626,0.6340015126085223,0.3659984873914776,0.3969000683631809,100,-12184.17631903778,101325,-25.45328699389587,368,0.5,0.5,0.4118136038073375,0.5881863961926626,0.6340015126085223,0.3659984873914776,0.3969000683631809
0.3,146.1957090661339,167.8855917603916,113.2373706509648,73.09785453306694,73.09785453306694,153.1397420816477,178.2097705185411,103.8552737738388,129.4895241883515,0,0,0,100,60.30999316368191,39.69000683631809,50,50,24.83647563033173,35.47351753335018,25.16352436966826,14.52648246664983,8512.75,5208.641836428152,3304.108163571849,3905.7,4607.05,1940.076457387733,3268.565379040419,1965.623542612267,1338.484620959582,-12184.17631903778,-24894.87014131815,7130.052088348826,-6092.088159518888,-6092.088159518888,-23363.60035599317,-25966.9754004296,6520.46119735415,8186.016963279074,0,0,0,1.539535136156243,0.6222491539426789,85.1275,86.36449057939448,83.24786078264026,101325,109521.3965971366,89802.44714147809,155993.3976710313,63049.39552324193,-25.45328699389587,-59.88252140507227,26.86282624166117,-12.72664349694793,-12.72664349694793,-54.26039658339575,-63.81880333688171,23.35876383928222,32.93274439683289,0,0,0,368,1,1,1,1,1,1,1,1,1,1,0.5,0.5,0.4118136038073375,0.5881863961926626,0.6340015126085223,0.3659984873914776,0.6030999316368191,0.4588059087838831,0.5411940912161171,0.3724726172990518,0.6275273827009482,0.5949029042945627,0.4050970957054373,0.6118635971252712,0.3881364028747289,0.3969000683631809,100,-12184.17631903778,101325,-25.45328699389587,368,0.5,0.5,0.4118136038073375,0.5881863961926626,0.6340015126085223,0.3659984873914776,0.3969000683631809,100,-12184.17631903778,101325,-25.45328699389587,368,0.5,0.5,0.4118136038073375,0.5881863961926626,0.6340015126085223,0.3659984873914776,0.3969000683631809
0.302,146.1957090661339,167.8855917603916,113.2373706509648,73.09785453306694,73.09785453306694,153.1397420816477,178.2097705185411,103.8552737738388,129.4895241883515,0,0,0,100,60.30999316368191,39.69000683631809,50,50,24.83647563033173,35.47351753335018,25.16352436966826,14.52648246664983,8512.75,5208.641836428152,3304.108163571849,3905.7,4607.05,1940.076457387733,3268.565379040419,1965.623542612267,1338.484620959582,-12184.17631903778,-24894.87014131815,7130.052088348826,-6092.088159518888,-6092.088159518888,-23363.60035599317,-25966.9754004296,6520.46119735415,8186.016963279074,0,0,0,1.539535136156243,0.6222491539426789,85.1275,86.36449057939448,83.24786078264026,101325,109521.3965971366,89802.44714147809,155993.3976710313,63049.39552324193,-25.45328699389587,-59.88252140507227,26.86282624166117,-12.72664349694793,-12.72664349694793,-54.26039658339575,-63.81880333688171,23.35876383928222,32.93274439683289,0,0,0,368,1,1,1,1,1,1,1,1,1,1,0.5,0.5,0.4118136038073375,0.5881863961926626,0.6340015126085223,0.3659984873914776,0.6030999316368191,0.4588059087838831,0.5411940912161171,0.3724726172990518,0.6275273827009482,0.5949029042945627,0.4050970957054373,0.6118635971252712,0.3881364028747289,0.3969000683631809,100,-12184.17631903778,101325,-25.45328699389587,368,0.5,0.5,0.4118136038073375,0.5881863961926626,0.6340015126085223,0.3659984873914776,0.3969000683631809,100,-12184.17631903778,101325,-25.45328699389587,368,0.5,0.5,0.4118136038073375,0.5881863961926626,0.6340015126085223,0.3659984873914776,0.3969000683631809
0.304,146.1957090661339,167.8855917603916,113.2373706509648,73.09785453306694,73.09785453306694,153.1397420816477,178.2097705185411,103.8552737738388,129.4895241883515,0,0,0,100,60.30999316368191,39.69000683631809,50,50,24.83647563033173,35.47351753335018,25.16352436966826,14.52648246664983,8512.75,5208.641836428152,3304.108163571849,3905.7,4607.05,1940.076457387733,3268.565379040419,1965.623542612267,1338.484620959582,-12184.17631903778,-24894.87014131815,7130.052088348826,-6092.088159518888,-6092.088159518888,-23363.60035599317,-25966.9754004296,6520.46119735415,8186.016963279074,0,0,0,1.539535136156243,0.6222491539426789,85.1275,86.36449057939448,83.24786078264026,101325,109521.3965971366,89802.44714147809,155993.3976710313,63049.39552324193,-25.45328699389587,-59.88252140507227,26.86282624166117,-12.72664349694793,-12.72664349694793,-54.26039658339575,-63.81880333688171,23.35876383928222,32.93274439683289,0,0,0,368,1,1,1,1,1,1,1,1,1,1,0.5,0.5,0.4118136038073375,0.5881863961926626,0.6340015126085223,0.3659984873914776,0.6030999316368191,0.4588059087838831,0.5411940912161171,0.3724726172990518,0.6275273827009482,0.5949029042945627,0.4050970957054373,0.6118635971252712,0.3881364028747289,0.3969000683631809,100,-12184.17631903778,101325,-25.45328699389587,368,0.5,0.5,0.4118136038073375,0.5881863961926626,0.6340015126085223,0.3659984873914776,0.3969000683631809,100,-12184.17631903778,101325,-25.45328699389587,368,0.5,0.5,0.4118136038073375,0.5881863961926626,0.6340015126085223,0.3659984873914776,0.3969000683631809
0.306,146.1957090661339,167.8855917603916,113.2373706509648,73.09785453306694,73.09785453306694,153.1397420816477,178.2097705185411,103.8552737738388,129.4895241883515,0,0,0,100,60.30999316368191,39.69000683631809,50,50,24.83647563033173,35.47351753335018,25.16352436966826,14.52648246664983,8512.75,5208.641836428152,3304.108163571849,3905.7,4607.05,1940.076457387733,3268.565379040419,1965.623542612267,1338.484620959582,-12184.17631903778,-24894.87014131815,7130.052088348826,-6092.088159518888,-6092.088159518888,-23363.60035599317,-25966.9754004296,6520.46119735415,8186.016963279074,0,0,0,1.539535136156243,0.6222491539426789,85.1275,86.36449057939448,83.24786078264026,101325,109521.3965971366,89802.44714147809,155993.3976710313,63049.39552324193,-25.45328699389587,-59.88252140507227,26.86282624166117,-12.72664349694793,-12.72664349694793,-54.26039658339575,-63.81880333688171,23.35876383928222,32.93274439683289,0,0,0,368,1,1,1,1,1,1,1,1,1,1,0.5,0.5,0.4118136038073375,0.5881863961926626,0.6340015126085223,0.3659984873914776,0.6030999316368191,0.4588059087838831,0.5411940912161171,0.3724726172990518,0.6275273827009482,0.5949029042945627,0.4050970957054373,0.6118635971252712,0.3881364028747289,0.3969000683631809,100,-12184.17631903778,101325,-25.45328699389587,368,0.5,0.5,0.4118136038073375,0.5881863961926626,0.6340015126085223,0.3659984873914776,0.3969000683631809,100,-12184.17631903778,101325,-25.45328699389587,368,0.5,0.5,0.4118136038073375,0.5881863961926626,0.6340015126085223,0.3659984873914776,0.3969000683631809
0.308,146.1957090661339,167.8855917603916,113.2373706509648,73.09785453306694,73.09785453306694,153.1397420816477,178.2097705185411,103.8552737738388,129.4895241883515,0,0,0,100,60.30999316368191,39.69000683631809,50,50,24.83647563033173,35.47351753335018,25.16352436966826,14.52648246664983,8512.75,5208.641836428152,3304.108163571849,3905.7,4607.05,1940.076457387733,3268.565379040419,1965.623542612267,1338.484620959582,-12184.17631903778,-24894.87014131815,7130.052088348826,-6092.088159518888,-6092.088159518888,-23363.60035599317,-25966.9754004296,6520.46119735415,8186.016963279074,0,0,0,1.539535136156243,0.6222491539426789,85.1275,86.36449057939448,83.24786078264026,101325,109521.3965971366,89802.44714147809,155993.3976710313,63049.39552324193,-25.45328699389587,-59.88252140507227,26.86282624166117,-12.72664349694793,-12.72664349694793,-54.26039658339575,-63.81880333688171,23.35876383928222,32.93274439683289,0,0,0,368,1,1,1,1,1,1,1,1,1,1,0.5,0.5,0.4118136038073375,0.5881863961926626,0.6340015126085223,0.3659984873914776,0.6030999316368191,0.4588059087838831,0.5411940912161171,0.3724726172990518,0.6275273827009482,0.5949029042945627,0.4050970957054373,0.6118635971252712,0.3881364028747289,0.3969000683631809,100,-12184.17631903778,101325,-25.45328699389587,368,0.5,0.5,0.4118136038073375,0.5881863961926626,0.6340015126085223,0.3659984873914776,0.3969000683631809,100,-12184.17631903778,101325,-25.45328699389587,368,0.5,0.5,0.4118136038073375,0.5881863961926626,0.6340015126085223,0.3659984873914776,0.3969000683631809
0.31,146.1957090661339,167.8855917603916,113.2373706509648,73.09785453306694,73.09785453306694,153.1397420816477,178.2097705185411,103.8552737738388,129.4895241883515,0,0,0,100,60.30999316368191,39.69000683631809,50,50,24.83647563033173,35.47351753335018,25.16352436966826,14.52648246664983,8512.75,5208.641836428152,3304.108163571849,3905.7,4607.05,1940.076457387733,3268.565379040419,1965.623542612267,1338.484620959582,-12184.17631903778,-24894.87014131815,7130.052088348826,-6092.088159518888,-6092.088159518888,-23363.60035599317,-25966.9754004296,6520.46119735415,8186.016963279074,0,0,0,1.539535136156243,0.6222491539426789,85.1275,86.36449057939448,83.24786078264026,101325,109521.3965971366,89802.44714147809,155993.3976710313,63049.39552324193,-25.45328699389587,-59.88252140507227,26.86282624166117,-12.72664349694793,-12.72664349694793,-54.26039658339575,-63.81880333688171,23.35876383928222,32.93274439683289,0,0,0,368,1,1,1,1,1,1,1,1,1,1,0.5,0.5,0.4118136038073375,0.5881863961926626,0.6340015126085223,0.3659984873914776,0.6030999316368191,0.4588059087838831,0.5411940912161171,0.3724726172990518,0.6275273827009482,0.5949029042945627,0.4050970957054373,0.6118635971252712,0.3881364028747289,0.3969000683631809,100,-12184.17631903778,101325,-25.45328699389587,368,0.5,0.5,0.4118136038073375,0.5881863961926626,0.6340015126085223,0.3659984873914776,0.3969000683631809,100,-12184.17631903778,101325,-25.45328699389587,368,0.5,0.5,0.4118136038073375,0.5881863961926626,0.6340015126085223,0.3659984873914776,0.3969000683631809
0.312,146.1957090661339,167.8855917603916,113.2373706509648,73.09785453306694,73.09785453306694,153.1397420816477,178.2097705185411,103.8552737738388,129.4895241883515,0,0,0,100,60.30999316368191,39.69000683631809,50,50,24.83647563033173,35.47351753335018,25.16352436966826,14.52648246664983,8512.75,5208.641836428152,3304.108163571849,3905.7,4607.05,1940.076457387733,3268.565379040419,1965.623542612267,1338.484620959582,-12184.17631903778,-24894.87014131815,7130.052088348826,-6092.088159518888,-6092.088159518888,-23363.60035599317,-25966.9754004296,6520.46119735415,8186.016963279074,0,0,0,1.539535136156243,0.6222491539426789,85.1275,86.36449057939448,83.24786078264026,101325,109521.3965971366,89802.44714147809,155993.3976710313,63049.39552324193,-25.45328699389587,-59.88252140507227,26.86282624166117,-12.72664349694793,-12.72664349694793,-54.26039658339575,-63.81880333688171,23.35876383928222,32.93274439683289,0,0,0,368,1,1,1,1,1,1,1,1,1,1,0.5,0.5,0.4118136038073375,0.5881863961926626,0.6340015126085223,0.3659984873914776,0.6030999316368191,0.4588059087838831,0.5411940912161171,0.3724726172990518,0.6275273827009482,0.5949029042945627,0.4050970957054373,0.6118635971252712,0.3881364028747289,0.3969000683631809,100,-12184.17631903778,101325,-25.45328699389587,368,0.5,0.5,0.4118136038073375,0.5881863961926626,0.6340015126085223,0.3659984873914776,0.3969000683631809,100,-12184.17631903778,101325,-25.45328699389587,368,0.5,0.5,0.4118136038073375,0.5881863961926626,0.6340015126085223,0.3659984873914776,0.3969000683631809
0.314,146.1957090661339,167.8855917603916,113.2373706509648,73.09785453306694,73.09785453306694,153.1397420816477,178.2097705185411,103.8552737738388,129.4895241883515,0,0,0,100,60.30999316368191,39.69000683631809,50,50,24.83647563033173,35.47351753335018,25.16352436966826,14.52648246664983,8512.75,5208.641836428152,3304.108163571849,3905.7,4607.05,1940.076457387733,3268.565379040419,1965.623542612267,1338.484620959582,-12184.17631903778,-24894.87014131815,7130.052088348826,-6092.088159518888,-6092.088159518888,-23363.60035599317,-25966.9754004296,6520.46119735415,8186.016963279074,0,0,0,1.539535136156243,0.6222491539426789,85.1275,86.36449057939448,83.24786078264026,101325,109521.3965971366,89802.44714147809,155993.3976710313,63049.39552324193,-25.45328699389587,-59.88252140507227,26.86282624166117,-12.72664349694793,-12.72664349694793,-54.26039658339575,-63.81880333688171,23.35876383928222,32.93274439683289,0,0,0,368,1,1,1,1,1,1,1,1,1,1,0.5,0.5,0.4118136038073375,0.5881863961926626,0.6340015126085223,0.3659984873914776,0.6030999316368191,0.4588059087838831,0.5411940912161171,0.3724726172990518,0.6275273827009482,0.5949029042945627,0.4050970957054373,0.6118635971252712,0.3881364028747289,0.3969000683631809,100,-12184.17631903778,101325,-25.45328699389587,368,0.5,0.5,0.4118136038073375,0.5881863961926626,0.6340015126085223,0.3659984873914776,0.3969000683631809,100,-12184.17631903778,101325,-25.45328699389587,368,0.5,0.5,0.4118136038073375,0.5881863961926626,0.6340015126085223,0.3659984873914776,0.3969000683631809
0.316,146.1957090661339,167.8855917603916,113.2373706509648,73.09785453306694,73.09785453306694,153.1397420816477,178.2097705185411,103.8552737738388,129.4895241883515,0,0,0,100,60.30999316368191,39.69000683631809,50,50,24.83647563033173,35.47351753335018,25.16352436966826,14.52648246664983,8512.75,5208.641836428152,3304.108163571849,3905.7,4607.05,1940.076457387733,3268.565379040419,1965.623542612267,1338.484620959582,-12184.17631903778,-24894.87014131815,7130.052088348826,-6092.088159518888,-6092.088159518888,-23363.60035599317,-25966.9754004296,6520.46119735415,8186.016963279074,0,0,0,1.539535136156243,0.6222491539426789,85.1275,86.36449057939448,83.24786078264026,101325,109521.3965971366,89802.44714147809,155993.3976710313,63049.39552324193,-25.45328699389587,-59.88252140507227,26.86282624166117,-12.72664349694793,-12.72664349694793,-54.26039658339575,-63.81880333688171,23.35876383928222,32.93274439683289,0,0,0,368,1,1,1,1,1,1,1,1,1,1,0.5,0.5,0.4118136038073375,0.5881863961926626,0.6340015126085223,0.3659984873914776,0.6030999316368191,0.4588059087838831,0.5411940912161171,0.3724726172990518,0.6275273827009482,0.5949029042945627,0.4050970957054373,0.6118635971252712,0.3881364028747289,0.3969000683631809,100,-12184.17631903778,101325,-25.45328699389587,368,0.5,0.5,0.4118136038073375,0.5881863961926626,0.6340015126085223,0.3659984873914776,0.3969000683631809,100,-12184.17631903778,101325,-25.45328699389587,368,0.5,0.5,0.4118136038073375,0.5881863961926626,0.6340015126085223,0.3659984873914776,0.3969000683631809
0.318,146.1957090661339,167.8855917603916,113.2373706509648,73.09785453306694,73.09785453306694,153.1397420816477,178.2097705185411,103.8552737738388,129.4895241883515,0,0,0,100,60.30999316368191,39.69000683631809,50,50,24.83647563033173,35.47351753335018,25.16352436966826,14.52648246664983,8512.75,5208.641836428152,3304.108163571849,3905.7,4607.05,1940.076457387733,3268.565379040419,1965.623542612267,1338.484620959582,-12184.17631903778,-24894.87014131815,7130.052088348826,-6092.088159518888,-6092.088159518888,-23363.60035599317,-25966.9754004296,6520.46119735415,8186.016963279074,0,0,0,1.539535136156243,0.6222491539426789,85.1275,86.36449057939448,83.24786078264026,101325,109521.3965971366,89802.44714147809,155993.3976710313,63049.39552324193,-25.45328699389587,-59.88252140507227,26.86282624166117,-12.72664349694793,-12.72664349694793,-54.26039658339575,-63.81880333688171,23.35876383928222,32.93274439683289,0,0,0,368,1,1,1,1,1,1,1,1,1,1,0.5,0.5,0.4118136038073375,0.5881863961926626,0.6340015126085223,0.3659984873914776,0.6030999316368191,0.4588059087838831,0.5411940912161171,0.3724726172990518,0.6275273827009482,0.5949029042945627,0.4050970957054373,0.6118635971252712,0.3881364028747289,0.3969000683631809,100,-12184.17631903778,101325,-25.45328699389587,368,0.5,0.5,0.4118136038073375,0.5881863961926626,0.6340015126085223,0.3659984873914776,0.3969000683631809,100,-12184.17631903778,101325,-25.45328699389587,368,0.5,0.5,0.4118136038073375,0.5881863961926626,0.6340015126085223,0.3659984873914776,0.3969000683631809
0.32,146.1957090661339,167.8855917603916,113.2373706509648,73.09785453306694,73.09785453306694,153.1397420816477,178.2097705185411,103.8552737738388,129.4895241883515,0,0,0,100,60.30999316368191,39.69000683631809,50,50,24.83647563033173,35.47351753335018,25.16352436966826,14.52648246664983,8512.75,5208.641836428152,3304.108163571849,3905.7,4607.05,1940.076457387733,3268.565379040419,1965.623542612267,1338.484620959582,-12184.17631903778,-24894.87014131815,7130.052088348826,-6092.088159518888,-6092.088159518888,-23363.60035599317,-25966.9754004296,6520.46119735415,8186.016963279074,0,0,0,1.539535136156243,0.6222491539426789,85.1275,86.36449057939448,83.24786078264026,101325,109521.3965971366,89802.44714147809,155993.3976710313,63049.39552324193,-25.45328699389587,-59.88252140507227,26.86282624166117,-12.72664349694793,-12.72664349694793,-54.26039658339575,-63.81880333688171,23.35876383928222,32.93274439683289,0,0,0,368,1,1,1,1,1,1,1,1,1,1,0.5,0.5,0.4118136038073375,0.5881863961926626,0.6340015126085223,0.3659984873914776,0.6030999316368191,0.4588059087838831,0.5411940912161171,0.3724726172990518,0.6275273827009482,0.5949029042945627,0.4050970957054373,0.6118635971252712,0.3881364028747289,0.3969000683631809,100,-12184.17631903778,101325,-25.45328699389587,368,0.5,0.5,0.4118136038073375,0.5881863961926626,0.6340015126085223,0.3659984873914776,0.3969000683631809,100,-12184.17631903778,101325,-25.45328699389587,368,0.5,0.5,0.4118136038073375,0.5881863961926626,0.6340015126085223,0.3659984873914776,0.3969000683631809
0.322,146.1957090661339,167.8855917603916,113.2373706509648,73.09785453306694,73.09785453306694,153.1397420816477,178.2097705185411,103.8552737738388,129.4895241883515,0,0,0,100,60.30999316368191,39.69000683631809,50,50,24.83647563033173,35.47351753335018,25.16352436966826,14.52648246664983,8512.75,5208.641836428152,3304.108163571849,3905.7,4607.05,1940.076457387733,3268.565379040419,1965.623542612267,1338.484620959582,-12184.17631903778,-24894.87014131815,7130.052088348826,-6092.088159518888,-6092.088159518888,-23363.60035599317,-25966.9754004296,6520.46119735415,8186.016963279074,0,0,0,1.539535136156243,0.6222491539426789,85.1275,86.36449057939448,83.24786078264026,101325,109521.3965971366,89802.44714147809,155993.3976710313,63049.39552324193,-25.45328699389587,-59.88252140507227,26.86282624166117,-12.72664349694793,-12.72664349694793,-54.26039658339575,-63.81880333688171,23.35876383928222,32.93274439683289,0,0,0,368,1,1,1,1,1,1,1,1,1,1,0.5,0.5,0.4118136038073375,0.5881863961926626,0.6340015126085223,0.3659984873914776,0.6030999316368191,0.4588059087838831,0.5411940912161171,0.3724726172990518,0.6275273827009482,0.5949029042945627,0.4050970957054373,0.6118635971252712,0.3881364028747289,0.3969000683631809,100,-12184.17631903778,101325,-25.45328699389587,368,0.5,0.5,0.4118136038073375,0.5881863961926626,0.6340015126085223,0.3659984873914776,0.3969000683631809,100,-12184.17631903778,101325,-25.45328699389587,368,0.5,0.5,0.4118136038073375,0.5881863961926626,0.6340015126085223,0.3659984873914776,0.3969000683631809
0.324,146.1957090661339,167.8855917603916,113.2373706509648,73.09785453306694,73.09785453306694,153.1397420816477,178.2097705185411,103.8552737738388,129.4895241883515,0,0,0,100,60.30999316368191,39.69000683631809,50,50,24.83647563033173,35.47351753335018,25.16352436966826,14.52648246664983,8512.75,5208.641836428152,3304.108163571849,3905.7,4607.05,1940.076457387733,3268.565379040419,1965.623542612267,1338.484620959582,-12184.17631903778,-24894.87014131815,7130.052088348826,-6092.088159518888,-6092.088159518888,-23363.60035599317,-25966.9754004296,6520.46119735415,8186.016963279074,0,0,0,1.539535136156243,0.6222491539426789,85.1275,86.36449057939448,83.24786078264026,101325,109521.3965971366,89802.44714147809,155993.3976710313,63049.39552324193,-25.45328699389587,-59.88252140507227,26.86282624166117,-12.72664349694793,-12.72664349694793,-54.26039658339575,-63.81880333688171,23.35876383928222,32.93274439683289,0,0,0,368,1,1,1,1,1,1,1,1,1,1,0.5,0.5,0.4118136038073375,0.5881863961926626,0.6340015126085223,0.3659984873914776,0.6030999316368191,0.4588059087838831,0.5411940912161171,0.3724726172990518,0.6275273827009482,0.5949029042945627,0.4050970957054373,0.6118635971252712,0.3881364028747289,0.3969000683631809,100,-12184.17631903778,101325,-25.45328699389587,368,0.5,0.5,0.4118136038073375,0.5881863961926626,0.6340015126085223,0.3659984873914776,0.3969000683631809,100,-12184.17631903778,101325,-25.45328699389587,368,0.5,0.5,0.4118136038073375,0.5881863961926626,0.6340015126085223,0.3659984873914776,0.3969000683631809
0.326,146.1957090661339,167.8855917603916,113.2373706509648,73.09785453306694,73.09785453306694,153.1397420816477,178.2097705185411,103.8552737738388,129.4895241883515,0,0,0,100,60.30999316368191,39.69000683631809,50,50,24.83647563033173,35.47351753335018,25.16352436966826,14.52648246664983,8512.75,5208.641836428152,3304.108163571849,3905.7,4607.05,1940.076457387733,3268.565379040419,1965.623542612267,1338.484620959582,-12184.17631903778,-24894.87014131815,7130.052088348826,-6092.088159518888,-6092.088159518888,-23363.60035599317,-25966.9754004296,6520.46119735415,8186.016963279074,0,0,0,1.539535136156243,0.6222491539426789,85.1275,86.36449057939448,83.24786078264026,101325,109521.3965971366,89802.44714147809,155993.3976710313,63049.39552324193,-25.45328699389587,-59.88252140507227,26.86282624166117,-12.72664349694793,-12.72664349694793,-54.26039658339575,-63.81880333688171,23.35876383928222,32.93274439683289,0,0,0,368,1,1,1,1,1,1,1,1,1,1,0.5,0.5,0.4118136038073375,0.5881863961926626,0.6340015126085223,0.3659984873914776,0.6030999316368191,0.4588059087838831,0.5411940912161171,0.3724726172990518,0.6275273827009482,0.5949029042945627,0.4050970957054373,0.6118635971252712,0.3881364028747289,0.3969000683631809,100,-12184.17631903778,101325,-25.45328699389587,368,0.5,0.5,0.4118136038073375,0.5881863961926626,0.6340015126085223,0.3659984873914776,0.3969000683631809,100,-12184.17631903778,101325,-25.45328699389587,368,0.5,0.5,0.4118136038073375,0.5881863961926626,0.6340015126085223,0.3659984873914776,0.3969000683631809
0.328,146.1957090661339,167.8855917603916,113.2373706509648,73.09785453306694,73.09785453306694,153.1397420816477,178.2097705185411,103.8552737738388,129.4895241883515,0,0,0,100,60.30999316368191,39.69000683631809,50,50,24.83647563033173,35.47351753335018,25.16352436966826,14.52648246664983,8512.75,5208.641836428152,3304.108163571849,3905.7,4607.05,1940.076457387733,3268.565379040419,1965.623542612267,1338.484620959582,-12184.17631903778,-24894.87014131815,7130.052088348826,-6092.088159518888,-6092.088159518888,-23363.60035599317,-25966.9754004296,6520.46119735415,8186.016963279074,0,0,0,1.539535136156243,0.6222491539426789,85.1275,86.36449057939448,83.24786078264026,101325,109521.3965971366,89802.44714147809,155993.3976710313,63049.39552324193,-25.45328699389587,-59.88252140507227,26.86282624166117,-12.72664349694793,-12.72664349694793,-54.26039658339575,-63.81880333688171,23.35876383928222,32.93274439683289,0,0,0,368,1,1,1,1,1,1,1,1,1,1,0.5,0.5,0.4118136038073375,0.5881863961926626,0.6340015126085223,0.3659984873914776,0.6030999316368191,0.4588059087838831,0.5411940912161171,0.3724726172990518,0.6275273827009482,0.5949029042945627,0.4050970957054373,0.6118635971252712,0.3881364028747289,0.3969000683631809,100,-12184.17631903778,101325,-25.45328699389587,368,0.5,0.5,0.4118136038073375,0.5881863961926626,0.6340015126085223,0.3659984873914776,0.3969000683631809,100,-12184.17631903778,101325,-25.45328699389587,368,0.5,0.5,0.4118136038073375,0.5881863961926626,0.6340015126085223,0.3659984873914776,0.3969000683631809
0.33,146.1957090661339,167.8855917603916,113.2373706509648,73.09785453306694,73.09785453306694,153.1397420816477,178.2097705185411,103.8552737738388,129.4895241883515,0,0,0,100,60.30999316368191,39.69000683631809,50,50,24.83647563033173,35.47351753335018,25.16352436966826,14.52648246664983,8512.75,5208.641836428152,3304.108163571849,3905.7,4607.05,1940.076457387733,3268.565379040419,1965.623542612267,1338.484620959582,-12184.17631903778,-24894.87014131815,7130.052088348826,-6092.088159518888,-6092.088159518888,-23363.60035599317,-25966.9754004296,6520.46119735415,8186.016963279074,0,0,0,1.539535136156243,0.6222491539426789,85.1275,86.36449057939448,83.24786078264026,101325,109521.3965971366,89802.44714147809,155993.3976710313,63049.39552324193,-25.45328699389587,-59.88252140507227,26.86282624166117,-12.72664349694793,-12.72664349694793,-54.26039658339575,-63.81880333688171,23.35876383928222,32.93274439683289,0,0,0,368,1,1,1,1,1,1,1,1,1,1,0.5,0.5,0.4118136038073375,0.5881863961926626,0.6340015126085223,0.3659984873914776,0.6030999316368191,0.4588059087838831,0.5411940912161171,0.3724726172990518,0.6275273827009482,0.5949029042945627,0.4050970957054373,0.6118635971252712,0.3881364028747289,0.3969000683631809,100,-12184.17631903778,101325,-25.45328699389587,368,0.5,0.5,0.4118136038073375,0.5881863961926626,0.6340015126085223,0.3659984873914776,0.3969000683631809,100,-12184.17631903778,101325,-25.45328699389587,368,0.5,0.5,0.4118136038073375,0.5881863961926626,0.6340015126085223,0.3659984873914776,0.3969000683631809
0.332,146.1957090661339,167.8855917603916,113.2373706509648,73.09785453306694,73.09785453306694,153.1397420816477,178.2097705185411,103.8552737738388,129.4895241883515,0,0,0,100,60.30999316368191,39.69000683631809,50,50,24.83647563033173,35.47351753335018,25.16352436966826,14.52648246664983,8512.75,5208.641836428152,3304.108163571849,3905.7,4607.05,1940.076457387733,3268.565379040419,1965.623542612267,1338.484620959582,-12184.17631903778,-24894.87014131815,7130.052088348826,-6092.088159518888,-6092.088159518888,-23363.60035599317,-25966.9754004296,6520.46119735415,8186.016963279074,0,0,0,1.539535136156243,0.6222491539426789,85.1275,86.36449057939448,83.24786078264026,101325,109521.3965971366,89802.44714147809,155993.3976710313,63049.39552324193,-25.45328699389587,-59.88252140507227,26.86282624166117,-12.72664349694793,-12.72664349694793,-54.26039658339575,-63.81880333688171,23.35876383928222,32.93274439683289,0,0,0,368,1,1,1,1,1,1,1,1,1,1,0.5,0.5,0.4118136038073375,0.5881863961926626,0.6340015126085223,0.3659984873914776,0.6030999316368191,0.4588059087838831,0.5411940912161171,0.3724726172990518,0.6275273827009482,0.5949029042945627,0.4050970957054373,0.6118635971252712,0.3881364028747289,0.3969000683631809,100,-12184.17631903778,101325,-25.45328699389587,368,0.5,0.5,0.4118136038073375,0.5881863961926626,0.6340015126085223,0.3659984873914776,0.3969000683631809,100,-12184.17631903778,101325,-25.45328699389587,368,0.5,0.5,0.4118136038073375,0.5881863961926626,0.6340015126085223,0.3659984873914776,0.3969000683631809
0.334,146.1957090661339,167.8855917603916,113.2373706509648,73.09785453306694,73.09785453306694,153.1397420816477,178.2097705185411,103.8552737738388,129.4895241883515,0,0,0,100,60.30999316368191,39.69000683631809,50,50,24.83647563033173,35.47351753335018,25.16352436966826,14.52648246664983,8512.75,5208.641836428152,3304.108163571849,3905.7,4607.05,1940.076457387733,3268.565379040419,1965.623542612267,1338.484620959582,-12184.17631903778,-24894.87014131815,7130.052088348826,-6092.088159518888,-6092.088159518888,-23363.60035599317,-25966.9754004296,6520.46119735415,8186.016963279074,0,0,0,1.539535136156243,0.6222491539426789,85.1275,86.36449057939448,83.24786078264026,101325,109521.3965971366,89802.44714147809,155993.3976710313,63049.39552324193,-25.45328699389587,-59.88252140507227,26.86282624166117,-12.72664349694793,-12.72664349694793,-54.26039658339575,-63.81880333688171,23.35876383928222,32.93274439683289,0,0,0,368,1,1,1,1,1,1,1,1,1,1,0.5,0.5,0.4118136038073375,0.5881863961926626,0.6340015126085223,0.3659984873914776,0.6030999316368191,0.4588059087838831,0.5411940912161171,0.3724726172990518,0.6275273827009482,0.5949029042945627,0.4050970957054373,0.6118635971252712,0.3881364028747289,0.3969000683631809,100,-12184.17631903778,101325,-25.45328699389587,368,0.5,0.5,0.4118136038073375,0.5881863961926626,0.6340015126085223,0.3659984873914776,0.3969000683631809,100,-12184.17631903778,101325,-25.45328699389587,368,0.5,0.5,0.4118136038073375,0.5881863961926626,0.6340015126085223,0.3659984873914776,0.3969000683631809
0.336,146.1957090661339,167.8855917603916,113.2373706509648,73.09785453306694,73.09785453306694,153.1397420816477,178.2097705185411,103.8552737738388,129.4895241883515,0,0,0,100,60.30999316368191,39.69000683631809,50,50,24.83647563033173,35.47351753335018,25.16352436966826,14.52648246664983,8512.75,5208.641836428152,3304.108163571849,3905.7,4607.05,1940.076457387733,3268.565379040419,1965.623542612267,1338.484620959582,-12184.17631903778,-24894.87014131815,7130.052088348826,-6092.088159518888,-6092.088159518888,-23363.60035599317,-25966.9754004296,6520.46119735415,8186.016963279074,0,0,0,1.539535136156243,0.6222491539426789,85.1275,86.36449057939448,83.24786078264026,101325,109521.3965971366,89802.44714147809,155993.3976710313,63049.39552324193,-25.45328699389587,-59.88252140507227,26.86282624166117,-12.72664349694793,-12.72664349694793,-54.26039658339575,-63.81880333688171,23.35876383928222,32.93274439683289,0,0,0,368,1,1,1,1,1,1,1,1,1,1,0.5,0.5,0.4118136038073375,0.5881863961926626,0.6340015126085223,0.3659984873914776,0.6030999316368191,0.4588059087838831,0.5411940912161171,0.3724726172990518,0.6275273827009482,0.5949029042945627,0.4050970957054373,0.6118635971252712,0.3881364028747289,0.3969000683631809,100,-12184.17631903778,101325,-25.45328699389587,368,0.5,0.5,0.4118136038073375,0.5881863961926626,0.6340015126085223,0.3659984873914776,0.3969000683631809,100,-12184.17631903778,101325,-25.45328699389587,368,0.5,0.5,0.4118136038073375,0.5881863961926626,0.6340015126085223,0.3659984873914776,0.3969000683631809
0.338,146.1957090661339,167.8855917603916,113.2373706509648,73.09785453306694,73.09785453306694,153.1397420816477,178.2097705185411,103.8552737738388,129.4895241883515,0,0,0,100,60.30999316368191,39.69000683631809,50,50,24.83647563033173,35.47351753335018,25.16352436966826,14.52648246664983,8512.75,5208.641836428152,3304.108163571849,3905.7,4607.05,1940.076457387733,3268.565379040419,1965.623542612267,1338.484620959582,-12184.17631903778,-24894.87014131815,7130.052088348826,-6092.088159518888,-6092.088159518888,-23363.60035599317,-25966.9754004296,6520.46119735415,8186.016963279074,0,0,0,1.539535136156243,0.6222491539426789,85.1275,86.36449057939448,83.24786078264026,101325,109521.3965971366,89802.44714147809,155993.3976710313,63049.39552324193,-25.45328699389587,-59.88252140507227,26.86282624166117,-12.72664349694793,-12.72664349694793,-54.26039658339575,-63.81880333688171,23.35876383928222,32.93274439683289,0,0,0,368,1,1,1,1,1,1,1,1,1,1,0.5,0.5,0.4118136038073375,0.5881863961926626,0.6340015126085223,0.3659984873914776,0.6030999316368191,0.4588059087838831,0.5411940912161171,0.3724726172990518,0.6275273827009482,0.5949029042945627,0.4050970957054373,0.6118635971252712,0.3881364028747289,0.3969000683631809,100,-12184.17631903778,101325,-25.45328699389587,368,0.5,0.5,0.4118136038073375,0.5881863961926626,0.6340015126085223,0.3659984873914776,0.3969000683631809,100,-12184.17631903778,101325,-25.45328699389587,368,0.5,0.5,0.4118136038073375,0.5881863961926626,0.6340015126085223,0.3659984873914776,0.3969000683631809
0.34,146.1957090661339,167.8855917603916,113.2373706509648,73.09785453306694,73.09785453306694,153.1397420816477,178.2097705185411,103.8552737738388,129.4895241883515,0,0,0,100,60.30999316368191,39.69000683631809,50,50,24.83647563033173,35.47351753335018,25.16352436966826,14.52648246664983,8512.75,5208.641836428152,3304.108163571849,3905.7,4607.05,1940.076457387733,3268.565379040419,1965.623542612267,1338.484620959582,-12184.17631903778,-24894.87014131815,7130.052088348826,-6092.088159518888,-6092.088159518888,-23363.60035599317,-25966.9754004296,6520.46119735415,8186.016963279074,0,0,0,1.539535136156243,0.6222491539426789,85.1275,86.36449057939448,83.24786078264026,101325,109521.3965971366,89802.44714147809,155993.3976710313,63049.39552324193,-25.45328699389587,-59.88252140507227,26.86282624166117,-12.72664349694793,-12.72664349694793,-54.26039658339575,-63.81880333688171,23.35876383928222,32.93274439683289,0,0,0,368,1,1,1,1,1,1,1,1,1,1,0.5,0.5,0.4118136038073375,0.5881863961926626,0.6340015126085223,0.3659984873914776,0.6030999316368191,0.4588059087838831,0.5411940912161171,0.3724726172990518,0.6275273827009482,0.5949029042945627,0.4050970957054373,0.6118635971252712,0.3881364028747289,0.3969000683631809,100,-12184.17631903778,101325,-25.45328699389587,368,0.5,0.5,0.4118136038073375,0.5881863961926626,0.6340015126085223,0.3659984873914776,0.3969000683631809,100,-12184.17631903778,101325,-25.45328699389587,368,0.5,0.5,0.4118136038073375,0.5881863961926626,0.6340015126085223,0.3659984873914776,0.3969000683631809
0.342,146.1957090661339,167.8855917603916,113.2373706509648,73.09785453306694,73.09785453306694,153.1397420816477,178.2097705185411,103.8552737738388,129.4895241883515,0,0,0,100,60.30999316368191,39.69000683631809,50,50,24.83647563033173,35.47351753335018,25.16352436966826,14.52648246664983,8512.75,5208.641836428152,3304.108163571849,3905.7,4607.05,1940.076457387733,3268.565379040419,1965.623542612267,1338.484620959582,-12184.17631903778,-24894.87014131815,7130.052088348826,-6092.088159518888,-6092.088159518888,-23363.60035599317,-25966.9754004296,6520.46119735415,8186.016963279074,0,0,0,1.539535136156243,0.6222491539426789,85.1275,86.36449057939448,83.24786078264026,101325,109521.3965971366,89802.44714147809,155993.3976710313,63049.39552324193,-25.45328699389587,-59.88252140507227,26.86282624166117,-12.72664349694793,-12.72664349694793,-54.26039658339575,-63.81880333688171,23.35876383928222,32.93274439683289,0,0,0,368,1,1,1,1,1,1,1,1,1,1,0.5,0.5,0.4118136038073375,0.5881863961926626,0.6340015126085223,0.3659984873914776,0.6030999316368191,0.4588059087838831,0.5411940912161171,0.3724726172990518,0.6275273827009482,0.5949029042945627,0.4050970957054373,0.6118635971252712,0.3881364028747289,0.3969000683631809,100,-12184.17631903778,101325,-25.45328699389587,368,0.5,0.5,0.4118136038073375,0.5881863961926626,0.6340015126085223,0.3659984873914776,0.3969000683631809,100,-12184.17631903778,101325,-25.45328699389587,368,0.5,0.5,0.4118136038073375,0.5881863961926626,0.6340015126085223,0.3659984873914776,0.3969000683631809
0.344,146.1957090661339,167.8855917603916,113.2373706509648,73.09785453306694,73.09785453306694,153.1397420816477,178.2097705185411,103.8552737738388,129.4895241883515,0,0,0,100,60.30999316368191,39.69000683631809,50,50,24.83647563033173,35.47351753335018,25.16352436966826,14.52648246664983,8512.75,5208.641836428152,3304.108163571849,3905.7,4607.05,1940.076457387733,3268.565379040419,1965.623542612267,1338.484620959582,-12184.17631903778,-24894.87014131815,7130.052088348826,-6092.088159518888,-6092.088159518888,-23363.60035599317,-25966.9754004296,6520.46119735415,8186.016963279074,0,0,0,1.539535136156243,0.6222491539426789,85.1275,86.36449057939448,83.24786078264026,101325,109521.3965971366,89802.44714147809,155993.3976710313,63049.39552324193,-25.45328699389587,-59.88252140507227,26.86282624166117,-12.72664349694793,-12.72664349694793,-54.26039658339575,-63.81880333688171,23.35876383928222,32.93274439683289,0,0,0,368,1,1,1,1,1,1,1,1,1,1,0.5,0.5,0.4118136038073375,0.5881863961926626,0.6340015126085223,0.3659984873914776,0.6030999316368191,0.4588059087838831,0.5411940912161171,0.3724726172990518,0.6275273827009482,0.5949029042945627,0.4050970957054373,0.6118635971252712,0.3881364028747289,0.3969000683631809,100,-12184.17631903778,101325,-25.45328699389587,368,0.5,0.5,0.4118136038073375,0.5881863961926626,0.6340015126085223,0.3659984873914776,0.3969000683631809,100,-12184.17631903778,101325,-25.45328699389587,368,0.5,0.5,0.4118136038073375,0.5881863961926626,0.6340015126085223,0.3659984873914776,0.3969000683631809
0.346,146.1957090661339,167.8855917603916,113.2373706509648,73.09785453306694,73.09785453306694,153.1397420816477,178.2097705185411,103.8552737738388,129.4895241883515,0,0,0,100,60.30999316368191,39.69000683631809,50,50,24.83647563033173,35.47351753335018,25.16352436966826,14.52648246664983,8512.75,5208.641836428152,3304.108163571849,3905.7,4607.05,1940.076457387733,3268.565379040419,1965.623542612267,1338.484620959582,-12184.17631903778,-24894.87014131815,7130.052088348826,-6092.088159518888,-6092.088159518888,-23363.60035599317,-25966.9754004296,6520.46119735415,8186.016963279074,0,0,0,1.539535136156243,0.6222491539426789,85.1275,86.36449057939448,83.24786078264026,101325,109521.3965971366,89802.44714147809,155993.3976710313,63049.39552324193,-25.45328699389587,-59.88252140507227,26.86282624166117,-12.72664349694793,-12.72664349694793,-54.26039658339575,-63.81880333688171,23.35876383928222,32.93274439683289,0,0,0,368,1,1,1,1,1,1,1,1,1,1,0.5,0.5,0.4118136038073375,0.5881863961926626,0.6340015126085223,0.3659984873914776,0.6030999316368191,0.4588059087838831,0.5411940912161171,0.3724726172990518,0.6275273827009482,0.5949029042945627,0.4050970957054373,0.6118635971252712,0.3881364028747289,0.3969000683631809,100,-12184.17631903778,101325,-25.45328699389587,368,0.5,0.5,0.4118136038073375,0.5881863961926626,0.6340015126085223,0.3659984873914776,0.3969000683631809,100,-12184.17631903778,101325,-25.45328699389587,368,0.5,0.5,0.4118136038073375,0.5881863961926626,0.6340015126085223,0.3659984873914776,0.3969000683631809
0.348,146.1957090661339,167.8855917603916,113.2373706509648,73.09785453306694,73.09785453306694,153.1397420816477,178.2097705185411,103.8552737738388,129.4895241883515,0,0,0,100,60.30999316368191,39.69000683631809,50,50,24.83647563033173,35.47351753335018,25.16352436966826,14.52648246664983,8512.75,5208.641836428152,3304.108163571849,3905.7,4607.05,1940.076457387733,3268.565379040419,1965.623542612267,1338.484620959582,-12184.17631903778,-24894.87014131815,7130.052088348826,-6092.088159518888,-6092.088159518888,-23363.60035599317,-25966.9754004296,6520.46119735415,8186.016963279074,0,0,0,1.539535136156243,0.6222491539426789,85.1275,86.36449057939448,83.24786078264026,101325,109521.3965971366,89802.44714147809,155993.3976710313,63049.39552324193,-25.45328699389587,-59.88252140507227,26.86282624166117,-12.72664349694793,-12.72664349694793,-54.26039658339575,-63.81880333688171,23.35876383928222,32.93274439683289,0,0,0,368,1,1,1,1,1,1,1,1,1,1,0.5,0.5,0.4118136038073375,0.5881863961926626,0.6340015126085223,0.3659984873914776,0.6030999316368191,0.4588059087838831,0.5411940912161171,0.3724726172990518,0.6275273827009482,0.5949029042945627,0.4050970957054373,0.6118635971252712,0.3881364028747289,0.3969000683631809,100,-12184.17631903778,101325,-25.45328699389587,368,0.5,0.5,0.4118136038073375,0.5881863961926626,0.6340015126085223,0.3659984873914776,0.3969000683631809,100,-12184.17631903778,101325,-25.45328699389587,368,0.5,0.5,0.4118136038073375,0.5881863961926626,0.6340015126085223,0.3659984873914776,0.3969000683631809
0.35,146.1957090661339,167.8855917603916,113.2373706509648,73.09785453306694,73.09785453306694,153.1397420816477,178.2097705185411,103.8552737738388,129.4895241883515,0,0,0,100,60.30999316368191,39.69000683631809,50,50,24.83647563033173,35.47351753335018,25.16352436966826,14.52648246664983,8512.75,5208.641836428152,3304.108163571849,3905.7,4607.05,1940.076457387733,3268.565379040419,1965.623542612267,1338.484620959582,-12184.17631903778,-24894.87014131815,7130.052088348826,-6092.088159518888,-6092.088159518888,-23363.60035599317,-25966.9754004296,6520.46119735415,8186.016963279074,0,0,0,1.539535136156243,0.6222491539426789,85.1275,86.36449057939448,83.24786078264026,101325,109521.3965971366,89802.44714147809,155993.3976710313,63049.39552324193,-25.45328699389587,-59.88252140507227,26.86282624166117,-12.72664349694793,-12.72664349694793,-54.26039658339575,-63.81880333688171,23.35876383928222,32.93274439683289,0,0,0,368,1,1,1,1,1,1,1,1,1,1,0.5,0.5,0.4118136038073375,0.5881863961926626,0.6340015126085223,0.3659984873914776,0.6030999316368191,0.4588059087838831,0.5411940912161171,0.3724726172990518,0.6275273827009482,0.5949029042945627,0.4050970957054373,0.6118635971252712,0.3881364028747289,0.3969000683631809,100,-12184.17631903778,101325,-25.45328699389587,368,0.5,0.5,0.4118136038073375,0.5881863961926626,0.6340015126085223,0.3659984873914776,0.3969000683631809,100,-12184.17631903778,101325,-25.45328699389587,368,0.5,0.5,0.4118136038073375,0.5881863961926626,0.6340015126085223,0.3659984873914776,0.3969000683631809
0.352,146.1957090661339,167.8855917603916,113.2373706509648,73.09785453306694,73.09785453306694,153.1397420816477,178.2097705185411,103.8552737738388,129.4895241883515,0,0,0,100,60.30999316368191,39.69000683631809,50,50,24.83647563033173,35.47351753335018,25.16352436966826,14.52648246664983,8512.75,5208.641836428152,3304.108163571849,3905.7,4607.05,1940.076457387733,3268.565379040419,1965.623542612267,1338.484620959582,-12184.17631903778,-24894.87014131815,7130.052088348826,-6092.088159518888,-6092.088159518888,-23363.60035599317,-25966.9754004296,6520.46119735415,8186.016963279074,0,0,0,1.539535136156243,0.6222491539426789,85.1275,86.36449057939448,83.24786078264026,101325,109521.3965971366,89802.44714147809,155993.3976710313,63049.39552324193,-25.45328699389587,-59.88252140507227,26.86282624166117,-12.72664349694793,-12.72664349694793,-54.26039658339575,-63.81880333688171,23.35876383928222,32.93274439683289,0,0,0,368,1,1,1,1,1,1,1,1,1,1,0.5,0.5,0.4118136038073375,0.5881863961926626,0.6340015126085223,0.3659984873914776,0.6030999316368191,0.4588059087838831,0.5411940912161171,0.3724726172990518,0.6275273827009482,0.5949029042945627,0.4050970957054373,0.6118635971252712,0.3881364028747289,0.3969000683631809,100,-12184.17631903778,101325,-25.45328699389587,368,0.5,0.5,0.4118136038073375,0.5881863961926626,0.6340015126085223,0.3659984873914776,0.3969000683631809,100,-12184.17631903778,101325,-25.45328699389587,368,0.5,0.5,0.4118136038073375,0.5881863961926626,0.6340015126085223,0.3659984873914776,0.3969000683631809
0.354,146.1957090661339,167.8855917603916,113.2373706509648,73.09785453306694,73.09785453306694,153.1397420816477,178.2097705185411,103.8552737738388,129.4895241883515,0,0,0,100,60.30999316368191,39.69000683631809,50,50,24.83647563033173,35.47351753335018,25.16352436966826,14.52648246664983,8512.75,5208.641836428152,3304.108163571849,3905.7,4607.05,1940.076457387733,3268.565379040419,1965.623542612267,1338.484620959582,-12184.17631903778,-24894.87014131815,7130.052088348826,-6092.088159518888,-6092.088159518888,-23363.60035599317,-25966.9754004296,6520.46119735415,8186.016963279074,0,0,0,1.539535136156243,0.6222491539426789,85.1275,86.36449057939448,83.24786078264026,101325,109521.3965971366,89802.44714147809,155993.3976710313,63049.39552324193,-25.45328699389587,-59.88252140507227,26.86282624166117,-12.72664349694793,-12.72664349694793,-54.26039658339575,-63.81880333688171,23.35876383928222,32.93274439683289,0,0,0,368,1,1,1,1,1,1,1,1,1,1,0.5,0.5,0.4118136038073375,0.5881863961926626,0.6340015126085223,0.3659984873914776,0.6030999316368191,0.4588059087838831,0.5411940912161171,0.3724726172990518,0.6275273827009482,0.5949029042945627,0.4050970957054373,0.6118635971252712,0.3881364028747289,0.3969000683631809,100,-12184.17631903778,101325,-25.45328699389587,368,0.5,0.5,0.4118136038073375,0.5881863961926626,0.6340015126085223,0.3659984873914776,0.3969000683631809,100,-12184.17631903778,101325,-25.45328699389587,368,0.5,0.5,0.4118136038073375,0.5881863961926626,0.6340015126085223,0.3659984873914776,0.3969000683631809
0.356,146.1957090661339,167.8855917603916,113.2373706509648,73.09785453306694,73.09785453306694,153.1397420816477,178.2097705185411,103.8552737738388,129.4895241883515,0,0,0,100,60.30999316368191,39.69000683631809,50,50,24.83647563033173,35.47351753335018,25.16352436966826,14.52648246664983,8512.75,5208.641836428152,3304.108163571849,3905.7,4607.05,1940.076457387733,3268.565379040419,1965.623542612267,1338.484620959582,-12184.17631903778,-24894.87014131815,7130.052088348826,-6092.088159518888,-6092.088159518888,-23363.60035599317,-25966.9754004296,6520.46119735415,8186.016963279074,0,0,0,1.539535136156243,0.6222491539426789,85.1275,86.36449057939448,83.24786078264026,101325,109521.3965971366,89802.44714147809,155993.3976710313,63049.39552324193,-25.45328699389587,-59.88252140507227,26.86282624166117,-12.72664349694793,-12.72664349694793,-54.26039658339575,-63.81880333688171,23.35876383928222,32.93274439683289,0,0,0,368,1,1,1,1,1,1,1,1,1,1,0.5,0.5,0.4118136038073375,0.5881863961926626,0.6340015126085223,0.3659984873914776,0.6030999316368191,0.4588059087838831,0.5411940912161171,0.3724726172990518,0.6275273827009482,0.5949029042945627,0.4050970957054373,0.6118635971252712,0.3881364028747289,0.3969000683631809,100,-12184.17631903778,101325,-25.45328699389587,368,0.5,0.5,0.4118136038073375,0.5881863961926626,0.6340015126085223,0.3659984873914776,0.3969000683631809,100,-12184.17631903778,101325,-25.45328699389587,368,0.5,0.5,0.4118136038073375,0.5881863961926626,0.6340015126085223,0.3659984873914776,0.3969000683631809
0.358,146.1957090661339,167.8855917603916,113.2373706509648,73.09785453306694,73.09785453306694,153.1397420816477,178.2097705185411,103.8552737738388,129.4895241883515,0,0,0,100,60.30999316368191,39.69000683631809,50,50,24.83647563033173,35.47351753335018,25.16352436966826,14.52648246664983,8512.75,5208.641836428152,3304.108163571849,3905.7,4607.05,1940.076457387733,3268.565379040419,1965.623542612267,1338.484620959582,-12184.17631903778,-24894.87014131815,7130.052088348826,-6092.088159518888,-6092.088159518888,-23363.60035599317,-25966.9754004296,6520.46119735415,8186.016963279074,0,0,0,1.539535136156243,0.6222491539426789,85.1275,86.36449057939448,83.24786078264026,101325,109521.3965971366,89802.44714147809,155993.3976710313,63049.39552324193,-25.45328699389587,-59.88252140507227,26.86282624166117,-12.72664349694793,-12.72664349694793,-54.26039658339575,-63.81880333688171,23.35876383928222,32.93274439683289,0,0,0,368,1,1,1,1,1,1,1,1,1,1,0.5,0.5,0.4118136038073375,0.5881863961926626,0.6340015126085223,0.3659984873914776,0.6030999316368191,0.4588059087838831,0.5411940912161171,0.3724726172990518,0.6275273827009482,0.5949029042945627,0.4050970957054373,0.6118635971252712,0.3881364028747289,0.3969000683631809,100,-12184.17631903778,101325,-25.45328699389587,368,0.5,0.5,0.4118136038073375,0.5881863961926626,0.6340015126085223,0.3659984873914776,0.3969000683631809,100,-12184.17631903778,101325,-25.45328699389587,368,0.5,0.5,0.4118136038073375,0.5881863961926626,0.6340015126085223,0.3659984873914776,0.3969000683631809
0.36,146.1957090661339,167.8855917603916,113.2373706509648,73.09785453306694,73.09785453306694,153.1397420816477,178.2097705185411,103.8552737738388,129.4895241883515,0,0,0,100,60.30999316368191,39.69000683631809,50,50,24.83647563033173,35.47351753335018,25.16352436966826,14.52648246664983,8512.75,5208.641836428152,3304.108163571849,3905.7,4607.05,1940.076457387733,3268.565379040419,1965.623542612267,1338.484620959582,-12184.17631903778,-24894.87014131815,7130.052088348826,-6092.088159518888,-6092.088159518888,-23363.60035599317,-25966.9754004296,6520.46119735415,8186.016963279074,0,0,0,1.539535136156243,0.6222491539426789,85.1275,86.36449057939448,83.24786078264026,101325,109521.3965971366,89802.44714147809,155993.3976710313,63049.39552324193,-25.45328699389587,-59.88252140507227,26.86282624166117,-12.72664349694793,-12.72664349694793,-54.26039658339575,-63.81880333688171,23.35876383928222,32.93274439683289,0,0,0,368,1,1,1,1,1,1,1,1,1,1,0.5,0.5,0.4118136038073375,0.5881863961926626,0.6340015126085223,0.3659984873914776,0.6030999316368191,0.4588059087838831,0.5411940912161171,0.3724726172990518,0.6275273827009482,0.5949029042945627,0.4050970957054373,0.6118635971252712,0.3881364028747289,0.3969000683631809,100,-12184.17631903778,101325,-25.45328699389587,368,0.5,0.5,0.4118136038073375,0.5881863961926626,0.6340015126085223,0.3659984873914776,0.3969000683631809,100,-12184.17631903778,101325,-25.45328699389587,368,0.5,0.5,0.4118136038073375,0.5881863961926626,0.6340015126085223,0.3659984873914776,0.3969000683631809
0.362,146.1957090661339,167.8855917603916,113.2373706509648,73.09785453306694,73.09785453306694,153.1397420816477,178.2097705185411,103.8552737738388,129.4895241883515,0,0,0,100,60.30999316368191,39.69000683631809,50,50,24.83647563033173,35.47351753335018,25.16352436966826,14.52648246664983,8512.75,5208.641836428152,3304.108163571849,3905.7,4607.05,1940.076457387733,3268.565379040419,1965.623542612267,1338.484620959582,-12184.17631903778,-24894.87014131815,7130.052088348826,-6092.088159518888,-6092.088159518888,-23363.60035599317,-25966.9754004296,6520.46119735415,8186.016963279074,0,0,0,1.539535136156243,0.6222491539426789,85.1275,86.36449057939448,83.24786078264026,101325,109521.3965971366,89802.44714147809,155993.3976710313,63049.39552324193,-25.45328699389587,-59.88252140507227,26.86282624166117,-12.72664349694793,-12.72664349694793,-54.26039658339575,-63.81880333688171,23.35876383928222,32.93274439683289,0,0,0,368,1,1,1,1,1,1,1,1,1,1,0.5,0.5,0.4118136038073375,0.5881863961926626,0.6340015126085223,0.3659984873914776,0.6030999316368191,0.4588059087838831,0.5411940912161171,0.3724726172990518,0.6275273827009482,0.5949029042945627,0.4050970957054373,0.6118635971252712,0.3881364028747289,0.3969000683631809,100,-12184.17631903778,101325,-25.45328699389587,368,0.5,0.5,0.4118136038073375,0.5881863961926626,0.6340015126085223,0.3659984873914776,0.3969000683631809,100,-12184.17631903778,101325,-25.45328699389587,368,0.5,0.5,0.4118136038073375,0.5881863961926626,0.6340015126085223,0.3659984873914776,0.3969000683631809
0.364,146.1957090661339,167.8855917603916,113.2373706509648,73.09785453306694,73.09785453306694,153.1397420816477,178.2097705185411,103.8552737738388,129.4895241883515,0,0,0,100,60.30999316368191,39.69000683631809,50,50,24.83647563033173,35.47351753335018,25.16352436966826,14.52648246664983,8512.75,5208.641836428152,3304.108163571849,3905.7,4607.05,1940.076457387733,3268.565379040419,1965.623542612267,1338.484620959582,-12184.17631903778,-24894.87014131815,7130.052088348826,-6092.088159518888,-6092.088159518888,-23363.60035599317,-25966.9754004296,6520.46119735415,8186.016963279074,0,0,0,1.539535136156243,0.6222491539426789,85.1275,86.36449057939448,83.24786078264026,101325,109521.3965971366,89802.44714147809,155993.3976710313,63049.39552324193,-25.45328699389587,-59.88252140507227,26.86282624166117,-12.72664349694793,-12.72664349694793,-54.26039658339575,-63.81880333688171,23.35876383928222,32.93274439683289,0,0,0,368,1,1,1,1,1,1,1,1,1,1,0.5,0.5,0.4118136038073375,0.5881863961926626,0.6340015126085223,0.3659984873914776,0.6030999316368191,0.4588059087838831,0.5411940912161171,0.3724726172990518,0.6275273827009482,0.5949029042945627,0.4050970957054373,0.6118635971252712,0.3881364028747289,0.3969000683631809,100,-12184.17631903778,101325,-25.45328699389587,368,0.5,0.5,0.4118136038073375,0.5881863961926626,0.6340015126085223,0.3659984873914776,0.3969000683631809,100,-12184.17631903778,101325,-25.45328699389587,368,0.5,0.5,0.4118136038073375,0.5881863961926626,0.6340015126085223,0.3659984873914776,0.3969000683631809
0.366,146.1957090661339,167.8855917603916,113.2373706509648,73.09785453306694,73.09785453306694,153.1397420816477,178.2097705185411,103.8552737738388,129.4895241883515,0,0,0,100,60.30999316368191,39.69000683631809,50,50,24.83647563033173,35.47351753335018,25.16352436966826,14.52648246664983,8512.75,5208.641836428152,3304.108163571849,3905.7,4607.05,1940.076457387733,3268.565379040419,1965.623542612267,1338.484620959582,-12184.17631903778,-24894.87014131815,7130.052088348826,-6092.088159518888,-6092.088159518888,-23363.60035599317,-25966.9754004296,6520.46119735415,8186.016963279074,0,0,0,1.539535136156243,0.6222491539426789,85.1275,86.36449057939448,83.24786078264026,101325,109521.3965971366,89802.44714147809,155993.3976710313,63049.39552324193,-25.45328699389587,-59.88252140507227,26.86282624166117,-12.72664349694793,-12.72664349694793,-54.26039658339575,-63.81880333688171,23.35876383928222,32.93274439683289,0,0,0,368,1,1,1,1,1,1,1,1,1,1,0.5,0.5,0.4118136038073375,0.5881863961926626,0.6340015126085223,0.3659984873914776,0.6030999316368191,0.4588059087838831,0.5411940912161171,0.3724726172990518,0.6275273827009482,0.5949029042945627,0.4050970957054373,0.6118635971252712,0.3881364028747289,0.3969000683631809,100,-12184.17631903778,101325,-25.45328699389587,368,0.5,0.5,0.4118136038073375,0.5881863961926626,0.6340015126085223,0.3659984873914776,0.3969000683631809,100,-12184.17631903778,101325,-25.45328699389587,368,0.5,0.5,0.4118136038073375,0.5881863961926626,0.6340015126085223,0.3659984873914776,0.3969000683631809
0.368,146.1957090661339,167.8855917603916,113.2373706509648,73.09785453306694,73.09785453306694,153.1397420816477,178.2097705185411,103.8552737738388,129.4895241883515,0,0,0,100,60.30999316368191,39.69000683631809,50,50,24.83647563033173,35.47351753335018,25.16352436966826,14.52648246664983,8512.75,5208.641836428152,3304.108163571849,3905.7,4607.05,1940.076457387733,3268.565379040419,1965.623542612267,1338.484620959582,-12184.17631903778,-24894.87014131815,7130.052088348826,-6092.088159518888,-6092.088159518888,-23363.60035599317,-25966.9754004296,6520.46119735415,8186.016963279074,0,0,0,1.539535136156243,0.6222491539426789,85.1275,86.36449057939448,83.24786078264026,101325,109521.3965971366,89802.44714147809,155993.3976710313,63049.39552324193,-25.45328699389587,-59.88252140507227,26.86282624166117,-12.72664349694793,-12.72664349694793,-54.26039658339575,-63.81880333688171,23.35876383928222,32.93274439683289,0,0,0,368,1,1,1,1,1,1,1,1,1,1,0.5,0.5,0.4118136038073375,0.5881863961926626,0.6340015126085223,0.3659984873914776,0.6030999316368191,0.4588059087838831,0.5411940912161171,0.3724726172990518,0.6275273827009482,0.5949029042945627,0.4050970957054373,0.6118635971252712,0.3881364028747289,0.3969000683631809,100,-12184.17631903778,101325,-25.45328699389587,368,0.5,0.5,0.4118136038073375,0.5881863961926626,0.6340015126085223,0.3659984873914776,0.3969000683631809,100,-12184.17631903778,101325,-25.45328699389587,368,0.5,0.5,0.4118136038073375,0.5881863961926626,0.6340015126085223,0.3659984873914776,0.3969000683631809
0.37,146.1957090661339,167.8855917603916,113.2373706509648,73.09785453306694,73.09785453306694,153.1397420816477,178.2097705185411,103.8552737738388,129.4895241883515,0,0,0,100,60.30999316368191,39.69000683631809,50,50,24.83647563033173,35.47351753335018,25.16352436966826,14.52648246664983,8512.75,5208.641836428152,3304.108163571849,3905.7,4607.05,1940.076457387733,3268.565379040419,1965.623542612267,1338.484620959582,-12184.17631903778,-24894.87014131815,7130.052088348826,-6092.088159518888,-6092.088159518888,-23363.60035599317,-25966.9754004296,6520.46119735415,8186.016963279074,0,0,0,1.539535136156243,0.6222491539426789,85.1275,86.36449057939448,83.24786078264026,101325,109521.3965971366,89802.44714147809,155993.3976710313,63049.39552324193,-25.45328699389587,-59.88252140507227,26.86282624166117,-12.72664349694793,-12.72664349694793,-54.26039658339575,-63.81880333688171,23.35876383928222,32.93274439683289,0,0,0,368,1,1,1,1,1,1,1,1,1,1,0.5,0.5,0.4118136038073375,0.5881863961926626,0.6340015126085223,0.3659984873914776,0.6030999316368191,0.4588059087838831,0.5411940912161171,0.3724726172990518,0.6275273827009482,0.5949029042945627,0.4050970957054373,0.6118635971252712,0.3881364028747289,0.3969000683631809,100,-12184.17631903778,101325,-25.45328699389587,368,0.5,0.5,0.4118136038073375,0.5881863961926626,0.6340015126085223,0.3659984873914776,0.3969000683631809,100,-12184.17631903778,101325,-25.45328699389587,368,0.5,0.5,0.4118136038073375,0.5881863961926626,0.6340015126085223,0.3659984873914776,0.3969000683631809
0.372,146.1957090661339,167.8855917603916,113.2373706509648,73.09785453306694,73.09785453306694,153.1397420816477,178.2097705185411,103.8552737738388,129.4895241883515,0,0,0,100,60.30999316368191,39.69000683631809,50,50,24.83647563033173,35.47351753335018,25.16352436966826,14.52648246664983,8512.75,5208.641836428152,3304.108163571849,3905.7,4607.05,1940.076457387733,3268.565379040419,1965.623542612267,1338.484620959582,-12184.17631903778,-24894.87014131815,7130.052088348826,-6092.088159518888,-6092.088159518888,-23363.60035599317,-25966.9754004296,6520.46119735415,8186.016963279074,0,0,0,1.539535136156243,0.6222491539426789,85.1275,86.36449057939448,83.24786078264026,101325,109521.3965971366,89802.44714147809,155993.3976710313,63049.39552324193,-25.45328699389587,-59.88252140507227,26.86282624166117,-12.72664349694793,-12.72664349694793,-54.26039658339575,-63.81880333688171,23.35876383928222,32.93274439683289,0,0,0,368,1,1,1,1,1,1,1,1,1,1,0.5,0.5,0.4118136038073375,0.5881863961926626,0.6340015126085223,0.3659984873914776,0.6030999316368191,0.4588059087838831,0.5411940912161171,0.3724726172990518,0.6275273827009482,0.5949029042945627,0.4050970957054373,0.6118635971252712,0.3881364028747289,0.3969000683631809,100,-12184.17631903778,101325,-25.45328699389587,368,0.5,0.5,0.4118136038073375,0.5881863961926626,0.6340015126085223,0.3659984873914776,0.3969000683631809,100,-12184.17631903778,101325,-25.45328699389587,368,0.5,0.5,0.4118136038073375,0.5881863961926626,0.6340015126085223,0.3659984873914776,0.3969000683631809
0.374,146.1957090661339,167.8855917603916,113.2373706509648,73.09785453306694,73.09785453306694,153.1397420816477,178.2097705185411,103.8552737738388,129.4895241883515,0,0,0,100,60.30999316368191,39.69000683631809,50,50,24.83647563033173,35.47351753335018,25.16352436966826,14.52648246664983,8512.75,5208.641836428152,3304.108163571849,3905.7,4607.05,1940.076457387733,3268.565379040419,1965.623542612267,1338.484620959582,-12184.17631903778,-24894.87014131815,7130.052088348826,-6092.088159518888,-6092.088159518888,-23363.60035599317,-25966.9754004296,6520.46119735415,8186.016963279074,0,0,0,1.539535136156243,0.6222491539426789,85.1275,86.36449057939448,83.24786078264026,101325,109521.3965971366,89802.44714147809,155993.3976710313,63049.39552324193,-25.45328699389587,-59.88252140507227,26.86282624166117,-12.72664349694793,-12.72664349694793,-54.26039658339575,-63.81880333688171,23.35876383928222,32.93274439683289,0,0,0,368,1,1,1,1,1,1,1,1,1,1,0.5,0.5,0.4118136038073375,0.5881863961926626,0.6340015126085223,0.3659984873914776,0.6030999316368191,0.4588059087838831,0.5411940912161171,0.3724726172990518,0.6275273827009482,0.5949029042945627,0.4050970957054373,0.6118635971252712,0.3881364028747289,0.3969000683631809,100,-12184.17631903778,101325,-25.45328699389587,368,0.5,0.5,0.4118136038073375,0.5881863961926626,0.6340015126085223,0.3659984873914776,0.3969000683631809,100,-12184.17631903778,101325,-25.45328699389587,368,0.5,0.5,0.4118136038073375,0.5881863961926626,0.6340015126085223,0.3659984873914776,0.3969000683631809
0.376,146.1957090661339,167.8855917603916,113.2373706509648,73.09785453306694,73.09785453306694,153.1397420816477,178.2097705185411,103.8552737738388,129.4895241883515,0,0,0,100,60.30999316368191,39.69000683631809,50,50,24.83647563033173,35.47351753335018,25.16352436966826,14.52648246664983,8512.75,5208.641836428152,3304.108163571849,3905.7,4607.05,1940.076457387733,3268.565379040419,1965.623542612267,1338.484620959582,-12184.17631903778,-24894.87014131815,7130.052088348826,-6092.088159518888,-6092.088159518888,-23363.60035599317,-25966.9754004296,6520.46119735415,8186.016963279074,0,0,0,1.539535136156243,0.6222491539426789,85.1275,86.36449057939448,83.24786078264026,101325,109521.3965971366,89802.44714147809,155993.3976710313,63049.39552324193,-25.45328699389587,-59.88252140507227,26.86282624166117,-12.72664349694793,-12.72664349694793,-54.26039658339575,-63.81880333688171,23.35876383928222,32.93274439683289,0,0,0,368,1,1,1,1,1,1,1,1,1,1,0.5,0.5,0.4118136038073375,0.5881863961926626,0.6340015126085223,0.3659984873914776,0.6030999316368191,0.4588059087838831,0.5411940912161171,0.3724726172990518,0.6275273827009482,0.5949029042945627,0.4050970957054373,0.6118635971252712,0.3881364028747289,0.3969000683631809,100,-12184.17631903778,101325,-25.45328699389587,368,0.5,0.5,0.4118136038073375,0.5881863961926626,0.6340015126085223,0.3659984873914776,0.3969000683631809,100,-12184.17631903778,101325,-25.45328699389587,368,0.5,0.5,0.4118136038073375,0.5881863961926626,0.6340015126085223,0.3659984873914776,0.3969000683631809
0.378,146.1957090661339,167.8855917603916,113.2373706509648,73.09785453306694,73.09785453306694,153.1397420816477,178.2097705185411,103.8552737738388,129.4895241883515,0,0,0,100,60.30999316368191,39.69000683631809,50,50,24.83647563033173,35.47351753335018,25.16352436966826,14.52648246664983,8512.75,5208.641836428152,3304.108163571849,3905.7,4607.05,1940.076457387733,3268.565379040419,1965.623542612267,1338.484620959582,-12184.17631903778,-24894.87014131815,7130.052088348826,-6092.088159518888,-6092.088159518888,-23363.60035599317,-25966.9754004296,6520.46119735415,8186.016963279074,0,0,0,1.539535136156243,0.6222491539426789,85.1275,86.36449057939448,83.24786078264026,101325,109521.3965971366,89802.44714147809,155993.3976710313,63049.39552324193,-25.45328699389587,-59.88252140507227,26.86282624166117,-12.72664349694793,-12.72664349694793,-54.26039658339575,-63.81880333688171,23.35876383928222,32.93274439683289,0,0,0,368,1,1,1,1,1,1,1,1,1,1,0.5,0.5,0.4118136038073375,0.5881863961926626,0.6340015126085223,0.3659984873914776,0.6030999316368191,0.4588059087838831,0.5411940912161171,0.3724726172990518,0.6275273827009482,0.5949029042945627,0.4050970957054373,0.6118635971252712,0.3881364028747289,0.3969000683631809,100,-12184.17631903778,101325,-25.45328699389587,368,0.5,0.5,0.4118136038073375,0.5881863961926626,0.6340015126085223,0.3659984873914776,0.3969000683631809,100,-12184.17631903778,101325,-25.45328699389587,368,0.5,0.5,0.4118136038073375,0.5881863961926626,0.6340015126085223,0.3659984873914776,0.3969000683631809
0.38,146.1957090661339,167.8855917603916,113.2373706509648,73.09785453306694,73.09785453306694,153.1397420816477,178.2097705185411,103.8552737738388,129.4895241883515,0,0,0,100,60.30999316368191,39.69000683631809,50,50,24.83647563033173,35.47351753335018,25.16352436966826,14.52648246664983,8512.75,5208.641836428152,3304.108163571849,3905.7,4607.05,1940.076457387733,3268.565379040419,1965.623542612267,1338.484620959582,-12184.17631903778,-24894.87014131815,7130.052088348826,-6092.088159518888,-6092.088159518888,-23363.60035599317,-25966.9754004296,6520.46119735415,8186.016963279074,0,0,0,1.539535136156243,0.6222491539426789,85.1275,86.36449057939448,83.24786078264026,101325,109521.3965971366,89802.44714147809,155993.3976710313,63049.39552324193,-25.45328699389587,-59.88252140507227,26.86282624166117,-12.72664349694793,-12.72664349694793,-54.26039658339575,-63.81880333688171,23.35876383928222,32.93274439683289,0,0,0,368,1,1,1,1,1,1,1,1,1,1,0.5,0.5,0.4118136038073375,0.5881863961926626,0.6340015126085223,0.3659984873914776,0.6030999316368191,0.4588059087838831,0.5411940912161171,0.3724726172990518,0.6275273827009482,0.5949029042945627,0.4050970957054373,0.6118635971252712,0.3881364028747289,0.3969000683631809,100,-12184.17631903778,101325,-25.45328699389587,368,0.5,0.5,0.4118136038073375,0.5881863961926626,0.6340015126085223,0.3659984873914776,0.3969000683631809,100,-12184.17631903778,101325,-25.45328699389587,368,0.5,0.5,0.4118136038073375,0.5881863961926626,0.6340015126085223,0.3659984873914776,0.3969000683631809
0.382,146.1957090661339,167.8855917603916,113.2373706509648,73.09785453306694,73.09785453306694,153.1397420816477,178.2097705185411,103.8552737738388,129.4895241883515,0,0,0,100,60.30999316368191,39.69000683631809,50,50,24.83647563033173,35.47351753335018,25.16352436966826,14.52648246664983,8512.75,5208.641836428152,3304.108163571849,3905.7,4607.05,1940.076457387733,3268.565379040419,1965.623542612267,1338.484620959582,-12184.17631903778,-24894.87014131815,7130.052088348826,-6092.088159518888,-6092.088159518888,-23363.60035599317,-25966.9754004296,6520.46119735415,8186.016963279074,0,0,0,1.539535136156243,0.6222491539426789,85.1275,86.36449057939448,83.24786078264026,101325,109521.3965971366,89802.44714147809,155993.3976710313,63049.39552324193,-25.45328699389587,-59.88252140507227,26.86282624166117,-12.72664349694793,-12.72664349694793,-54.26039658339575,-63.81880333688171,23.35876383928222,32.93274439683289,0,0,0,368,1,1,1,1,1,1,1,1,1,1,0.5,0.5,0.4118136038073375,0.5881863961926626,0.6340015126085223,0.3659984873914776,0.6030999316368191,0.4588059087838831,0.5411940912161171,0.3724726172990518,0.6275273827009482,0.5949029042945627,0.4050970957054373,0.6118635971252712,0.3881364028747289,0.3969000683631809,100,-12184.17631903778,101325,-25.45328699389587,368,0.5,0.5,0.4118136038073375,0.5881863961926626,0.6340015126085223,0.3659984873914776,0.3969000683631809,100,-12184.17631903778,101325,-25.45328699389587,368,0.5,0.5,0.4118136038073375,0.5881863961926626,0.6340015126085223,0.3659984873914776,0.3969000683631809
0.384,146.1957090661339,167.8855917603916,113.2373706509648,73.09785453306694,73.09785453306694,153.1397420816477,178.2097705185411,103.8552737738388,129.4895241883515,0,0,0,100,60.30999316368191,39.69000683631809,50,50,24.83647563033173,35.47351753335018,25.16352436966826,14.52648246664983,8512.75,5208.641836428152,3304.108163571849,3905.7,4607.05,1940.076457387733,3268.565379040419,1965.623542612267,1338.484620959582,-12184.17631903778,-24894.87014131815,7130.052088348826,-6092.088159518888,-6092.088159518888,-23363.60035599317,-25966.9754004296,6520.46119735415,8186.016963279074,0,0,0,1.539535136156243,0.6222491539426789,85.1275,86.36449057939448,83.24786078264026,101325,109521.3965971366,89802.44714147809,155993.3976710313,63049.39552324193,-25.45328699389587,-59.88252140507227,26.86282624166117,-12.72664349694793,-12.72664349694793,-54.26039658339575,-63.81880333688171,23.35876383928222,32.93274439683289,0,0,0,368,1,1,1,1,1,1,1,1,1,1,0.5,0.5,0.4118136038073375,0.5881863961926626,0.6340015126085223,0.3659984873914776,0.6030999316368191,0.4588059087838831,0.5411940912161171,0.3724726172990518,0.6275273827009482,0.5949029042945627,0.4050970957054373,0.6118635971252712,0.3881364028747289,0.3969000683631809,100,-12184.17631903778,101325,-25.45328699389587,368,0.5,0.5,0.4118136038073375,0.5881863961926626,0.6340015126085223,0.3659984873914776,0.3969000683631809,100,-12184.17631903778,101325,-25.45328699389587,368,0.5,0.5,0.4118136038073375,0.5881863961926626,0.6340015126085223,0.3659984873914776,0.3969000683631809
0.386,146.1957090661339,167.8855917603916,113.2373706509648,73.09785453306694,73.09785453306694,153.1397420816477,178.2097705185411,103.8552737738388,129.4895241883515,0,0,0,100,60.30999316368191,39.69000683631809,50,50,24.83647563033173,35.47351753335018,25.16352436966826,14.52648246664983,8512.75,5208.641836428152,3304.108163571849,3905.7,4607.05,1940.076457387733,3268.565379040419,1965.623542612267,1338.484620959582,-12184.17631903778,-24894.87014131815,7130.052088348826,-6092.088159518888,-6092.088159518888,-23363.60035599317,-25966.9754004296,6520.46119735415,8186.016963279074,0,0,0,1.539535136156243,0.6222491539426789,85.1275,86.36449057939448,83.24786078264026,101325,109521.3965971366,89802.44714147809,155993.3976710313,63049.39552324193,-25.45328699389587,-59.88252140507227,26.86282624166117,-12.72664349694793,-12.72664349694793,-54.26039658339575,-63.81880333688171,23.35876383928222,32.93274439683289,0,0,0,368,1,1,1,1,1,1,1,1,1,1,0.5,0.5,0.4118136038073375,0.5881863961926626,0.6340015126085223,0.3659984873914776,0.6030999316368191,0.4588059087838831,0.5411940912161171,0.3724726172990518,0.6275273827009482,0.5949029042945627,0.4050970957054373,0.6118635971252712,0.3881364028747289,0.3969000683631809,100,-12184.17631903778,101325,-25.45328699389587,368,0.5,0.5,0.4118136038073375,0.5881863961926626,0.6340015126085223,0.3659984873914776,0.3969000683631809,100,-12184.17631903778,101325,-25.45328699389587,368,0.5,0.5,0.4118136038073375,0.5881863961926626,0.6340015126085223,0.3659984873914776,0.3969000683631809
0.388,146.1957090661339,167.8855917603916,113.2373706509648,73.09785453306694,73.09785453306694,153.1397420816477,178.2097705185411,103.8552737738388,129.4895241883515,0,0,0,100,60.30999316368191,39.69000683631809,50,50,24.83647563033173,35.47351753335018,25.16352436966826,14.52648246664983,8512.75,5208.641836428152,3304.108163571849,3905.7,4607.05,1940.076457387733,3268.565379040419,1965.623542612267,1338.484620959582,-12184.17631903778,-24894.87014131815,7130.052088348826,-6092.088159518888,-6092.088159518888,-23363.60035599317,-25966.9754004296,6520.46119735415,8186.016963279074,0,0,0,1.539535136156243,0.6222491539426789,85.1275,86.36449057939448,83.24786078264026,101325,109521.3965971366,89802.44714147809,155993.3976710313,63049.39552324193,-25.45328699389587,-59.88252140507227,26.86282624166117,-12.72664349694793,-12.72664349694793,-54.26039658339575,-63.81880333688171,23.35876383928222,32.93274439683289,0,0,0,368,1,1,1,1,1,1,1,1,1,1,0.5,0.5,0.4118136038073375,0.5881863961926626,0.6340015126085223,0.3659984873914776,0.6030999316368191,0.4588059087838831,0.5411940912161171,0.3724726172990518,0.6275273827009482,0.5949029042945627,0.4050970957054373,0.6118635971252712,0.3881364028747289,0.3969000683631809,100,-12184.17631903778,101325,-25.45328699389587,368,0.5,0.5,0.4118136038073375,0.5881863961926626,0.6340015126085223,0.3659984873914776,0.3969000683631809,100,-12184.17631903778,101325,-25.45328699389587,368,0.5,0.5,0.4118136038073375,0.5881863961926626,0.6340015126085223,0.3659984873914776,0.3969000683631809
0.39,146.1957090661339,167.8855917603916,113.2373706509648,73.09785453306694,73.09785453306694,153.1397420816477,178.2097705185411,103.8552737738388,129.4895241883515,0,0,0,100,60.30999316368191,39.69000683631809,50,50,24.83647563033173,35.47351753335018,25.16352436966826,14.52648246664983,8512.75,5208.641836428152,3304.108163571849,3905.7,4607.05,1940.076457387733,3268.565379040419,1965.623542612267,1338.484620959582,-12184.17631903778,-24894.87014131815,7130.052088348826,-6092.088159518888,-6092.088159518888,-23363.60035599317,-25966.9754004296,6520.46119735415,8186.016963279074,0,0,0,1.539535136156243,0.6222491539426789,85.1275,86.36449057939448,83.24786078264026,101325,109521.3965971366,89802.44714147809,155993.3976710313,63049.39552324193,-25.45328699389587,-59.88252140507227,26.86282624166117,-12.72664349694793,-12.72664349694793,-54.26039658339575,-63.81880333688171,23.35876383928222,32.93274439683289,0,0,0,368,1,1,1,1,1,1,1,1,1,1,0.5,0.5,0.4118136038073375,0.5881863961926626,0.6340015126085223,0.3659984873914776,0.6030999316368191,0.4588059087838831,0.5411940912161171,0.3724726172990518,0.6275273827009482,0.5949029042945627,0.4050970957054373,0.6118635971252712,0.3881364028747289,0.3969000683631809,100,-12184.17631903778,101325,-25.45328699389587,368,0.5,0.5,0.4118136038073375,0.5881863961926626,0.6340015126085223,0.3659984873914776,0.3969000683631809,100,-12184.17631903778,101325,-25.45328699389587,368,0.5,0.5,0.4118136038073375,0.5881863961926626,0.6340015126085223,0.3659984873914776,0.3969000683631809
0.392,146.1957090661339,167.8855917603916,113.2373706509648,73.09785453306694,73.09785453306694,153.1397420816477,178.2097705185411,103.8552737738388,129.4895241883515,0,0,0,100,60.30999316368191,39.69000683631809,50,50,24.83647563033173,35.47351753335018,25.16352436966826,14.52648246664983,8512.75,5208.641836428152,3304.108163571849,3905.7,4607.05,1940.076457387733,3268.565379040419,1965.623542612267,1338.484620959582,-12184.17631903778,-24894.87014131815,7130.052088348826,-6092.088159518888,-6092.088159518888,-23363.60035599317,-25966.9754004296,6520.46119735415,8186.016963279074,0,0,0,1.539535136156243,0.6222491539426789,85.1275,86.36449057939448,83.24786078264026,101325,109521.3965971366,89802.44714147809,155993.3976710313,63049.39552324193,-25.45328699389587,-59.88252140507227,26.86282624166117,-12.72664349694793,-12.72664349694793,-54.26039658339575,-63.81880333688171,23.35876383928222,32.93274439683289,0,0,0,368,1,1,1,1,1,1,1,1,1,1,0.5,0.5,0.4118136038073375,0.5881863961926626,0.6340015126085223,0.3659984873914776,0.6030999316368191,0.4588059087838831,0.5411940912161171,0.3724726172990518,0.6275273827009482,0.5949029042945627,0.4050970957054373,0.6118635971252712,0.3881364028747289,0.3969000683631809,100,-12184.17631903778,101325,-25.45328699389587,368,0.5,0.5,0.4118136038073375,0.5881863961926626,0.6340015126085223,0.3659984873914776,0.3969000683631809,100,-12184.17631903778,101325,-25.45328699389587,368,0.5,0.5,0.4118136038073375,0.5881863961926626,0.6340015126085223,0.3659984873914776,0.3969000683631809
0.394,146.1957090661339,167.8855917603916,113.2373706509648,73.09785453306694,73.09785453306694,153.1397420816477,178.2097705185411,103.8552737738388,129.4895241883515,0,0,0,100,60.30999316368191,39.69000683631809,50,50,24.83647563033173,35.47351753335018,25.16352436966826,14.52648246664983,8512.75,5208.641836428152,3304.108163571849,3905.7,4607.05,1940.076457387733,3268.565379040419,1965.623542612267,1338.484620959582,-12184.17631903778,-24894.87014131815,7130.052088348826,-6092.088159518888,-6092.088159518888,-23363.60035599317,-25966.9754004296,6520.46119735415,8186.016963279074,0,0,0,1.539535136156243,0.6222491539426789,85.1275,86.36449057939448,83.24786078264026,101325,109521.3965971366,89802.44714147809,155993.3976710313,63049.39552324193,-25.45328699389587,-59.88252140507227,26.86282624166117,-12.72664349694793,-12.72664349694793,-54.26039658339575,-63.81880333688171,23.35876383928222,32.93274439683289,0,0,0,368,1,1,1,1,1,1,1,1,1,1,0.5,0.5,0.4118136038073375,0.5881863961926626,0.6340015126085223,0.3659984873914776,0.6030999316368191,0.4588059087838831,0.5411940912161171,0.3724726172990518,0.6275273827009482,0.5949029042945627,0.4050970957054373,0.6118635971252712,0.3881364028747289,0.3969000683631809,100,-12184.17631903778,101325,-25.45328699389587,368,0.5,0.5,0.4118136038073375,0.5881863961926626,0.6340015126085223,0.3659984873914776,0.3969000683631809,100,-12184.17631903778,101325,-25.45328699389587,368,0.5,0.5,0.4118136038073375,0.5881863961926626,0.6340015126085223,0.3659984873914776,0.3969000683631809
0.396,146.1957090661339,167.8855917603916,113.2373706509648,73.09785453306694,73.09785453306694,153.1397420816477,178.2097705185411,103.8552737738388,129.4895241883515,0,0,0,100,60.30999316368191,39.69000683631809,50,50,24.83647563033173,35.47351753335018,25.16352436966826,14.52648246664983,8512.75,5208.641836428152,3304.108163571849,3905.7,4607.05,1940.076457387733,3268.565379040419,1965.623542612267,1338.484620959582,-12184.17631903778,-24894.87014131815,7130.052088348826,-6092.088159518888,-6092.088159518888,-23363.60035599317,-25966.9754004296,6520.46119735415,8186.016963279074,0,0,0,1.539535136156243,0.6222491539426789,85.1275,86.36449057939448,83.24786078264026,101325,109521.3965971366,89802.44714147809,155993.3976710313,63049.39552324193,-25.45328699389587,-59.88252140507227,26.86282624166117,-12.72664349694793,-12.72664349694793,-54.26039658339575,-63.81880333688171,23.35876383928222,32.93274439683289,0,0,0,368,1,1,1,1,1,1,1,1,1,1,0.5,0.5,0.4118136038073375,0.5881863961926626,0.6340015126085223,0.3659984873914776,0.6030999316368191,0.4588059087838831,0.5411940912161171,0.3724726172990518,0.6275273827009482,0.5949029042945627,0.4050970957054373,0.6118635971252712,0.3881364028747289,0.3969000683631809,100,-12184.17631903778,101325,-25.45328699389587,368,0.5,0.5,0.4118136038073375,0.5881863961926626,0.6340015126085223,0.3659984873914776,0.3969000683631809,100,-12184.17631903778,101325,-25.45328699389587,368,0.5,0.5,0.4118136038073375,0.5881863961926626,0.6340015126085223,0.3659984873914776,0.3969000683631809
0.398,146.1957090661339,167.8855917603916,113.2373706509648,73.09785453306694,73.09785453306694,153.1397420816477,178.2097705185411,103.8552737738388,129.4895241883515,0,0,0,100,60.30999316368191,39.69000683631809,50,50,24.83647563033173,35.47351753335018,25.16352436966826,14.52648246664983,8512.75,5208.641836428152,3304.108163571849,3905.7,4607.05,1940.076457387733,3268.565379040419,1965.623542612267,1338.484620959582,-12184.17631903778,-24894.87014131815,7130.052088348826,-6092.088159518888,-6092.088159518888,-23363.60035599317,-25966.9754004296,6520.46119735415,8186.016963279074,0,0,0,1.539535136156243,0.6222491539426789,85.1275,86.36449057939448,83.24786078264026,101325,109521.3965971366,89802.44714147809,155993.3976710313,63049.39552324193,-25.45328699389587,-59.88252140507227,26.86282624166117,-12.72664349694793,-12.72664349694793,-54.26039658339575,-63.81880333688171,23.35876383928222,32.93274439683289,0,0,0,368,1,1,1,1,1,1,1,1,1,1,0.5,0.5,0.4118136038073375,0.5881863961926626,0.6340015126085223,0.3659984873914776,0.6030999316368191,0.4588059087838831,0.5411940912161171,0.3724726172990518,0.6275273827009482,0.5949029042945627,0.4050970957054373,0.6118635971252712,0.3881364028747289,0.3969000683631809,100,-12184.17631903778,101325,-25.45328699389587,368,0.5,0.5,0.4118136038073375,0.5881863961926626,0.6340015126085223,0.3659984873914776,0.3969000683631809,100,-12184.17631903778,101325,-25.45328699389587,368,0.5,0.5,0.4118136038073375,0.5881863961926626,0.6340015126085223,0.3659984873914776,0.3969000683631809
0.4,146.1957090661339,167.8855917603916,113.2373706509648,73.09785453306694,73.09785453306694,153.1397420816477,178.2097705185411,103.8552737738388,129.4895241883515,0,0,0,100,60.30999316368191,39.69000683631809,50,50,24.83647563033173,35.47351753335018,25.16352436966826,14.52648246664983,8512.75,5208.641836428152,3304.108163571849,3905.7,4607.05,1940.076457387733,3268.565379040419,1965.623542612267,1338.484620959582,-12184.17631903778,-24894.87014131815,7130.052088348826,-6092.088159518888,-6092.088159518888,-23363.60035599317,-25966.9754004296,6520.46119735415,8186.016963279074,0,0,0,1.539535136156243,0.6222491539426789,85.1275,86.36449057939448,83.24786078264026,101325,109521.3965971366,89802.44714147809,155993.3976710313,63049.39552324193,-25.45328699389587,-59.88252140507227,26.86282624166117,-12.72664349694793,-12.72664349694793,-54.26039658339575,-63.81880333688171,23.35876383928222,32.93274439683289,0,0,0,368,1,1,1,1,1,1,1,1,1,1,0.5,0.5,0.4118136038073375,0.5881863961926626,0.6340015126085223,0.3659984873914776,0.6030999316368191,0.4588059087838831,0.5411940912161171,0.3724726172990518,0.6275273827009482,0.5949029042945627,0.4050970957054373,0.6118635971252712,0.3881364028747289,0.3969000683631809,100,-12184.17631903778,101325,-25.45328699389587,368,0.5,0.5,0.4118136038073375,0.5881863961926626,0.6340015126085223,0.3659984873914776,0.3969000683631809,100,-12184.17631903778,101325,-25.45328699389587,368,0.5,0.5,0.4118136038073375,0.5881863961926626,0.6340015126085223,0.3659984873914776,0.3969000683631809
0.402,146.1957090661339,167.8855917603916,113.2373706509648,73.09785453306694,73.09785453306694,153.1397420816477,178.2097705185411,103.8552737738388,129.4895241883515,0,0,0,100,60.30999316368191,39.69000683631809,50,50,24.83647563033173,35.47351753335018,25.16352436966826,14.52648246664983,8512.75,5208.641836428152,3304.108163571849,3905.7,4607.05,1940.076457387733,3268.565379040419,1965.623542612267,1338.484620959582,-12184.17631903778,-24894.87014131815,7130.052088348826,-6092.088159518888,-6092.088159518888,-23363.60035599317,-25966.9754004296,6520.46119735415,8186.016963279074,0,0,0,1.539535136156243,0.6222491539426789,85.1275,86.36449057939448,83.24786078264026,101325,109521.3965971366,89802.44714147809,155993.3976710313,63049.39552324193,-25.45328699389587,-59.88252140507227,26.86282624166117,-12.72664349694793,-12.72664349694793,-54.26039658339575,-63.81880333688171,23.35876383928222,32.93274439683289,0,0,0,368,1,1,1,1,1,1,1,1,1,1,0.5,0.5,0.4118136038073375,0.5881863961926626,0.6340015126085223,0.3659984873914776,0.6030999316368191,0.4588059087838831,0.5411940912161171,0.3724726172990518,0.6275273827009482,0.5949029042945627,0.4050970957054373,0.6118635971252712,0.3881364028747289,0.3969000683631809,100,-12184.17631903778,101325,-25.45328699389587,368,0.5,0.5,0.4118136038073375,0.5881863961926626,0.6340015126085223,0.3659984873914776,0.3969000683631809,100,-12184.17631903778,101325,-25.45328699389587,368,0.5,0.5,0.4118136038073375,0.5881863961926626,0.6340015126085223,0.3659984873914776,0.3969000683631809
0.404,146.1957090661339,167.8855917603916,113.2373706509648,73.09785453306694,73.09785453306694,153.1397420816477,178.2097705185411,103.8552737738388,129.4895241883515,0,0,0,100,60.30999316368191,39.69000683631809,50,50,24.83647563033173,35.47351753335018,25.16352436966826,14.52648246664983,8512.75,5208.641836428152,3304.108163571849,3905.7,4607.05,1940.076457387733,3268.565379040419,1965.623542612267,1338.484620959582,-12184.17631903778,-24894.87014131815,7130.052088348826,-6092.088159518888,-6092.088159518888,-23363.60035599317,-25966.9754004296,6520.46119735415,8186.016963279074,0,0,0,1.539535136156243,0.6222491539426789,85.1275,86.36449057939448,83.24786078264026,101325,109521.3965971366,89802.44714147809,155993.3976710313,63049.39552324193,-25.45328699389587,-59.88252140507227,26.86282624166117,-12.72664349694793,-12.72664349694793,-54.26039658339575,-63.81880333688171,23.35876383928222,32.93274439683289,0,0,0,368,1,1,1,1,1,1,1,1,1,1,0.5,0.5,0.4118136038073375,0.5881863961926626,0.6340015126085223,0.3659984873914776,0.6030999316368191,0.4588059087838831,0.5411940912161171,0.3724726172990518,0.6275273827009482,0.5949029042945627,0.4050970957054373,0.6118635971252712,0.3881364028747289,0.3969000683631809,100,-12184.17631903778,101325,-25.45328699389587,368,0.5,0.5,0.4118136038073375,0.5881863961926626,0.6340015126085223,0.3659984873914776,0.3969000683631809,100,-12184.17631903778,101325,-25.45328699389587,368,0.5,0.5,0.4118136038073375,0.5881863961926626,0.6340015126085223,0.3659984873914776,0.3969000683631809
0.406,146.1957090661339,167.8855917603916,113.2373706509648,73.09785453306694,73.09785453306694,153.1397420816477,178.2097705185411,103.8552737738388,129.4895241883515,0,0,0,100,60.30999316368191,39.69000683631809,50,50,24.83647563033173,35.47351753335018,25.16352436966826,14.52648246664983,8512.75,5208.641836428152,3304.108163571849,3905.7,4607.05,1940.076457387733,3268.565379040419,1965.623542612267,1338.484620959582,-12184.17631903778,-24894.87014131815,7130.052088348826,-6092.088159518888,-6092.088159518888,-23363.60035599317,-25966.9754004296,6520.46119735415,8186.016963279074,0,0,0,1.539535136156243,0.6222491539426789,85.1275,86.36449057939448,83.24786078264026,101325,109521.3965971366,89802.44714147809,155993.3976710313,63049.39552324193,-25.45328699389587,-59.88252140507227,26.86282624166117,-12.72664349694793,-12.72664349694793,-54.26039658339575,-63.81880333688171,23.35876383928222,32.93274439683289,0,0,0,368,1,1,1,1,1,1,1,1,1,1,0.5,0.5,0.4118136038073375,0.5881863961926626,0.6340015126085223,0.3659984873914776,0.6030999316368191,0.4588059087838831,0.5411940912161171,0.3724726172990518,0.6275273827009482,0.5949029042945627,0.4050970957054373,0.6118635971252712,0.3881364028747289,0.3969000683631809,100,-12184.17631903778,101325,-25.45328699389587,368,0.5,0.5,0.4118136038073375,0.5881863961926626,0.6340015126085223,0.3659984873914776,0.3969000683631809,100,-12184.17631903778,101325,-25.45328699389587,368,0.5,0.5,0.4118136038073375,0.5881863961926626,0.6340015126085223,0.3659984873914776,0.3969000683631809
0.408,146.1957090661339,167.8855917603916,113.2373706509648,73.09785453306694,73.09785453306694,153.1397420816477,178.2097705185411,103.8552737738388,129.4895241883515,0,0,0,100,60.30999316368191,39.69000683631809,50,50,24.83647563033173,35.47351753335018,25.16352436966826,14.52648246664983,8512.75,5208.641836428152,3304.108163571849,3905.7,4607.05,1940.076457387733,3268.565379040419,1965.623542612267,1338.484620959582,-12184.17631903778,-24894.87014131815,7130.052088348826,-6092.088159518888,-6092.088159518888,-23363.60035599317,-25966.9754004296,6520.46119735415,8186.016963279074,0,0,0,1.539535136156243,0.6222491539426789,85.1275,86.36449057939448,83.24786078264026,101325,109521.3965971366,89802.44714147809,155993.3976710313,63049.39552324193,-25.45328699389587,-59.88252140507227,26.86282624166117,-12.72664349694793,-12.72664349694793,-54.26039658339575,-63.81880333688171,23.35876383928222,32.93274439683289,0,0,0,368,1,1,1,1,1,1,1,1,1,1,0.5,0.5,0.4118136038073375,0.5881863961926626,0.6340015126085223,0.3659984873914776,0.6030999316368191,0.4588059087838831,0.5411940912161171,0.3724726172990518,0.6275273827009482,0.5949029042945627,0.4050970957054373,0.6118635971252712,0.3881364028747289,0.3969000683631809,100,-12184.17631903778,101325,-25.45328699389587,368,0.5,0.5,0.4118136038073375,0.5881863961926626,0.6340015126085223,0.3659984873914776,0.3969000683631809,100,-12184.17631903778,101325,-25.45328699389587,368,0.5,0.5,0.4118136038073375,0.5881863961926626,0.6340015126085223,0.3659984873914776,0.3969000683631809
0.41,146.1957090661339,167.8855917603916,113.2373706509648,73.09785453306694,73.09785453306694,153.1397420816477,178.2097705185411,103.8552737738388,129.4895241883515,0,0,0,100,60.30999316368191,39.69000683631809,50,50,24.83647563033173,35.47351753335018,25.16352436966826,14.52648246664983,8512.75,5208.641836428152,3304.108163571849,3905.7,4607.05,1940.076457387733,3268.565379040419,1965.623542612267,1338.484620959582,-12184.17631903778,-24894.87014131815,7130.052088348826,-6092.088159518888,-6092.088159518888,-23363.60035599317,-25966.9754004296,6520.46119735415,8186.016963279074,0,0,0,1.539535136156243,0.6222491539426789,85.1275,86.36449057939448,83.24786078264026,101325,109521.3965971366,89802.44714147809,155993.3976710313,63049.39552324193,-25.45328699389587,-59.88252140507227,26.86282624166117,-12.72664349694793,-12.72664349694793,-54.26039658339575,-63.81880333688171,23.35876383928222,32.93274439683289,0,0,0,368,1,1,1,1,1,1,1,1,1,1,0.5,0.5,0.4118136038073375,0.5881863961926626,0.6340015126085223,0.3659984873914776,0.6030999316368191,0.4588059087838831,0.5411940912161171,0.3724726172990518,0.6275273827009482,0.5949029042945627,0.4050970957054373,0.6118635971252712,0.3881364028747289,0.3969000683631809,100,-12184.17631903778,101325,-25.45328699389587,368,0.5,0.5,0.4118136038073375,0.5881863961926626,0.6340015126085223,0.3659984873914776,0.3969000683631809,100,-12184.17631903778,101325,-25.45328699389587,368,0.5,0.5,0.4118136038073375,0.5881863961926626,0.6340015126085223,0.3659984873914776,0.3969000683631809
0.412,146.1957090661339,167.8855917603916,113.2373706509648,73.09785453306694,73.09785453306694,153.1397420816477,178.2097705185411,103.8552737738388,129.4895241883515,0,0,0,100,60.30999316368191,39.69000683631809,50,50,24.83647563033173,35.47351753335018,25.16352436966826,14.52648246664983,8512.75,5208.641836428152,3304.108163571849,3905.7,4607.05,1940.076457387733,3268.565379040419,1965.623542612267,1338.484620959582,-12184.17631903778,-24894.87014131815,7130.052088348826,-6092.088159518888,-6092.088159518888,-23363.60035599317,-25966.9754004296,6520.46119735415,8186.016963279074,0,0,0,1.539535136156243,0.6222491539426789,85.1275,86.36449057939448,83.24786078264026,101325,109521.3965971366,89802.44714147809,155993.3976710313,63049.39552324193,-25.45328699389587,-59.88252140507227,26.86282624166117,-12.72664349694793,-12.72664349694793,-54.26039658339575,-63.81880333688171,23.35876383928222,32.93274439683289,0,0,0,368,1,1,1,1,1,1,1,1,1,1,0.5,0.5,0.4118136038073375,0.5881863961926626,0.6340015126085223,0.3659984873914776,0.6030999316368191,0.4588059087838831,0.5411940912161171,0.3724726172990518,0.6275273827009482,0.5949029042945627,0.4050970957054373,0.6118635971252712,0.3881364028747289,0.3969000683631809,100,-12184.17631903778,101325,-25.45328699389587,368,0.5,0.5,0.4118136038073375,0.5881863961926626,0.6340015126085223,0.3659984873914776,0.3969000683631809,100,-12184.17631903778,101325,-25.45328699389587,368,0.5,0.5,0.4118136038073375,0.5881863961926626,0.6340015126085223,0.3659984873914776,0.3969000683631809
0.414,146.1957090661339,167.8855917603916,113.2373706509648,73.09785453306694,73.09785453306694,153.1397420816477,178.2097705185411,103.8552737738388,129.4895241883515,0,0,0,100,60.30999316368191,39.69000683631809,50,50,24.83647563033173,35.47351753335018,25.16352436966826,14.52648246664983,8512.75,5208.641836428152,3304.108163571849,3905.7,4607.05,1940.076457387733,3268.565379040419,1965.623542612267,1338.484620959582,-12184.17631903778,-24894.87014131815,7130.052088348826,-6092.088159518888,-6092.088159518888,-23363.60035599317,-25966.9754004296,6520.46119735415,8186.016963279074,0,0,0,1.539535136156243,0.6222491539426789,85.1275,86.36449057939448,83.24786078264026,101325,109521.3965971366,89802.44714147809,155993.3976710313,63049.39552324193,-25.45328699389587,-59.88252140507227,26.86282624166117,-12.72664349694793,-12.72664349694793,-54.26039658339575,-63.81880333688171,23.35876383928222,32.93274439683289,0,0,0,368,1,1,1,1,1,1,1,1,1,1,0.5,0.5,0.4118136038073375,0.5881863961926626,0.6340015126085223,0.3659984873914776,0.6030999316368191,0.4588059087838831,0.5411940912161171,0.3724726172990518,0.6275273827009482,0.5949029042945627,0.4050970957054373,0.6118635971252712,0.3881364028747289,0.3969000683631809,100,-12184.17631903778,101325,-25.45328699389587,368,0.5,0.5,0.4118136038073375,0.5881863961926626,0.6340015126085223,0.3659984873914776,0.3969000683631809,100,-12184.17631903778,101325,-25.45328699389587,368,0.5,0.5,0.4118136038073375,0.5881863961926626,0.6340015126085223,0.3659984873914776,0.3969000683631809
0.416,146.1957090661339,167.8855917603916,113.2373706509648,73.09785453306694,73.09785453306694,153.1397420816477,178.2097705185411,103.8552737738388,129.4895241883515,0,0,0,100,60.30999316368191,39.69000683631809,50,50,24.83647563033173,35.47351753335018,25.16352436966826,14.52648246664983,8512.75,5208.641836428152,3304.108163571849,3905.7,4607.05,1940.076457387733,3268.565379040419,1965.623542612267,1338.484620959582,-12184.17631903778,-24894.87014131815,7130.052088348826,-6092.088159518888,-6092.088159518888,-23363.60035599317,-25966.9754004296,6520.46119735415,8186.016963279074,0,0,0,1.539535136156243,0.6222491539426789,85.1275,86.36449057939448,83.24786078264026,101325,109521.3965971366,89802.44714147809,155993.3976710313,63049.39552324193,-25.45328699389587,-59.88252140507227,26.86282624166117,-12.72664349694793,-12.72664349694793,-54.26039658339575,-63.81880333688171,23.35876383928222,32.93274439683289,0,0,0,368,1,1,1,1,1,1,1,1,1,1,0.5,0.5,0.4118136038073375,0.5881863961926626,0.6340015126085223,0.3659984873914776,0.6030999316368191,0.4588059087838831,0.5411940912161171,0.3724726172990518,0.6275273827009482,0.5949029042945627,0.4050970957054373,0.6118635971252712,0.3881364028747289,0.3969000683631809,100,-12184.17631903778,101325,-25.45328699389587,368,0.5,0.5,0.4118136038073375,0.5881863961926626,0.6340015126085223,0.3659984873914776,0.3969000683631809,100,-12184.17631903778,101325,-25.45328699389587,368,0.5,0.5,0.4118136038073375,0.5881863961926626,0.6340015126085223,0.3659984873914776,0.3969000683631809
0.418,146.1957090661339,167.8855917603916,113.2373706509648,73.09785453306694,73.09785453306694,153.1397420816477,178.2097705185411,103.8552737738388,129.4895241883515,0,0,0,100,60.30999316368191,39.69000683631809,50,50,24.83647563033173,35.47351753335018,25.16352436966826,14.52648246664983,8512.75,5208.641836428152,3304.108163571849,3905.7,4607.05,1940.076457387733,3268.565379040419,1965.623542612267,1338.484620959582,-12184.17631903778,-24894.87014131815,7130.052088348826,-6092.088159518888,-6092.088159518888,-23363.60035599317,-25966.9754004296,6520.46119735415,8186.016963279074,0,0,0,1.539535136156243,0.6222491539426789,85.1275,86.36449057939448,83.24786078264026,101325,109521.3965971366,89802.44714147809,155993.3976710313,63049.39552324193,-25.45328699389587,-59.88252140507227,26.86282624166117,-12.72664349694793,-12.72664349694793,-54.26039658339575,-63.81880333688171,23.35876383928222,32.93274439683289,0,0,0,368,1,1,1,1,1,1,1,1,1,1,0.5,0.5,0.4118136038073375,0.5881863961926626,0.6340015126085223,0.3659984873914776,0.6030999316368191,0.4588059087838831,0.5411940912161171,0.3724726172990518,0.6275273827009482,0.5949029042945627,0.4050970957054373,0.6118635971252712,0.3881364028747289,0.3969000683631809,100,-12184.17631903778,101325,-25.45328699389587,368,0.5,0.5,0.4118136038073375,0.5881863961926626,0.6340015126085223,0.3659984873914776,0.3969000683631809,100,-12184.17631903778,101325,-25.45328699389587,368,0.5,0.5,0.4118136038073375,0.5881863961926626,0.6340015126085223,0.3659984873914776,0.3969000683631809
0.42,146.1957090661339,167.8855917603916,113.2373706509648,73.09785453306694,73.09785453306694,153.1397420816477,178.2097705185411,103.8552737738388,129.4895241883515,0,0,0,100,60.30999316368191,39.69000683631809,50,50,24.83647563033173,35.47351753335018,25.16352436966826,14.52648246664983,8512.75,5208.641836428152,3304.108163571849,3905.7,4607.05,1940.076457387733,3268.565379040419,1965.623542612267,1338.484620959582,-12184.17631903778,-24894.87014131815,7130.052088348826,-6092.088159518888,-6092.088159518888,-23363.60035599317,-25966.9754004296,6520.46119735415,8186.016963279074,0,0,0,1.539535136156243,0.6222491539426789,85.1275,86.36449057939448,83.24786078264026,101325,109521.3965971366,89802.44714147809,155993.3976710313,63049.39552324193,-25.45328699389587,-59.88252140507227,26.86282624166117,-12.72664349694793,-12.72664349694793,-54.26039658339575,-63.81880333688171,23.35876383928222,32.93274439683289,0,0,0,368,1,1,1,1,1,1,1,1,1,1,0.5,0.5,0.4118136038073375,0.5881863961926626,0.6340015126085223,0.3659984873914776,0.6030999316368191,0.4588059087838831,0.5411940912161171,0.3724726172990518,0.6275273827009482,0.5949029042945627,0.4050970957054373,0.6118635971252712,0.3881364028747289,0.3969000683631809,100,-12184.17631903778,101325,-25.45328699389587,368,0.5,0.5,0.4118136038073375,0.5881863961926626,0.6340015126085223,0.3659984873914776,0.3969000683631809,100,-12184.17631903778,101325,-25.45328699389587,368,0.5,0.5,0.4118136038073375,0.5881863961926626,0.6340015126085223,0.3659984873914776,0.3969000683631809
0.422,146.1957090661339,167.8855917603916,113.2373706509648,73.09785453306694,73.09785453306694,153.1397420816477,178.2097705185411,103.8552737738388,129.4895241883515,0,0,0,100,60.30999316368191,39.69000683631809,50,50,24.83647563033173,35.47351753335018,25.16352436966826,14.52648246664983,8512.75,5208.641836428152,3304.108163571849,3905.7,4607.05,1940.076457387733,3268.565379040419,1965.623542612267,1338.484620959582,-12184.17631903778,-24894.87014131815,7130.052088348826,-6092.088159518888,-6092.088159518888,-23363.60035599317,-25966.9754004296,6520.46119735415,8186.016963279074,0,0,0,1.539535136156243,0.6222491539426789,85.1275,86.36449057939448,83.24786078264026,101325,109521.3965971366,89802.44714147809,155993.3976710313,63049.39552324193,-25.45328699389587,-59.88252140507227,26.86282624166117,-12.72664349694793,-12.72664349694793,-54.26039658339575,-63.81880333688171,23.35876383928222,32.93274439683289,0,0,0,368,1,1,1,1,1,1,1,1,1,1,0.5,0.5,0.4118136038073375,0.5881863961926626,0.6340015126085223,0.3659984873914776,0.6030999316368191,0.4588059087838831,0.5411940912161171,0.3724726172990518,0.6275273827009482,0.5949029042945627,0.4050970957054373,0.6118635971252712,0.3881364028747289,0.3969000683631809,100,-12184.17631903778,101325,-25.45328699389587,368,0.5,0.5,0.4118136038073375,0.5881863961926626,0.6340015126085223,0.3659984873914776,0.3969000683631809,100,-12184.17631903778,101325,-25.45328699389587,368,0.5,0.5,0.4118136038073375,0.5881863961926626,0.6340015126085223,0.3659984873914776,0.3969000683631809
0.424,146.1957090661339,167.8855917603916,113.2373706509648,73.09785453306694,73.09785453306694,153.1397420816477,178.2097705185411,103.8552737738388,129.4895241883515,0,0,0,100,60.30999316368191,39.69000683631809,50,50,24.83647563033173,35.47351753335018,25.16352436966826,14.52648246664983,8512.75,5208.641836428152,3304.108163571849,3905.7,4607.05,1940.076457387733,3268.565379040419,1965.623542612267,1338.484620959582,-12184.17631903778,-24894.87014131815,7130.052088348826,-6092.088159518888,-6092.088159518888,-23363.60035599317,-25966.9754004296,6520.46119735415,8186.016963279074,0,0,0,1.539535136156243,0.6222491539426789,85.1275,86.36449057939448,83.24786078264026,101325,109521.3965971366,89802.44714147809,155993.3976710313,63049.39552324193,-25.45328699389587,-59.88252140507227,26.86282624166117,-12.72664349694793,-12.72664349694793,-54.26039658339575,-63.81880333688171,23.35876383928222,32.93274439683289,0,0,0,368,1,1,1,1,1,1,1,1,1,1,0.5,0.5,0.4118136038073375,0.5881863961926626,0.6340015126085223,0.3659984873914776,0.6030999316368191,0.4588059087838831,0.5411940912161171,0.3724726172990518,0.6275273827009482,0.5949029042945627,0.4050970957054373,0.6118635971252712,0.3881364028747289,0.3969000683631809,100,-12184.17631903778,101325,-25.45328699389587,368,0.5,0.5,0.4118136038073375,0.5881863961926626,0.6340015126085223,0.3659984873914776,0.3969000683631809,100,-12184.17631903778,101325,-25.45328699389587,368,0.5,0.5,0.4118136038073375,0.5881863961926626,0.6340015126085223,0.3659984873914776,0.3969000683631809
0.426,146.1957090661339,167.8855917603916,113.2373706509648,73.09785453306694,73.09785453306694,153.1397420816477,178.2097705185411,103.8552737738388,129.4895241883515,0,0,0,100,60.30999316368191,39.69000683631809,50,50,24.83647563033173,35.47351753335018,25.16352436966826,14.52648246664983,8512.75,5208.641836428152,3304.108163571849,3905.7,4607.05,1940.076457387733,3268.565379040419,1965.623542612267,1338.484620959582,-12184.17631903778,-24894.87014131815,7130.052088348826,-6092.088159518888,-6092.088159518888,-23363.60035599317,-25966.9754004296,6520.46119735415,8186.016963279074,0,0,0,1.539535136156243,0.6222491539426789,85.1275,86.36449057939448,83.24786078264026,101325,109521.3965971366,89802.44714147809,155993.3976710313,63049.39552324193,-25.45328699389587,-59.88252140507227,26.86282624166117,-12.72664349694793,-12.72664349694793,-54.26039658339575,-63.81880333688171,23.35876383928222,32.93274439683289,0,0,0,368,1,1,1,1,1,1,1,1,1,1,0.5,0.5,0.4118136038073375,0.5881863961926626,0.6340015126085223,0.3659984873914776,0.6030999316368191,0.4588059087838831,0.5411940912161171,0.3724726172990518,0.6275273827009482,0.5949029042945627,0.4050970957054373,0.6118635971252712,0.3881364028747289,0.3969000683631809,100,-12184.17631903778,101325,-25.45328699389587,368,0.5,0.5,0.4118136038073375,0.5881863961926626,0.6340015126085223,0.3659984873914776,0.3969000683631809,100,-12184.17631903778,101325,-25.45328699389587,368,0.5,0.5,0.4118136038073375,0.5881863961926626,0.6340015126085223,0.3659984873914776,0.3969000683631809
0.428,146.1957090661339,167.8855917603916,113.2373706509648,73.09785453306694,73.09785453306694,153.1397420816477,178.2097705185411,103.8552737738388,129.4895241883515,0,0,0,100,60.30999316368191,39.69000683631809,50,50,24.83647563033173,35.47351753335018,25.16352436966826,14.52648246664983,8512.75,5208.641836428152,3304.108163571849,3905.7,4607.05,1940.076457387733,3268.565379040419,1965.623542612267,1338.484620959582,-12184.17631903778,-24894.87014131815,7130.052088348826,-6092.088159518888,-6092.088159518888,-23363.60035599317,-25966.9754004296,6520.46119735415,8186.016963279074,0,0,0,1.539535136156243,0.6222491539426789,85.1275,86.36449057939448,83.24786078264026,101325,109521.3965971366,89802.44714147809,155993.3976710313,63049.39552324193,-25.45328699389587,-59.88252140507227,26.86282624166117,-12.72664349694793,-12.72664349694793,-54.26039658339575,-63.81880333688171,23.35876383928222,32.93274439683289,0,0,0,368,1,1,1,1,1,1,1,1,1,1,0.5,0.5,0.4118136038073375,0.5881863961926626,0.6340015126085223,0.3659984873914776,0.6030999316368191,0.4588059087838831,0.5411940912161171,0.3724726172990518,0.6275273827009482,0.5949029042945627,0.4050970957054373,0.6118635971252712,0.3881364028747289,0.3969000683631809,100,-12184.17631903778,101325,-25.45328699389587,368,0.5,0.5,0.4118136038073375,0.5881863961926626,0.6340015126085223,0.3659984873914776,0.3969000683631809,100,-12184.17631903778,101325,-25.45328699389587,368,0.5,0.5,0.4118136038073375,0.5881863961926626,0.6340015126085223,0.3659984873914776,0.3969000683631809
0.43,146.1957090661339,167.8855917603916,113.2373706509648,73.09785453306694,73.09785453306694,153.1397420816477,178.2097705185411,103.8552737738388,129.4895241883515,0,0,0,100,60.30999316368191,39.69000683631809,50,50,24.83647563033173,35.47351753335018,25.16352436966826,14.52648246664983,8512.75,5208.641836428152,3304.108163571849,3905.7,4607.05,1940.076457387733,3268.565379040419,1965.623542612267,1338.484620959582,-12184.17631903778,-24894.87014131815,7130.052088348826,-6092.088159518888,-6092.088159518888,-23363.60035599317,-25966.9754004296,6520.46119735415,8186.016963279074,0,0,0,1.539535136156243,0.6222491539426789,85.1275,86.36449057939448,83.24786078264026,101325,109521.3965971366,89802.44714147809,155993.3976710313,63049.39552324193,-25.45328699389587,-59.88252140507227,26.86282624166117,-12.72664349694793,-12.72664349694793,-54.26039658339575,-63.81880333688171,23.35876383928222,32.93274439683289,0,0,0,368,1,1,1,1,1,1,1,1,1,1,0.5,0.5,0.4118136038073375,0.5881863961926626,0.6340015126085223,0.3659984873914776,0.6030999316368191,0.4588059087838831,0.5411940912161171,0.3724726172990518,0.6275273827009482,0.5949029042945627,0.4050970957054373,0.6118635971252712,0.3881364028747289,0.3969000683631809,100,-12184.17631903778,101325,-25.45328699389587,368,0.5,0.5,0.4118136038073375,0.5881863961926626,0.6340015126085223,0.3659984873914776,0.3969000683631809,100,-12184.17631903778,101325,-25.45328699389587,368,0.5,0.5,0.4118136038073375,0.5881863961926626,0.6340015126085223,0.3659984873914776,0.3969000683631809
0.432,146.1957090661339,167.8855917603916,113.2373706509648,73.09785453306694,73.09785453306694,153.1397420816477,178.2097705185411,103.8552737738388,129.4895241883515,0,0,0,100,60.30999316368191,39.69000683631809,50,50,24.83647563033173,35.47351753335018,25.16352436966826,14.52648246664983,8512.75,5208.641836428152,3304.108163571849,3905.7,4607.05,1940.076457387733,3268.565379040419,1965.623542612267,1338.484620959582,-12184.17631903778,-24894.87014131815,7130.052088348826,-6092.088159518888,-6092.088159518888,-23363.60035599317,-25966.9754004296,6520.46119735415,8186.016963279074,0,0,0,1.539535136156243,0.6222491539426789,85.1275,86.36449057939448,83.24786078264026,101325,109521.3965971366,89802.44714147809,155993.3976710313,63049.39552324193,-25.45328699389587,-59.88252140507227,26.86282624166117,-12.72664349694793,-12.72664349694793,-54.26039658339575,-63.81880333688171,23.35876383928222,32.93274439683289,0,0,0,368,1,1,1,1,1,1,1,1,1,1,0.5,0.5,0.4118136038073375,0.5881863961926626,0.6340015126085223,0.3659984873914776,0.6030999316368191,0.4588059087838831,0.5411940912161171,0.3724726172990518,0.6275273827009482,0.5949029042945627,0.4050970957054373,0.6118635971252712,0.3881364028747289,0.3969000683631809,100,-12184.17631903778,101325,-25.45328699389587,368,0.5,0.5,0.4118136038073375,0.5881863961926626,0.6340015126085223,0.3659984873914776,0.3969000683631809,100,-12184.17631903778,101325,-25.45328699389587,368,0.5,0.5,0.4118136038073375,0.5881863961926626,0.6340015126085223,0.3659984873914776,0.3969000683631809
0.434,146.1957090661339,167.8855917603916,113.2373706509648,73.09785453306694,73.09785453306694,153.1397420816477,178.2097705185411,103.8552737738388,129.4895241883515,0,0,0,100,60.30999316368191,39.69000683631809,50,50,24.83647563033173,35.47351753335018,25.16352436966826,14.52648246664983,8512.75,5208.641836428152,3304.108163571849,3905.7,4607.05,1940.076457387733,3268.565379040419,1965.623542612267,1338.484620959582,-12184.17631903778,-24894.87014131815,7130.052088348826,-6092.088159518888,-6092.088159518888,-23363.60035599317,-25966.9754004296,6520.46119735415,8186.016963279074,0,0,0,1.539535136156243,0.6222491539426789,85.1275,86.36449057939448,83.24786078264026,101325,109521.3965971366,89802.44714147809,155993.3976710313,63049.39552324193,-25.45328699389587,-59.88252140507227,26.86282624166117,-12.72664349694793,-12.72664349694793,-54.26039658339575,-63.81880333688171,23.35876383928222,32.93274439683289,0,0,0,368,1,1,1,1,1,1,1,1,1,1,0.5,0.5,0.4118136038073375,0.5881863961926626,0.6340015126085223,0.3659984873914776,0.6030999316368191,0.4588059087838831,0.5411940912161171,0.3724726172990518,0.6275273827009482,0.5949029042945627,0.4050970957054373,0.6118635971252712,0.3881364028747289,0.3969000683631809,100,-12184.17631903778,101325,-25.45328699389587,368,0.5,0.5,0.4118136038073375,0.5881863961926626,0.6340015126085223,0.3659984873914776,0.3969000683631809,100,-12184.17631903778,101325,-25.45328699389587,368,0.5,0.5,0.4118136038073375,0.5881863961926626,0.6340015126085223,0.3659984873914776,0.3969000683631809
0.436,146.1957090661339,167.8855917603916,113.2373706509648,73.09785453306694,73.09785453306694,153.1397420816477,178.2097705185411,103.8552737738388,129.4895241883515,0,0,0,100,60.30999316368191,39.69000683631809,50,50,24.83647563033173,35.47351753335018,25.16352436966826,14.52648246664983,8512.75,5208.641836428152,3304.108163571849,3905.7,4607.05,1940.076457387733,3268.565379040419,1965.623542612267,1338.484620959582,-12184.17631903778,-24894.87014131815,7130.052088348826,-6092.088159518888,-6092.088159518888,-23363.60035599317,-25966.9754004296,6520.46119735415,8186.016963279074,0,0,0,1.539535136156243,0.6222491539426789,85.1275,86.36449057939448,83.24786078264026,101325,109521.3965971366,89802.44714147809,155993.3976710313,63049.39552324193,-25.45328699389587,-59.88252140507227,26.86282624166117,-12.72664349694793,-12.72664349694793,-54.26039658339575,-63.81880333688171,23.35876383928222,32.93274439683289,0,0,0,368,1,1,1,1,1,1,1,1,1,1,0.5,0.5,0.4118136038073375,0.5881863961926626,0.6340015126085223,0.3659984873914776,0.6030999316368191,0.4588059087838831,0.5411940912161171,0.3724726172990518,0.6275273827009482,0.5949029042945627,0.4050970957054373,0.6118635971252712,0.3881364028747289,0.3969000683631809,100,-12184.17631903778,101325,-25.45328699389587,368,0.5,0.5,0.4118136038073375,0.5881863961926626,0.6340015126085223,0.3659984873914776,0.3969000683631809,100,-12184.17631903778,101325,-25.45328699389587,368,0.5,0.5,0.4118136038073375,0.5881863961926626,0.6340015126085223,0.3659984873914776,0.3969000683631809
0.438,146.1957090661339,167.8855917603916,113.2373706509648,73.09785453306694,73.09785453306694,153.1397420816477,178.2097705185411,103.8552737738388,129.4895241883515,0,0,0,100,60.30999316368191,39.69000683631809,50,50,24.83647563033173,35.47351753335018,25.16352436966826,14.52648246664983,8512.75,5208.641836428152,3304.108163571849,3905.7,4607.05,1940.076457387733,3268.565379040419,1965.623542612267,1338.484620959582,-12184.17631903778,-24894.87014131815,7130.052088348826,-6092.088159518888,-6092.088159518888,-23363.60035599317,-25966.9754004296,6520.46119735415,8186.016963279074,0,0,0,1.539535136156243,0.6222491539426789,85.1275,86.36449057939448,83.24786078264026,101325,109521.3965971366,89802.44714147809,155993.3976710313,63049.39552324193,-25.45328699389587,-59.88252140507227,26.86282624166117,-12.72664349694793,-12.72664349694793,-54.26039658339575,-63.81880333688171,23.35876383928222,32.93274439683289,0,0,0,368,1,1,1,1,1,1,1,1,1,1,0.5,0.5,0.4118136038073375,0.5881863961926626,0.6340015126085223,0.3659984873914776,0.6030999316368191,0.4588059087838831,0.5411940912161171,0.3724726172990518,0.6275273827009482,0.5949029042945627,0.4050970957054373,0.6118635971252712,0.3881364028747289,0.3969000683631809,100,-12184.17631903778,101325,-25.45328699389587,368,0.5,0.5,0.4118136038073375,0.5881863961926626,0.6340015126085223,0.3659984873914776,0.3969000683631809,100,-12184.17631903778,101325,-25.45328699389587,368,0.5,0.5,0.4118136038073375,0.5881863961926626,0.6340015126085223,0.3659984873914776,0.3969000683631809
0.44,146.1957090661339,167.8855917603916,113.2373706509648,73.09785453306694,73.09785453306694,153.1397420816477,178.2097705185411,103.8552737738388,129.4895241883515,0,0,0,100,60.30999316368191,39.69000683631809,50,50,24.83647563033173,35.47351753335018,25.16352436966826,14.52648246664983,8512.75,5208.641836428152,3304.108163571849,3905.7,4607.05,1940.076457387733,3268.565379040419,1965.623542612267,1338.484620959582,-12184.17631903778,-24894.87014131815,7130.052088348826,-6092.088159518888,-6092.088159518888,-23363.60035599317,-25966.9754004296,6520.46119735415,8186.016963279074,0,0,0,1.539535136156243,0.6222491539426789,85.1275,86.36449057939448,83.24786078264026,101325,109521.3965971366,89802.44714147809,155993.3976710313,63049.39552324193,-25.45328699389587,-59.88252140507227,26.86282624166117,-12.72664349694793,-12.72664349694793,-54.26039658339575,-63.81880333688171,23.35876383928222,32.93274439683289,0,0,0,368,1,1,1,1,1,1,1,1,1,1,0.5,0.5,0.4118136038073375,0.5881863961926626,0.6340015126085223,0.3659984873914776,0.6030999316368191,0.4588059087838831,0.5411940912161171,0.3724726172990518,0.6275273827009482,0.5949029042945627,0.4050970957054373,0.6118635971252712,0.3881364028747289,0.3969000683631809,100,-12184.17631903778,101325,-25.45328699389587,368,0.5,0.5,0.4118136038073375,0.5881863961926626,0.6340015126085223,0.3659984873914776,0.3969000683631809,100,-12184.17631903778,101325,-25.45328699389587,368,0.5,0.5,0.4118136038073375,0.5881863961926626,0.6340015126085223,0.3659984873914776,0.3969000683631809
0.442,146.1957090661339,167.8855917603916,113.2373706509648,73.09785453306694,73.09785453306694,153.1397420816477,178.2097705185411,103.8552737738388,129.4895241883515,0,0,0,100,60.30999316368191,39.69000683631809,50,50,24.83647563033173,35.47351753335018,25.16352436966826,14.52648246664983,8512.75,5208.641836428152,3304.108163571849,3905.7,4607.05,1940.076457387733,3268.565379040419,1965.623542612267,1338.484620959582,-12184.17631903778,-24894.87014131815,7130.052088348826,-6092.088159518888,-6092.088159518888,-23363.60035599317,-25966.9754004296,6520.46119735415,8186.016963279074,0,0,0,1.539535136156243,0.6222491539426789,85.1275,86.36449057939448,83.24786078264026,101325,109521.3965971366,89802.44714147809,155993.3976710313,63049.39552324193,-25.45328699389587,-59.88252140507227,26.86282624166117,-12.72664349694793,-12.72664349694793,-54.26039658339575,-63.81880333688171,23.35876383928222,32.93274439683289,0,0,0,368,1,1,1,1,1,1,1,1,1,1,0.5,0.5,0.4118136038073375,0.5881863961926626,0.6340015126085223,0.3659984873914776,0.6030999316368191,0.4588059087838831,0.5411940912161171,0.3724726172990518,0.6275273827009482,0.5949029042945627,0.4050970957054373,0.6118635971252712,0.3881364028747289,0.3969000683631809,100,-12184.17631903778,101325,-25.45328699389587,368,0.5,0.5,0.4118136038073375,0.5881863961926626,0.6340015126085223,0.3659984873914776,0.3969000683631809,100,-12184.17631903778,101325,-25.45328699389587,368,0.5,0.5,0.4118136038073375,0.5881863961926626,0.6340015126085223,0.3659984873914776,0.3969000683631809
0.444,146.1957090661339,167.8855917603916,113.2373706509648,73.09785453306694,73.09785453306694,153.1397420816477,178.2097705185411,103.8552737738388,129.4895241883515,0,0,0,100,60.30999316368191,39.69000683631809,50,50,24.83647563033173,35.47351753335018,25.16352436966826,14.52648246664983,8512.75,5208.641836428152,3304.108163571849,3905.7,4607.05,1940.076457387733,3268.565379040419,1965.623542612267,1338.484620959582,-12184.17631903778,-24894.87014131815,7130.052088348826,-6092.088159518888,-6092.088159518888,-23363.60035599317,-25966.9754004296,6520.46119735415,8186.016963279074,0,0,0,1.539535136156243,0.6222491539426789,85.1275,86.36449057939448,83.24786078264026,101325,109521.3965971366,89802.44714147809,155993.3976710313,63049.39552324193,-25.45328699389587,-59.88252140507227,26.86282624166117,-12.72664349694793,-12.72664349694793,-54.26039658339575,-63.81880333688171,23.35876383928222,32.93274439683289,0,0,0,368,1,1,1,1,1,1,1,1,1,1,0.5,0.5,0.4118136038073375,0.5881863961926626,0.6340015126085223,0.3659984873914776,0.6030999316368191,0.4588059087838831,0.5411940912161171,0.3724726172990518,0.6275273827009482,0.5949029042945627,0.4050970957054373,0.6118635971252712,0.3881364028747289,0.3969000683631809,100,-12184.17631903778,101325,-25.45328699389587,368,0.5,0.5,0.4118136038073375,0.5881863961926626,0.6340015126085223,0.3659984873914776,0.3969000683631809,100,-12184.17631903778,101325,-25.45328699389587,368,0.5,0.5,0.4118136038073375,0.5881863961926626,0.6340015126085223,0.3659984873914776,0.3969000683631809
0.446,146.1957090661339,167.8855917603916,113.2373706509648,73.09785453306694,73.09785453306694,153.1397420816477,178.2097705185411,103.8552737738388,129.4895241883515,0,0,0,100,60.30999316368191,39.69000683631809,50,50,24.83647563033173,35.47351753335018,25.16352436966826,14.52648246664983,8512.75,5208.641836428152,3304.108163571849,3905.7,4607.05,1940.076457387733,3268.565379040419,1965.623542612267,1338.484620959582,-12184.17631903778,-24894.87014131815,7130.052088348826,-6092.088159518888,-6092.088159518888,-23363.60035599317,-25966.9754004296,6520.46119735415,8186.016963279074,0,0,0,1.539535136156243,0.6222491539426789,85.1275,86.36449057939448,83.24786078264026,101325,109521.3965971366,89802.44714147809,155993.3976710313,63049.39552324193,-25.45328699389587,-59.88252140507227,26.86282624166117,-12.72664349694793,-12.72664349694793,-54.26039658339575,-63.81880333688171,23.35876383928222,32.93274439683289,0,0,0,368,1,1,1,1,1,1,1,1,1,1,0.5,0.5,0.4118136038073375,0.5881863961926626,0.6340015126085223,0.3659984873914776,0.6030999316368191,0.4588059087838831,0.5411940912161171,0.3724726172990518,0.6275273827009482,0.5949029042945627,0.4050970957054373,0.6118635971252712,0.3881364028747289,0.3969000683631809,100,-12184.17631903778,101325,-25.45328699389587,368,0.5,0.5,0.4118136038073375,0.5881863961926626,0.6340015126085223,0.3659984873914776,0.3969000683631809,100,-12184.17631903778,101325,-25.45328699389587,368,0.5,0.5,0.4118136038073375,0.5881863961926626,0.6340015126085223,0.3659984873914776,0.3969000683631809
0.448,146.1957090661339,167.8855917603916,113.2373706509648,73.09785453306694,73.09785453306694,153.1397420816477,178.2097705185411,103.8552737738388,129.4895241883515,0,0,0,100,60.30999316368191,39.69000683631809,50,50,24.83647563033173,35.47351753335018,25.16352436966826,14.52648246664983,8512.75,5208.641836428152,3304.108163571849,3905.7,4607.05,1940.076457387733,3268.565379040419,1965.623542612267,1338.484620959582,-12184.17631903778,-24894.87014131815,7130.052088348826,-6092.088159518888,-6092.088159518888,-23363.60035599317,-25966.9754004296,6520.46119735415,8186.016963279074,0,0,0,1.539535136156243,0.6222491539426789,85.1275,86.36449057939448,83.24786078264026,101325,109521.3965971366,89802.44714147809,155993.3976710313,63049.39552324193,-25.45328699389587,-59.88252140507227,26.86282624166117,-12.72664349694793,-12.72664349694793,-54.26039658339575,-63.81880333688171,23.35876383928222,32.93274439683289,0,0,0,368,1,1,1,1,1,1,1,1,1,1,0.5,0.5,0.4118136038073375,0.5881863961926626,0.6340015126085223,0.3659984873914776,0.6030999316368191,0.4588059087838831,0.5411940912161171,0.3724726172990518,0.6275273827009482,0.5949029042945627,0.4050970957054373,0.6118635971252712,0.3881364028747289,0.3969000683631809,100,-12184.17631903778,101325,-25.45328699389587,368,0.5,0.5,0.4118136038073375,0.5881863961926626,0.6340015126085223,0.3659984873914776,0.3969000683631809,100,-12184.17631903778,101325,-25.45328699389587,368,0.5,0.5,0.4118136038073375,0.5881863961926626,0.6340015126085223,0.3659984873914776,0.3969000683631809
0.45,146.1957090661339,167.8855917603916,113.2373706509648,73.09785453306694,73.09785453306694,153.1397420816477,178.2097705185411,103.8552737738388,129.4895241883515,0,0,0,100,60.30999316368191,39.69000683631809,50,50,24.83647563033173,35.47351753335018,25.16352436966826,14.52648246664983,8512.75,5208.641836428152,3304.108163571849,3905.7,4607.05,1940.076457387733,3268.565379040419,1965.623542612267,1338.484620959582,-12184.17631903778,-24894.87014131815,7130.052088348826,-6092.088159518888,-6092.088159518888,-23363.60035599317,-25966.9754004296,6520.46119735415,8186.016963279074,0,0,0,1.539535136156243,0.6222491539426789,85.1275,86.36449057939448,83.24786078264026,101325,109521.3965971366,89802.44714147809,155993.3976710313,63049.39552324193,-25.45328699389587,-59.88252140507227,26.86282624166117,-12.72664349694793,-12.72664349694793,-54.26039658339575,-63.81880333688171,23.35876383928222,32.93274439683289,0,0,0,368,1,1,1,1,1,1,1,1,1,1,0.5,0.5,0.4118136038073375,0.5881863961926626,0.6340015126085223,0.3659984873914776,0.6030999316368191,0.4588059087838831,0.5411940912161171,0.3724726172990518,0.6275273827009482,0.5949029042945627,0.4050970957054373,0.6118635971252712,0.3881364028747289,0.3969000683631809,100,-12184.17631903778,101325,-25.45328699389587,368,0.5,0.5,0.4118136038073375,0.5881863961926626,0.6340015126085223,0.3659984873914776,0.3969000683631809,100,-12184.17631903778,101325,-25.45328699389587,368,0.5,0.5,0.4118136038073375,0.5881863961926626,0.6340015126085223,0.3659984873914776,0.3969000683631809
0.452,146.1957090661339,167.8855917603916,113.2373706509648,73.09785453306694,73.09785453306694,153.1397420816477,178.2097705185411,103.8552737738388,129.4895241883515,0,0,0,100,60.30999316368191,39.69000683631809,50,50,24.83647563033173,35.47351753335018,25.16352436966826,14.52648246664983,8512.75,5208.641836428152,3304.108163571849,3905.7,4607.05,1940.076457387733,3268.565379040419,1965.623542612267,1338.484620959582,-12184.17631903778,-24894.87014131815,7130.052088348826,-6092.088159518888,-6092.088159518888,-23363.60035599317,-25966.9754004296,6520.46119735415,8186.016963279074,0,0,0,1.539535136156243,0.6222491539426789,85.1275,86.36449057939448,83.24786078264026,101325,109521.3965971366,89802.44714147809,155993.3976710313,63049.39552324193,-25.45328699389587,-59.88252140507227,26.86282624166117,-12.72664349694793,-12.72664349694793,-54.26039658339575,-63.81880333688171,23.35876383928222,32.93274439683289,0,0,0,368,1,1,1,1,1,1,1,1,1,1,0.5,0.5,0.4118136038073375,0.5881863961926626,0.6340015126085223,0.3659984873914776,0.6030999316368191,0.4588059087838831,0.5411940912161171,0.3724726172990518,0.6275273827009482,0.5949029042945627,0.4050970957054373,0.6118635971252712,0.3881364028747289,0.3969000683631809,100,-12184.17631903778,101325,-25.45328699389587,368,0.5,0.5,0.4118136038073375,0.5881863961926626,0.6340015126085223,0.3659984873914776,0.3969000683631809,100,-12184.17631903778,101325,-25.45328699389587,368,0.5,0.5,0.4118136038073375,0.5881863961926626,0.6340015126085223,0.3659984873914776,0.3969000683631809
0.454,146.1957090661339,167.8855917603916,113.2373706509648,73.09785453306694,73.09785453306694,153.1397420816477,178.2097705185411,103.8552737738388,129.4895241883515,0,0,0,100,60.30999316368191,39.69000683631809,50,50,24.83647563033173,35.47351753335018,25.16352436966826,14.52648246664983,8512.75,5208.641836428152,3304.108163571849,3905.7,4607.05,1940.076457387733,3268.565379040419,1965.623542612267,1338.484620959582,-12184.17631903778,-24894.87014131815,7130.052088348826,-6092.088159518888,-6092.088159518888,-23363.60035599317,-25966.9754004296,6520.46119735415,8186.016963279074,0,0,0,1.539535136156243,0.6222491539426789,85.1275,86.36449057939448,83.24786078264026,101325,109521.3965971366,89802.44714147809,155993.3976710313,63049.39552324193,-25.45328699389587,-59.88252140507227,26.86282624166117,-12.72664349694793,-12.72664349694793,-54.26039658339575,-63.81880333688171,23.35876383928222,32.93274439683289,0,0,0,368,1,1,1,1,1,1,1,1,1,1,0.5,0.5,0.4118136038073375,0.5881863961926626,0.6340015126085223,0.3659984873914776,0.6030999316368191,0.4588059087838831,0.5411940912161171,0.3724726172990518,0.6275273827009482,0.5949029042945627,0.4050970957054373,0.6118635971252712,0.3881364028747289,0.3969000683631809,100,-12184.17631903778,101325,-25.45328699389587,368,0.5,0.5,0.4118136038073375,0.5881863961926626,0.6340015126085223,0.3659984873914776,0.3969000683631809,100,-12184.17631903778,101325,-25.45328699389587,368,0.5,0.5,0.4118136038073375,0.5881863961926626,0.6340015126085223,0.3659984873914776,0.3969000683631809
0.456,146.1957090661339,167.8855917603916,113.2373706509648,73.09785453306694,73.09785453306694,153.1397420816477,178.2097705185411,103.8552737738388,129.4895241883515,0,0,0,100,60.30999316368191,39.69000683631809,50,50,24.83647563033173,35.47351753335018,25.16352436966826,14.52648246664983,8512.75,5208.641836428152,3304.108163571849,3905.7,4607.05,1940.076457387733,3268.565379040419,1965.623542612267,1338.484620959582,-12184.17631903778,-24894.87014131815,7130.052088348826,-6092.088159518888,-6092.088159518888,-23363.60035599317,-25966.9754004296,6520.46119735415,8186.016963279074,0,0,0,1.539535136156243,0.6222491539426789,85.1275,86.36449057939448,83.24786078264026,101325,109521.3965971366,89802.44714147809,155993.3976710313,63049.39552324193,-25.45328699389587,-59.88252140507227,26.86282624166117,-12.72664349694793,-12.72664349694793,-54.26039658339575,-63.81880333688171,23.35876383928222,32.93274439683289,0,0,0,368,1,1,1,1,1,1,1,1,1,1,0.5,0.5,0.4118136038073375,0.5881863961926626,0.6340015126085223,0.3659984873914776,0.6030999316368191,0.4588059087838831,0.5411940912161171,0.3724726172990518,0.6275273827009482,0.5949029042945627,0.4050970957054373,0.6118635971252712,0.3881364028747289,0.3969000683631809,100,-12184.17631903778,101325,-25.45328699389587,368,0.5,0.5,0.4118136038073375,0.5881863961926626,0.6340015126085223,0.3659984873914776,0.3969000683631809,100,-12184.17631903778,101325,-25.45328699389587,368,0.5,0.5,0.4118136038073375,0.5881863961926626,0.6340015126085223,0.3659984873914776,0.3969000683631809
0.458,146.1957090661339,167.8855917603916,113.2373706509648,73.09785453306694,73.09785453306694,153.1397420816477,178.2097705185411,103.8552737738388,129.4895241883515,0,0,0,100,60.30999316368191,39.69000683631809,50,50,24.83647563033173,35.47351753335018,25.16352436966826,14.52648246664983,8512.75,5208.641836428152,3304.108163571849,3905.7,4607.05,1940.076457387733,3268.565379040419,1965.623542612267,1338.484620959582,-12184.17631903778,-24894.87014131815,7130.052088348826,-6092.088159518888,-6092.088159518888,-23363.60035599317,-25966.9754004296,6520.46119735415,8186.016963279074,0,0,0,1.539535136156243,0.6222491539426789,85.1275,86.36449057939448,83.24786078264026,101325,109521.3965971366,89802.44714147809,155993.3976710313,63049.39552324193,-25.45328699389587,-59.88252140507227,26.86282624166117,-12.72664349694793,-12.72664349694793,-54.26039658339575,-63.81880333688171,23.35876383928222,32.93274439683289,0,0,0,368,1,1,1,1,1,1,1,1,1,1,0.5,0.5,0.4118136038073375,0.5881863961926626,0.6340015126085223,0.3659984873914776,0.6030999316368191,0.4588059087838831,0.5411940912161171,0.3724726172990518,0.6275273827009482,0.5949029042945627,0.4050970957054373,0.6118635971252712,0.3881364028747289,0.3969000683631809,100,-12184.17631903778,101325,-25.45328699389587,368,0.5,0.5,0.4118136038073375,0.5881863961926626,0.6340015126085223,0.3659984873914776,0.3969000683631809,100,-12184.17631903778,101325,-25.45328699389587,368,0.5,0.5,0.4118136038073375,0.5881863961926626,0.6340015126085223,0.3659984873914776,0.3969000683631809
0.46,146.1957090661339,167.8855917603916,113.2373706509648,73.09785453306694,73.09785453306694,153.1397420816477,178.2097705185411,103.8552737738388,129.4895241883515,0,0,0,100,60.30999316368191,39.69000683631809,50,50,24.83647563033173,35.47351753335018,25.16352436966826,14.52648246664983,8512.75,5208.641836428152,3304.108163571849,3905.7,4607.05,1940.076457387733,3268.565379040419,1965.623542612267,1338.484620959582,-12184.17631903778,-24894.87014131815,7130.052088348826,-6092.088159518888,-6092.088159518888,-23363.60035599317,-25966.9754004296,6520.46119735415,8186.016963279074,0,0,0,1.539535136156243,0.6222491539426789,85.1275,86.36449057939448,83.24786078264026,101325,109521.3965971366,89802.44714147809,155993.3976710313,63049.39552324193,-25.45328699389587,-59.88252140507227,26.86282624166117,-12.72664349694793,-12.72664349694793,-54.26039658339575,-63.81880333688171,23.35876383928222,32.93274439683289,0,0,0,368,1,1,1,1,1,1,1,1,1,1,0.5,0.5,0.4118136038073375,0.5881863961926626,0.6340015126085223,0.3659984873914776,0.6030999316368191,0.4588059087838831,0.5411940912161171,0.3724726172990518,0.6275273827009482,0.5949029042945627,0.4050970957054373,0.6118635971252712,0.3881364028747289,0.3969000683631809,100,-12184.17631903778,101325,-25.45328699389587,368,0.5,0.5,0.4118136038073375,0.5881863961926626,0.6340015126085223,0.3659984873914776,0.3969000683631809,100,-12184.17631903778,101325,-25.45328699389587,368,0.5,0.5,0.4118136038073375,0.5881863961926626,0.6340015126085223,0.3659984873914776,0.3969000683631809
0.462,146.1957090661339,167.8855917603916,113.2373706509648,73.09785453306694,73.09785453306694,153.1397420816477,178.2097705185411,103.8552737738388,129.4895241883515,0,0,0,100,60.30999316368191,39.69000683631809,50,50,24.83647563033173,35.47351753335018,25.16352436966826,14.52648246664983,8512.75,5208.641836428152,3304.108163571849,3905.7,4607.05,1940.076457387733,3268.565379040419,1965.623542612267,1338.484620959582,-12184.17631903778,-24894.87014131815,7130.052088348826,-6092.088159518888,-6092.088159518888,-23363.60035599317,-25966.9754004296,6520.46119735415,8186.016963279074,0,0,0,1.539535136156243,0.6222491539426789,85.1275,86.36449057939448,83.24786078264026,101325,109521.3965971366,89802.44714147809,155993.3976710313,63049.39552324193,-25.45328699389587,-59.88252140507227,26.86282624166117,-12.72664349694793,-12.72664349694793,-54.26039658339575,-63.81880333688171,23.35876383928222,32.93274439683289,0,0,0,368,1,1,1,1,1,1,1,1,1,1,0.5,0.5,0.4118136038073375,0.5881863961926626,0.6340015126085223,0.3659984873914776,0.6030999316368191,0.4588059087838831,0.5411940912161171,0.3724726172990518,0.6275273827009482,0.5949029042945627,0.4050970957054373,0.6118635971252712,0.3881364028747289,0.3969000683631809,100,-12184.17631903778,101325,-25.45328699389587,368,0.5,0.5,0.4118136038073375,0.5881863961926626,0.6340015126085223,0.3659984873914776,0.3969000683631809,100,-12184.17631903778,101325,-25.45328699389587,368,0.5,0.5,0.4118136038073375,0.5881863961926626,0.6340015126085223,0.3659984873914776,0.3969000683631809
0.464,146.1957090661339,167.8855917603916,113.2373706509648,73.09785453306694,73.09785453306694,153.1397420816477,178.2097705185411,103.8552737738388,129.4895241883515,0,0,0,100,60.30999316368191,39.69000683631809,50,50,24.83647563033173,35.47351753335018,25.16352436966826,14.52648246664983,8512.75,5208.641836428152,3304.108163571849,3905.7,4607.05,1940.076457387733,3268.565379040419,1965.623542612267,1338.484620959582,-12184.17631903778,-24894.87014131815,7130.052088348826,-6092.088159518888,-6092.088159518888,-23363.60035599317,-25966.9754004296,6520.46119735415,8186.016963279074,0,0,0,1.539535136156243,0.6222491539426789,85.1275,86.36449057939448,83.24786078264026,101325,109521.3965971366,89802.44714147809,155993.3976710313,63049.39552324193,-25.45328699389587,-59.88252140507227,26.86282624166117,-12.72664349694793,-12.72664349694793,-54.26039658339575,-63.81880333688171,23.35876383928222,32.93274439683289,0,0,0,368,1,1,1,1,1,1,1,1,1,1,0.5,0.5,0.4118136038073375,0.5881863961926626,0.6340015126085223,0.3659984873914776,0.6030999316368191,0.4588059087838831,0.5411940912161171,0.3724726172990518,0.6275273827009482,0.5949029042945627,0.4050970957054373,0.6118635971252712,0.3881364028747289,0.3969000683631809,100,-12184.17631903778,101325,-25.45328699389587,368,0.5,0.5,0.4118136038073375,0.5881863961926626,0.6340015126085223,0.3659984873914776,0.3969000683631809,100,-12184.17631903778,101325,-25.45328699389587,368,0.5,0.5,0.4118136038073375,0.5881863961926626,0.6340015126085223,0.3659984873914776,0.3969000683631809
0.466,146.1957090661339,167.8855917603916,113.2373706509648,73.09785453306694,73.09785453306694,153.1397420816477,178.2097705185411,103.8552737738388,129.4895241883515,0,0,0,100,60.30999316368191,39.69000683631809,50,50,24.83647563033173,35.47351753335018,25.16352436966826,14.52648246664983,8512.75,5208.641836428152,3304.108163571849,3905.7,4607.05,1940.076457387733,3268.565379040419,1965.623542612267,1338.484620959582,-12184.17631903778,-24894.87014131815,7130.052088348826,-6092.088159518888,-6092.088159518888,-23363.60035599317,-25966.9754004296,6520.46119735415,8186.016963279074,0,0,0,1.539535136156243,0.6222491539426789,85.1275,86.36449057939448,83.24786078264026,101325,109521.3965971366,89802.44714147809,155993.3976710313,63049.39552324193,-25.45328699389587,-59.88252140507227,26.86282624166117,-12.72664349694793,-12.72664349694793,-54.26039658339575,-63.81880333688171,23.35876383928222,32.93274439683289,0,0,0,368,1,1,1,1,1,1,1,1,1,1,0.5,0.5,0.4118136038073375,0.5881863961926626,0.6340015126085223,0.3659984873914776,0.6030999316368191,0.4588059087838831,0.5411940912161171,0.3724726172990518,0.6275273827009482,0.5949029042945627,0.4050970957054373,0.6118635971252712,0.3881364028747289,0.3969000683631809,100,-12184.17631903778,101325,-25.45328699389587,368,0.5,0.5,0.4118136038073375,0.5881863961926626,0.6340015126085223,0.3659984873914776,0.3969000683631809,100,-12184.17631903778,101325,-25.45328699389587,368,0.5,0.5,0.4118136038073375,0.5881863961926626,0.6340015126085223,0.3659984873914776,0.3969000683631809
0.468,146.1957090661339,167.8855917603916,113.2373706509648,73.09785453306694,73.09785453306694,153.1397420816477,178.2097705185411,103.8552737738388,129.4895241883515,0,0,0,100,60.30999316368191,39.69000683631809,50,50,24.83647563033173,35.47351753335018,25.16352436966826,14.52648246664983,8512.75,5208.641836428152,3304.108163571849,3905.7,4607.05,1940.076457387733,3268.565379040419,1965.623542612267,1338.484620959582,-12184.17631903778,-24894.87014131815,7130.052088348826,-6092.088159518888,-6092.088159518888,-23363.60035599317,-25966.9754004296,6520.46119735415,8186.016963279074,0,0,0,1.539535136156243,0.6222491539426789,85.1275,86.36449057939448,83.24786078264026,101325,109521.3965971366,89802.44714147809,155993.3976710313,63049.39552324193,-25.45328699389587,-59.88252140507227,26.86282624166117,-12.72664349694793,-12.72664349694793,-54.26039658339575,-63.81880333688171,23.35876383928222,32.93274439683289,0,0,0,368,1,1,1,1,1,1,1,1,1,1,0.5,0.5,0.4118136038073375,0.5881863961926626,0.6340015126085223,0.3659984873914776,0.6030999316368191,0.4588059087838831,0.5411940912161171,0.3724726172990518,0.6275273827009482,0.5949029042945627,0.4050970957054373,0.6118635971252712,0.3881364028747289,0.3969000683631809,100,-12184.17631903778,101325,-25.45328699389587,368,0.5,0.5,0.4118136038073375,0.5881863961926626,0.6340015126085223,0.3659984873914776,0.3969000683631809,100,-12184.17631903778,101325,-25.45328699389587,368,0.5,0.5,0.4118136038073375,0.5881863961926626,0.6340015126085223,0.3659984873914776,0.3969000683631809
0.47,146.1957090661339,167.8855917603916,113.2373706509648,73.09785453306694,73.09785453306694,153.1397420816477,178.2097705185411,103.8552737738388,129.4895241883515,0,0,0,100,60.30999316368191,39.69000683631809,50,50,24.83647563033173,35.47351753335018,25.16352436966826,14.52648246664983,8512.75,5208.641836428152,3304.108163571849,3905.7,4607.05,1940.076457387733,3268.565379040419,1965.623542612267,1338.484620959582,-12184.17631903778,-24894.87014131815,7130.052088348826,-6092.088159518888,-6092.088159518888,-23363.60035599317,-25966.9754004296,6520.46119735415,8186.016963279074,0,0,0,1.539535136156243,0.6222491539426789,85.1275,86.36449057939448,83.24786078264026,101325,109521.3965971366,89802.44714147809,155993.3976710313,63049.39552324193,-25.45328699389587,-59.88252140507227,26.86282624166117,-12.72664349694793,-12.72664349694793,-54.26039658339575,-63.81880333688171,23.35876383928222,32.93274439683289,0,0,0,368,1,1,1,1,1,1,1,1,1,1,0.5,0.5,0.4118136038073375,0.5881863961926626,0.6340015126085223,0.3659984873914776,0.6030999316368191,0.4588059087838831,0.5411940912161171,0.3724726172990518,0.6275273827009482,0.5949029042945627,0.4050970957054373,0.6118635971252712,0.3881364028747289,0.3969000683631809,100,-12184.17631903778,101325,-25.45328699389587,368,0.5,0.5,0.4118136038073375,0.5881863961926626,0.6340015126085223,0.3659984873914776,0.3969000683631809,100,-12184.17631903778,101325,-25.45328699389587,368,0.5,0.5,0.4118136038073375,0.5881863961926626,0.6340015126085223,0.3659984873914776,0.3969000683631809
0.472,146.1957090661339,167.8855917603916,113.2373706509648,73.09785453306694,73.09785453306694,153.1397420816477,178.2097705185411,103.8552737738388,129.4895241883515,0,0,0,100,60.30999316368191,39.69000683631809,50,50,24.83647563033173,35.47351753335018,25.16352436966826,14.52648246664983,8512.75,5208.641836428152,3304.108163571849,3905.7,4607.05,1940.076457387733,3268.565379040419,1965.623542612267,1338.484620959582,-12184.17631903778,-24894.87014131815,7130.052088348826,-6092.088159518888,-6092.088159518888,-23363.60035599317,-25966.9754004296,6520.46119735415,8186.016963279074,0,0,0,1.539535136156243,0.6222491539426789,85.1275,86.36449057939448,83.24786078264026,101325,109521.3965971366,89802.44714147809,155993.3976710313,63049.39552324193,-25.45328699389587,-59.88252140507227,26.86282624166117,-12.72664349694793,-12.72664349694793,-54.26039658339575,-63.81880333688171,23.35876383928222,32.93274439683289,0,0,0,368,1,1,1,1,1,1,1,1,1,1,0.5,0.5,0.4118136038073375,0.5881863961926626,0.6340015126085223,0.3659984873914776,0.6030999316368191,0.4588059087838831,0.5411940912161171,0.3724726172990518,0.6275273827009482,0.5949029042945627,0.4050970957054373,0.6118635971252712,0.3881364028747289,0.3969000683631809,100,-12184.17631903778,101325,-25.45328699389587,368,0.5,0.5,0.4118136038073375,0.5881863961926626,0.6340015126085223,0.3659984873914776,0.3969000683631809,100,-12184.17631903778,101325,-25.45328699389587,368,0.5,0.5,0.4118136038073375,0.5881863961926626,0.6340015126085223,0.3659984873914776,0.3969000683631809
0.474,146.1957090661339,167.8855917603916,113.2373706509648,73.09785453306694,73.09785453306694,153.1397420816477,178.2097705185411,103.8552737738388,129.4895241883515,0,0,0,100,60.30999316368191,39.69000683631809,50,50,24.83647563033173,35.47351753335018,25.16352436966826,14.52648246664983,8512.75,5208.641836428152,3304.108163571849,3905.7,4607.05,1940.076457387733,3268.565379040419,1965.623542612267,1338.484620959582,-12184.17631903778,-24894.87014131815,7130.052088348826,-6092.088159518888,-6092.088159518888,-23363.60035599317,-25966.9754004296,6520.46119735415,8186.016963279074,0,0,0,1.539535136156243,0.6222491539426789,85.1275,86.36449057939448,83.24786078264026,101325,109521.3965971366,89802.44714147809,155993.3976710313,63049.39552324193,-25.45328699389587,-59.88252140507227,26.86282624166117,-12.72664349694793,-12.72664349694793,-54.26039658339575,-63.81880333688171,23.35876383928222,32.93274439683289,0,0,0,368,1,1,1,1,1,1,1,1,1,1,0.5,0.5,0.4118136038073375,0.5881863961926626,0.6340015126085223,0.3659984873914776,0.6030999316368191,0.4588059087838831,0.5411940912161171,0.3724726172990518,0.6275273827009482,0.5949029042945627,0.4050970957054373,0.6118635971252712,0.3881364028747289,0.3969000683631809,100,-12184.17631903778,101325,-25.45328699389587,368,0.5,0.5,0.4118136038073375,0.5881863961926626,0.6340015126085223,0.3659984873914776,0.3969000683631809,100,-12184.17631903778,101325,-25.45328699389587,368,0.5,0.5,0.4118136038073375,0.5881863961926626,0.6340015126085223,0.3659984873914776,0.3969000683631809
0.476,146.1957090661339,167.8855917603916,113.2373706509648,73.09785453306694,73.09785453306694,153.1397420816477,178.2097705185411,103.8552737738388,129.4895241883515,0,0,0,100,60.30999316368191,39.69000683631809,50,50,24.83647563033173,35.47351753335018,25.16352436966826,14.52648246664983,8512.75,5208.641836428152,3304.108163571849,3905.7,4607.05,1940.076457387733,3268.565379040419,1965.623542612267,1338.484620959582,-12184.17631903778,-24894.87014131815,7130.052088348826,-6092.088159518888,-6092.088159518888,-23363.60035599317,-25966.9754004296,6520.46119735415,8186.016963279074,0,0,0,1.539535136156243,0.6222491539426789,85.1275,86.36449057939448,83.24786078264026,101325,109521.3965971366,89802.44714147809,155993.3976710313,63049.39552324193,-25.45328699389587,-59.88252140507227,26.86282624166117,-12.72664349694793,-12.72664349694793,-54.26039658339575,-63.81880333688171,23.35876383928222,32.93274439683289,0,0,0,368,1,1,1,1,1,1,1,1,1,1,0.5,0.5,0.4118136038073375,0.5881863961926626,0.6340015126085223,0.3659984873914776,0.6030999316368191,0.4588059087838831,0.5411940912161171,0.3724726172990518,0.6275273827009482,0.5949029042945627,0.4050970957054373,0.6118635971252712,0.3881364028747289,0.3969000683631809,100,-12184.17631903778,101325,-25.45328699389587,368,0.5,0.5,0.4118136038073375,0.5881863961926626,0.6340015126085223,0.3659984873914776,0.3969000683631809,100,-12184.17631903778,101325,-25.45328699389587,368,0.5,0.5,0.4118136038073375,0.5881863961926626,0.6340015126085223,0.3659984873914776,0.3969000683631809
0.478,146.1957090661339,167.8855917603916,113.2373706509648,73.09785453306694,73.09785453306694,153.1397420816477,178.2097705185411,103.8552737738388,129.4895241883515,0,0,0,100,60.30999316368191,39.69000683631809,50,50,24.83647563033173,35.47351753335018,25.16352436966826,14.52648246664983,8512.75,5208.641836428152,3304.108163571849,3905.7,4607.05,1940.076457387733,3268.565379040419,1965.623542612267,1338.484620959582,-12184.17631903778,-24894.87014131815,7130.052088348826,-6092.088159518888,-6092.088159518888,-23363.60035599317,-25966.9754004296,6520.46119735415,8186.016963279074,0,0,0,1.539535136156243,0.6222491539426789,85.1275,86.36449057939448,83.24786078264026,101325,109521.3965971366,89802.44714147809,155993.3976710313,63049.39552324193,-25.45328699389587,-59.88252140507227,26.86282624166117,-12.72664349694793,-12.72664349694793,-54.26039658339575,-63.81880333688171,23.35876383928222,32.93274439683289,0,0,0,368,1,1,1,1,1,1,1,1,1,1,0.5,0.5,0.4118136038073375,0.5881863961926626,0.6340015126085223,0.3659984873914776,0.6030999316368191,0.4588059087838831,0.5411940912161171,0.3724726172990518,0.6275273827009482,0.5949029042945627,0.4050970957054373,0.6118635971252712,0.3881364028747289,0.3969000683631809,100,-12184.17631903778,101325,-25.45328699389587,368,0.5,0.5,0.4118136038073375,0.5881863961926626,0.6340015126085223,0.3659984873914776,0.3969000683631809,100,-12184.17631903778,101325,-25.45328699389587,368,0.5,0.5,0.4118136038073375,0.5881863961926626,0.6340015126085223,0.3659984873914776,0.3969000683631809
0.48,146.1957090661339,167.8855917603916,113.2373706509648,73.09785453306694,73.09785453306694,153.1397420816477,178.2097705185411,103.8552737738388,129.4895241883515,0,0,0,100,60.30999316368191,39.69000683631809,50,50,24.83647563033173,35.47351753335018,25.16352436966826,14.52648246664983,8512.75,5208.641836428152,3304.108163571849,3905.7,4607.05,1940.076457387733,3268.565379040419,1965.623542612267,1338.484620959582,-12184.17631903778,-24894.87014131815,7130.052088348826,-6092.088159518888,-6092.088159518888,-23363.60035599317,-25966.9754004296,6520.46119735415,8186.016963279074,0,0,0,1.539535136156243,0.6222491539426789,85.1275,86.36449057939448,83.24786078264026,101325,109521.3965971366,89802.44714147809,155993.3976710313,63049.39552324193,-25.45328699389587,-59.88252140507227,26.86282624166117,-12.72664349694793,-12.72664349694793,-54.26039658339575,-63.81880333688171,23.35876383928222,32.93274439683289,0,0,0,368,1,1,1,1,1,1,1,1,1,1,0.5,0.5,0.4118136038073375,0.5881863961926626,0.6340015126085223,0.3659984873914776,0.6030999316368191,0.4588059087838831,0.5411940912161171,0.3724726172990518,0.6275273827009482,0.5949029042945627,0.4050970957054373,0.6118635971252712,0.3881364028747289,0.3969000683631809,100,-12184.17631903778,101325,-25.45328699389587,368,0.5,0.5,0.4118136038073375,0.5881863961926626,0.6340015126085223,0.3659984873914776,0.3969000683631809,100,-12184.17631903778,101325,-25.45328699389587,368,0.5,0.5,0.4118136038073375,0.5881863961926626,0.6340015126085223,0.3659984873914776,0.3969000683631809
0.482,146.1957090661339,167.8855917603916,113.2373706509648,73.09785453306694,73.09785453306694,153.1397420816477,178.2097705185411,103.8552737738388,129.4895241883515,0,0,0,100,60.30999316368191,39.69000683631809,50,50,24.83647563033173,35.47351753335018,25.16352436966826,14.52648246664983,8512.75,5208.641836428152,3304.108163571849,3905.7,4607.05,1940.076457387733,3268.565379040419,1965.623542612267,1338.484620959582,-12184.17631903778,-24894.87014131815,7130.052088348826,-6092.088159518888,-6092.088159518888,-23363.60035599317,-25966.9754004296,6520.46119735415,8186.016963279074,0,0,0,1.539535136156243,0.6222491539426789,85.1275,86.36449057939448,83.24786078264026,101325,109521.3965971366,89802.44714147809,155993.3976710313,63049.39552324193,-25.45328699389587,-59.88252140507227,26.86282624166117,-12.72664349694793,-12.72664349694793,-54.26039658339575,-63.81880333688171,23.35876383928222,32.93274439683289,0,0,0,368,1,1,1,1,1,1,1,1,1,1,0.5,0.5,0.4118136038073375,0.5881863961926626,0.6340015126085223,0.3659984873914776,0.6030999316368191,0.4588059087838831,0.5411940912161171,0.3724726172990518,0.6275273827009482,0.5949029042945627,0.4050970957054373,0.6118635971252712,0.3881364028747289,0.3969000683631809,100,-12184.17631903778,101325,-25.45328699389587,368,0.5,0.5,0.4118136038073375,0.5881863961926626,0.6340015126085223,0.3659984873914776,0.3969000683631809,100,-12184.17631903778,101325,-25.45328699389587,368,0.5,0.5,0.4118136038073375,0.5881863961926626,0.6340015126085223,0.3659984873914776,0.3969000683631809
0.484,146.1957090661339,167.8855917603916,113.2373706509648,73.09785453306694,73.09785453306694,153.1397420816477,178.2097705185411,103.8552737738388,129.4895241883515,0,0,0,100,60.30999316368191,39.69000683631809,50,50,24.83647563033173,35.47351753335018,25.16352436966826,14.52648246664983,8512.75,5208.641836428152,3304.108163571849,3905.7,4607.05,1940.076457387733,3268.565379040419,1965.623542612267,1338.484620959582,-12184.17631903778,-24894.87014131815,7130.052088348826,-6092.088159518888,-6092.088159518888,-23363.60035599317,-25966.9754004296,6520.46119735415,8186.016963279074,0,0,0,1.539535136156243,0.6222491539426789,85.1275,86.36449057939448,83.24786078264026,101325,109521.3965971366,89802.44714147809,155993.3976710313,63049.39552324193,-25.45328699389587,-59.88252140507227,26.86282624166117,-12.72664349694793,-12.72664349694793,-54.26039658339575,-63.81880333688171,23.35876383928222,32.93274439683289,0,0,0,368,1,1,1,1,1,1,1,1,1,1,0.5,0.5,0.4118136038073375,0.5881863961926626,0.6340015126085223,0.3659984873914776,0.6030999316368191,0.4588059087838831,0.5411940912161171,0.3724726172990518,0.6275273827009482,0.5949029042945627,0.4050970957054373,0.6118635971252712,0.3881364028747289,0.3969000683631809,100,-12184.17631903778,101325,-25.45328699389587,368,0.5,0.5,0.4118136038073375,0.5881863961926626,0.6340015126085223,0.3659984873914776,0.3969000683631809,100,-12184.17631903778,101325,-25.45328699389587,368,0.5,0.5,0.4118136038073375,0.5881863961926626,0.6340015126085223,0.3659984873914776,0.3969000683631809
0.486,146.1957090661339,167.8855917603916,113.2373706509648,73.09785453306694,73.09785453306694,153.1397420816477,178.2097705185411,103.8552737738388,129.4895241883515,0,0,0,100,60.30999316368191,39.69000683631809,50,50,24.83647563033173,35.47351753335018,25.16352436966826,14.52648246664983,8512.75,5208.641836428152,3304.108163571849,3905.7,4607.05,1940.076457387733,3268.565379040419,1965.623542612267,1338.484620959582,-12184.17631903778,-24894.87014131815,7130.052088348826,-6092.088159518888,-6092.088159518888,-23363.60035599317,-25966.9754004296,6520.46119735415,8186.016963279074,0,0,0,1.539535136156243,0.6222491539426789,85.1275,86.36449057939448,83.24786078264026,101325,109521.3965971366,89802.44714147809,155993.3976710313,63049.39552324193,-25.45328699389587,-59.88252140507227,26.86282624166117,-12.72664349694793,-12.72664349694793,-54.26039658339575,-63.81880333688171,23.35876383928222,32.93274439683289,0,0,0,368,1,1,1,1,1,1,1,1,1,1,0.5,0.5,0.4118136038073375,0.5881863961926626,0.6340015126085223,0.3659984873914776,0.6030999316368191,0.4588059087838831,0.5411940912161171,0.3724726172990518,0.6275273827009482,0.5949029042945627,0.4050970957054373,0.6118635971252712,0.3881364028747289,0.3969000683631809,100,-12184.17631903778,101325,-25.45328699389587,368,0.5,0.5,0.4118136038073375,0.5881863961926626,0.6340015126085223,0.3659984873914776,0.3969000683631809,100,-12184.17631903778,101325,-25.45328699389587,368,0.5,0.5,0.4118136038073375,0.5881863961926626,0.6340015126085223,0.3659984873914776,0.3969000683631809
0.488,146.1957090661339,167.8855917603916,113.2373706509648,73.09785453306694,73.09785453306694,153.1397420816477,178.2097705185411,103.8552737738388,129.4895241883515,0,0,0,100,60.30999316368191,39.69000683631809,50,50,24.83647563033173,35.47351753335018,25.16352436966826,14.52648246664983,8512.75,5208.641836428152,3304.108163571849,3905.7,4607.05,1940.076457387733,3268.565379040419,1965.623542612267,1338.484620959582,-12184.17631903778,-24894.87014131815,7130.052088348826,-6092.088159518888,-6092.088159518888,-23363.60035599317,-25966.9754004296,6520.46119735415,8186.016963279074,0,0,0,1.539535136156243,0.6222491539426789,85.1275,86.36449057939448,83.24786078264026,101325,109521.3965971366,89802.44714147809,155993.3976710313,63049.39552324193,-25.45328699389587,-59.88252140507227,26.86282624166117,-12.72664349694793,-12.72664349694793,-54.26039658339575,-63.81880333688171,23.35876383928222,32.93274439683289,0,0,0,368,1,1,1,1,1,1,1,1,1,1,0.5,0.5,0.4118136038073375,0.5881863961926626,0.6340015126085223,0.3659984873914776,0.6030999316368191,0.4588059087838831,0.5411940912161171,0.3724726172990518,0.6275273827009482,0.5949029042945627,0.4050970957054373,0.6118635971252712,0.3881364028747289,0.3969000683631809,100,-12184.17631903778,101325,-25.45328699389587,368,0.5,0.5,0.4118136038073375,0.5881863961926626,0.6340015126085223,0.3659984873914776,0.3969000683631809,100,-12184.17631903778,101325,-25.45328699389587,368,0.5,0.5,0.4118136038073375,0.5881863961926626,0.6340015126085223,0.3659984873914776,0.3969000683631809
0.49,146.1957090661339,167.8855917603916,113.2373706509648,73.09785453306694,73.09785453306694,153.1397420816477,178.2097705185411,103.8552737738388,129.4895241883515,0,0,0,100,60.30999316368191,39.69000683631809,50,50,24.83647563033173,35.47351753335018,25.16352436966826,14.52648246664983,8512.75,5208.641836428152,3304.108163571849,3905.7,4607.05,1940.076457387733,3268.565379040419,1965.623542612267,1338.484620959582,-12184.17631903778,-24894.87014131815,7130.052088348826,-6092.088159518888,-6092.088159518888,-23363.60035599317,-25966.9754004296,6520.46119735415,8186.016963279074,0,0,0,1.539535136156243,0.6222491539426789,85.1275,86.36449057939448,83.24786078264026,101325,109521.3965971366,89802.44714147809,155993.3976710313,63049.39552324193,-25.45328699389587,-59.88252140507227,26.86282624166117,-12.72664349694793,-12.72664349694793,-54.26039658339575,-63.81880333688171,23.35876383928222,32.93274439683289,0,0,0,368,1,1,1,1,1,1,1,1,1,1,0.5,0.5,0.4118136038073375,0.5881863961926626,0.6340015126085223,0.3659984873914776,0.6030999316368191,0.4588059087838831,0.5411940912161171,0.3724726172990518,0.6275273827009482,0.5949029042945627,0.4050970957054373,0.6118635971252712,0.3881364028747289,0.3969000683631809,100,-12184.17631903778,101325,-25.45328699389587,368,0.5,0.5,0.4118136038073375,0.5881863961926626,0.6340015126085223,0.3659984873914776,0.3969000683631809,100,-12184.17631903778,101325,-25.45328699389587,368,0.5,0.5,0.4118136038073375,0.5881863961926626,0.6340015126085223,0.3659984873914776,0.3969000683631809
0.492,146.1957090661339,167.8855917603916,113.2373706509648,73.09785453306694,73.09785453306694,153.1397420816477,178.2097705185411,103.8552737738388,129.4895241883515,0,0,0,100,60.30999316368191,39.69000683631809,50,50,24.83647563033173,35.47351753335018,25.16352436966826,14.52648246664983,8512.75,5208.641836428152,3304.108163571849,3905.7,4607.05,1940.076457387733,3268.565379040419,1965.623542612267,1338.484620959582,-12184.17631903778,-24894.87014131815,7130.052088348826,-6092.088159518888,-6092.088159518888,-23363.60035599317,-25966.9754004296,6520.46119735415,8186.016963279074,0,0,0,1.539535136156243,0.6222491539426789,85.1275,86.36449057939448,83.24786078264026,101325,109521.3965971366,89802.44714147809,155993.3976710313,63049.39552324193,-25.45328699389587,-59.88252140507227,26.86282624166117,-12.72664349694793,-12.72664349694793,-54.26039658339575,-63.81880333688171,23.35876383928222,32.93274439683289,0,0,0,368,1,1,1,1,1,1,1,1,1,1,0.5,0.5,0.4118136038073375,0.5881863961926626,0.6340015126085223,0.3659984873914776,0.6030999316368191,0.4588059087838831,0.5411940912161171,0.3724726172990518,0.6275273827009482,0.5949029042945627,0.4050970957054373,0.6118635971252712,0.3881364028747289,0.3969000683631809,100,-12184.17631903778,101325,-25.45328699389587,368,0.5,0.5,0.4118136038073375,0.5881863961926626,0.6340015126085223,0.3659984873914776,0.3969000683631809,100,-12184.17631903778,101325,-25.45328699389587,368,0.5,0.5,0.4118136038073375,0.5881863961926626,0.6340015126085223,0.3659984873914776,0.3969000683631809
0.494,146.1957090661339,167.8855917603916,113.2373706509648,73.09785453306694,73.09785453306694,153.1397420816477,178.2097705185411,103.8552737738388,129.4895241883515,0,0,0,100,60.30999316368191,39.69000683631809,50,50,24.83647563033173,35.47351753335018,25.16352436966826,14.52648246664983,8512.75,5208.641836428152,3304.108163571849,3905.7,4607.05,1940.076457387733,3268.565379040419,1965.623542612267,1338.484620959582,-12184.17631903778,-24894.87014131815,7130.052088348826,-6092.088159518888,-6092.088159518888,-23363.60035599317,-25966.9754004296,6520.46119735415,8186.016963279074,0,0,0,1.539535136156243,0.6222491539426789,85.1275,86.36449057939448,83.24786078264026,101325,109521.3965971366,89802.44714147809,155993.3976710313,63049.39552324193,-25.45328699389587,-59.88252140507227,26.86282624166117,-12.72664349694793,-12.72664349694793,-54.26039658339575,-63.81880333688171,23.35876383928222,32.93274439683289,0,0,0,368,1,1,1,1,1,1,1,1,1,1,0.5,0.5,0.4118136038073375,0.5881863961926626,0.6340015126085223,0.3659984873914776,0.6030999316368191,0.4588059087838831,0.5411940912161171,0.3724726172990518,0.6275273827009482,0.5949029042945627,0.4050970957054373,0.6118635971252712,0.3881364028747289,0.3969000683631809,100,-12184.17631903778,101325,-25.45328699389587,368,0.5,0.5,0.4118136038073375,0.5881863961926626,0.6340015126085223,0.3659984873914776,0.3969000683631809,100,-12184.17631903778,101325,-25.45328699389587,368,0.5,0.5,0.4118136038073375,0.5881863961926626,0.6340015126085223,0.3659984873914776,0.3969000683631809
0.496,146.1957090661339,167.8855917603916,113.2373706509648,73.09785453306694,73.09785453306694,153.1397420816477,178.2097705185411,103.8552737738388,129.4895241883515,0,0,0,100,60.30999316368191,39.69000683631809,50,50,24.83647563033173,35.47351753335018,25.16352436966826,14.52648246664983,8512.75,5208.641836428152,3304.108163571849,3905.7,4607.05,1940.076457387733,3268.565379040419,1965.623542612267,1338.484620959582,-12184.17631903778,-24894.87014131815,7130.052088348826,-6092.088159518888,-6092.088159518888,-23363.60035599317,-25966.9754004296,6520.46119735415,8186.016963279074,0,0,0,1.539535136156243,0.6222491539426789,85.1275,86.36449057939448,83.24786078264026,101325,109521.3965971366,89802.44714147809,155993.3976710313,63049.39552324193,-25.45328699389587,-59.88252140507227,26.86282624166117,-12.72664349694793,-12.72664349694793,-54.26039658339575,-63.81880333688171,23.35876383928222,32.93274439683289,0,0,0,368,1,1,1,1,1,1,1,1,1,1,0.5,0.5,0.4118136038073375,0.5881863961926626,0.6340015126085223,0.3659984873914776,0.6030999316368191,0.4588059087838831,0.5411940912161171,0.3724726172990518,0.6275273827009482,0.5949029042945627,0.4050970957054373,0.6118635971252712,0.3881364028747289,0.3969000683631809,100,-12184.17631903778,101325,-25.45328699389587,368,0.5,0.5,0.4118136038073375,0.5881863961926626,0.6340015126085223,0.3659984873914776,0.3969000683631809,100,-12184.17631903778,101325,-25.45328699389587,368,0.5,0.5,0.4118136038073375,0.5881863961926626,0.6340015126085223,0.3659984873914776,0.3969000683631809
0.498,146.1957090661339,167.8855917603916,113.2373706509648,73.09785453306694,73.09785453306694,153.1397420816477,178.2097705185411,103.8552737738388,129.4895241883515,0,0,0,100,60.30999316368191,39.69000683631809,50,50,24.83647563033173,35.47351753335018,25.16352436966826,14.52648246664983,8512.75,5208.641836428152,3304.108163571849,3905.7,4607.05,1940.076457387733,3268.565379040419,1965.623542612267,1338.484620959582,-12184.17631903778,-24894.87014131815,7130.052088348826,-6092.088159518888,-6092.088159518888,-23363.60035599317,-25966.9754004296,6520.46119735415,8186.016963279074,0,0,0,1.539535136156243,0.6222491539426789,85.1275,86.36449057939448,83.24786078264026,101325,109521.3965971366,89802.44714147809,155993.3976710313,63049.39552324193,-25.45328699389587,-59.88252140507227,26.86282624166117,-12.72664349694793,-12.72664349694793,-54.26039658339575,-63.81880333688171,23.35876383928222,32.93274439683289,0,0,0,368,1,1,1,1,1,1,1,1,1,1,0.5,0.5,0.4118136038073375,0.5881863961926626,0.6340015126085223,0.3659984873914776,0.6030999316368191,0.4588059087838831,0.5411940912161171,0.3724726172990518,0.6275273827009482,0.5949029042945627,0.4050970957054373,0.6118635971252712,0.3881364028747289,0.3969000683631809,100,-12184.17631903778,101325,-25.45328699389587,368,0.5,0.5,0.4118136038073375,0.5881863961926626,0.6340015126085223,0.3659984873914776,0.3969000683631809,100,-12184.17631903778,101325,-25.45328699389587,368,0.5,0.5,0.4118136038073375,0.5881863961926626,0.6340015126085223,0.3659984873914776,0.3969000683631809
0.5,146.1957090661339,167.8855917603916,113.2373706509648,73.09785453306694,73.09785453306694,153.1397420816477,178.2097705185411,103.8552737738388,129.4895241883515,0,0,0,100,60.30999316368191,39.69000683631809,50,50,24.83647563033173,35.47351753335018,25.16352436966826,14.52648246664983,8512.75,5208.641836428152,3304.108163571849,3905.7,4607.05,1940.076457387733,3268.565379040419,1965.623542612267,1338.484620959582,-12184.17631903778,-24894.87014131815,7130.052088348826,-6092.088159518888,-6092.088159518888,-23363.60035599317,-25966.9754004296,6520.46119735415,8186.016963279074,0,0,0,1.539535136156243,0.6222491539426789,85.1275,86.36449057939448,83.24786078264026,101325,109521.3965971366,89802.44714147809,155993.3976710313,63049.39552324193,-25.45328699389587,-59.88252140507227,26.86282624166117,-12.72664349694793,-12.72664349694793,-54.26039658339575,-63.81880333688171,23.35876383928222,32.93274439683289,0,0,0,368,1,1,1,1,1,1,1,1,1,1,0.5,0.5,0.4118136038073375,0.5881863961926626,0.6340015126085223,0.3659984873914776,0.6030999316368191,0.4588059087838831,0.5411940912161171,0.3724726172990518,0.6275273827009482,0.5949029042945627,0.4050970957054373,0.6118635971252712,0.3881364028747289,0.3969000683631809,100,-12184.17631903778,101325,-25.45328699389587,368,0.5,0.5,0.4118136038073375,0.5881863961926626,0.6340015126085223,0.3659984873914776,0.3969000683631809,100,-12184.17631903778,101325,-25.45328699389587,368,0.5,0.5,0.4118136038073375,0.5881863961926626,0.6340015126085223,0.3659984873914776,0.3969000683631809
0.502,146.1957090661339,167.8855917603916,113.2373706509648,73.09785453306694,73.09785453306694,153.1397420816477,178.2097705185411,103.8552737738388,129.4895241883515,0,0,0,100,60.30999316368191,39.69000683631809,50,50,24.83647563033173,35.47351753335018,25.16352436966826,14.52648246664983,8512.75,5208.641836428152,3304.108163571849,3905.7,4607.05,1940.076457387733,3268.565379040419,1965.623542612267,1338.484620959582,-12184.17631903778,-24894.87014131815,7130.052088348826,-6092.088159518888,-6092.088159518888,-23363.60035599317,-25966.9754004296,6520.46119735415,8186.016963279074,0,0,0,1.539535136156243,0.6222491539426789,85.1275,86.36449057939448,83.24786078264026,101325,109521.3965971366,89802.44714147809,155993.3976710313,63049.39552324193,-25.45328699389587,-59.88252140507227,26.86282624166117,-12.72664349694793,-12.72664349694793,-54.26039658339575,-63.81880333688171,23.35876383928222,32.93274439683289,0,0,0,368,1,1,1,1,1,1,1,1,1,1,0.5,0.5,0.4118136038073375,0.5881863961926626,0.6340015126085223,0.3659984873914776,0.6030999316368191,0.4588059087838831,0.5411940912161171,0.3724726172990518,0.6275273827009482,0.5949029042945627,0.4050970957054373,0.6118635971252712,0.3881364028747289,0.3969000683631809,100,-12184.17631903778,101325,-25.45328699389587,368,0.5,0.5,0.4118136038073375,0.5881863961926626,0.6340015126085223,0.3659984873914776,0.3969000683631809,100,-12184.17631903778,101325,-25.45328699389587,368,0.5,0.5,0.4118136038073375,0.5881863961926626,0.6340015126085223,0.3659984873914776,0.3969000683631809
0.504,146.1957090661339,167.8855917603916,113.2373706509648,73.09785453306694,73.09785453306694,153.1397420816477,178.2097705185411,103.8552737738388,129.4895241883515,0,0,0,100,60.30999316368191,39.69000683631809,50,50,24.83647563033173,35.47351753335018,25.16352436966826,14.52648246664983,8512.75,5208.641836428152,3304.108163571849,3905.7,4607.05,1940.076457387733,3268.565379040419,1965.623542612267,1338.484620959582,-12184.17631903778,-24894.87014131815,7130.052088348826,-6092.088159518888,-6092.088159518888,-23363.60035599317,-25966.9754004296,6520.46119735415,8186.016963279074,0,0,0,1.539535136156243,0.6222491539426789,85.1275,86.36449057939448,83.24786078264026,101325,109521.3965971366,89802.44714147809,155993.3976710313,63049.39552324193,-25.45328699389587,-59.88252140507227,26.86282624166117,-12.72664349694793,-12.72664349694793,-54.26039658339575,-63.81880333688171,23.35876383928222,32.93274439683289,0,0,0,368,1,1,1,1,1,1,1,1,1,1,0.5,0.5,0.4118136038073375,0.5881863961926626,0.6340015126085223,0.3659984873914776,0.6030999316368191,0.4588059087838831,0.5411940912161171,0.3724726172990518,0.6275273827009482,0.5949029042945627,0.4050970957054373,0.6118635971252712,0.3881364028747289,0.3969000683631809,100,-12184.17631903778,101325,-25.45328699389587,368,0.5,0.5,0.4118136038073375,0.5881863961926626,0.6340015126085223,0.3659984873914776,0.3969000683631809,100,-12184.17631903778,101325,-25.45328699389587,368,0.5,0.5,0.4118136038073375,0.5881863961926626,0.6340015126085223,0.3659984873914776,0.3969000683631809
0.506,146.1957090661339,167.8855917603916,113.2373706509648,73.09785453306694,73.09785453306694,153.1397420816477,178.2097705185411,103.8552737738388,129.4895241883515,0,0,0,100,60.30999316368191,39.69000683631809,50,50,24.83647563033173,35.47351753335018,25.16352436966826,14.52648246664983,8512.75,5208.641836428152,3304.108163571849,3905.7,4607.05,1940.076457387733,3268.565379040419,1965.623542612267,1338.484620959582,-12184.17631903778,-24894.87014131815,7130.052088348826,-6092.088159518888,-6092.088159518888,-23363.60035599317,-25966.9754004296,6520.46119735415,8186.016963279074,0,0,0,1.539535136156243,0.6222491539426789,85.1275,86.36449057939448,83.24786078264026,101325,109521.3965971366,89802.44714147809,155993.3976710313,63049.39552324193,-25.45328699389587,-59.88252140507227,26.86282624166117,-12.72664349694793,-12.72664349694793,-54.26039658339575,-63.81880333688171,23.35876383928222,32.93274439683289,0,0,0,368,1,1,1,1,1,1,1,1,1,1,0.5,0.5,0.4118136038073375,0.5881863961926626,0.6340015126085223,0.3659984873914776,0.6030999316368191,0.4588059087838831,0.5411940912161171,0.3724726172990518,0.6275273827009482,0.5949029042945627,0.4050970957054373,0.6118635971252712,0.3881364028747289,0.3969000683631809,100,-12184.17631903778,101325,-25.45328699389587,368,0.5,0.5,0.4118136038073375,0.5881863961926626,0.6340015126085223,0.3659984873914776,0.3969000683631809,100,-12184.17631903778,101325,-25.45328699389587,368,0.5,0.5,0.4118136038073375,0.5881863961926626,0.6340015126085223,0.3659984873914776,0.3969000683631809
0.508,146.1957090661339,167.8855917603916,113.2373706509648,73.09785453306694,73.09785453306694,153.1397420816477,178.2097705185411,103.8552737738388,129.4895241883515,0,0,0,100,60.30999316368191,39.69000683631809,50,50,24.83647563033173,35.47351753335018,25.16352436966826,14.52648246664983,8512.75,5208.641836428152,3304.108163571849,3905.7,4607.05,1940.076457387733,3268.565379040419,1965.623542612267,1338.484620959582,-12184.17631903778,-24894.87014131815,7130.052088348826,-6092.088159518888,-6092.088159518888,-23363.60035599317,-25966.9754004296,6520.46119735415,8186.016963279074,0,0,0,1.539535136156243,0.6222491539426789,85.1275,86.36449057939448,83.24786078264026,101325,109521.3965971366,89802.44714147809,155993.3976710313,63049.39552324193,-25.45328699389587,-59.88252140507227,26.86282624166117,-12.72664349694793,-12.72664349694793,-54.26039658339575,-63.81880333688171,23.35876383928222,32.93274439683289,0,0,0,368,1,1,1,1,1,1,1,1,1,1,0.5,0.5,0.4118136038073375,0.5881863961926626,0.6340015126085223,0.3659984873914776,0.6030999316368191,0.4588059087838831,0.5411940912161171,0.3724726172990518,0.6275273827009482,0.5949029042945627,0.4050970957054373,0.6118635971252712,0.3881364028747289,0.3969000683631809,100,-12184.17631903778,101325,-25.45328699389587,368,0.5,0.5,0.4118136038073375,0.5881863961926626,0.6340015126085223,0.3659984873914776,0.3969000683631809,100,-12184.17631903778,101325,-25.45328699389587,368,0.5,0.5,0.4118136038073375,0.5881863961926626,0.6340015126085223,0.3659984873914776,0.3969000683631809
0.51,146.1957090661339,167.8855917603916,113.2373706509648,73.09785453306694,73.09785453306694,153.1397420816477,178.2097705185411,103.8552737738388,129.4895241883515,0,0,0,100,60.30999316368191,39.69000683631809,50,50,24.83647563033173,35.47351753335018,25.16352436966826,14.52648246664983,8512.75,5208.641836428152,3304.108163571849,3905.7,4607.05,1940.076457387733,3268.565379040419,1965.623542612267,1338.484620959582,-12184.17631903778,-24894.87014131815,7130.052088348826,-6092.088159518888,-6092.088159518888,-23363.60035599317,-25966.9754004296,6520.46119735415,8186.016963279074,0,0,0,1.539535136156243,0.6222491539426789,85.1275,86.36449057939448,83.24786078264026,101325,109521.3965971366,89802.44714147809,155993.3976710313,63049.39552324193,-25.45328699389587,-59.88252140507227,26.86282624166117,-12.72664349694793,-12.72664349694793,-54.26039658339575,-63.81880333688171,23.35876383928222,32.93274439683289,0,0,0,368,1,1,1,1,1,1,1,1,1,1,0.5,0.5,0.4118136038073375,0.5881863961926626,0.6340015126085223,0.3659984873914776,0.6030999316368191,0.4588059087838831,0.5411940912161171,0.3724726172990518,0.6275273827009482,0.5949029042945627,0.4050970957054373,0.6118635971252712,0.3881364028747289,0.3969000683631809,100,-12184.17631903778,101325,-25.45328699389587,368,0.5,0.5,0.4118136038073375,0.5881863961926626,0.6340015126085223,0.3659984873914776,0.3969000683631809,100,-12184.17631903778,101325,-25.45328699389587,368,0.5,0.5,0.4118136038073375,0.5881863961926626,0.6340015126085223,0.3659984873914776,0.3969000683631809
0.512,146.1957090661339,167.8855917603916,113.2373706509648,73.09785453306694,73.09785453306694,153.1397420816477,178.2097705185411,103.8552737738388,129.4895241883515,0,0,0,100,60.30999316368191,39.69000683631809,50,50,24.83647563033173,35.47351753335018,25.16352436966826,14.52648246664983,8512.75,5208.641836428152,3304.108163571849,3905.7,4607.05,1940.076457387733,3268.565379040419,1965.623542612267,1338.484620959582,-12184.17631903778,-24894.87014131815,7130.052088348826,-6092.088159518888,-6092.088159518888,-23363.60035599317,-25966.9754004296,6520.46119735415,8186.016963279074,0,0,0,1.539535136156243,0.6222491539426789,85.1275,86.36449057939448,83.24786078264026,101325,109521.3965971366,89802.44714147809,155993.3976710313,63049.39552324193,-25.45328699389587,-59.88252140507227,26.86282624166117,-12.72664349694793,-12.72664349694793,-54.26039658339575,-63.81880333688171,23.35876383928222,32.93274439683289,0,0,0,368,1,1,1,1,1,1,1,1,1,1,0.5,0.5,0.4118136038073375,0.5881863961926626,0.6340015126085223,0.3659984873914776,0.6030999316368191,0.4588059087838831,0.5411940912161171,0.3724726172990518,0.6275273827009482,0.5949029042945627,0.4050970957054373,0.6118635971252712,0.3881364028747289,0.3969000683631809,100,-12184.17631903778,101325,-25.45328699389587,368,0.5,0.5,0.4118136038073375,0.5881863961926626,0.6340015126085223,0.3659984873914776,0.3969000683631809,100,-12184.17631903778,101325,-25.45328699389587,368,0.5,0.5,0.4118136038073375,0.5881863961926626,0.6340015126085223,0.3659984873914776,0.3969000683631809
0.514,146.1957090661339,167.8855917603916,113.2373706509648,73.09785453306694,73.09785453306694,153.1397420816477,178.2097705185411,103.8552737738388,129.4895241883515,0,0,0,100,60.30999316368191,39.69000683631809,50,50,24.83647563033173,35.47351753335018,25.16352436966826,14.52648246664983,8512.75,5208.641836428152,3304.108163571849,3905.7,4607.05,1940.076457387733,3268.565379040419,1965.623542612267,1338.484620959582,-12184.17631903778,-24894.87014131815,7130.052088348826,-6092.088159518888,-6092.088159518888,-23363.60035599317,-25966.9754004296,6520.46119735415,8186.016963279074,0,0,0,1.539535136156243,0.6222491539426789,85.1275,86.36449057939448,83.24786078264026,101325,109521.3965971366,89802.44714147809,155993.3976710313,63049.39552324193,-25.45328699389587,-59.88252140507227,26.86282624166117,-12.72664349694793,-12.72664349694793,-54.26039658339575,-63.81880333688171,23.35876383928222,32.93274439683289,0,0,0,368,1,1,1,1,1,1,1,1,1,1,0.5,0.5,0.4118136038073375,0.5881863961926626,0.6340015126085223,0.3659984873914776,0.6030999316368191,0.4588059087838831,0.5411940912161171,0.3724726172990518,0.6275273827009482,0.5949029042945627,0.4050970957054373,0.6118635971252712,0.3881364028747289,0.3969000683631809,100,-12184.17631903778,101325,-25.45328699389587,368,0.5,0.5,0.4118136038073375,0.5881863961926626,0.6340015126085223,0.3659984873914776,0.3969000683631809,100,-12184.17631903778,101325,-25.45328699389587,368,0.5,0.5,0.4118136038073375,0.5881863961926626,0.6340015126085223,0.3659984873914776,0.3969000683631809
0.516,146.1957090661339,167.8855917603916,113.2373706509648,73.09785453306694,73.09785453306694,153.1397420816477,178.2097705185411,103.8552737738388,129.4895241883515,0,0,0,100,60.30999316368191,39.69000683631809,50,50,24.83647563033173,35.47351753335018,25.16352436966826,14.52648246664983,8512.75,5208.641836428152,3304.108163571849,3905.7,4607.05,1940.076457387733,3268.565379040419,1965.623542612267,1338.484620959582,-12184.17631903778,-24894.87014131815,7130.052088348826,-6092.088159518888,-6092.088159518888,-23363.60035599317,-25966.9754004296,6520.46119735415,8186.016963279074,0,0,0,1.539535136156243,0.6222491539426789,85.1275,86.36449057939448,83.24786078264026,101325,109521.3965971366,89802.44714147809,155993.3976710313,63049.39552324193,-25.45328699389587,-59.88252140507227,26.86282624166117,-12.72664349694793,-12.72664349694793,-54.26039658339575,-63.81880333688171,23.35876383928222,32.93274439683289,0,0,0,368,1,1,1,1,1,1,1,1,1,1,0.5,0.5,0.4118136038073375,0.5881863961926626,0.6340015126085223,0.3659984873914776,0.6030999316368191,0.4588059087838831,0.5411940912161171,0.3724726172990518,0.6275273827009482,0.5949029042945627,0.4050970957054373,0.6118635971252712,0.3881364028747289,0.3969000683631809,100,-12184.17631903778,101325,-25.45328699389587,368,0.5,0.5,0.4118136038073375,0.5881863961926626,0.6340015126085223,0.3659984873914776,0.3969000683631809,100,-12184.17631903778,101325,-25.45328699389587,368,0.5,0.5,0.4118136038073375,0.5881863961926626,0.6340015126085223,0.3659984873914776,0.3969000683631809
0.518,146.1957090661339,167.8855917603916,113.2373706509648,73.09785453306694,73.09785453306694,153.1397420816477,178.2097705185411,103.8552737738388,129.4895241883515,0,0,0,100,60.30999316368191,39.69000683631809,50,50,24.83647563033173,35.47351753335018,25.16352436966826,14.52648246664983,8512.75,5208.641836428152,3304.108163571849,3905.7,4607.05,1940.076457387733,3268.565379040419,1965.623542612267,1338.484620959582,-12184.17631903778,-24894.87014131815,7130.052088348826,-6092.088159518888,-6092.088159518888,-23363.60035599317,-25966.9754004296,6520.46119735415,8186.016963279074,0,0,0,1.539535136156243,0.6222491539426789,85.1275,86.36449057939448,83.24786078264026,101325,109521.3965971366,89802.44714147809,155993.3976710313,63049.39552324193,-25.45328699389587,-59.88252140507227,26.86282624166117,-12.72664349694793,-12.72664349694793,-54.26039658339575,-63.81880333688171,23.35876383928222,32.93274439683289,0,0,0,368,1,1,1,1,1,1,1,1,1,1,0.5,0.5,0.4118136038073375,0.5881863961926626,0.6340015126085223,0.3659984873914776,0.6030999316368191,0.4588059087838831,0.5411940912161171,0.3724726172990518,0.6275273827009482,0.5949029042945627,0.4050970957054373,0.6118635971252712,0.3881364028747289,0.3969000683631809,100,-12184.17631903778,101325,-25.45328699389587,368,0.5,0.5,0.4118136038073375,0.5881863961926626,0.6340015126085223,0.3659984873914776,0.3969000683631809,100,-12184.17631903778,101325,-25.45328699389587,368,0.5,0.5,0.4118136038073375,0.5881863961926626,0.6340015126085223,0.3659984873914776,0.3969000683631809
0.52,146.1957090661339,167.8855917603916,113.2373706509648,73.09785453306694,73.09785453306694,153.1397420816477,178.2097705185411,103.8552737738388,129.4895241883515,0,0,0,100,60.30999316368191,39.69000683631809,50,50,24.83647563033173,35.47351753335018,25.16352436966826,14.52648246664983,8512.75,5208.641836428152,3304.108163571849,3905.7,4607.05,1940.076457387733,3268.565379040419,1965.623542612267,1338.484620959582,-12184.17631903778,-24894.87014131815,7130.052088348826,-6092.088159518888,-6092.088159518888,-23363.60035599317,-25966.9754004296,6520.46119735415,8186.016963279074,0,0,0,1.539535136156243,0.6222491539426789,85.1275,86.36449057939448,83.24786078264026,101325,109521.3965971366,89802.44714147809,155993.3976710313,63049.39552324193,-25.45328699389587,-59.88252140507227,26.86282624166117,-12.72664349694793,-12.72664349694793,-54.26039658339575,-63.81880333688171,23.35876383928222,32.93274439683289,0,0,0,368,1,1,1,1,1,1,1,1,1,1,0.5,0.5,0.4118136038073375,0.5881863961926626,0.6340015126085223,0.3659984873914776,0.6030999316368191,0.4588059087838831,0.5411940912161171,0.3724726172990518,0.6275273827009482,0.5949029042945627,0.4050970957054373,0.6118635971252712,0.3881364028747289,0.3969000683631809,100,-12184.17631903778,101325,-25.45328699389587,368,0.5,0.5,0.4118136038073375,0.5881863961926626,0.6340015126085223,0.3659984873914776,0.3969000683631809,100,-12184.17631903778,101325,-25.45328699389587,368,0.5,0.5,0.4118136038073375,0.5881863961926626,0.6340015126085223,0.3659984873914776,0.3969000683631809
0.522,146.1957090661339,167.8855917603916,113.2373706509648,73.09785453306694,73.09785453306694,153.1397420816477,178.2097705185411,103.8552737738388,129.4895241883515,0,0,0,100,60.30999316368191,39.69000683631809,50,50,24.83647563033173,35.47351753335018,25.16352436966826,14.52648246664983,8512.75,5208.641836428152,3304.108163571849,3905.7,4607.05,1940.076457387733,3268.565379040419,1965.623542612267,1338.484620959582,-12184.17631903778,-24894.87014131815,7130.052088348826,-6092.088159518888,-6092.088159518888,-23363.60035599317,-25966.9754004296,6520.46119735415,8186.016963279074,0,0,0,1.539535136156243,0.6222491539426789,85.1275,86.36449057939448,83.24786078264026,101325,109521.3965971366,89802.44714147809,155993.3976710313,63049.39552324193,-25.45328699389587,-59.88252140507227,26.86282624166117,-12.72664349694793,-12.72664349694793,-54.26039658339575,-63.81880333688171,23.35876383928222,32.93274439683289,0,0,0,368,1,1,1,1,1,1,1,1,1,1,0.5,0.5,0.4118136038073375,0.5881863961926626,0.6340015126085223,0.3659984873914776,0.6030999316368191,0.4588059087838831,0.5411940912161171,0.3724726172990518,0.6275273827009482,0.5949029042945627,0.4050970957054373,0.6118635971252712,0.3881364028747289,0.3969000683631809,100,-12184.17631903778,101325,-25.45328699389587,368,0.5,0.5,0.4118136038073375,0.5881863961926626,0.6340015126085223,0.3659984873914776,0.3969000683631809,100,-12184.17631903778,101325,-25.45328699389587,368,0.5,0.5,0.4118136038073375,0.5881863961926626,0.6340015126085223,0.3659984873914776,0.3969000683631809
0.524,146.1957090661339,167.8855917603916,113.2373706509648,73.09785453306694,73.09785453306694,153.1397420816477,178.2097705185411,103.8552737738388,129.4895241883515,0,0,0,100,60.30999316368191,39.69000683631809,50,50,24.83647563033173,35.47351753335018,25.16352436966826,14.52648246664983,8512.75,5208.641836428152,3304.108163571849,3905.7,4607.05,1940.076457387733,3268.565379040419,1965.623542612267,1338.484620959582,-12184.17631903778,-24894.87014131815,7130.052088348826,-6092.088159518888,-6092.088159518888,-23363.60035599317,-25966.9754004296,6520.46119735415,8186.016963279074,0,0,0,1.539535136156243,0.6222491539426789,85.1275,86.36449057939448,83.24786078264026,101325,109521.3965971366,89802.44714147809,155993.3976710313,63049.39552324193,-25.45328699389587,-59.88252140507227,26.86282624166117,-12.72664349694793,-12.72664349694793,-54.26039658339575,-63.81880333688171,23.35876383928222,32.93274439683289,0,0,0,368,1,1,1,1,1,1,1,1,1,1,0.5,0.5,0.4118136038073375,0.5881863961926626,0.6340015126085223,0.3659984873914776,0.6030999316368191,0.4588059087838831,0.5411940912161171,0.3724726172990518,0.6275273827009482,0.5949029042945627,0.4050970957054373,0.6118635971252712,0.3881364028747289,0.3969000683631809,100,-12184.17631903778,101325,-25.45328699389587,368,0.5,0.5,0.4118136038073375,0.5881863961926626,0.6340015126085223,0.3659984873914776,0.3969000683631809,100,-12184.17631903778,101325,-25.45328699389587,368,0.5,0.5,0.4118136038073375,0.5881863961926626,0.6340015126085223,0.3659984873914776,0.3969000683631809
0.526,146.1957090661339,167.8855917603916,113.2373706509648,73.09785453306694,73.09785453306694,153.1397420816477,178.2097705185411,103.8552737738388,129.4895241883515,0,0,0,100,60.30999316368191,39.69000683631809,50,50,24.83647563033173,35.47351753335018,25.16352436966826,14.52648246664983,8512.75,5208.641836428152,3304.108163571849,3905.7,4607.05,1940.076457387733,3268.565379040419,1965.623542612267,1338.484620959582,-12184.17631903778,-24894.87014131815,7130.052088348826,-6092.088159518888,-6092.088159518888,-23363.60035599317,-25966.9754004296,6520.46119735415,8186.016963279074,0,0,0,1.539535136156243,0.6222491539426789,85.1275,86.36449057939448,83.24786078264026,101325,109521.3965971366,89802.44714147809,155993.3976710313,63049.39552324193,-25.45328699389587,-59.88252140507227,26.86282624166117,-12.72664349694793,-12.72664349694793,-54.26039658339575,-63.81880333688171,23.35876383928222,32.93274439683289,0,0,0,368,1,1,1,1,1,1,1,1,1,1,0.5,0.5,0.4118136038073375,0.5881863961926626,0.6340015126085223,0.3659984873914776,0.6030999316368191,0.4588059087838831,0.5411940912161171,0.3724726172990518,0.6275273827009482,0.5949029042945627,0.4050970957054373,0.6118635971252712,0.3881364028747289,0.3969000683631809,100,-12184.17631903778,101325,-25.45328699389587,368,0.5,0.5,0.4118136038073375,0.5881863961926626,0.6340015126085223,0.3659984873914776,0.3969000683631809,100,-12184.17631903778,101325,-25.45328699389587,368,0.5,0.5,0.4118136038073375,0.5881863961926626,0.6340015126085223,0.3659984873914776,0.3969000683631809
0.528,146.1957090661339,167.8855917603916,113.2373706509648,73.09785453306694,73.09785453306694,153.1397420816477,178.2097705185411,103.8552737738388,129.4895241883515,0,0,0,100,60.30999316368191,39.69000683631809,50,50,24.83647563033173,35.47351753335018,25.16352436966826,14.52648246664983,8512.75,5208.641836428152,3304.108163571849,3905.7,4607.05,1940.076457387733,3268.565379040419,1965.623542612267,1338.484620959582,-12184.17631903778,-24894.87014131815,7130.052088348826,-6092.088159518888,-6092.088159518888,-23363.60035599317,-25966.9754004296,6520.46119735415,8186.016963279074,0,0,0,1.539535136156243,0.6222491539426789,85.1275,86.36449057939448,83.24786078264026,101325,109521.3965971366,89802.44714147809,155993.3976710313,63049.39552324193,-25.45328699389587,-59.88252140507227,26.86282624166117,-12.72664349694793,-12.72664349694793,-54.26039658339575,-63.81880333688171,23.35876383928222,32.93274439683289,0,0,0,368,1,1,1,1,1,1,1,1,1,1,0.5,0.5,0.4118136038073375,0.5881863961926626,0.6340015126085223,0.3659984873914776,0.6030999316368191,0.4588059087838831,0.5411940912161171,0.3724726172990518,0.6275273827009482,0.5949029042945627,0.4050970957054373,0.6118635971252712,0.3881364028747289,0.3969000683631809,100,-12184.17631903778,101325,-25.45328699389587,368,0.5,0.5,0.4118136038073375,0.5881863961926626,0.6340015126085223,0.3659984873914776,0.3969000683631809,100,-12184.17631903778,101325,-25.45328699389587,368,0.5,0.5,0.4118136038073375,0.5881863961926626,0.6340015126085223,0.3659984873914776,0.3969000683631809
0.53,146.1957090661339,167.8855917603916,113.2373706509648,73.09785453306694,73.09785453306694,153.1397420816477,178.2097705185411,103.8552737738388,129.4895241883515,0,0,0,100,60.30999316368191,39.69000683631809,50,50,24.83647563033173,35.47351753335018,25.16352436966826,14.52648246664983,8512.75,5208.641836428152,3304.108163571849,3905.7,4607.05,1940.076457387733,3268.565379040419,1965.623542612267,1338.484620959582,-12184.17631903778,-24894.87014131815,7130.052088348826,-6092.088159518888,-6092.088159518888,-23363.60035599317,-25966.9754004296,6520.46119735415,8186.016963279074,0,0,0,1.539535136156243,0.6222491539426789,85.1275,86.36449057939448,83.24786078264026,101325,109521.3965971366,89802.44714147809,155993.3976710313,63049.39552324193,-25.45328699389587,-59.88252140507227,26.86282624166117,-12.72664349694793,-12.72664349694793,-54.26039658339575,-63.81880333688171,23.35876383928222,32.93274439683289,0,0,0,368,1,1,1,1,1,1,1,1,1,1,0.5,0.5,0.4118136038073375,0.5881863961926626,0.6340015126085223,0.3659984873914776,0.6030999316368191,0.4588059087838831,0.5411940912161171,0.3724726172990518,0.6275273827009482,0.5949029042945627,0.4050970957054373,0.6118635971252712,0.3881364028747289,0.3969000683631809,100,-12184.17631903778,101325,-25.45328699389587,368,0.5,0.5,0.4118136038073375,0.5881863961926626,0.6340015126085223,0.3659984873914776,0.3969000683631809,100,-12184.17631903778,101325,-25.45328699389587,368,0.5,0.5,0.4118136038073375,0.5881863961926626,0.6340015126085223,0.3659984873914776,0.3969000683631809
0.532,146.1957090661339,167.8855917603916,113.2373706509648,73.09785453306694,73.09785453306694,153.1397420816477,178.2097705185411,103.8552737738388,129.4895241883515,0,0,0,100,60.30999316368191,39.69000683631809,50,50,24.83647563033173,35.47351753335018,25.16352436966826,14.52648246664983,8512.75,5208.641836428152,3304.108163571849,3905.7,4607.05,1940.076457387733,3268.565379040419,1965.623542612267,1338.484620959582,-12184.17631903778,-24894.87014131815,7130.052088348826,-6092.088159518888,-6092.088159518888,-23363.60035599317,-25966.9754004296,6520.46119735415,8186.016963279074,0,0,0,1.539535136156243,0.6222491539426789,85.1275,86.36449057939448,83.24786078264026,101325,109521.3965971366,89802.44714147809,155993.3976710313,63049.39552324193,-25.45328699389587,-59.88252140507227,26.86282624166117,-12.72664349694793,-12.72664349694793,-54.26039658339575,-63.81880333688171,23.35876383928222,32.93274439683289,0,0,0,368,1,1,1,1,1,1,1,1,1,1,0.5,0.5,0.4118136038073375,0.5881863961926626,0.6340015126085223,0.3659984873914776,0.6030999316368191,0.4588059087838831,0.5411940912161171,0.3724726172990518,0.6275273827009482,0.5949029042945627,0.4050970957054373,0.6118635971252712,0.3881364028747289,0.3969000683631809,100,-12184.17631903778,101325,-25.45328699389587,368,0.5,0.5,0.4118136038073375,0.5881863961926626,0.6340015126085223,0.3659984873914776,0.3969000683631809,100,-12184.17631903778,101325,-25.45328699389587,368,0.5,0.5,0.4118136038073375,0.5881863961926626,0.6340015126085223,0.3659984873914776,0.3969000683631809
0.534,146.1957090661339,167.8855917603916,113.2373706509648,73.09785453306694,73.09785453306694,153.1397420816477,178.2097705185411,103.8552737738388,129.4895241883515,0,0,0,100,60.30999316368191,39.69000683631809,50,50,24.83647563033173,35.47351753335018,25.16352436966826,14.52648246664983,8512.75,5208.641836428152,3304.108163571849,3905.7,4607.05,1940.076457387733,3268.565379040419,1965.623542612267,1338.484620959582,-12184.17631903778,-24894.87014131815,7130.052088348826,-6092.088159518888,-6092.088159518888,-23363.60035599317,-25966.9754004296,6520.46119735415,8186.016963279074,0,0,0,1.539535136156243,0.6222491539426789,85.1275,86.36449057939448,83.24786078264026,101325,109521.3965971366,89802.44714147809,155993.3976710313,63049.39552324193,-25.45328699389587,-59.88252140507227,26.86282624166117,-12.72664349694793,-12.72664349694793,-54.26039658339575,-63.81880333688171,23.35876383928222,32.93274439683289,0,0,0,368,1,1,1,1,1,1,1,1,1,1,0.5,0.5,0.4118136038073375,0.5881863961926626,0.6340015126085223,0.3659984873914776,0.6030999316368191,0.4588059087838831,0.5411940912161171,0.3724726172990518,0.6275273827009482,0.5949029042945627,0.4050970957054373,0.6118635971252712,0.3881364028747289,0.3969000683631809,100,-12184.17631903778,101325,-25.45328699389587,368,0.5,0.5,0.4118136038073375,0.5881863961926626,0.6340015126085223,0.3659984873914776,0.3969000683631809,100,-12184.17631903778,101325,-25.45328699389587,368,0.5,0.5,0.4118136038073375,0.5881863961926626,0.6340015126085223,0.3659984873914776,0.3969000683631809
0.536,146.1957090661339,167.8855917603916,113.2373706509648,73.09785453306694,73.09785453306694,153.1397420816477,178.2097705185411,103.8552737738388,129.4895241883515,0,0,0,100,60.30999316368191,39.69000683631809,50,50,24.83647563033173,35.47351753335018,25.16352436966826,14.52648246664983,8512.75,5208.641836428152,3304.108163571849,3905.7,4607.05,1940.076457387733,3268.565379040419,1965.623542612267,1338.484620959582,-12184.17631903778,-24894.87014131815,7130.052088348826,-6092.088159518888,-6092.088159518888,-23363.60035599317,-25966.9754004296,6520.46119735415,8186.016963279074,0,0,0,1.539535136156243,0.6222491539426789,85.1275,86.36449057939448,83.24786078264026,101325,109521.3965971366,89802.44714147809,155993.3976710313,63049.39552324193,-25.45328699389587,-59.88252140507227,26.86282624166117,-12.72664349694793,-12.72664349694793,-54.26039658339575,-63.81880333688171,23.35876383928222,32.93274439683289,0,0,0,368,1,1,1,1,1,1,1,1,1,1,0.5,0.5,0.4118136038073375,0.5881863961926626,0.6340015126085223,0.3659984873914776,0.6030999316368191,0.4588059087838831,0.5411940912161171,0.3724726172990518,0.6275273827009482,0.5949029042945627,0.4050970957054373,0.6118635971252712,0.3881364028747289,0.3969000683631809,100,-12184.17631903778,101325,-25.45328699389587,368,0.5,0.5,0.4118136038073375,0.5881863961926626,0.6340015126085223,0.3659984873914776,0.3969000683631809,100,-12184.17631903778,101325,-25.45328699389587,368,0.5,0.5,0.4118136038073375,0.5881863961926626,0.6340015126085223,0.3659984873914776,0.3969000683631809
0.538,146.1957090661339,167.8855917603916,113.2373706509648,73.09785453306694,73.09785453306694,153.1397420816477,178.2097705185411,103.8552737738388,129.4895241883515,0,0,0,100,60.30999316368191,39.69000683631809,50,50,24.83647563033173,35.47351753335018,25.16352436966826,14.52648246664983,8512.75,5208.641836428152,3304.108163571849,3905.7,4607.05,1940.076457387733,3268.565379040419,1965.623542612267,1338.484620959582,-12184.17631903778,-24894.87014131815,7130.052088348826,-6092.088159518888,-6092.088159518888,-23363.60035599317,-25966.9754004296,6520.46119735415,8186.016963279074,0,0,0,1.539535136156243,0.6222491539426789,85.1275,86.36449057939448,83.24786078264026,101325,109521.3965971366,89802.44714147809,155993.3976710313,63049.39552324193,-25.45328699389587,-59.88252140507227,26.86282624166117,-12.72664349694793,-12.72664349694793,-54.26039658339575,-63.81880333688171,23.35876383928222,32.93274439683289,0,0,0,368,1,1,1,1,1,1,1,1,1,1,0.5,0.5,0.4118136038073375,0.5881863961926626,0.6340015126085223,0.3659984873914776,0.6030999316368191,0.4588059087838831,0.5411940912161171,0.3724726172990518,0.6275273827009482,0.5949029042945627,0.4050970957054373,0.6118635971252712,0.3881364028747289,0.3969000683631809,100,-12184.17631903778,101325,-25.45328699389587,368,0.5,0.5,0.4118136038073375,0.5881863961926626,0.6340015126085223,0.3659984873914776,0.3969000683631809,100,-12184.17631903778,101325,-25.45328699389587,368,0.5,0.5,0.4118136038073375,0.5881863961926626,0.6340015126085223,0.3659984873914776,0.3969000683631809
0.54,146.1957090661339,167.8855917603916,113.2373706509648,73.09785453306694,73.09785453306694,153.1397420816477,178.2097705185411,103.8552737738388,129.4895241883515,0,0,0,100,60.30999316368191,39.69000683631809,50,50,24.83647563033173,35.47351753335018,25.16352436966826,14.52648246664983,8512.75,5208.641836428152,3304.108163571849,3905.7,4607.05,1940.076457387733,3268.565379040419,1965.623542612267,1338.484620959582,-12184.17631903778,-24894.87014131815,7130.052088348826,-6092.088159518888,-6092.088159518888,-23363.60035599317,-25966.9754004296,6520.46119735415,8186.016963279074,0,0,0,1.539535136156243,0.6222491539426789,85.1275,86.36449057939448,83.24786078264026,101325,109521.3965971366,89802.44714147809,155993.3976710313,63049.39552324193,-25.45328699389587,-59.88252140507227,26.86282624166117,-12.72664349694793,-12.72664349694793,-54.26039658339575,-63.81880333688171,23.35876383928222,32.93274439683289,0,0,0,368,1,1,1,1,1,1,1,1,1,1,0.5,0.5,0.4118136038073375,0.5881863961926626,0.6340015126085223,0.3659984873914776,0.6030999316368191,0.4588059087838831,0.5411940912161171,0.3724726172990518,0.6275273827009482,0.5949029042945627,0.4050970957054373,0.6118635971252712,0.3881364028747289,0.3969000683631809,100,-12184.17631903778,101325,-25.45328699389587,368,0.5,0.5,0.4118136038073375,0.5881863961926626,0.6340015126085223,0.3659984873914776,0.3969000683631809,100,-12184.17631903778,101325,-25.45328699389587,368,0.5,0.5,0.4118136038073375,0.5881863961926626,0.6340015126085223,0.3659984873914776,0.3969000683631809
0.542,146.1957090661339,167.8855917603916,113.2373706509648,73.09785453306694,73.09785453306694,153.1397420816477,178.2097705185411,103.8552737738388,129.4895241883515,0,0,0,100,60.30999316368191,39.69000683631809,50,50,24.83647563033173,35.47351753335018,25.16352436966826,14.52648246664983,8512.75,5208.641836428152,3304.108163571849,3905.7,4607.05,1940.076457387733,3268.565379040419,1965.623542612267,1338.484620959582,-12184.17631903778,-24894.87014131815,7130.052088348826,-6092.088159518888,-6092.088159518888,-23363.60035599317,-25966.9754004296,6520.46119735415,8186.016963279074,0,0,0,1.539535136156243,0.6222491539426789,85.1275,86.36449057939448,83.24786078264026,101325,109521.3965971366,89802.44714147809,155993.3976710313,63049.39552324193,-25.45328699389587,-59.88252140507227,26.86282624166117,-12.72664349694793,-12.72664349694793,-54.26039658339575,-63.81880333688171,23.35876383928222,32.93274439683289,0,0,0,368,1,1,1,1,1,1,1,1,1,1,0.5,0.5,0.4118136038073375,0.5881863961926626,0.6340015126085223,0.3659984873914776,0.6030999316368191,0.4588059087838831,0.5411940912161171,0.3724726172990518,0.6275273827009482,0.5949029042945627,0.4050970957054373,0.6118635971252712,0.3881364028747289,0.3969000683631809,100,-12184.17631903778,101325,-25.45328699389587,368,0.5,0.5,0.4118136038073375,0.5881863961926626,0.6340015126085223,0.3659984873914776,0.3969000683631809,100,-12184.17631903778,101325,-25.45328699389587,368,0.5,0.5,0.4118136038073375,0.5881863961926626,0.6340015126085223,0.3659984873914776,0.3969000683631809
0.544,146.1957090661339,167.8855917603916,113.2373706509648,73.09785453306694,73.09785453306694,153.1397420816477,178.2097705185411,103.8552737738388,129.4895241883515,0,0,0,100,60.30999316368191,39.69000683631809,50,50,24.83647563033173,35.47351753335018,25.16352436966826,14.52648246664983,8512.75,5208.641836428152,3304.108163571849,3905.7,4607.05,1940.076457387733,3268.565379040419,1965.623542612267,1338.484620959582,-12184.17631903778,-24894.87014131815,7130.052088348826,-6092.088159518888,-6092.088159518888,-23363.60035599317,-25966.9754004296,6520.46119735415,8186.016963279074,0,0,0,1.539535136156243,0.6222491539426789,85.1275,86.36449057939448,83.24786078264026,101325,109521.3965971366,89802.44714147809,155993.3976710313,63049.39552324193,-25.45328699389587,-59.88252140507227,26.86282624166117,-12.72664349694793,-12.72664349694793,-54.26039658339575,-63.81880333688171,23.35876383928222,32.93274439683289,0,0,0,368,1,1,1,1,1,1,1,1,1,1,0.5,0.5,0.4118136038073375,0.5881863961926626,0.6340015126085223,0.3659984873914776,0.6030999316368191,0.4588059087838831,0.5411940912161171,0.3724726172990518,0.6275273827009482,0.5949029042945627,0.4050970957054373,0.6118635971252712,0.3881364028747289,0.3969000683631809,100,-12184.17631903778,101325,-25.45328699389587,368,0.5,0.5,0.4118136038073375,0.5881863961926626,0.6340015126085223,0.3659984873914776,0.3969000683631809,100,-12184.17631903778,101325,-25.45328699389587,368,0.5,0.5,0.4118136038073375,0.5881863961926626,0.6340015126085223,0.3659984873914776,0.3969000683631809
0.546,146.1957090661339,167.8855917603916,113.2373706509648,73.09785453306694,73.09785453306694,153.1397420816477,178.2097705185411,103.8552737738388,129.4895241883515,0,0,0,100,60.30999316368191,39.69000683631809,50,50,24.83647563033173,35.47351753335018,25.16352436966826,14.52648246664983,8512.75,5208.641836428152,3304.108163571849,3905.7,4607.05,1940.076457387733,3268.565379040419,1965.623542612267,1338.484620959582,-12184.17631903778,-24894.87014131815,7130.052088348826,-6092.088159518888,-6092.088159518888,-23363.60035599317,-25966.9754004296,6520.46119735415,8186.016963279074,0,0,0,1.539535136156243,0.6222491539426789,85.1275,86.36449057939448,83.24786078264026,101325,109521.3965971366,89802.44714147809,155993.3976710313,63049.39552324193,-25.45328699389587,-59.88252140507227,26.86282624166117,-12.72664349694793,-12.72664349694793,-54.26039658339575,-63.81880333688171,23.35876383928222,32.93274439683289,0,0,0,368,1,1,1,1,1,1,1,1,1,1,0.5,0.5,0.4118136038073375,0.5881863961926626,0.6340015126085223,0.3659984873914776,0.6030999316368191,0.4588059087838831,0.5411940912161171,0.3724726172990518,0.6275273827009482,0.5949029042945627,0.4050970957054373,0.6118635971252712,0.3881364028747289,0.3969000683631809,100,-12184.17631903778,101325,-25.45328699389587,368,0.5,0.5,0.4118136038073375,0.5881863961926626,0.6340015126085223,0.3659984873914776,0.3969000683631809,100,-12184.17631903778,101325,-25.45328699389587,368,0.5,0.5,0.4118136038073375,0.5881863961926626,0.6340015126085223,0.3659984873914776,0.3969000683631809
0.548,146.1957090661339,167.8855917603916,113.2373706509648,73.09785453306694,73.09785453306694,153.1397420816477,178.2097705185411,103.8552737738388,129.4895241883515,0,0,0,100,60.30999316368191,39.69000683631809,50,50,24.83647563033173,35.47351753335018,25.16352436966826,14.52648246664983,8512.75,5208.641836428152,3304.108163571849,3905.7,4607.05,1940.076457387733,3268.565379040419,1965.623542612267,1338.484620959582,-12184.17631903778,-24894.87014131815,7130.052088348826,-6092.088159518888,-6092.088159518888,-23363.60035599317,-25966.9754004296,6520.46119735415,8186.016963279074,0,0,0,1.539535136156243,0.6222491539426789,85.1275,86.36449057939448,83.24786078264026,101325,109521.3965971366,89802.44714147809,155993.3976710313,63049.39552324193,-25.45328699389587,-59.88252140507227,26.86282624166117,-12.72664349694793,-12.72664349694793,-54.26039658339575,-63.81880333688171,23.35876383928222,32.93274439683289,0,0,0,368,1,1,1,1,1,1,1,1,1,1,0.5,0.5,0.4118136038073375,0.5881863961926626,0.6340015126085223,0.3659984873914776,0.6030999316368191,0.4588059087838831,0.5411940912161171,0.3724726172990518,0.6275273827009482,0.5949029042945627,0.4050970957054373,0.6118635971252712,0.3881364028747289,0.3969000683631809,100,-12184.17631903778,101325,-25.45328699389587,368,0.5,0.5,0.4118136038073375,0.5881863961926626,0.6340015126085223,0.3659984873914776,0.3969000683631809,100,-12184.17631903778,101325,-25.45328699389587,368,0.5,0.5,0.4118136038073375,0.5881863961926626,0.6340015126085223,0.3659984873914776,0.3969000683631809
0.55,146.1957090661339,167.8855917603916,113.2373706509648,73.09785453306694,73.09785453306694,153.1397420816477,178.2097705185411,103.8552737738388,129.4895241883515,0,0,0,100,60.30999316368191,39.69000683631809,50,50,24.83647563033173,35.47351753335018,25.16352436966826,14.52648246664983,8512.75,5208.641836428152,3304.108163571849,3905.7,4607.05,1940.076457387733,3268.565379040419,1965.623542612267,1338.484620959582,-12184.17631903778,-24894.87014131815,7130.052088348826,-6092.088159518888,-6092.088159518888,-23363.60035599317,-25966.9754004296,6520.46119735415,8186.016963279074,0,0,0,1.539535136156243,0.6222491539426789,85.1275,86.36449057939448,83.24786078264026,101325,109521.3965971366,89802.44714147809,155993.3976710313,63049.39552324193,-25.45328699389587,-59.88252140507227,26.86282624166117,-12.72664349694793,-12.72664349694793,-54.26039658339575,-63.81880333688171,23.35876383928222,32.93274439683289,0,0,0,368,1,1,1,1,1,1,1,1,1,1,0.5,0.5,0.4118136038073375,0.5881863961926626,0.6340015126085223,0.3659984873914776,0.6030999316368191,0.4588059087838831,0.5411940912161171,0.3724726172990518,0.6275273827009482,0.5949029042945627,0.4050970957054373,0.6118635971252712,0.3881364028747289,0.3969000683631809,100,-12184.17631903778,101325,-25.45328699389587,368,0.5,0.5,0.4118136038073375,0.5881863961926626,0.6340015126085223,0.3659984873914776,0.3969000683631809,100,-12184.17631903778,101325,-25.45328699389587,368,0.5,0.5,0.4118136038073375,0.5881863961926626,0.6340015126085223,0.3659984873914776,0.3969000683631809
0.552,146.1957090661339,167.8855917603916,113.2373706509648,73.09785453306694,73.09785453306694,153.1397420816477,178.2097705185411,103.8552737738388,129.4895241883515,0,0,0,100,60.30999316368191,39.69000683631809,50,50,24.83647563033173,35.47351753335018,25.16352436966826,14.52648246664983,8512.75,5208.641836428152,3304.108163571849,3905.7,4607.05,1940.076457387733,3268.565379040419,1965.623542612267,1338.484620959582,-12184.17631903778,-24894.87014131815,7130.052088348826,-6092.088159518888,-6092.088159518888,-23363.60035599317,-25966.9754004296,6520.46119735415,8186.016963279074,0,0,0,1.539535136156243,0.6222491539426789,85.1275,86.36449057939448,83.24786078264026,101325,109521.3965971366,89802.44714147809,155993.3976710313,63049.39552324193,-25.45328699389587,-59.88252140507227,26.86282624166117,-12.72664349694793,-12.72664349694793,-54.26039658339575,-63.81880333688171,23.35876383928222,32.93274439683289,0,0,0,368,1,1,1,1,1,1,1,1,1,1,0.5,0.5,0.4118136038073375,0.5881863961926626,0.6340015126085223,0.3659984873914776,0.6030999316368191,0.4588059087838831,0.5411940912161171,0.3724726172990518,0.6275273827009482,0.5949029042945627,0.4050970957054373,0.6118635971252712,0.3881364028747289,0.3969000683631809,100,-12184.17631903778,101325,-25.45328699389587,368,0.5,0.5,0.4118136038073375,0.5881863961926626,0.6340015126085223,0.3659984873914776,0.3969000683631809,100,-12184.17631903778,101325,-25.45328699389587,368,0.5,0.5,0.4118136038073375,0.5881863961926626,0.6340015126085223,0.3659984873914776,0.3969000683631809
0.554,146.1957090661339,167.8855917603916,113.2373706509648,73.09785453306694,73.09785453306694,153.1397420816477,178.2097705185411,103.8552737738388,129.4895241883515,0,0,0,100,60.30999316368191,39.69000683631809,50,50,24.83647563033173,35.47351753335018,25.16352436966826,14.52648246664983,8512.75,5208.641836428152,3304.108163571849,3905.7,4607.05,1940.076457387733,3268.565379040419,1965.623542612267,1338.484620959582,-12184.17631903778,-24894.87014131815,7130.052088348826,-6092.088159518888,-6092.088159518888,-23363.60035599317,-25966.9754004296,6520.46119735415,8186.016963279074,0,0,0,1.539535136156243,0.6222491539426789,85.1275,86.36449057939448,83.24786078264026,101325,109521.3965971366,89802.44714147809,155993.3976710313,63049.39552324193,-25.45328699389587,-59.88252140507227,26.86282624166117,-12.72664349694793,-12.72664349694793,-54.26039658339575,-63.81880333688171,23.35876383928222,32.93274439683289,0,0,0,368,1,1,1,1,1,1,1,1,1,1,0.5,0.5,0.4118136038073375,0.5881863961926626,0.6340015126085223,0.3659984873914776,0.6030999316368191,0.4588059087838831,0.5411940912161171,0.3724726172990518,0.6275273827009482,0.5949029042945627,0.4050970957054373,0.6118635971252712,0.3881364028747289,0.3969000683631809,100,-12184.17631903778,101325,-25.45328699389587,368,0.5,0.5,0.4118136038073375,0.5881863961926626,0.6340015126085223,0.3659984873914776,0.3969000683631809,100,-12184.17631903778,101325,-25.45328699389587,368,0.5,0.5,0.4118136038073375,0.5881863961926626,0.6340015126085223,0.3659984873914776,0.3969000683631809
0.556,146.1957090661339,167.8855917603916,113.2373706509648,73.09785453306694,73.09785453306694,153.1397420816477,178.2097705185411,103.8552737738388,129.4895241883515,0,0,0,100,60.30999316368191,39.69000683631809,50,50,24.83647563033173,35.47351753335018,25.16352436966826,14.52648246664983,8512.75,5208.641836428152,3304.108163571849,3905.7,4607.05,1940.076457387733,3268.565379040419,1965.623542612267,1338.484620959582,-12184.17631903778,-24894.87014131815,7130.052088348826,-6092.088159518888,-6092.088159518888,-23363.60035599317,-25966.9754004296,6520.46119735415,8186.016963279074,0,0,0,1.539535136156243,0.6222491539426789,85.1275,86.36449057939448,83.24786078264026,101325,109521.3965971366,89802.44714147809,155993.3976710313,63049.39552324193,-25.45328699389587,-59.88252140507227,26.86282624166117,-12.72664349694793,-12.72664349694793,-54.26039658339575,-63.81880333688171,23.35876383928222,32.93274439683289,0,0,0,368,1,1,1,1,1,1,1,1,1,1,0.5,0.5,0.4118136038073375,0.5881863961926626,0.6340015126085223,0.3659984873914776,0.6030999316368191,0.4588059087838831,0.5411940912161171,0.3724726172990518,0.6275273827009482,0.5949029042945627,0.4050970957054373,0.6118635971252712,0.3881364028747289,0.3969000683631809,100,-12184.17631903778,101325,-25.45328699389587,368,0.5,0.5,0.4118136038073375,0.5881863961926626,0.6340015126085223,0.3659984873914776,0.3969000683631809,100,-12184.17631903778,101325,-25.45328699389587,368,0.5,0.5,0.4118136038073375,0.5881863961926626,0.6340015126085223,0.3659984873914776,0.3969000683631809
0.5580000000000001,146.1957090661339,167.8855917603916,113.2373706509648,73.09785453306694,73.09785453306694,153.1397420816477,178.2097705185411,103.8552737738388,129.4895241883515,0,0,0,100,60.30999316368191,39.69000683631809,50,50,24.83647563033173,35.47351753335018,25.16352436966826,14.52648246664983,8512.75,5208.641836428152,3304.108163571849,3905.7,4607.05,1940.076457387733,3268.565379040419,1965.623542612267,1338.484620959582,-12184.17631903778,-24894.87014131815,7130.052088348826,-6092.088159518888,-6092.088159518888,-23363.60035599317,-25966.9754004296,6520.46119735415,8186.016963279074,0,0,0,1.539535136156243,0.6222491539426789,85.1275,86.36449057939448,83.24786078264026,101325,109521.3965971366,89802.44714147809,155993.3976710313,63049.39552324193,-25.45328699389587,-59.88252140507227,26.86282624166117,-12.72664349694793,-12.72664349694793,-54.26039658339575,-63.81880333688171,23.35876383928222,32.93274439683289,0,0,0,368,1,1,1,1,1,1,1,1,1,1,0.5,0.5,0.4118136038073375,0.5881863961926626,0.6340015126085223,0.3659984873914776,0.6030999316368191,0.4588059087838831,0.5411940912161171,0.3724726172990518,0.6275273827009482,0.5949029042945627,0.4050970957054373,0.6118635971252712,0.3881364028747289,0.3969000683631809,100,-12184.17631903778,101325,-25.45328699389587,368,0.5,0.5,0.4118136038073375,0.5881863961926626,0.6340015126085223,0.3659984873914776,0.3969000683631809,100,-12184.17631903778,101325,-25.45328699389587,368,0.5,0.5,0.4118136038073375,0.5881863961926626,0.6340015126085223,0.3659984873914776,0.3969000683631809
0.5600000000000001,146.1957090661339,167.8855917603916,113.2373706509648,73.09785453306694,73.09785453306694,153.1397420816477,178.2097705185411,103.8552737738388,129.4895241883515,0,0,0,100,60.30999316368191,39.69000683631809,50,50,24.83647563033173,35.47351753335018,25.16352436966826,14.52648246664983,8512.75,5208.641836428152,3304.108163571849,3905.7,4607.05,1940.076457387733,3268.565379040419,1965.623542612267,1338.484620959582,-12184.17631903778,-24894.87014131815,7130.052088348826,-6092.088159518888,-6092.088159518888,-23363.60035599317,-25966.9754004296,6520.46119735415,8186.016963279074,0,0,0,1.539535136156243,0.6222491539426789,85.1275,86.36449057939448,83.24786078264026,101325,109521.3965971366,89802.44714147809,155993.3976710313,63049.39552324193,-25.45328699389587,-59.88252140507227,26.86282624166117,-12.72664349694793,-12.72664349694793,-54.26039658339575,-63.81880333688171,23.35876383928222,32.93274439683289,0,0,0,368,1,1,1,1,1,1,1,1,1,1,0.5,0.5,0.4118136038073375,0.5881863961926626,0.6340015126085223,0.3659984873914776,0.6030999316368191,0.4588059087838831,0.5411940912161171,0.3724726172990518,0.6275273827009482,0.5949029042945627,0.4050970957054373,0.6118635971252712,0.3881364028747289,0.3969000683631809,100,-12184.17631903778,101325,-25.45328699389587,368,0.5,0.5,0.4118136038073375,0.5881863961926626,0.6340015126085223,0.3659984873914776,0.3969000683631809,100,-12184.17631903778,101325,-25.45328699389587,368,0.5,0.5,0.4118136038073375,0.5881863961926626,0.6340015126085223,0.3659984873914776,0.3969000683631809
0.5620000000000001,146.1957090661339,167.8855917603916,113.2373706509648,73.09785453306694,73.09785453306694,153.1397420816477,178.2097705185411,103.8552737738388,129.4895241883515,0,0,0,100,60.30999316368191,39.69000683631809,50,50,24.83647563033173,35.47351753335018,25.16352436966826,14.52648246664983,8512.75,5208.641836428152,3304.108163571849,3905.7,4607.05,1940.076457387733,3268.565379040419,1965.623542612267,1338.484620959582,-12184.17631903778,-24894.87014131815,7130.052088348826,-6092.088159518888,-6092.088159518888,-23363.60035599317,-25966.9754004296,6520.46119735415,8186.016963279074,0,0,0,1.539535136156243,0.6222491539426789,85.1275,86.36449057939448,83.24786078264026,101325,109521.3965971366,89802.44714147809,155993.3976710313,63049.39552324193,-25.45328699389587,-59.88252140507227,26.86282624166117,-12.72664349694793,-12.72664349694793,-54.26039658339575,-63.81880333688171,23.35876383928222,32.93274439683289,0,0,0,368,1,1,1,1,1,1,1,1,1,1,0.5,0.5,0.4118136038073375,0.5881863961926626,0.6340015126085223,0.3659984873914776,0.6030999316368191,0.4588059087838831,0.5411940912161171,0.3724726172990518,0.6275273827009482,0.5949029042945627,0.4050970957054373,0.6118635971252712,0.3881364028747289,0.3969000683631809,100,-12184.17631903778,101325,-25.45328699389587,368,0.5,0.5,0.4118136038073375,0.5881863961926626,0.6340015126085223,0.3659984873914776,0.3969000683631809,100,-12184.17631903778,101325,-25.45328699389587,368,0.5,0.5,0.4118136038073375,0.5881863961926626,0.6340015126085223,0.3659984873914776,0.3969000683631809
0.5639999999999999,146.1957090661339,167.8855917603916,113.2373706509648,73.09785453306694,73.09785453306694,153.1397420816477,178.2097705185411,103.8552737738388,129.4895241883515,0,0,0,100,60.30999316368191,39.69000683631809,50,50,24.83647563033173,35.47351753335018,25.16352436966826,14.52648246664983,8512.75,5208.641836428152,3304.108163571849,3905.7,4607.05,1940.076457387733,3268.565379040419,1965.623542612267,1338.484620959582,-12184.17631903778,-24894.87014131815,7130.052088348826,-6092.088159518888,-6092.088159518888,-23363.60035599317,-25966.9754004296,6520.46119735415,8186.016963279074,0,0,0,1.539535136156243,0.6222491539426789,85.1275,86.36449057939448,83.24786078264026,101325,109521.3965971366,89802.44714147809,155993.3976710313,63049.39552324193,-25.45328699389587,-59.88252140507227,26.86282624166117,-12.72664349694793,-12.72664349694793,-54.26039658339575,-63.81880333688171,23.35876383928222,32.93274439683289,0,0,0,368,1,1,1,1,1,1,1,1,1,1,0.5,0.5,0.4118136038073375,0.5881863961926626,0.6340015126085223,0.3659984873914776,0.6030999316368191,0.4588059087838831,0.5411940912161171,0.3724726172990518,0.6275273827009482,0.5949029042945627,0.4050970957054373,0.6118635971252712,0.3881364028747289,0.3969000683631809,100,-12184.17631903778,101325,-25.45328699389587,368,0.5,0.5,0.4118136038073375,0.5881863961926626,0.6340015126085223,0.3659984873914776,0.3969000683631809,100,-12184.17631903778,101325,-25.45328699389587,368,0.5,0.5,0.4118136038073375,0.5881863961926626,0.6340015126085223,0.3659984873914776,0.3969000683631809
0.5659999999999999,146.1957090661339,167.8855917603916,113.2373706509648,73.09785453306694,73.09785453306694,153.1397420816477,178.2097705185411,103.8552737738388,129.4895241883515,0,0,0,100,60.30999316368191,39.69000683631809,50,50,24.83647563033173,35.47351753335018,25.16352436966826,14.52648246664983,8512.75,5208.641836428152,3304.108163571849,3905.7,4607.05,1940.076457387733,3268.565379040419,1965.623542612267,1338.484620959582,-12184.17631903778,-24894.87014131815,7130.052088348826,-6092.088159518888,-6092.088159518888,-23363.60035599317,-25966.9754004296,6520.46119735415,8186.016963279074,0,0,0,1.539535136156243,0.6222491539426789,85.1275,86.36449057939448,83.24786078264026,101325,109521.3965971366,89802.44714147809,155993.3976710313,63049.39552324193,-25.45328699389587,-59.88252140507227,26.86282624166117,-12.72664349694793,-12.72664349694793,-54.26039658339575,-63.81880333688171,23.35876383928222,32.93274439683289,0,0,0,368,1,1,1,1,1,1,1,1,1,1,0.5,0.5,0.4118136038073375,0.5881863961926626,0.6340015126085223,0.3659984873914776,0.6030999316368191,0.4588059087838831,0.5411940912161171,0.3724726172990518,0.6275273827009482,0.5949029042945627,0.4050970957054373,0.6118635971252712,0.3881364028747289,0.3969000683631809,100,-12184.17631903778,101325,-25.45328699389587,368,0.5,0.5,0.4118136038073375,0.5881863961926626,0.6340015126085223,0.3659984873914776,0.3969000683631809,100,-12184.17631903778,101325,-25.45328699389587,368,0.5,0.5,0.4118136038073375,0.5881863961926626,0.6340015126085223,0.3659984873914776,0.3969000683631809
0.5679999999999999,146.1957090661339,167.8855917603916,113.2373706509648,73.09785453306694,73.09785453306694,153.1397420816477,178.2097705185411,103.8552737738388,129.4895241883515,0,0,0,100,60.30999316368191,39.69000683631809,50,50,24.83647563033173,35.47351753335018,25.16352436966826,14.52648246664983,8512.75,5208.641836428152,3304.108163571849,3905.7,4607.05,1940.076457387733,3268.565379040419,1965.623542612267,1338.484620959582,-12184.17631903778,-24894.87014131815,7130.052088348826,-6092.088159518888,-6092.088159518888,-23363.60035599317,-25966.9754004296,6520.46119735415,8186.016963279074,0,0,0,1.539535136156243,0.6222491539426789,85.1275,86.36449057939448,83.24786078264026,101325,109521.3965971366,89802.44714147809,155993.3976710313,63049.39552324193,-25.45328699389587,-59.88252140507227,26.86282624166117,-12.72664349694793,-12.72664349694793,-54.26039658339575,-63.81880333688171,23.35876383928222,32.93274439683289,0,0,0,368,1,1,1,1,1,1,1,1,1,1,0.5,0.5,0.4118136038073375,0.5881863961926626,0.6340015126085223,0.3659984873914776,0.6030999316368191,0.4588059087838831,0.5411940912161171,0.3724726172990518,0.6275273827009482,0.5949029042945627,0.4050970957054373,0.6118635971252712,0.3881364028747289,0.3969000683631809,100,-12184.17631903778,101325,-25.45328699389587,368,0.5,0.5,0.4118136038073375,0.5881863961926626,0.6340015126085223,0.3659984873914776,0.3969000683631809,100,-12184.17631903778,101325,-25.45328699389587,368,0.5,0.5,0.4118136038073375,0.5881863961926626,0.6340015126085223,0.3659984873914776,0.3969000683631809
0.57,146.1957090661339,167.8855917603916,113.2373706509648,73.09785453306694,73.09785453306694,153.1397420816477,178.2097705185411,103.8552737738388,129.4895241883515,0,0,0,100,60.30999316368191,39.69000683631809,50,50,24.83647563033173,35.47351753335018,25.16352436966826,14.52648246664983,8512.75,5208.641836428152,3304.108163571849,3905.7,4607.05,1940.076457387733,3268.565379040419,1965.623542612267,1338.484620959582,-12184.17631903778,-24894.87014131815,7130.052088348826,-6092.088159518888,-6092.088159518888,-23363.60035599317,-25966.9754004296,6520.46119735415,8186.016963279074,0,0,0,1.539535136156243,0.6222491539426789,85.1275,86.36449057939448,83.24786078264026,101325,109521.3965971366,89802.44714147809,155993.3976710313,63049.39552324193,-25.45328699389587,-59.88252140507227,26.86282624166117,-12.72664349694793,-12.72664349694793,-54.26039658339575,-63.81880333688171,23.35876383928222,32.93274439683289,0,0,0,368,1,1,1,1,1,1,1,1,1,1,0.5,0.5,0.4118136038073375,0.5881863961926626,0.6340015126085223,0.3659984873914776,0.6030999316368191,0.4588059087838831,0.5411940912161171,0.3724726172990518,0.6275273827009482,0.5949029042945627,0.4050970957054373,0.6118635971252712,0.3881364028747289,0.3969000683631809,100,-12184.17631903778,101325,-25.45328699389587,368,0.5,0.5,0.4118136038073375,0.5881863961926626,0.6340015126085223,0.3659984873914776,0.3969000683631809,100,-12184.17631903778,101325,-25.45328699389587,368,0.5,0.5,0.4118136038073375,0.5881863961926626,0.6340015126085223,0.3659984873914776,0.3969000683631809
0.572,146.1957090661339,167.8855917603916,113.2373706509648,73.09785453306694,73.09785453306694,153.1397420816477,178.2097705185411,103.8552737738388,129.4895241883515,0,0,0,100,60.30999316368191,39.69000683631809,50,50,24.83647563033173,35.47351753335018,25.16352436966826,14.52648246664983,8512.75,5208.641836428152,3304.108163571849,3905.7,4607.05,1940.076457387733,3268.565379040419,1965.623542612267,1338.484620959582,-12184.17631903778,-24894.87014131815,7130.052088348826,-6092.088159518888,-6092.088159518888,-23363.60035599317,-25966.9754004296,6520.46119735415,8186.016963279074,0,0,0,1.539535136156243,0.6222491539426789,85.1275,86.36449057939448,83.24786078264026,101325,109521.3965971366,89802.44714147809,155993.3976710313,63049.39552324193,-25.45328699389587,-59.88252140507227,26.86282624166117,-12.72664349694793,-12.72664349694793,-54.26039658339575,-63.81880333688171,23.35876383928222,32.93274439683289,0,0,0,368,1,1,1,1,1,1,1,1,1,1,0.5,0.5,0.4118136038073375,0.5881863961926626,0.6340015126085223,0.3659984873914776,0.6030999316368191,0.4588059087838831,0.5411940912161171,0.3724726172990518,0.6275273827009482,0.5949029042945627,0.4050970957054373,0.6118635971252712,0.3881364028747289,0.3969000683631809,100,-12184.17631903778,101325,-25.45328699389587,368,0.5,0.5,0.4118136038073375,0.5881863961926626,0.6340015126085223,0.3659984873914776,0.3969000683631809,100,-12184.17631903778,101325,-25.45328699389587,368,0.5,0.5,0.4118136038073375,0.5881863961926626,0.6340015126085223,0.3659984873914776,0.3969000683631809
0.574,146.1957090661339,167.8855917603916,113.2373706509648,73.09785453306694,73.09785453306694,153.1397420816477,178.2097705185411,103.8552737738388,129.4895241883515,0,0,0,100,60.30999316368191,39.69000683631809,50,50,24.83647563033173,35.47351753335018,25.16352436966826,14.52648246664983,8512.75,5208.641836428152,3304.108163571849,3905.7,4607.05,1940.076457387733,3268.565379040419,1965.623542612267,1338.484620959582,-12184.17631903778,-24894.87014131815,7130.052088348826,-6092.088159518888,-6092.088159518888,-23363.60035599317,-25966.9754004296,6520.46119735415,8186.016963279074,0,0,0,1.539535136156243,0.6222491539426789,85.1275,86.36449057939448,83.24786078264026,101325,109521.3965971366,89802.44714147809,155993.3976710313,63049.39552324193,-25.45328699389587,-59.88252140507227,26.86282624166117,-12.72664349694793,-12.72664349694793,-54.26039658339575,-63.81880333688171,23.35876383928222,32.93274439683289,0,0,0,368,1,1,1,1,1,1,1,1,1,1,0.5,0.5,0.4118136038073375,0.5881863961926626,0.6340015126085223,0.3659984873914776,0.6030999316368191,0.4588059087838831,0.5411940912161171,0.3724726172990518,0.6275273827009482,0.5949029042945627,0.4050970957054373,0.6118635971252712,0.3881364028747289,0.3969000683631809,100,-12184.17631903778,101325,-25.45328699389587,368,0.5,0.5,0.4118136038073375,0.5881863961926626,0.6340015126085223,0.3659984873914776,0.3969000683631809,100,-12184.17631903778,101325,-25.45328699389587,368,0.5,0.5,0.4118136038073375,0.5881863961926626,0.6340015126085223,0.3659984873914776,0.3969000683631809
0.576,146.1957090661339,167.8855917603916,113.2373706509648,73.09785453306694,73.09785453306694,153.1397420816477,178.2097705185411,103.8552737738388,129.4895241883515,0,0,0,100,60.30999316368191,39.69000683631809,50,50,24.83647563033173,35.47351753335018,25.16352436966826,14.52648246664983,8512.75,5208.641836428152,3304.108163571849,3905.7,4607.05,1940.076457387733,3268.565379040419,1965.623542612267,1338.484620959582,-12184.17631903778,-24894.87014131815,7130.052088348826,-6092.088159518888,-6092.088159518888,-23363.60035599317,-25966.9754004296,6520.46119735415,8186.016963279074,0,0,0,1.539535136156243,0.6222491539426789,85.1275,86.36449057939448,83.24786078264026,101325,109521.3965971366,89802.44714147809,155993.3976710313,63049.39552324193,-25.45328699389587,-59.88252140507227,26.86282624166117,-12.72664349694793,-12.72664349694793,-54.26039658339575,-63.81880333688171,23.35876383928222,32.93274439683289,0,0,0,368,1,1,1,1,1,1,1,1,1,1,0.5,0.5,0.4118136038073375,0.5881863961926626,0.6340015126085223,0.3659984873914776,0.6030999316368191,0.4588059087838831,0.5411940912161171,0.3724726172990518,0.6275273827009482,0.5949029042945627,0.4050970957054373,0.6118635971252712,0.3881364028747289,0.3969000683631809,100,-12184.17631903778,101325,-25.45328699389587,368,0.5,0.5,0.4118136038073375,0.5881863961926626,0.6340015126085223,0.3659984873914776,0.3969000683631809,100,-12184.17631903778,101325,-25.45328699389587,368,0.5,0.5,0.4118136038073375,0.5881863961926626,0.6340015126085223,0.3659984873914776,0.3969000683631809
0.578,146.1957090661339,167.8855917603916,113.2373706509648,73.09785453306694,73.09785453306694,153.1397420816477,178.2097705185411,103.8552737738388,129.4895241883515,0,0,0,100,60.30999316368191,39.69000683631809,50,50,24.83647563033173,35.47351753335018,25.16352436966826,14.52648246664983,8512.75,5208.641836428152,3304.108163571849,3905.7,4607.05,1940.076457387733,3268.565379040419,1965.623542612267,1338.484620959582,-12184.17631903778,-24894.87014131815,7130.052088348826,-6092.088159518888,-6092.088159518888,-23363.60035599317,-25966.9754004296,6520.46119735415,8186.016963279074,0,0,0,1.539535136156243,0.6222491539426789,85.1275,86.36449057939448,83.24786078264026,101325,109521.3965971366,89802.44714147809,155993.3976710313,63049.39552324193,-25.45328699389587,-59.88252140507227,26.86282624166117,-12.72664349694793,-12.72664349694793,-54.26039658339575,-63.81880333688171,23.35876383928222,32.93274439683289,0,0,0,368,1,1,1,1,1,1,1,1,1,1,0.5,0.5,0.4118136038073375,0.5881863961926626,0.6340015126085223,0.3659984873914776,0.6030999316368191,0.4588059087838831,0.5411940912161171,0.3724726172990518,0.6275273827009482,0.5949029042945627,0.4050970957054373,0.6118635971252712,0.3881364028747289,0.3969000683631809,100,-12184.17631903778,101325,-25.45328699389587,368,0.5,0.5,0.4118136038073375,0.5881863961926626,0.6340015126085223,0.3659984873914776,0.3969000683631809,100,-12184.17631903778,101325,-25.45328699389587,368,0.5,0.5,0.4118136038073375,0.5881863961926626,0.6340015126085223,0.3659984873914776,0.3969000683631809
0.58,146.1957090661339,167.8855917603916,113.2373706509648,73.09785453306694,73.09785453306694,153.1397420816477,178.2097705185411,103.8552737738388,129.4895241883515,0,0,0,100,60.30999316368191,39.69000683631809,50,50,24.83647563033173,35.47351753335018,25.16352436966826,14.52648246664983,8512.75,5208.641836428152,3304.108163571849,3905.7,4607.05,1940.076457387733,3268.565379040419,1965.623542612267,1338.484620959582,-12184.17631903778,-24894.87014131815,7130.052088348826,-6092.088159518888,-6092.088159518888,-23363.60035599317,-25966.9754004296,6520.46119735415,8186.016963279074,0,0,0,1.539535136156243,0.6222491539426789,85.1275,86.36449057939448,83.24786078264026,101325,109521.3965971366,89802.44714147809,155993.3976710313,63049.39552324193,-25.45328699389587,-59.88252140507227,26.86282624166117,-12.72664349694793,-12.72664349694793,-54.26039658339575,-63.81880333688171,23.35876383928222,32.93274439683289,0,0,0,368,1,1,1,1,1,1,1,1,1,1,0.5,0.5,0.4118136038073375,0.5881863961926626,0.6340015126085223,0.3659984873914776,0.6030999316368191,0.4588059087838831,0.5411940912161171,0.3724726172990518,0.6275273827009482,0.5949029042945627,0.4050970957054373,0.6118635971252712,0.3881364028747289,0.3969000683631809,100,-12184.17631903778,101325,-25.45328699389587,368,0.5,0.5,0.4118136038073375,0.5881863961926626,0.6340015126085223,0.3659984873914776,0.3969000683631809,100,-12184.17631903778,101325,-25.45328699389587,368,0.5,0.5,0.4118136038073375,0.5881863961926626,0.6340015126085223,0.3659984873914776,0.3969000683631809
0.582,146.1957090661339,167.8855917603916,113.2373706509648,73.09785453306694,73.09785453306694,153.1397420816477,178.2097705185411,103.8552737738388,129.4895241883515,0,0,0,100,60.30999316368191,39.69000683631809,50,50,24.83647563033173,35.47351753335018,25.16352436966826,14.52648246664983,8512.75,5208.641836428152,3304.108163571849,3905.7,4607.05,1940.076457387733,3268.565379040419,1965.623542612267,1338.484620959582,-12184.17631903778,-24894.87014131815,7130.052088348826,-6092.088159518888,-6092.088159518888,-23363.60035599317,-25966.9754004296,6520.46119735415,8186.016963279074,0,0,0,1.539535136156243,0.6222491539426789,85.1275,86.36449057939448,83.24786078264026,101325,109521.3965971366,89802.44714147809,155993.3976710313,63049.39552324193,-25.45328699389587,-59.88252140507227,26.86282624166117,-12.72664349694793,-12.72664349694793,-54.26039658339575,-63.81880333688171,23.35876383928222,32.93274439683289,0,0,0,368,1,1,1,1,1,1,1,1,1,1,0.5,0.5,0.4118136038073375,0.5881863961926626,0.6340015126085223,0.3659984873914776,0.6030999316368191,0.4588059087838831,0.5411940912161171,0.3724726172990518,0.6275273827009482,0.5949029042945627,0.4050970957054373,0.6118635971252712,0.3881364028747289,0.3969000683631809,100,-12184.17631903778,101325,-25.45328699389587,368,0.5,0.5,0.4118136038073375,0.5881863961926626,0.6340015126085223,0.3659984873914776,0.3969000683631809,100,-12184.17631903778,101325,-25.45328699389587,368,0.5,0.5,0.4118136038073375,0.5881863961926626,0.6340015126085223,0.3659984873914776,0.3969000683631809
0.584,146.1957090661339,167.8855917603916,113.2373706509648,73.09785453306694,73.09785453306694,153.1397420816477,178.2097705185411,103.8552737738388,129.4895241883515,0,0,0,100,60.30999316368191,39.69000683631809,50,50,24.83647563033173,35.47351753335018,25.16352436966826,14.52648246664983,8512.75,5208.641836428152,3304.108163571849,3905.7,4607.05,1940.076457387733,3268.565379040419,1965.623542612267,1338.484620959582,-12184.17631903778,-24894.87014131815,7130.052088348826,-6092.088159518888,-6092.088159518888,-23363.60035599317,-25966.9754004296,6520.46119735415,8186.016963279074,0,0,0,1.539535136156243,0.6222491539426789,85.1275,86.36449057939448,83.24786078264026,101325,109521.3965971366,89802.44714147809,155993.3976710313,63049.39552324193,-25.45328699389587,-59.88252140507227,26.86282624166117,-12.72664349694793,-12.72664349694793,-54.26039658339575,-63.81880333688171,23.35876383928222,32.93274439683289,0,0,0,368,1,1,1,1,1,1,1,1,1,1,0.5,0.5,0.4118136038073375,0.5881863961926626,0.6340015126085223,0.3659984873914776,0.6030999316368191,0.4588059087838831,0.5411940912161171,0.3724726172990518,0.6275273827009482,0.5949029042945627,0.4050970957054373,0.6118635971252712,0.3881364028747289,0.3969000683631809,100,-12184.17631903778,101325,-25.45328699389587,368,0.5,0.5,0.4118136038073375,0.5881863961926626,0.6340015126085223,0.3659984873914776,0.3969000683631809,100,-12184.17631903778,101325,-25.45328699389587,368,0.5,0.5,0.4118136038073375,0.5881863961926626,0.6340015126085223,0.3659984873914776,0.3969000683631809
0.586,146.1957090661339,167.8855917603916,113.2373706509648,73.09785453306694,73.09785453306694,153.1397420816477,178.2097705185411,103.8552737738388,129.4895241883515,0,0,0,100,60.30999316368191,39.69000683631809,50,50,24.83647563033173,35.47351753335018,25.16352436966826,14.52648246664983,8512.75,5208.641836428152,3304.108163571849,3905.7,4607.05,1940.076457387733,3268.565379040419,1965.623542612267,1338.484620959582,-12184.17631903778,-24894.87014131815,7130.052088348826,-6092.088159518888,-6092.088159518888,-23363.60035599317,-25966.9754004296,6520.46119735415,8186.016963279074,0,0,0,1.539535136156243,0.6222491539426789,85.1275,86.36449057939448,83.24786078264026,101325,109521.3965971366,89802.44714147809,155993.3976710313,63049.39552324193,-25.45328699389587,-59.88252140507227,26.86282624166117,-12.72664349694793,-12.72664349694793,-54.26039658339575,-63.81880333688171,23.35876383928222,32.93274439683289,0,0,0,368,1,1,1,1,1,1,1,1,1,1,0.5,0.5,0.4118136038073375,0.5881863961926626,0.6340015126085223,0.3659984873914776,0.6030999316368191,0.4588059087838831,0.5411940912161171,0.3724726172990518,0.6275273827009482,0.5949029042945627,0.4050970957054373,0.6118635971252712,0.3881364028747289,0.3969000683631809,100,-12184.17631903778,101325,-25.45328699389587,368,0.5,0.5,0.4118136038073375,0.5881863961926626,0.6340015126085223,0.3659984873914776,0.3969000683631809,100,-12184.17631903778,101325,-25.45328699389587,368,0.5,0.5,0.4118136038073375,0.5881863961926626,0.6340015126085223,0.3659984873914776,0.3969000683631809
0.588,146.1957090661339,167.8855917603916,113.2373706509648,73.09785453306694,73.09785453306694,153.1397420816477,178.2097705185411,103.8552737738388,129.4895241883515,0,0,0,100,60.30999316368191,39.69000683631809,50,50,24.83647563033173,35.47351753335018,25.16352436966826,14.52648246664983,8512.75,5208.641836428152,3304.108163571849,3905.7,4607.05,1940.076457387733,3268.565379040419,1965.623542612267,1338.484620959582,-12184.17631903778,-24894.87014131815,7130.052088348826,-6092.088159518888,-6092.088159518888,-23363.60035599317,-25966.9754004296,6520.46119735415,8186.016963279074,0,0,0,1.539535136156243,0.6222491539426789,85.1275,86.36449057939448,83.24786078264026,101325,109521.3965971366,89802.44714147809,155993.3976710313,63049.39552324193,-25.45328699389587,-59.88252140507227,26.86282624166117,-12.72664349694793,-12.72664349694793,-54.26039658339575,-63.81880333688171,23.35876383928222,32.93274439683289,0,0,0,368,1,1,1,1,1,1,1,1,1,1,0.5,0.5,0.4118136038073375,0.5881863961926626,0.6340015126085223,0.3659984873914776,0.6030999316368191,0.4588059087838831,0.5411940912161171,0.3724726172990518,0.6275273827009482,0.5949029042945627,0.4050970957054373,0.6118635971252712,0.3881364028747289,0.3969000683631809,100,-12184.17631903778,101325,-25.45328699389587,368,0.5,0.5,0.4118136038073375,0.5881863961926626,0.6340015126085223,0.3659984873914776,0.3969000683631809,100,-12184.17631903778,101325,-25.45328699389587,368,0.5,0.5,0.4118136038073375,0.5881863961926626,0.6340015126085223,0.3659984873914776,0.3969000683631809
0.59,146.1957090661339,167.8855917603916,113.2373706509648,73.09785453306694,73.09785453306694,153.1397420816477,178.2097705185411,103.8552737738388,129.4895241883515,0,0,0,100,60.30999316368191,39.69000683631809,50,50,24.83647563033173,35.47351753335018,25.16352436966826,14.52648246664983,8512.75,5208.641836428152,3304.108163571849,3905.7,4607.05,1940.076457387733,3268.565379040419,1965.623542612267,1338.484620959582,-12184.17631903778,-24894.87014131815,7130.052088348826,-6092.088159518888,-6092.088159518888,-23363.60035599317,-25966.9754004296,6520.46119735415,8186.016963279074,0,0,0,1.539535136156243,0.6222491539426789,85.1275,86.36449057939448,83.24786078264026,101325,109521.3965971366,89802.44714147809,155993.3976710313,63049.39552324193,-25.45328699389587,-59.88252140507227,26.86282624166117,-12.72664349694793,-12.72664349694793,-54.26039658339575,-63.81880333688171,23.35876383928222,32.93274439683289,0,0,0,368,1,1,1,1,1,1,1,1,1,1,0.5,0.5,0.4118136038073375,0.5881863961926626,0.6340015126085223,0.3659984873914776,0.6030999316368191,0.4588059087838831,0.5411940912161171,0.3724726172990518,0.6275273827009482,0.5949029042945627,0.4050970957054373,0.6118635971252712,0.3881364028747289,0.3969000683631809,100,-12184.17631903778,101325,-25.45328699389587,368,0.5,0.5,0.4118136038073375,0.5881863961926626,0.6340015126085223,0.3659984873914776,0.3969000683631809,100,-12184.17631903778,101325,-25.45328699389587,368,0.5,0.5,0.4118136038073375,0.5881863961926626,0.6340015126085223,0.3659984873914776,0.3969000683631809
0.592,146.1957090661339,167.8855917603916,113.2373706509648,73.09785453306694,73.09785453306694,153.1397420816477,178.2097705185411,103.8552737738388,129.4895241883515,0,0,0,100,60.30999316368191,39.69000683631809,50,50,24.83647563033173,35.47351753335018,25.16352436966826,14.52648246664983,8512.75,5208.641836428152,3304.108163571849,3905.7,4607.05,1940.076457387733,3268.565379040419,1965.623542612267,1338.484620959582,-12184.17631903778,-24894.87014131815,7130.052088348826,-6092.088159518888,-6092.088159518888,-23363.60035599317,-25966.9754004296,6520.46119735415,8186.016963279074,0,0,0,1.539535136156243,0.6222491539426789,85.1275,86.36449057939448,83.24786078264026,101325,109521.3965971366,89802.44714147809,155993.3976710313,63049.39552324193,-25.45328699389587,-59.88252140507227,26.86282624166117,-12.72664349694793,-12.72664349694793,-54.26039658339575,-63.81880333688171,23.35876383928222,32.93274439683289,0,0,0,368,1,1,1,1,1,1,1,1,1,1,0.5,0.5,0.4118136038073375,0.5881863961926626,0.6340015126085223,0.3659984873914776,0.6030999316368191,0.4588059087838831,0.5411940912161171,0.3724726172990518,0.6275273827009482,0.5949029042945627,0.4050970957054373,0.6118635971252712,0.3881364028747289,0.3969000683631809,100,-12184.17631903778,101325,-25.45328699389587,368,0.5,0.5,0.4118136038073375,0.5881863961926626,0.6340015126085223,0.3659984873914776,0.3969000683631809,100,-12184.17631903778,101325,-25.45328699389587,368,0.5,0.5,0.4118136038073375,0.5881863961926626,0.6340015126085223,0.3659984873914776,0.3969000683631809
0.594,146.1957090661339,167.8855917603916,113.2373706509648,73.09785453306694,73.09785453306694,153.1397420816477,178.2097705185411,103.8552737738388,129.4895241883515,0,0,0,100,60.30999316368191,39.69000683631809,50,50,24.83647563033173,35.47351753335018,25.16352436966826,14.52648246664983,8512.75,5208.641836428152,3304.108163571849,3905.7,4607.05,1940.076457387733,3268.565379040419,1965.623542612267,1338.484620959582,-12184.17631903778,-24894.87014131815,7130.052088348826,-6092.088159518888,-6092.088159518888,-23363.60035599317,-25966.9754004296,6520.46119735415,8186.016963279074,0,0,0,1.539535136156243,0.6222491539426789,85.1275,86.36449057939448,83.24786078264026,101325,109521.3965971366,89802.44714147809,155993.3976710313,63049.39552324193,-25.45328699389587,-59.88252140507227,26.86282624166117,-12.72664349694793,-12.72664349694793,-54.26039658339575,-63.81880333688171,23.35876383928222,32.93274439683289,0,0,0,368,1,1,1,1,1,1,1,1,1,1,0.5,0.5,0.4118136038073375,0.5881863961926626,0.6340015126085223,0.3659984873914776,0.6030999316368191,0.4588059087838831,0.5411940912161171,0.3724726172990518,0.6275273827009482,0.5949029042945627,0.4050970957054373,0.6118635971252712,0.3881364028747289,0.3969000683631809,100,-12184.17631903778,101325,-25.45328699389587,368,0.5,0.5,0.4118136038073375,0.5881863961926626,0.6340015126085223,0.3659984873914776,0.3969000683631809,100,-12184.17631903778,101325,-25.45328699389587,368,0.5,0.5,0.4118136038073375,0.5881863961926626,0.6340015126085223,0.3659984873914776,0.3969000683631809
0.596,146.1957090661339,167.8855917603916,113.2373706509648,73.09785453306694,73.09785453306694,153.1397420816477,178.2097705185411,103.8552737738388,129.4895241883515,0,0,0,100,60.30999316368191,39.69000683631809,50,50,24.83647563033173,35.47351753335018,25.16352436966826,14.52648246664983,8512.75,5208.641836428152,3304.108163571849,3905.7,4607.05,1940.076457387733,3268.565379040419,1965.623542612267,1338.484620959582,-12184.17631903778,-24894.87014131815,7130.052088348826,-6092.088159518888,-6092.088159518888,-23363.60035599317,-25966.9754004296,6520.46119735415,8186.016963279074,0,0,0,1.539535136156243,0.6222491539426789,85.1275,86.36449057939448,83.24786078264026,101325,109521.3965971366,89802.44714147809,155993.3976710313,63049.39552324193,-25.45328699389587,-59.88252140507227,26.86282624166117,-12.72664349694793,-12.72664349694793,-54.26039658339575,-63.81880333688171,23.35876383928222,32.93274439683289,0,0,0,368,1,1,1,1,1,1,1,1,1,1,0.5,0.5,0.4118136038073375,0.5881863961926626,0.6340015126085223,0.3659984873914776,0.6030999316368191,0.4588059087838831,0.5411940912161171,0.3724726172990518,0.6275273827009482,0.5949029042945627,0.4050970957054373,0.6118635971252712,0.3881364028747289,0.3969000683631809,100,-12184.17631903778,101325,-25.45328699389587,368,0.5,0.5,0.4118136038073375,0.5881863961926626,0.6340015126085223,0.3659984873914776,0.3969000683631809,100,-12184.17631903778,101325,-25.45328699389587,368,0.5,0.5,0.4118136038073375,0.5881863961926626,0.6340015126085223,0.3659984873914776,0.3969000683631809
0.598,146.1957090661339,167.8855917603916,113.2373706509648,73.09785453306694,73.09785453306694,153.1397420816477,178.2097705185411,103.8552737738388,129.4895241883515,0,0,0,100,60.30999316368191,39.69000683631809,50,50,24.83647563033173,35.47351753335018,25.16352436966826,14.52648246664983,8512.75,5208.641836428152,3304.108163571849,3905.7,4607.05,1940.076457387733,3268.565379040419,1965.623542612267,1338.484620959582,-12184.17631903778,-24894.87014131815,7130.052088348826,-6092.088159518888,-6092.088159518888,-23363.60035599317,-25966.9754004296,6520.46119735415,8186.016963279074,0,0,0,1.539535136156243,0.6222491539426789,85.1275,86.36449057939448,83.24786078264026,101325,109521.3965971366,89802.44714147809,155993.3976710313,63049.39552324193,-25.45328699389587,-59.88252140507227,26.86282624166117,-12.72664349694793,-12.72664349694793,-54.26039658339575,-63.81880333688171,23.35876383928222,32.93274439683289,0,0,0,368,1,1,1,1,1,1,1,1,1,1,0.5,0.5,0.4118136038073375,0.5881863961926626,0.6340015126085223,0.3659984873914776,0.6030999316368191,0.4588059087838831,0.5411940912161171,0.3724726172990518,0.6275273827009482,0.5949029042945627,0.4050970957054373,0.6118635971252712,0.3881364028747289,0.3969000683631809,100,-12184.17631903778,101325,-25.45328699389587,368,0.5,0.5,0.4118136038073375,0.5881863961926626,0.6340015126085223,0.3659984873914776,0.3969000683631809,100,-12184.17631903778,101325,-25.45328699389587,368,0.5,0.5,0.4118136038073375,0.5881863961926626,0.6340015126085223,0.3659984873914776,0.3969000683631809
0.6,146.1957090661339,167.8855917603916,113.2373706509648,73.09785453306694,73.09785453306694,153.1397420816477,178.2097705185411,103.8552737738388,129.4895241883515,0,0,0,100,60.30999316368191,39.69000683631809,50,50,24.83647563033173,35.47351753335018,25.16352436966826,14.52648246664983,8512.75,5208.641836428152,3304.108163571849,3905.7,4607.05,1940.076457387733,3268.565379040419,1965.623542612267,1338.484620959582,-12184.17631903778,-24894.87014131815,7130.052088348826,-6092.088159518888,-6092.088159518888,-23363.60035599317,-25966.9754004296,6520.46119735415,8186.016963279074,0,0,0,1.539535136156243,0.6222491539426789,85.1275,86.36449057939448,83.24786078264026,101325,109521.3965971366,89802.44714147809,155993.3976710313,63049.39552324193,-25.45328699389587,-59.88252140507227,26.86282624166117,-12.72664349694793,-12.72664349694793,-54.26039658339575,-63.81880333688171,23.35876383928222,32.93274439683289,0,0,0,368,1,1,1,1,1,1,1,1,1,1,0.5,0.5,0.4118136038073375,0.5881863961926626,0.6340015126085223,0.3659984873914776,0.6030999316368191,0.4588059087838831,0.5411940912161171,0.3724726172990518,0.6275273827009482,0.5949029042945627,0.4050970957054373,0.6118635971252712,0.3881364028747289,0.3969000683631809,100,-12184.17631903778,101325,-25.45328699389587,368,0.5,0.5,0.4118136038073375,0.5881863961926626,0.6340015126085223,0.3659984873914776,0.3969000683631809,100,-12184.17631903778,101325,-25.45328699389587,368,0.5,0.5,0.4118136038073375,0.5881863961926626,0.6340015126085223,0.3659984873914776,0.3969000683631809
0.602,146.1957090661339,167.8855917603916,113.2373706509648,73.09785453306694,73.09785453306694,153.1397420816477,178.2097705185411,103.8552737738388,129.4895241883515,0,0,0,100,60.30999316368191,39.69000683631809,50,50,24.83647563033173,35.47351753335018,25.16352436966826,14.52648246664983,8512.75,5208.641836428152,3304.108163571849,3905.7,4607.05,1940.076457387733,3268.565379040419,1965.623542612267,1338.484620959582,-12184.17631903778,-24894.87014131815,7130.052088348826,-6092.088159518888,-6092.088159518888,-23363.60035599317,-25966.9754004296,6520.46119735415,8186.016963279074,0,0,0,1.539535136156243,0.6222491539426789,85.1275,86.36449057939448,83.24786078264026,101325,109521.3965971366,89802.44714147809,155993.3976710313,63049.39552324193,-25.45328699389587,-59.88252140507227,26.86282624166117,-12.72664349694793,-12.72664349694793,-54.26039658339575,-63.81880333688171,23.35876383928222,32.93274439683289,0,0,0,368,1,1,1,1,1,1,1,1,1,1,0.5,0.5,0.4118136038073375,0.5881863961926626,0.6340015126085223,0.3659984873914776,0.6030999316368191,0.4588059087838831,0.5411940912161171,0.3724726172990518,0.6275273827009482,0.5949029042945627,0.4050970957054373,0.6118635971252712,0.3881364028747289,0.3969000683631809,100,-12184.17631903778,101325,-25.45328699389587,368,0.5,0.5,0.4118136038073375,0.5881863961926626,0.6340015126085223,0.3659984873914776,0.3969000683631809,100,-12184.17631903778,101325,-25.45328699389587,368,0.5,0.5,0.4118136038073375,0.5881863961926626,0.6340015126085223,0.3659984873914776,0.3969000683631809
0.604,146.1957090661339,167.8855917603916,113.2373706509648,73.09785453306694,73.09785453306694,153.1397420816477,178.2097705185411,103.8552737738388,129.4895241883515,0,0,0,100,60.30999316368191,39.69000683631809,50,50,24.83647563033173,35.47351753335018,25.16352436966826,14.52648246664983,8512.75,5208.641836428152,3304.108163571849,3905.7,4607.05,1940.076457387733,3268.565379040419,1965.623542612267,1338.484620959582,-12184.17631903778,-24894.87014131815,7130.052088348826,-6092.088159518888,-6092.088159518888,-23363.60035599317,-25966.9754004296,6520.46119735415,8186.016963279074,0,0,0,1.539535136156243,0.6222491539426789,85.1275,86.36449057939448,83.24786078264026,101325,109521.3965971366,89802.44714147809,155993.3976710313,63049.39552324193,-25.45328699389587,-59.88252140507227,26.86282624166117,-12.72664349694793,-12.72664349694793,-54.26039658339575,-63.81880333688171,23.35876383928222,32.93274439683289,0,0,0,368,1,1,1,1,1,1,1,1,1,1,0.5,0.5,0.4118136038073375,0.5881863961926626,0.6340015126085223,0.3659984873914776,0.6030999316368191,0.4588059087838831,0.5411940912161171,0.3724726172990518,0.6275273827009482,0.5949029042945627,0.4050970957054373,0.6118635971252712,0.3881364028747289,0.3969000683631809,100,-12184.17631903778,101325,-25.45328699389587,368,0.5,0.5,0.4118136038073375,0.5881863961926626,0.6340015126085223,0.3659984873914776,0.3969000683631809,100,-12184.17631903778,101325,-25.45328699389587,368,0.5,0.5,0.4118136038073375,0.5881863961926626,0.6340015126085223,0.3659984873914776,0.3969000683631809
0.606,146.1957090661339,167.8855917603916,113.2373706509648,73.09785453306694,73.09785453306694,153.1397420816477,178.2097705185411,103.8552737738388,129.4895241883515,0,0,0,100,60.30999316368191,39.69000683631809,50,50,24.83647563033173,35.47351753335018,25.16352436966826,14.52648246664983,8512.75,5208.641836428152,3304.108163571849,3905.7,4607.05,1940.076457387733,3268.565379040419,1965.623542612267,1338.484620959582,-12184.17631903778,-24894.87014131815,7130.052088348826,-6092.088159518888,-6092.088159518888,-23363.60035599317,-25966.9754004296,6520.46119735415,8186.016963279074,0,0,0,1.539535136156243,0.6222491539426789,85.1275,86.36449057939448,83.24786078264026,101325,109521.3965971366,89802.44714147809,155993.3976710313,63049.39552324193,-25.45328699389587,-59.88252140507227,26.86282624166117,-12.72664349694793,-12.72664349694793,-54.26039658339575,-63.81880333688171,23.35876383928222,32.93274439683289,0,0,0,368,1,1,1,1,1,1,1,1,1,1,0.5,0.5,0.4118136038073375,0.5881863961926626,0.6340015126085223,0.3659984873914776,0.6030999316368191,0.4588059087838831,0.5411940912161171,0.3724726172990518,0.6275273827009482,0.5949029042945627,0.4050970957054373,0.6118635971252712,0.3881364028747289,0.3969000683631809,100,-12184.17631903778,101325,-25.45328699389587,368,0.5,0.5,0.4118136038073375,0.5881863961926626,0.6340015126085223,0.3659984873914776,0.3969000683631809,100,-12184.17631903778,101325,-25.45328699389587,368,0.5,0.5,0.4118136038073375,0.5881863961926626,0.6340015126085223,0.3659984873914776,0.3969000683631809
0.608,146.1957090661339,167.8855917603916,113.2373706509648,73.09785453306694,73.09785453306694,153.1397420816477,178.2097705185411,103.8552737738388,129.4895241883515,0,0,0,100,60.30999316368191,39.69000683631809,50,50,24.83647563033173,35.47351753335018,25.16352436966826,14.52648246664983,8512.75,5208.641836428152,3304.108163571849,3905.7,4607.05,1940.076457387733,3268.565379040419,1965.623542612267,1338.484620959582,-12184.17631903778,-24894.87014131815,7130.052088348826,-6092.088159518888,-6092.088159518888,-23363.60035599317,-25966.9754004296,6520.46119735415,8186.016963279074,0,0,0,1.539535136156243,0.6222491539426789,85.1275,86.36449057939448,83.24786078264026,101325,109521.3965971366,89802.44714147809,155993.3976710313,63049.39552324193,-25.45328699389587,-59.88252140507227,26.86282624166117,-12.72664349694793,-12.72664349694793,-54.26039658339575,-63.81880333688171,23.35876383928222,32.93274439683289,0,0,0,368,1,1,1,1,1,1,1,1,1,1,0.5,0.5,0.4118136038073375,0.5881863961926626,0.6340015126085223,0.3659984873914776,0.6030999316368191,0.4588059087838831,0.5411940912161171,0.3724726172990518,0.6275273827009482,0.5949029042945627,0.4050970957054373,0.6118635971252712,0.3881364028747289,0.3969000683631809,100,-12184.17631903778,101325,-25.45328699389587,368,0.5,0.5,0.4118136038073375,0.5881863961926626,0.6340015126085223,0.3659984873914776,0.3969000683631809,100,-12184.17631903778,101325,-25.45328699389587,368,0.5,0.5,0.4118136038073375,0.5881863961926626,0.6340015126085223,0.3659984873914776,0.3969000683631809
0.61,146.1957090661339,167.8855917603916,113.2373706509648,73.09785453306694,73.09785453306694,153.1397420816477,178.2097705185411,103.8552737738388,129.4895241883515,0,0,0,100,60.30999316368191,39.69000683631809,50,50,24.83647563033173,35.47351753335018,25.16352436966826,14.52648246664983,8512.75,5208.641836428152,3304.108163571849,3905.7,4607.05,1940.076457387733,3268.565379040419,1965.623542612267,1338.484620959582,-12184.17631903778,-24894.87014131815,7130.052088348826,-6092.088159518888,-6092.088159518888,-23363.60035599317,-25966.9754004296,6520.46119735415,8186.016963279074,0,0,0,1.539535136156243,0.6222491539426789,85.1275,86.36449057939448,83.24786078264026,101325,109521.3965971366,89802.44714147809,155993.3976710313,63049.39552324193,-25.45328699389587,-59.88252140507227,26.86282624166117,-12.72664349694793,-12.72664349694793,-54.26039658339575,-63.81880333688171,23.35876383928222,32.93274439683289,0,0,0,368,1,1,1,1,1,1,1,1,1,1,0.5,0.5,0.4118136038073375,0.5881863961926626,0.6340015126085223,0.3659984873914776,0.6030999316368191,0.4588059087838831,0.5411940912161171,0.3724726172990518,0.6275273827009482,0.5949029042945627,0.4050970957054373,0.6118635971252712,0.3881364028747289,0.3969000683631809,100,-12184.17631903778,101325,-25.45328699389587,368,0.5,0.5,0.4118136038073375,0.5881863961926626,0.6340015126085223,0.3659984873914776,0.3969000683631809,100,-12184.17631903778,101325,-25.45328699389587,368,0.5,0.5,0.4118136038073375,0.5881863961926626,0.6340015126085223,0.3659984873914776,0.3969000683631809
0.612,146.1957090661339,167.8855917603916,113.2373706509648,73.09785453306694,73.09785453306694,153.1397420816477,178.2097705185411,103.8552737738388,129.4895241883515,0,0,0,100,60.30999316368191,39.69000683631809,50,50,24.83647563033173,35.47351753335018,25.16352436966826,14.52648246664983,8512.75,5208.641836428152,3304.108163571849,3905.7,4607.05,1940.076457387733,3268.565379040419,1965.623542612267,1338.484620959582,-12184.17631903778,-24894.87014131815,7130.052088348826,-6092.088159518888,-6092.088159518888,-23363.60035599317,-25966.9754004296,6520.46119735415,8186.016963279074,0,0,0,1.539535136156243,0.6222491539426789,85.1275,86.36449057939448,83.24786078264026,101325,109521.3965971366,89802.44714147809,155993.3976710313,63049.39552324193,-25.45328699389587,-59.88252140507227,26.86282624166117,-12.72664349694793,-12.72664349694793,-54.26039658339575,-63.81880333688171,23.35876383928222,32.93274439683289,0,0,0,368,1,1,1,1,1,1,1,1,1,1,0.5,0.5,0.4118136038073375,0.5881863961926626,0.6340015126085223,0.3659984873914776,0.6030999316368191,0.4588059087838831,0.5411940912161171,0.3724726172990518,0.6275273827009482,0.5949029042945627,0.4050970957054373,0.6118635971252712,0.3881364028747289,0.3969000683631809,100,-12184.17631903778,101325,-25.45328699389587,368,0.5,0.5,0.4118136038073375,0.5881863961926626,0.6340015126085223,0.3659984873914776,0.3969000683631809,100,-12184.17631903778,101325,-25.45328699389587,368,0.5,0.5,0.4118136038073375,0.5881863961926626,0.6340015126085223,0.3659984873914776,0.3969000683631809
0.614,146.1957090661339,167.8855917603916,113.2373706509648,73.09785453306694,73.09785453306694,153.1397420816477,178.2097705185411,103.8552737738388,129.4895241883515,0,0,0,100,60.30999316368191,39.69000683631809,50,50,24.83647563033173,35.47351753335018,25.16352436966826,14.52648246664983,8512.75,5208.641836428152,3304.108163571849,3905.7,4607.05,1940.076457387733,3268.565379040419,1965.623542612267,1338.484620959582,-12184.17631903778,-24894.87014131815,7130.052088348826,-6092.088159518888,-6092.088159518888,-23363.60035599317,-25966.9754004296,6520.46119735415,8186.016963279074,0,0,0,1.539535136156243,0.6222491539426789,85.1275,86.36449057939448,83.24786078264026,101325,109521.3965971366,89802.44714147809,155993.3976710313,63049.39552324193,-25.45328699389587,-59.88252140507227,26.86282624166117,-12.72664349694793,-12.72664349694793,-54.26039658339575,-63.81880333688171,23.35876383928222,32.93274439683289,0,0,0,368,1,1,1,1,1,1,1,1,1,1,0.5,0.5,0.4118136038073375,0.5881863961926626,0.6340015126085223,0.3659984873914776,0.6030999316368191,0.4588059087838831,0.5411940912161171,0.3724726172990518,0.6275273827009482,0.5949029042945627,0.4050970957054373,0.6118635971252712,0.3881364028747289,0.3969000683631809,100,-12184.17631903778,101325,-25.45328699389587,368,0.5,0.5,0.4118136038073375,0.5881863961926626,0.6340015126085223,0.3659984873914776,0.3969000683631809,100,-12184.17631903778,101325,-25.45328699389587,368,0.5,0.5,0.4118136038073375,0.5881863961926626,0.6340015126085223,0.3659984873914776,0.3969000683631809
0.616,146.1957090661339,167.8855917603916,113.2373706509648,73.09785453306694,73.09785453306694,153.1397420816477,178.2097705185411,103.8552737738388,129.4895241883515,0,0,0,100,60.30999316368191,39.69000683631809,50,50,24.83647563033173,35.47351753335018,25.16352436966826,14.52648246664983,8512.75,5208.641836428152,3304.108163571849,3905.7,4607.05,1940.076457387733,3268.565379040419,1965.623542612267,1338.484620959582,-12184.17631903778,-24894.87014131815,7130.052088348826,-6092.088159518888,-6092.088159518888,-23363.60035599317,-25966.9754004296,6520.46119735415,8186.016963279074,0,0,0,1.539535136156243,0.6222491539426789,85.1275,86.36449057939448,83.24786078264026,101325,109521.3965971366,89802.44714147809,155993.3976710313,63049.39552324193,-25.45328699389587,-59.88252140507227,26.86282624166117,-12.72664349694793,-12.72664349694793,-54.26039658339575,-63.81880333688171,23.35876383928222,32.93274439683289,0,0,0,368,1,1,1,1,1,1,1,1,1,1,0.5,0.5,0.4118136038073375,0.5881863961926626,0.6340015126085223,0.3659984873914776,0.6030999316368191,0.4588059087838831,0.5411940912161171,0.3724726172990518,0.6275273827009482,0.5949029042945627,0.4050970957054373,0.6118635971252712,0.3881364028747289,0.3969000683631809,100,-12184.17631903778,101325,-25.45328699389587,368,0.5,0.5,0.4118136038073375,0.5881863961926626,0.6340015126085223,0.3659984873914776,0.3969000683631809,100,-12184.17631903778,101325,-25.45328699389587,368,0.5,0.5,0.4118136038073375,0.5881863961926626,0.6340015126085223,0.3659984873914776,0.3969000683631809
0.618,146.1957090661339,167.8855917603916,113.2373706509648,73.09785453306694,73.09785453306694,153.1397420816477,178.2097705185411,103.8552737738388,129.4895241883515,0,0,0,100,60.30999316368191,39.69000683631809,50,50,24.83647563033173,35.47351753335018,25.16352436966826,14.52648246664983,8512.75,5208.641836428152,3304.108163571849,3905.7,4607.05,1940.076457387733,3268.565379040419,1965.623542612267,1338.484620959582,-12184.17631903778,-24894.87014131815,7130.052088348826,-6092.088159518888,-6092.088159518888,-23363.60035599317,-25966.9754004296,6520.46119735415,8186.016963279074,0,0,0,1.539535136156243,0.6222491539426789,85.1275,86.36449057939448,83.24786078264026,101325,109521.3965971366,89802.44714147809,155993.3976710313,63049.39552324193,-25.45328699389587,-59.88252140507227,26.86282624166117,-12.72664349694793,-12.72664349694793,-54.26039658339575,-63.81880333688171,23.35876383928222,32.93274439683289,0,0,0,368,1,1,1,1,1,1,1,1,1,1,0.5,0.5,0.4118136038073375,0.5881863961926626,0.6340015126085223,0.3659984873914776,0.6030999316368191,0.4588059087838831,0.5411940912161171,0.3724726172990518,0.6275273827009482,0.5949029042945627,0.4050970957054373,0.6118635971252712,0.3881364028747289,0.3969000683631809,100,-12184.17631903778,101325,-25.45328699389587,368,0.5,0.5,0.4118136038073375,0.5881863961926626,0.6340015126085223,0.3659984873914776,0.3969000683631809,100,-12184.17631903778,101325,-25.45328699389587,368,0.5,0.5,0.4118136038073375,0.5881863961926626,0.6340015126085223,0.3659984873914776,0.3969000683631809
0.62,146.1957090661339,167.8855917603916,113.2373706509648,73.09785453306694,73.09785453306694,153.1397420816477,178.2097705185411,103.8552737738388,129.4895241883515,0,0,0,100,60.30999316368191,39.69000683631809,50,50,24.83647563033173,35.47351753335018,25.16352436966826,14.52648246664983,8512.75,5208.641836428152,3304.108163571849,3905.7,4607.05,1940.076457387733,3268.565379040419,1965.623542612267,1338.484620959582,-12184.17631903778,-24894.87014131815,7130.052088348826,-6092.088159518888,-6092.088159518888,-23363.60035599317,-25966.9754004296,6520.46119735415,8186.016963279074,0,0,0,1.539535136156243,0.6222491539426789,85.1275,86.36449057939448,83.24786078264026,101325,109521.3965971366,89802.44714147809,155993.3976710313,63049.39552324193,-25.45328699389587,-59.88252140507227,26.86282624166117,-12.72664349694793,-12.72664349694793,-54.26039658339575,-63.81880333688171,23.35876383928222,32.93274439683289,0,0,0,368,1,1,1,1,1,1,1,1,1,1,0.5,0.5,0.4118136038073375,0.5881863961926626,0.6340015126085223,0.3659984873914776,0.6030999316368191,0.4588059087838831,0.5411940912161171,0.3724726172990518,0.6275273827009482,0.5949029042945627,0.4050970957054373,0.6118635971252712,0.3881364028747289,0.3969000683631809,100,-12184.17631903778,101325,-25.45328699389587,368,0.5,0.5,0.4118136038073375,0.5881863961926626,0.6340015126085223,0.3659984873914776,0.3969000683631809,100,-12184.17631903778,101325,-25.45328699389587,368,0.5,0.5,0.4118136038073375,0.5881863961926626,0.6340015126085223,0.3659984873914776,0.3969000683631809
0.622,146.1957090661339,167.8855917603916,113.2373706509648,73.09785453306694,73.09785453306694,153.1397420816477,178.2097705185411,103.8552737738388,129.4895241883515,0,0,0,100,60.30999316368191,39.69000683631809,50,50,24.83647563033173,35.47351753335018,25.16352436966826,14.52648246664983,8512.75,5208.641836428152,3304.108163571849,3905.7,4607.05,1940.076457387733,3268.565379040419,1965.623542612267,1338.484620959582,-12184.17631903778,-24894.87014131815,7130.052088348826,-6092.088159518888,-6092.088159518888,-23363.60035599317,-25966.9754004296,6520.46119735415,8186.016963279074,0,0,0,1.539535136156243,0.6222491539426789,85.1275,86.36449057939448,83.24786078264026,101325,109521.3965971366,89802.44714147809,155993.3976710313,63049.39552324193,-25.45328699389587,-59.88252140507227,26.86282624166117,-12.72664349694793,-12.72664349694793,-54.26039658339575,-63.81880333688171,23.35876383928222,32.93274439683289,0,0,0,368,1,1,1,1,1,1,1,1,1,1,0.5,0.5,0.4118136038073375,0.5881863961926626,0.6340015126085223,0.3659984873914776,0.6030999316368191,0.4588059087838831,0.5411940912161171,0.3724726172990518,0.6275273827009482,0.5949029042945627,0.4050970957054373,0.6118635971252712,0.3881364028747289,0.3969000683631809,100,-12184.17631903778,101325,-25.45328699389587,368,0.5,0.5,0.4118136038073375,0.5881863961926626,0.6340015126085223,0.3659984873914776,0.3969000683631809,100,-12184.17631903778,101325,-25.45328699389587,368,0.5,0.5,0.4118136038073375,0.5881863961926626,0.6340015126085223,0.3659984873914776,0.3969000683631809
0.624,146.1957090661339,167.8855917603916,113.2373706509648,73.09785453306694,73.09785453306694,153.1397420816477,178.2097705185411,103.8552737738388,129.4895241883515,0,0,0,100,60.30999316368191,39.69000683631809,50,50,24.83647563033173,35.47351753335018,25.16352436966826,14.52648246664983,8512.75,5208.641836428152,3304.108163571849,3905.7,4607.05,1940.076457387733,3268.565379040419,1965.623542612267,1338.484620959582,-12184.17631903778,-24894.87014131815,7130.052088348826,-6092.088159518888,-6092.088159518888,-23363.60035599317,-25966.9754004296,6520.46119735415,8186.016963279074,0,0,0,1.539535136156243,0.6222491539426789,85.1275,86.36449057939448,83.24786078264026,101325,109521.3965971366,89802.44714147809,155993.3976710313,63049.39552324193,-25.45328699389587,-59.88252140507227,26.86282624166117,-12.72664349694793,-12.72664349694793,-54.26039658339575,-63.81880333688171,23.35876383928222,32.93274439683289,0,0,0,368,1,1,1,1,1,1,1,1,1,1,0.5,0.5,0.4118136038073375,0.5881863961926626,0.6340015126085223,0.3659984873914776,0.6030999316368191,0.4588059087838831,0.5411940912161171,0.3724726172990518,0.6275273827009482,0.5949029042945627,0.4050970957054373,0.6118635971252712,0.3881364028747289,0.3969000683631809,100,-12184.17631903778,101325,-25.45328699389587,368,0.5,0.5,0.4118136038073375,0.5881863961926626,0.6340015126085223,0.3659984873914776,0.3969000683631809,100,-12184.17631903778,101325,-25.45328699389587,368,0.5,0.5,0.4118136038073375,0.5881863961926626,0.6340015126085223,0.3659984873914776,0.3969000683631809
0.626,146.1957090661339,167.8855917603916,113.2373706509648,73.09785453306694,73.09785453306694,153.1397420816477,178.2097705185411,103.8552737738388,129.4895241883515,0,0,0,100,60.30999316368191,39.69000683631809,50,50,24.83647563033173,35.47351753335018,25.16352436966826,14.52648246664983,8512.75,5208.641836428152,3304.108163571849,3905.7,4607.05,1940.076457387733,3268.565379040419,1965.623542612267,1338.484620959582,-12184.17631903778,-24894.87014131815,7130.052088348826,-6092.088159518888,-6092.088159518888,-23363.60035599317,-25966.9754004296,6520.46119735415,8186.016963279074,0,0,0,1.539535136156243,0.6222491539426789,85.1275,86.36449057939448,83.24786078264026,101325,109521.3965971366,89802.44714147809,155993.3976710313,63049.39552324193,-25.45328699389587,-59.88252140507227,26.86282624166117,-12.72664349694793,-12.72664349694793,-54.26039658339575,-63.81880333688171,23.35876383928222,32.93274439683289,0,0,0,368,1,1,1,1,1,1,1,1,1,1,0.5,0.5,0.4118136038073375,0.5881863961926626,0.6340015126085223,0.3659984873914776,0.6030999316368191,0.4588059087838831,0.5411940912161171,0.3724726172990518,0.6275273827009482,0.5949029042945627,0.4050970957054373,0.6118635971252712,0.3881364028747289,0.3969000683631809,100,-12184.17631903778,101325,-25.45328699389587,368,0.5,0.5,0.4118136038073375,0.5881863961926626,0.6340015126085223,0.3659984873914776,0.3969000683631809,100,-12184.17631903778,101325,-25.45328699389587,368,0.5,0.5,0.4118136038073375,0.5881863961926626,0.6340015126085223,0.3659984873914776,0.3969000683631809
0.628,146.1957090661339,167.8855917603916,113.2373706509648,73.09785453306694,73.09785453306694,153.1397420816477,178.2097705185411,103.8552737738388,129.4895241883515,0,0,0,100,60.30999316368191,39.69000683631809,50,50,24.83647563033173,35.47351753335018,25.16352436966826,14.52648246664983,8512.75,5208.641836428152,3304.108163571849,3905.7,4607.05,1940.076457387733,3268.565379040419,1965.623542612267,1338.484620959582,-12184.17631903778,-24894.87014131815,7130.052088348826,-6092.088159518888,-6092.088159518888,-23363.60035599317,-25966.9754004296,6520.46119735415,8186.016963279074,0,0,0,1.539535136156243,0.6222491539426789,85.1275,86.36449057939448,83.24786078264026,101325,109521.3965971366,89802.44714147809,155993.3976710313,63049.39552324193,-25.45328699389587,-59.88252140507227,26.86282624166117,-12.72664349694793,-12.72664349694793,-54.26039658339575,-63.81880333688171,23.35876383928222,32.93274439683289,0,0,0,368,1,1,1,1,1,1,1,1,1,1,0.5,0.5,0.4118136038073375,0.5881863961926626,0.6340015126085223,0.3659984873914776,0.6030999316368191,0.4588059087838831,0.5411940912161171,0.3724726172990518,0.6275273827009482,0.5949029042945627,0.4050970957054373,0.6118635971252712,0.3881364028747289,0.3969000683631809,100,-12184.17631903778,101325,-25.45328699389587,368,0.5,0.5,0.4118136038073375,0.5881863961926626,0.6340015126085223,0.3659984873914776,0.3969000683631809,100,-12184.17631903778,101325,-25.45328699389587,368,0.5,0.5,0.4118136038073375,0.5881863961926626,0.6340015126085223,0.3659984873914776,0.3969000683631809
0.63,146.1957090661339,167.8855917603916,113.2373706509648,73.09785453306694,73.09785453306694,153.1397420816477,178.2097705185411,103.8552737738388,129.4895241883515,0,0,0,100,60.30999316368191,39.69000683631809,50,50,24.83647563033173,35.47351753335018,25.16352436966826,14.52648246664983,8512.75,5208.641836428152,3304.108163571849,3905.7,4607.05,1940.076457387733,3268.565379040419,1965.623542612267,1338.484620959582,-12184.17631903778,-24894.87014131815,7130.052088348826,-6092.088159518888,-6092.088159518888,-23363.60035599317,-25966.9754004296,6520.46119735415,8186.016963279074,0,0,0,1.539535136156243,0.6222491539426789,85.1275,86.36449057939448,83.24786078264026,101325,109521.3965971366,89802.44714147809,155993.3976710313,63049.39552324193,-25.45328699389587,-59.88252140507227,26.86282624166117,-12.72664349694793,-12.72664349694793,-54.26039658339575,-63.81880333688171,23.35876383928222,32.93274439683289,0,0,0,368,1,1,1,1,1,1,1,1,1,1,0.5,0.5,0.4118136038073375,0.5881863961926626,0.6340015126085223,0.3659984873914776,0.6030999316368191,0.4588059087838831,0.5411940912161171,0.3724726172990518,0.6275273827009482,0.5949029042945627,0.4050970957054373,0.6118635971252712,0.3881364028747289,0.3969000683631809,100,-12184.17631903778,101325,-25.45328699389587,368,0.5,0.5,0.4118136038073375,0.5881863961926626,0.6340015126085223,0.3659984873914776,0.3969000683631809,100,-12184.17631903778,101325,-25.45328699389587,368,0.5,0.5,0.4118136038073375,0.5881863961926626,0.6340015126085223,0.3659984873914776,0.3969000683631809
0.632,146.1957090661339,167.8855917603916,113.2373706509648,73.09785453306694,73.09785453306694,153.1397420816477,178.2097705185411,103.8552737738388,129.4895241883515,0,0,0,100,60.30999316368191,39.69000683631809,50,50,24.83647563033173,35.47351753335018,25.16352436966826,14.52648246664983,8512.75,5208.641836428152,3304.108163571849,3905.7,4607.05,1940.076457387733,3268.565379040419,1965.623542612267,1338.484620959582,-12184.17631903778,-24894.87014131815,7130.052088348826,-6092.088159518888,-6092.088159518888,-23363.60035599317,-25966.9754004296,6520.46119735415,8186.016963279074,0,0,0,1.539535136156243,0.6222491539426789,85.1275,86.36449057939448,83.24786078264026,101325,109521.3965971366,89802.44714147809,155993.3976710313,63049.39552324193,-25.45328699389587,-59.88252140507227,26.86282624166117,-12.72664349694793,-12.72664349694793,-54.26039658339575,-63.81880333688171,23.35876383928222,32.93274439683289,0,0,0,368,1,1,1,1,1,1,1,1,1,1,0.5,0.5,0.4118136038073375,0.5881863961926626,0.6340015126085223,0.3659984873914776,0.6030999316368191,0.4588059087838831,0.5411940912161171,0.3724726172990518,0.6275273827009482,0.5949029042945627,0.4050970957054373,0.6118635971252712,0.3881364028747289,0.3969000683631809,100,-12184.17631903778,101325,-25.45328699389587,368,0.5,0.5,0.4118136038073375,0.5881863961926626,0.6340015126085223,0.3659984873914776,0.3969000683631809,100,-12184.17631903778,101325,-25.45328699389587,368,0.5,0.5,0.4118136038073375,0.5881863961926626,0.6340015126085223,0.3659984873914776,0.3969000683631809
0.634,146.1957090661339,167.8855917603916,113.2373706509648,73.09785453306694,73.09785453306694,153.1397420816477,178.2097705185411,103.8552737738388,129.4895241883515,0,0,0,100,60.30999316368191,39.69000683631809,50,50,24.83647563033173,35.47351753335018,25.16352436966826,14.52648246664983,8512.75,5208.641836428152,3304.108163571849,3905.7,4607.05,1940.076457387733,3268.565379040419,1965.623542612267,1338.484620959582,-12184.17631903778,-24894.87014131815,7130.052088348826,-6092.088159518888,-6092.088159518888,-23363.60035599317,-25966.9754004296,6520.46119735415,8186.016963279074,0,0,0,1.539535136156243,0.6222491539426789,85.1275,86.36449057939448,83.24786078264026,101325,109521.3965971366,89802.44714147809,155993.3976710313,63049.39552324193,-25.45328699389587,-59.88252140507227,26.86282624166117,-12.72664349694793,-12.72664349694793,-54.26039658339575,-63.81880333688171,23.35876383928222,32.93274439683289,0,0,0,368,1,1,1,1,1,1,1,1,1,1,0.5,0.5,0.4118136038073375,0.5881863961926626,0.6340015126085223,0.3659984873914776,0.6030999316368191,0.4588059087838831,0.5411940912161171,0.3724726172990518,0.6275273827009482,0.5949029042945627,0.4050970957054373,0.6118635971252712,0.3881364028747289,0.3969000683631809,100,-12184.17631903778,101325,-25.45328699389587,368,0.5,0.5,0.4118136038073375,0.5881863961926626,0.6340015126085223,0.3659984873914776,0.3969000683631809,100,-12184.17631903778,101325,-25.45328699389587,368,0.5,0.5,0.4118136038073375,0.5881863961926626,0.6340015126085223,0.3659984873914776,0.3969000683631809
0.636,146.1957090661339,167.8855917603916,113.2373706509648,73.09785453306694,73.09785453306694,153.1397420816477,178.2097705185411,103.8552737738388,129.4895241883515,0,0,0,100,60.30999316368191,39.69000683631809,50,50,24.83647563033173,35.47351753335018,25.16352436966826,14.52648246664983,8512.75,5208.641836428152,3304.108163571849,3905.7,4607.05,1940.076457387733,3268.565379040419,1965.623542612267,1338.484620959582,-12184.17631903778,-24894.87014131815,7130.052088348826,-6092.088159518888,-6092.088159518888,-23363.60035599317,-25966.9754004296,6520.46119735415,8186.016963279074,0,0,0,1.539535136156243,0.6222491539426789,85.1275,86.36449057939448,83.24786078264026,101325,109521.3965971366,89802.44714147809,155993.3976710313,63049.39552324193,-25.45328699389587,-59.88252140507227,26.86282624166117,-12.72664349694793,-12.72664349694793,-54.26039658339575,-63.81880333688171,23.35876383928222,32.93274439683289,0,0,0,368,1,1,1,1,1,1,1,1,1,1,0.5,0.5,0.4118136038073375,0.5881863961926626,0.6340015126085223,0.3659984873914776,0.6030999316368191,0.4588059087838831,0.5411940912161171,0.3724726172990518,0.6275273827009482,0.5949029042945627,0.4050970957054373,0.6118635971252712,0.3881364028747289,0.3969000683631809,100,-12184.17631903778,101325,-25.45328699389587,368,0.5,0.5,0.4118136038073375,0.5881863961926626,0.6340015126085223,0.3659984873914776,0.3969000683631809,100,-12184.17631903778,101325,-25.45328699389587,368,0.5,0.5,0.4118136038073375,0.5881863961926626,0.6340015126085223,0.3659984873914776,0.3969000683631809
0.638,146.1957090661339,167.8855917603916,113.2373706509648,73.09785453306694,73.09785453306694,153.1397420816477,178.2097705185411,103.8552737738388,129.4895241883515,0,0,0,100,60.30999316368191,39.69000683631809,50,50,24.83647563033173,35.47351753335018,25.16352436966826,14.52648246664983,8512.75,5208.641836428152,3304.108163571849,3905.7,4607.05,1940.076457387733,3268.565379040419,1965.623542612267,1338.484620959582,-12184.17631903778,-24894.87014131815,7130.052088348826,-6092.088159518888,-6092.088159518888,-23363.60035599317,-25966.9754004296,6520.46119735415,8186.016963279074,0,0,0,1.539535136156243,0.6222491539426789,85.1275,86.36449057939448,83.24786078264026,101325,109521.3965971366,89802.44714147809,155993.3976710313,63049.39552324193,-25.45328699389587,-59.88252140507227,26.86282624166117,-12.72664349694793,-12.72664349694793,-54.26039658339575,-63.81880333688171,23.35876383928222,32.93274439683289,0,0,0,368,1,1,1,1,1,1,1,1,1,1,0.5,0.5,0.4118136038073375,0.5881863961926626,0.6340015126085223,0.3659984873914776,0.6030999316368191,0.4588059087838831,0.5411940912161171,0.3724726172990518,0.6275273827009482,0.5949029042945627,0.4050970957054373,0.6118635971252712,0.3881364028747289,0.3969000683631809,100,-12184.17631903778,101325,-25.45328699389587,368,0.5,0.5,0.4118136038073375,0.5881863961926626,0.6340015126085223,0.3659984873914776,0.3969000683631809,100,-12184.17631903778,101325,-25.45328699389587,368,0.5,0.5,0.4118136038073375,0.5881863961926626,0.6340015126085223,0.3659984873914776,0.3969000683631809
0.64,146.1957090661339,167.8855917603916,113.2373706509648,73.09785453306694,73.09785453306694,153.1397420816477,178.2097705185411,103.8552737738388,129.4895241883515,0,0,0,100,60.30999316368191,39.69000683631809,50,50,24.83647563033173,35.47351753335018,25.16352436966826,14.52648246664983,8512.75,5208.641836428152,3304.108163571849,3905.7,4607.05,1940.076457387733,3268.565379040419,1965.623542612267,1338.484620959582,-12184.17631903778,-24894.87014131815,7130.052088348826,-6092.088159518888,-6092.088159518888,-23363.60035599317,-25966.9754004296,6520.46119735415,8186.016963279074,0,0,0,1.539535136156243,0.6222491539426789,85.1275,86.36449057939448,83.24786078264026,101325,109521.3965971366,89802.44714147809,155993.3976710313,63049.39552324193,-25.45328699389587,-59.88252140507227,26.86282624166117,-12.72664349694793,-12.72664349694793,-54.26039658339575,-63.81880333688171,23.35876383928222,32.93274439683289,0,0,0,368,1,1,1,1,1,1,1,1,1,1,0.5,0.5,0.4118136038073375,0.5881863961926626,0.6340015126085223,0.3659984873914776,0.6030999316368191,0.4588059087838831,0.5411940912161171,0.3724726172990518,0.6275273827009482,0.5949029042945627,0.4050970957054373,0.6118635971252712,0.3881364028747289,0.3969000683631809,100,-12184.17631903778,101325,-25.45328699389587,368,0.5,0.5,0.4118136038073375,0.5881863961926626,0.6340015126085223,0.3659984873914776,0.3969000683631809,100,-12184.17631903778,101325,-25.45328699389587,368,0.5,0.5,0.4118136038073375,0.5881863961926626,0.6340015126085223,0.3659984873914776,0.3969000683631809
0.642,146.1957090661339,167.8855917603916,113.2373706509648,73.09785453306694,73.09785453306694,153.1397420816477,178.2097705185411,103.8552737738388,129.4895241883515,0,0,0,100,60.30999316368191,39.69000683631809,50,50,24.83647563033173,35.47351753335018,25.16352436966826,14.52648246664983,8512.75,5208.641836428152,3304.108163571849,3905.7,4607.05,1940.076457387733,3268.565379040419,1965.623542612267,1338.484620959582,-12184.17631903778,-24894.87014131815,7130.052088348826,-6092.088159518888,-6092.088159518888,-23363.60035599317,-25966.9754004296,6520.46119735415,8186.016963279074,0,0,0,1.539535136156243,0.6222491539426789,85.1275,86.36449057939448,83.24786078264026,101325,109521.3965971366,89802.44714147809,155993.3976710313,63049.39552324193,-25.45328699389587,-59.88252140507227,26.86282624166117,-12.72664349694793,-12.72664349694793,-54.26039658339575,-63.81880333688171,23.35876383928222,32.93274439683289,0,0,0,368,1,1,1,1,1,1,1,1,1,1,0.5,0.5,0.4118136038073375,0.5881863961926626,0.6340015126085223,0.3659984873914776,0.6030999316368191,0.4588059087838831,0.5411940912161171,0.3724726172990518,0.6275273827009482,0.5949029042945627,0.4050970957054373,0.6118635971252712,0.3881364028747289,0.3969000683631809,100,-12184.17631903778,101325,-25.45328699389587,368,0.5,0.5,0.4118136038073375,0.5881863961926626,0.6340015126085223,0.3659984873914776,0.3969000683631809,100,-12184.17631903778,101325,-25.45328699389587,368,0.5,0.5,0.4118136038073375,0.5881863961926626,0.6340015126085223,0.3659984873914776,0.3969000683631809
0.644,146.1957090661339,167.8855917603916,113.2373706509648,73.09785453306694,73.09785453306694,153.1397420816477,178.2097705185411,103.8552737738388,129.4895241883515,0,0,0,100,60.30999316368191,39.69000683631809,50,50,24.83647563033173,35.47351753335018,25.16352436966826,14.52648246664983,8512.75,5208.641836428152,3304.108163571849,3905.7,4607.05,1940.076457387733,3268.565379040419,1965.623542612267,1338.484620959582,-12184.17631903778,-24894.87014131815,7130.052088348826,-6092.088159518888,-6092.088159518888,-23363.60035599317,-25966.9754004296,6520.46119735415,8186.016963279074,0,0,0,1.539535136156243,0.6222491539426789,85.1275,86.36449057939448,83.24786078264026,101325,109521.3965971366,89802.44714147809,155993.3976710313,63049.39552324193,-25.45328699389587,-59.88252140507227,26.86282624166117,-12.72664349694793,-12.72664349694793,-54.26039658339575,-63.81880333688171,23.35876383928222,32.93274439683289,0,0,0,368,1,1,1,1,1,1,1,1,1,1,0.5,0.5,0.4118136038073375,0.5881863961926626,0.6340015126085223,0.3659984873914776,0.6030999316368191,0.4588059087838831,0.5411940912161171,0.3724726172990518,0.6275273827009482,0.5949029042945627,0.4050970957054373,0.6118635971252712,0.3881364028747289,0.3969000683631809,100,-12184.17631903778,101325,-25.45328699389587,368,0.5,0.5,0.4118136038073375,0.5881863961926626,0.6340015126085223,0.3659984873914776,0.3969000683631809,100,-12184.17631903778,101325,-25.45328699389587,368,0.5,0.5,0.4118136038073375,0.5881863961926626,0.6340015126085223,0.3659984873914776,0.3969000683631809
0.646,146.1957090661339,167.8855917603916,113.2373706509648,73.09785453306694,73.09785453306694,153.1397420816477,178.2097705185411,103.8552737738388,129.4895241883515,0,0,0,100,60.30999316368191,39.69000683631809,50,50,24.83647563033173,35.47351753335018,25.16352436966826,14.52648246664983,8512.75,5208.641836428152,3304.108163571849,3905.7,4607.05,1940.076457387733,3268.565379040419,1965.623542612267,1338.484620959582,-12184.17631903778,-24894.87014131815,7130.052088348826,-6092.088159518888,-6092.088159518888,-23363.60035599317,-25966.9754004296,6520.46119735415,8186.016963279074,0,0,0,1.539535136156243,0.6222491539426789,85.1275,86.36449057939448,83.24786078264026,101325,109521.3965971366,89802.44714147809,155993.3976710313,63049.39552324193,-25.45328699389587,-59.88252140507227,26.86282624166117,-12.72664349694793,-12.72664349694793,-54.26039658339575,-63.81880333688171,23.35876383928222,32.93274439683289,0,0,0,368,1,1,1,1,1,1,1,1,1,1,0.5,0.5,0.4118136038073375,0.5881863961926626,0.6340015126085223,0.3659984873914776,0.6030999316368191,0.4588059087838831,0.5411940912161171,0.3724726172990518,0.6275273827009482,0.5949029042945627,0.4050970957054373,0.6118635971252712,0.3881364028747289,0.3969000683631809,100,-12184.17631903778,101325,-25.45328699389587,368,0.5,0.5,0.4118136038073375,0.5881863961926626,0.6340015126085223,0.3659984873914776,0.3969000683631809,100,-12184.17631903778,101325,-25.45328699389587,368,0.5,0.5,0.4118136038073375,0.5881863961926626,0.6340015126085223,0.3659984873914776,0.3969000683631809
0.648,146.1957090661339,167.8855917603916,113.2373706509648,73.09785453306694,73.09785453306694,153.1397420816477,178.2097705185411,103.8552737738388,129.4895241883515,0,0,0,100,60.30999316368191,39.69000683631809,50,50,24.83647563033173,35.47351753335018,25.16352436966826,14.52648246664983,8512.75,5208.641836428152,3304.108163571849,3905.7,4607.05,1940.076457387733,3268.565379040419,1965.623542612267,1338.484620959582,-12184.17631903778,-24894.87014131815,7130.052088348826,-6092.088159518888,-6092.088159518888,-23363.60035599317,-25966.9754004296,6520.46119735415,8186.016963279074,0,0,0,1.539535136156243,0.6222491539426789,85.1275,86.36449057939448,83.24786078264026,101325,109521.3965971366,89802.44714147809,155993.3976710313,63049.39552324193,-25.45328699389587,-59.88252140507227,26.86282624166117,-12.72664349694793,-12.72664349694793,-54.26039658339575,-63.81880333688171,23.35876383928222,32.93274439683289,0,0,0,368,1,1,1,1,1,1,1,1,1,1,0.5,0.5,0.4118136038073375,0.5881863961926626,0.6340015126085223,0.3659984873914776,0.6030999316368191,0.4588059087838831,0.5411940912161171,0.3724726172990518,0.6275273827009482,0.5949029042945627,0.4050970957054373,0.6118635971252712,0.3881364028747289,0.3969000683631809,100,-12184.17631903778,101325,-25.45328699389587,368,0.5,0.5,0.4118136038073375,0.5881863961926626,0.6340015126085223,0.3659984873914776,0.3969000683631809,100,-12184.17631903778,101325,-25.45328699389587,368,0.5,0.5,0.4118136038073375,0.5881863961926626,0.6340015126085223,0.3659984873914776,0.3969000683631809
0.65,146.1957090661339,167.8855917603916,113.2373706509648,73.09785453306694,73.09785453306694,153.1397420816477,178.2097705185411,103.8552737738388,129.4895241883515,0,0,0,100,60.30999316368191,39.69000683631809,50,50,24.83647563033173,35.47351753335018,25.16352436966826,14.52648246664983,8512.75,5208.641836428152,3304.108163571849,3905.7,4607.05,1940.076457387733,3268.565379040419,1965.623542612267,1338.484620959582,-12184.17631903778,-24894.87014131815,7130.052088348826,-6092.088159518888,-6092.088159518888,-23363.60035599317,-25966.9754004296,6520.46119735415,8186.016963279074,0,0,0,1.539535136156243,0.6222491539426789,85.1275,86.36449057939448,83.24786078264026,101325,109521.3965971366,89802.44714147809,155993.3976710313,63049.39552324193,-25.45328699389587,-59.88252140507227,26.86282624166117,-12.72664349694793,-12.72664349694793,-54.26039658339575,-63.81880333688171,23.35876383928222,32.93274439683289,0,0,0,368,1,1,1,1,1,1,1,1,1,1,0.5,0.5,0.4118136038073375,0.5881863961926626,0.6340015126085223,0.3659984873914776,0.6030999316368191,0.4588059087838831,0.5411940912161171,0.3724726172990518,0.6275273827009482,0.5949029042945627,0.4050970957054373,0.6118635971252712,0.3881364028747289,0.3969000683631809,100,-12184.17631903778,101325,-25.45328699389587,368,0.5,0.5,0.4118136038073375,0.5881863961926626,0.6340015126085223,0.3659984873914776,0.3969000683631809,100,-12184.17631903778,101325,-25.45328699389587,368,0.5,0.5,0.4118136038073375,0.5881863961926626,0.6340015126085223,0.3659984873914776,0.3969000683631809
0.652,146.1957090661339,167.8855917603916,113.2373706509648,73.09785453306694,73.09785453306694,153.1397420816477,178.2097705185411,103.8552737738388,129.4895241883515,0,0,0,100,60.30999316368191,39.69000683631809,50,50,24.83647563033173,35.47351753335018,25.16352436966826,14.52648246664983,8512.75,5208.641836428152,3304.108163571849,3905.7,4607.05,1940.076457387733,3268.565379040419,1965.623542612267,1338.484620959582,-12184.17631903778,-24894.87014131815,7130.052088348826,-6092.088159518888,-6092.088159518888,-23363.60035599317,-25966.9754004296,6520.46119735415,8186.016963279074,0,0,0,1.539535136156243,0.6222491539426789,85.1275,86.36449057939448,83.24786078264026,101325,109521.3965971366,89802.44714147809,155993.3976710313,63049.39552324193,-25.45328699389587,-59.88252140507227,26.86282624166117,-12.72664349694793,-12.72664349694793,-54.26039658339575,-63.81880333688171,23.35876383928222,32.93274439683289,0,0,0,368,1,1,1,1,1,1,1,1,1,1,0.5,0.5,0.4118136038073375,0.5881863961926626,0.6340015126085223,0.3659984873914776,0.6030999316368191,0.4588059087838831,0.5411940912161171,0.3724726172990518,0.6275273827009482,0.5949029042945627,0.4050970957054373,0.6118635971252712,0.3881364028747289,0.3969000683631809,100,-12184.17631903778,101325,-25.45328699389587,368,0.5,0.5,0.4118136038073375,0.5881863961926626,0.6340015126085223,0.3659984873914776,0.3969000683631809,100,-12184.17631903778,101325,-25.45328699389587,368,0.5,0.5,0.4118136038073375,0.5881863961926626,0.6340015126085223,0.3659984873914776,0.3969000683631809
0.654,146.1957090661339,167.8855917603916,113.2373706509648,73.09785453306694,73.09785453306694,153.1397420816477,178.2097705185411,103.8552737738388,129.4895241883515,0,0,0,100,60.30999316368191,39.69000683631809,50,50,24.83647563033173,35.47351753335018,25.16352436966826,14.52648246664983,8512.75,5208.641836428152,3304.108163571849,3905.7,4607.05,1940.076457387733,3268.565379040419,1965.623542612267,1338.484620959582,-12184.17631903778,-24894.87014131815,7130.052088348826,-6092.088159518888,-6092.088159518888,-23363.60035599317,-25966.9754004296,6520.46119735415,8186.016963279074,0,0,0,1.539535136156243,0.6222491539426789,85.1275,86.36449057939448,83.24786078264026,101325,109521.3965971366,89802.44714147809,155993.3976710313,63049.39552324193,-25.45328699389587,-59.88252140507227,26.86282624166117,-12.72664349694793,-12.72664349694793,-54.26039658339575,-63.81880333688171,23.35876383928222,32.93274439683289,0,0,0,368,1,1,1,1,1,1,1,1,1,1,0.5,0.5,0.4118136038073375,0.5881863961926626,0.6340015126085223,0.3659984873914776,0.6030999316368191,0.4588059087838831,0.5411940912161171,0.3724726172990518,0.6275273827009482,0.5949029042945627,0.4050970957054373,0.6118635971252712,0.3881364028747289,0.3969000683631809,100,-12184.17631903778,101325,-25.45328699389587,368,0.5,0.5,0.4118136038073375,0.5881863961926626,0.6340015126085223,0.3659984873914776,0.3969000683631809,100,-12184.17631903778,101325,-25.45328699389587,368,0.5,0.5,0.4118136038073375,0.5881863961926626,0.6340015126085223,0.3659984873914776,0.3969000683631809
0.656,146.1957090661339,167.8855917603916,113.2373706509648,73.09785453306694,73.09785453306694,153.1397420816477,178.2097705185411,103.8552737738388,129.4895241883515,0,0,0,100,60.30999316368191,39.69000683631809,50,50,24.83647563033173,35.47351753335018,25.16352436966826,14.52648246664983,8512.75,5208.641836428152,3304.108163571849,3905.7,4607.05,1940.076457387733,3268.565379040419,1965.623542612267,1338.484620959582,-12184.17631903778,-24894.87014131815,7130.052088348826,-6092.088159518888,-6092.088159518888,-23363.60035599317,-25966.9754004296,6520.46119735415,8186.016963279074,0,0,0,1.539535136156243,0.6222491539426789,85.1275,86.36449057939448,83.24786078264026,101325,109521.3965971366,89802.44714147809,155993.3976710313,63049.39552324193,-25.45328699389587,-59.88252140507227,26.86282624166117,-12.72664349694793,-12.72664349694793,-54.26039658339575,-63.81880333688171,23.35876383928222,32.93274439683289,0,0,0,368,1,1,1,1,1,1,1,1,1,1,0.5,0.5,0.4118136038073375,0.5881863961926626,0.6340015126085223,0.3659984873914776,0.6030999316368191,0.4588059087838831,0.5411940912161171,0.3724726172990518,0.6275273827009482,0.5949029042945627,0.4050970957054373,0.6118635971252712,0.3881364028747289,0.3969000683631809,100,-12184.17631903778,101325,-25.45328699389587,368,0.5,0.5,0.4118136038073375,0.5881863961926626,0.6340015126085223,0.3659984873914776,0.3969000683631809,100,-12184.17631903778,101325,-25.45328699389587,368,0.5,0.5,0.4118136038073375,0.5881863961926626,0.6340015126085223,0.3659984873914776,0.3969000683631809
0.658,146.1957090661339,167.8855917603916,113.2373706509648,73.09785453306694,73.09785453306694,153.1397420816477,178.2097705185411,103.8552737738388,129.4895241883515,0,0,0,100,60.30999316368191,39.69000683631809,50,50,24.83647563033173,35.47351753335018,25.16352436966826,14.52648246664983,8512.75,5208.641836428152,3304.108163571849,3905.7,4607.05,1940.076457387733,3268.565379040419,1965.623542612267,1338.484620959582,-12184.17631903778,-24894.87014131815,7130.052088348826,-6092.088159518888,-6092.088159518888,-23363.60035599317,-25966.9754004296,6520.46119735415,8186.016963279074,0,0,0,1.539535136156243,0.6222491539426789,85.1275,86.36449057939448,83.24786078264026,101325,109521.3965971366,89802.44714147809,155993.3976710313,63049.39552324193,-25.45328699389587,-59.88252140507227,26.86282624166117,-12.72664349694793,-12.72664349694793,-54.26039658339575,-63.81880333688171,23.35876383928222,32.93274439683289,0,0,0,368,1,1,1,1,1,1,1,1,1,1,0.5,0.5,0.4118136038073375,0.5881863961926626,0.6340015126085223,0.3659984873914776,0.6030999316368191,0.4588059087838831,0.5411940912161171,0.3724726172990518,0.6275273827009482,0.5949029042945627,0.4050970957054373,0.6118635971252712,0.3881364028747289,0.3969000683631809,100,-12184.17631903778,101325,-25.45328699389587,368,0.5,0.5,0.4118136038073375,0.5881863961926626,0.6340015126085223,0.3659984873914776,0.3969000683631809,100,-12184.17631903778,101325,-25.45328699389587,368,0.5,0.5,0.4118136038073375,0.5881863961926626,0.6340015126085223,0.3659984873914776,0.3969000683631809
0.66,146.1957090661339,167.8855917603916,113.2373706509648,73.09785453306694,73.09785453306694,153.1397420816477,178.2097705185411,103.8552737738388,129.4895241883515,0,0,0,100,60.30999316368191,39.69000683631809,50,50,24.83647563033173,35.47351753335018,25.16352436966826,14.52648246664983,8512.75,5208.641836428152,3304.108163571849,3905.7,4607.05,1940.076457387733,3268.565379040419,1965.623542612267,1338.484620959582,-12184.17631903778,-24894.87014131815,7130.052088348826,-6092.088159518888,-6092.088159518888,-23363.60035599317,-25966.9754004296,6520.46119735415,8186.016963279074,0,0,0,1.539535136156243,0.6222491539426789,85.1275,86.36449057939448,83.24786078264026,101325,109521.3965971366,89802.44714147809,155993.3976710313,63049.39552324193,-25.45328699389587,-59.88252140507227,26.86282624166117,-12.72664349694793,-12.72664349694793,-54.26039658339575,-63.81880333688171,23.35876383928222,32.93274439683289,0,0,0,368,1,1,1,1,1,1,1,1,1,1,0.5,0.5,0.4118136038073375,0.5881863961926626,0.6340015126085223,0.3659984873914776,0.6030999316368191,0.4588059087838831,0.5411940912161171,0.3724726172990518,0.6275273827009482,0.5949029042945627,0.4050970957054373,0.6118635971252712,0.3881364028747289,0.3969000683631809,100,-12184.17631903778,101325,-25.45328699389587,368,0.5,0.5,0.4118136038073375,0.5881863961926626,0.6340015126085223,0.3659984873914776,0.3969000683631809,100,-12184.17631903778,101325,-25.45328699389587,368,0.5,0.5,0.4118136038073375,0.5881863961926626,0.6340015126085223,0.3659984873914776,0.3969000683631809
0.662,146.1957090661339,167.8855917603916,113.2373706509648,73.09785453306694,73.09785453306694,153.1397420816477,178.2097705185411,103.8552737738388,129.4895241883515,0,0,0,100,60.30999316368191,39.69000683631809,50,50,24.83647563033173,35.47351753335018,25.16352436966826,14.52648246664983,8512.75,5208.641836428152,3304.108163571849,3905.7,4607.05,1940.076457387733,3268.565379040419,1965.623542612267,1338.484620959582,-12184.17631903778,-24894.87014131815,7130.052088348826,-6092.088159518888,-6092.088159518888,-23363.60035599317,-25966.9754004296,6520.46119735415,8186.016963279074,0,0,0,1.539535136156243,0.6222491539426789,85.1275,86.36449057939448,83.24786078264026,101325,109521.3965971366,89802.44714147809,155993.3976710313,63049.39552324193,-25.45328699389587,-59.88252140507227,26.86282624166117,-12.72664349694793,-12.72664349694793,-54.26039658339575,-63.81880333688171,23.35876383928222,32.93274439683289,0,0,0,368,1,1,1,1,1,1,1,1,1,1,0.5,0.5,0.4118136038073375,0.5881863961926626,0.6340015126085223,0.3659984873914776,0.6030999316368191,0.4588059087838831,0.5411940912161171,0.3724726172990518,0.6275273827009482,0.5949029042945627,0.4050970957054373,0.6118635971252712,0.3881364028747289,0.3969000683631809,100,-12184.17631903778,101325,-25.45328699389587,368,0.5,0.5,0.4118136038073375,0.5881863961926626,0.6340015126085223,0.3659984873914776,0.3969000683631809,100,-12184.17631903778,101325,-25.45328699389587,368,0.5,0.5,0.4118136038073375,0.5881863961926626,0.6340015126085223,0.3659984873914776,0.3969000683631809
0.664,146.1957090661339,167.8855917603916,113.2373706509648,73.09785453306694,73.09785453306694,153.1397420816477,178.2097705185411,103.8552737738388,129.4895241883515,0,0,0,100,60.30999316368191,39.69000683631809,50,50,24.83647563033173,35.47351753335018,25.16352436966826,14.52648246664983,8512.75,5208.641836428152,3304.108163571849,3905.7,4607.05,1940.076457387733,3268.565379040419,1965.623542612267,1338.484620959582,-12184.17631903778,-24894.87014131815,7130.052088348826,-6092.088159518888,-6092.088159518888,-23363.60035599317,-25966.9754004296,6520.46119735415,8186.016963279074,0,0,0,1.539535136156243,0.6222491539426789,85.1275,86.36449057939448,83.24786078264026,101325,109521.3965971366,89802.44714147809,155993.3976710313,63049.39552324193,-25.45328699389587,-59.88252140507227,26.86282624166117,-12.72664349694793,-12.72664349694793,-54.26039658339575,-63.81880333688171,23.35876383928222,32.93274439683289,0,0,0,368,1,1,1,1,1,1,1,1,1,1,0.5,0.5,0.4118136038073375,0.5881863961926626,0.6340015126085223,0.3659984873914776,0.6030999316368191,0.4588059087838831,0.5411940912161171,0.3724726172990518,0.6275273827009482,0.5949029042945627,0.4050970957054373,0.6118635971252712,0.3881364028747289,0.3969000683631809,100,-12184.17631903778,101325,-25.45328699389587,368,0.5,0.5,0.4118136038073375,0.5881863961926626,0.6340015126085223,0.3659984873914776,0.3969000683631809,100,-12184.17631903778,101325,-25.45328699389587,368,0.5,0.5,0.4118136038073375,0.5881863961926626,0.6340015126085223,0.3659984873914776,0.3969000683631809
0.666,146.1957090661339,167.8855917603916,113.2373706509648,73.09785453306694,73.09785453306694,153.1397420816477,178.2097705185411,103.8552737738388,129.4895241883515,0,0,0,100,60.30999316368191,39.69000683631809,50,50,24.83647563033173,35.47351753335018,25.16352436966826,14.52648246664983,8512.75,5208.641836428152,3304.108163571849,3905.7,4607.05,1940.076457387733,3268.565379040419,1965.623542612267,1338.484620959582,-12184.17631903778,-24894.87014131815,7130.052088348826,-6092.088159518888,-6092.088159518888,-23363.60035599317,-25966.9754004296,6520.46119735415,8186.016963279074,0,0,0,1.539535136156243,0.6222491539426789,85.1275,86.36449057939448,83.24786078264026,101325,109521.3965971366,89802.44714147809,155993.3976710313,63049.39552324193,-25.45328699389587,-59.88252140507227,26.86282624166117,-12.72664349694793,-12.72664349694793,-54.26039658339575,-63.81880333688171,23.35876383928222,32.93274439683289,0,0,0,368,1,1,1,1,1,1,1,1,1,1,0.5,0.5,0.4118136038073375,0.5881863961926626,0.6340015126085223,0.3659984873914776,0.6030999316368191,0.4588059087838831,0.5411940912161171,0.3724726172990518,0.6275273827009482,0.5949029042945627,0.4050970957054373,0.6118635971252712,0.3881364028747289,0.3969000683631809,100,-12184.17631903778,101325,-25.45328699389587,368,0.5,0.5,0.4118136038073375,0.5881863961926626,0.6340015126085223,0.3659984873914776,0.3969000683631809,100,-12184.17631903778,101325,-25.45328699389587,368,0.5,0.5,0.4118136038073375,0.5881863961926626,0.6340015126085223,0.3659984873914776,0.3969000683631809
0.668,146.1957090661339,167.8855917603916,113.2373706509648,73.09785453306694,73.09785453306694,153.1397420816477,178.2097705185411,103.8552737738388,129.4895241883515,0,0,0,100,60.30999316368191,39.69000683631809,50,50,24.83647563033173,35.47351753335018,25.16352436966826,14.52648246664983,8512.75,5208.641836428152,3304.108163571849,3905.7,4607.05,1940.076457387733,3268.565379040419,1965.623542612267,1338.484620959582,-12184.17631903778,-24894.87014131815,7130.052088348826,-6092.088159518888,-6092.088159518888,-23363.60035599317,-25966.9754004296,6520.46119735415,8186.016963279074,0,0,0,1.539535136156243,0.6222491539426789,85.1275,86.36449057939448,83.24786078264026,101325,109521.3965971366,89802.44714147809,155993.3976710313,63049.39552324193,-25.45328699389587,-59.88252140507227,26.86282624166117,-12.72664349694793,-12.72664349694793,-54.26039658339575,-63.81880333688171,23.35876383928222,32.93274439683289,0,0,0,368,1,1,1,1,1,1,1,1,1,1,0.5,0.5,0.4118136038073375,0.5881863961926626,0.6340015126085223,0.3659984873914776,0.6030999316368191,0.4588059087838831,0.5411940912161171,0.3724726172990518,0.6275273827009482,0.5949029042945627,0.4050970957054373,0.6118635971252712,0.3881364028747289,0.3969000683631809,100,-12184.17631903778,101325,-25.45328699389587,368,0.5,0.5,0.4118136038073375,0.5881863961926626,0.6340015126085223,0.3659984873914776,0.3969000683631809,100,-12184.17631903778,101325,-25.45328699389587,368,0.5,0.5,0.4118136038073375,0.5881863961926626,0.6340015126085223,0.3659984873914776,0.3969000683631809
0.67,146.1957090661339,167.8855917603916,113.2373706509648,73.09785453306694,73.09785453306694,153.1397420816477,178.2097705185411,103.8552737738388,129.4895241883515,0,0,0,100,60.30999316368191,39.69000683631809,50,50,24.83647563033173,35.47351753335018,25.16352436966826,14.52648246664983,8512.75,5208.641836428152,3304.108163571849,3905.7,4607.05,1940.076457387733,3268.565379040419,1965.623542612267,1338.484620959582,-12184.17631903778,-24894.87014131815,7130.052088348826,-6092.088159518888,-6092.088159518888,-23363.60035599317,-25966.9754004296,6520.46119735415,8186.016963279074,0,0,0,1.539535136156243,0.6222491539426789,85.1275,86.36449057939448,83.24786078264026,101325,109521.3965971366,89802.44714147809,155993.3976710313,63049.39552324193,-25.45328699389587,-59.88252140507227,26.86282624166117,-12.72664349694793,-12.72664349694793,-54.26039658339575,-63.81880333688171,23.35876383928222,32.93274439683289,0,0,0,368,1,1,1,1,1,1,1,1,1,1,0.5,0.5,0.4118136038073375,0.5881863961926626,0.6340015126085223,0.3659984873914776,0.6030999316368191,0.4588059087838831,0.5411940912161171,0.3724726172990518,0.6275273827009482,0.5949029042945627,0.4050970957054373,0.6118635971252712,0.3881364028747289,0.3969000683631809,100,-12184.17631903778,101325,-25.45328699389587,368,0.5,0.5,0.4118136038073375,0.5881863961926626,0.6340015126085223,0.3659984873914776,0.3969000683631809,100,-12184.17631903778,101325,-25.45328699389587,368,0.5,0.5,0.4118136038073375,0.5881863961926626,0.6340015126085223,0.3659984873914776,0.3969000683631809
0.672,146.1957090661339,167.8855917603916,113.2373706509648,73.09785453306694,73.09785453306694,153.1397420816477,178.2097705185411,103.8552737738388,129.4895241883515,0,0,0,100,60.30999316368191,39.69000683631809,50,50,24.83647563033173,35.47351753335018,25.16352436966826,14.52648246664983,8512.75,5208.641836428152,3304.108163571849,3905.7,4607.05,1940.076457387733,3268.565379040419,1965.623542612267,1338.484620959582,-12184.17631903778,-24894.87014131815,7130.052088348826,-6092.088159518888,-6092.088159518888,-23363.60035599317,-25966.9754004296,6520.46119735415,8186.016963279074,0,0,0,1.539535136156243,0.6222491539426789,85.1275,86.36449057939448,83.24786078264026,101325,109521.3965971366,89802.44714147809,155993.3976710313,63049.39552324193,-25.45328699389587,-59.88252140507227,26.86282624166117,-12.72664349694793,-12.72664349694793,-54.26039658339575,-63.81880333688171,23.35876383928222,32.93274439683289,0,0,0,368,1,1,1,1,1,1,1,1,1,1,0.5,0.5,0.4118136038073375,0.5881863961926626,0.6340015126085223,0.3659984873914776,0.6030999316368191,0.4588059087838831,0.5411940912161171,0.3724726172990518,0.6275273827009482,0.5949029042945627,0.4050970957054373,0.6118635971252712,0.3881364028747289,0.3969000683631809,100,-12184.17631903778,101325,-25.45328699389587,368,0.5,0.5,0.4118136038073375,0.5881863961926626,0.6340015126085223,0.3659984873914776,0.3969000683631809,100,-12184.17631903778,101325,-25.45328699389587,368,0.5,0.5,0.4118136038073375,0.5881863961926626,0.6340015126085223,0.3659984873914776,0.3969000683631809
0.674,146.1957090661339,167.8855917603916,113.2373706509648,73.09785453306694,73.09785453306694,153.1397420816477,178.2097705185411,103.8552737738388,129.4895241883515,0,0,0,100,60.30999316368191,39.69000683631809,50,50,24.83647563033173,35.47351753335018,25.16352436966826,14.52648246664983,8512.75,5208.641836428152,3304.108163571849,3905.7,4607.05,1940.076457387733,3268.565379040419,1965.623542612267,1338.484620959582,-12184.17631903778,-24894.87014131815,7130.052088348826,-6092.088159518888,-6092.088159518888,-23363.60035599317,-25966.9754004296,6520.46119735415,8186.016963279074,0,0,0,1.539535136156243,0.6222491539426789,85.1275,86.36449057939448,83.24786078264026,101325,109521.3965971366,89802.44714147809,155993.3976710313,63049.39552324193,-25.45328699389587,-59.88252140507227,26.86282624166117,-12.72664349694793,-12.72664349694793,-54.26039658339575,-63.81880333688171,23.35876383928222,32.93274439683289,0,0,0,368,1,1,1,1,1,1,1,1,1,1,0.5,0.5,0.4118136038073375,0.5881863961926626,0.6340015126085223,0.3659984873914776,0.6030999316368191,0.4588059087838831,0.5411940912161171,0.3724726172990518,0.6275273827009482,0.5949029042945627,0.4050970957054373,0.6118635971252712,0.3881364028747289,0.3969000683631809,100,-12184.17631903778,101325,-25.45328699389587,368,0.5,0.5,0.4118136038073375,0.5881863961926626,0.6340015126085223,0.3659984873914776,0.3969000683631809,100,-12184.17631903778,101325,-25.45328699389587,368,0.5,0.5,0.4118136038073375,0.5881863961926626,0.6340015126085223,0.3659984873914776,0.3969000683631809
0.676,146.1957090661339,167.8855917603916,113.2373706509648,73.09785453306694,73.09785453306694,153.1397420816477,178.2097705185411,103.8552737738388,129.4895241883515,0,0,0,100,60.30999316368191,39.69000683631809,50,50,24.83647563033173,35.47351753335018,25.16352436966826,14.52648246664983,8512.75,5208.641836428152,3304.108163571849,3905.7,4607.05,1940.076457387733,3268.565379040419,1965.623542612267,1338.484620959582,-12184.17631903778,-24894.87014131815,7130.052088348826,-6092.088159518888,-6092.088159518888,-23363.60035599317,-25966.9754004296,6520.46119735415,8186.016963279074,0,0,0,1.539535136156243,0.6222491539426789,85.1275,86.36449057939448,83.24786078264026,101325,109521.3965971366,89802.44714147809,155993.3976710313,63049.39552324193,-25.45328699389587,-59.88252140507227,26.86282624166117,-12.72664349694793,-12.72664349694793,-54.26039658339575,-63.81880333688171,23.35876383928222,32.93274439683289,0,0,0,368,1,1,1,1,1,1,1,1,1,1,0.5,0.5,0.4118136038073375,0.5881863961926626,0.6340015126085223,0.3659984873914776,0.6030999316368191,0.4588059087838831,0.5411940912161171,0.3724726172990518,0.6275273827009482,0.5949029042945627,0.4050970957054373,0.6118635971252712,0.3881364028747289,0.3969000683631809,100,-12184.17631903778,101325,-25.45328699389587,368,0.5,0.5,0.4118136038073375,0.5881863961926626,0.6340015126085223,0.3659984873914776,0.3969000683631809,100,-12184.17631903778,101325,-25.45328699389587,368,0.5,0.5,0.4118136038073375,0.5881863961926626,0.6340015126085223,0.3659984873914776,0.3969000683631809
0.678,146.1957090661339,167.8855917603916,113.2373706509648,73.09785453306694,73.09785453306694,153.1397420816477,178.2097705185411,103.8552737738388,129.4895241883515,0,0,0,100,60.30999316368191,39.69000683631809,50,50,24.83647563033173,35.47351753335018,25.16352436966826,14.52648246664983,8512.75,5208.641836428152,3304.108163571849,3905.7,4607.05,1940.076457387733,3268.565379040419,1965.623542612267,1338.484620959582,-12184.17631903778,-24894.87014131815,7130.052088348826,-6092.088159518888,-6092.088159518888,-23363.60035599317,-25966.9754004296,6520.46119735415,8186.016963279074,0,0,0,1.539535136156243,0.6222491539426789,85.1275,86.36449057939448,83.24786078264026,101325,109521.3965971366,89802.44714147809,155993.3976710313,63049.39552324193,-25.45328699389587,-59.88252140507227,26.86282624166117,-12.72664349694793,-12.72664349694793,-54.26039658339575,-63.81880333688171,23.35876383928222,32.93274439683289,0,0,0,368,1,1,1,1,1,1,1,1,1,1,0.5,0.5,0.4118136038073375,0.5881863961926626,0.6340015126085223,0.3659984873914776,0.6030999316368191,0.4588059087838831,0.5411940912161171,0.3724726172990518,0.6275273827009482,0.5949029042945627,0.4050970957054373,0.6118635971252712,0.3881364028747289,0.3969000683631809,100,-12184.17631903778,101325,-25.45328699389587,368,0.5,0.5,0.4118136038073375,0.5881863961926626,0.6340015126085223,0.3659984873914776,0.3969000683631809,100,-12184.17631903778,101325,-25.45328699389587,368,0.5,0.5,0.4118136038073375,0.5881863961926626,0.6340015126085223,0.3659984873914776,0.3969000683631809
0.68,146.1957090661339,167.8855917603916,113.2373706509648,73.09785453306694,73.09785453306694,153.1397420816477,178.2097705185411,103.8552737738388,129.4895241883515,0,0,0,100,60.30999316368191,39.69000683631809,50,50,24.83647563033173,35.47351753335018,25.16352436966826,14.52648246664983,8512.75,5208.641836428152,3304.108163571849,3905.7,4607.05,1940.076457387733,3268.565379040419,1965.623542612267,1338.484620959582,-12184.17631903778,-24894.87014131815,7130.052088348826,-6092.088159518888,-6092.088159518888,-23363.60035599317,-25966.9754004296,6520.46119735415,8186.016963279074,0,0,0,1.539535136156243,0.6222491539426789,85.1275,86.36449057939448,83.24786078264026,101325,109521.3965971366,89802.44714147809,155993.3976710313,63049.39552324193,-25.45328699389587,-59.88252140507227,26.86282624166117,-12.72664349694793,-12.72664349694793,-54.26039658339575,-63.81880333688171,23.35876383928222,32.93274439683289,0,0,0,368,1,1,1,1,1,1,1,1,1,1,0.5,0.5,0.4118136038073375,0.5881863961926626,0.6340015126085223,0.3659984873914776,0.6030999316368191,0.4588059087838831,0.5411940912161171,0.3724726172990518,0.6275273827009482,0.5949029042945627,0.4050970957054373,0.6118635971252712,0.3881364028747289,0.3969000683631809,100,-12184.17631903778,101325,-25.45328699389587,368,0.5,0.5,0.4118136038073375,0.5881863961926626,0.6340015126085223,0.3659984873914776,0.3969000683631809,100,-12184.17631903778,101325,-25.45328699389587,368,0.5,0.5,0.4118136038073375,0.5881863961926626,0.6340015126085223,0.3659984873914776,0.3969000683631809
0.6820000000000001,146.1957090661339,167.8855917603916,113.2373706509648,73.09785453306694,73.09785453306694,153.1397420816477,178.2097705185411,103.8552737738388,129.4895241883515,0,0,0,100,60.30999316368191,39.69000683631809,50,50,24.83647563033173,35.47351753335018,25.16352436966826,14.52648246664983,8512.75,5208.641836428152,3304.108163571849,3905.7,4607.05,1940.076457387733,3268.565379040419,1965.623542612267,1338.484620959582,-12184.17631903778,-24894.87014131815,7130.052088348826,-6092.088159518888,-6092.088159518888,-23363.60035599317,-25966.9754004296,6520.46119735415,8186.016963279074,0,0,0,1.539535136156243,0.6222491539426789,85.1275,86.36449057939448,83.24786078264026,101325,109521.3965971366,89802.44714147809,155993.3976710313,63049.39552324193,-25.45328699389587,-59.88252140507227,26.86282624166117,-12.72664349694793,-12.72664349694793,-54.26039658339575,-63.81880333688171,23.35876383928222,32.93274439683289,0,0,0,368,1,1,1,1,1,1,1,1,1,1,0.5,0.5,0.4118136038073375,0.5881863961926626,0.6340015126085223,0.3659984873914776,0.6030999316368191,0.4588059087838831,0.5411940912161171,0.3724726172990518,0.6275273827009482,0.5949029042945627,0.4050970957054373,0.6118635971252712,0.3881364028747289,0.3969000683631809,100,-12184.17631903778,101325,-25.45328699389587,368,0.5,0.5,0.4118136038073375,0.5881863961926626,0.6340015126085223,0.3659984873914776,0.3969000683631809,100,-12184.17631903778,101325,-25.45328699389587,368,0.5,0.5,0.4118136038073375,0.5881863961926626,0.6340015126085223,0.3659984873914776,0.3969000683631809
0.6840000000000001,146.1957090661339,167.8855917603916,113.2373706509648,73.09785453306694,73.09785453306694,153.1397420816477,178.2097705185411,103.8552737738388,129.4895241883515,0,0,0,100,60.30999316368191,39.69000683631809,50,50,24.83647563033173,35.47351753335018,25.16352436966826,14.52648246664983,8512.75,5208.641836428152,3304.108163571849,3905.7,4607.05,1940.076457387733,3268.565379040419,1965.623542612267,1338.484620959582,-12184.17631903778,-24894.87014131815,7130.052088348826,-6092.088159518888,-6092.088159518888,-23363.60035599317,-25966.9754004296,6520.46119735415,8186.016963279074,0,0,0,1.539535136156243,0.6222491539426789,85.1275,86.36449057939448,83.24786078264026,101325,109521.3965971366,89802.44714147809,155993.3976710313,63049.39552324193,-25.45328699389587,-59.88252140507227,26.86282624166117,-12.72664349694793,-12.72664349694793,-54.26039658339575,-63.81880333688171,23.35876383928222,32.93274439683289,0,0,0,368,1,1,1,1,1,1,1,1,1,1,0.5,0.5,0.4118136038073375,0.5881863961926626,0.6340015126085223,0.3659984873914776,0.6030999316368191,0.4588059087838831,0.5411940912161171,0.3724726172990518,0.6275273827009482,0.5949029042945627,0.4050970957054373,0.6118635971252712,0.3881364028747289,0.3969000683631809,100,-12184.17631903778,101325,-25.45328699389587,368,0.5,0.5,0.4118136038073375,0.5881863961926626,0.6340015126085223,0.3659984873914776,0.3969000683631809,100,-12184.17631903778,101325,-25.45328699389587,368,0.5,0.5,0.4118136038073375,0.5881863961926626,0.6340015126085223,0.3659984873914776,0.3969000683631809
0.6860000000000001,146.1957090661339,167.8855917603916,113.2373706509648,73.09785453306694,73.09785453306694,153.1397420816477,178.2097705185411,103.8552737738388,129.4895241883515,0,0,0,100,60.30999316368191,39.69000683631809,50,50,24.83647563033173,35.47351753335018,25.16352436966826,14.52648246664983,8512.75,5208.641836428152,3304.108163571849,3905.7,4607.05,1940.076457387733,3268.565379040419,1965.623542612267,1338.484620959582,-12184.17631903778,-24894.87014131815,7130.052088348826,-6092.088159518888,-6092.088159518888,-23363.60035599317,-25966.9754004296,6520.46119735415,8186.016963279074,0,0,0,1.539535136156243,0.6222491539426789,85.1275,86.36449057939448,83.24786078264026,101325,109521.3965971366,89802.44714147809,155993.3976710313,63049.39552324193,-25.45328699389587,-59.88252140507227,26.86282624166117,-12.72664349694793,-12.72664349694793,-54.26039658339575,-63.81880333688171,23.35876383928222,32.93274439683289,0,0,0,368,1,1,1,1,1,1,1,1,1,1,0.5,0.5,0.4118136038073375,0.5881863961926626,0.6340015126085223,0.3659984873914776,0.6030999316368191,0.4588059087838831,0.5411940912161171,0.3724726172990518,0.6275273827009482,0.5949029042945627,0.4050970957054373,0.6118635971252712,0.3881364028747289,0.3969000683631809,100,-12184.17631903778,101325,-25.45328699389587,368,0.5,0.5,0.4118136038073375,0.5881863961926626,0.6340015126085223,0.3659984873914776,0.3969000683631809,100,-12184.17631903778,101325,-25.45328699389587,368,0.5,0.5,0.4118136038073375,0.5881863961926626,0.6340015126085223,0.3659984873914776,0.3969000683631809
0.6879999999999999,146.1957090661339,167.8855917603916,113.2373706509648,73.09785453306694,73.09785453306694,153.1397420816477,178.2097705185411,103.8552737738388,129.4895241883515,0,0,0,100,60.30999316368191,39.69000683631809,50,50,24.83647563033173,35.47351753335018,25.16352436966826,14.52648246664983,8512.75,5208.641836428152,3304.108163571849,3905.7,4607.05,1940.076457387733,3268.565379040419,1965.623542612267,1338.484620959582,-12184.17631903778,-24894.87014131815,7130.052088348826,-6092.088159518888,-6092.088159518888,-23363.60035599317,-25966.9754004296,6520.46119735415,8186.016963279074,0,0,0,1.539535136156243,0.6222491539426789,85.1275,86.36449057939448,83.24786078264026,101325,109521.3965971366,89802.44714147809,155993.3976710313,63049.39552324193,-25.45328699389587,-59.88252140507227,26.86282624166117,-12.72664349694793,-12.72664349694793,-54.26039658339575,-63.81880333688171,23.35876383928222,32.93274439683289,0,0,0,368,1,1,1,1,1,1,1,1,1,1,0.5,0.5,0.4118136038073375,0.5881863961926626,0.6340015126085223,0.3659984873914776,0.6030999316368191,0.4588059087838831,0.5411940912161171,0.3724726172990518,0.6275273827009482,0.5949029042945627,0.4050970957054373,0.6118635971252712,0.3881364028747289,0.3969000683631809,100,-12184.17631903778,101325,-25.45328699389587,368,0.5,0.5,0.4118136038073375,0.5881863961926626,0.6340015126085223,0.3659984873914776,0.3969000683631809,100,-12184.17631903778,101325,-25.45328699389587,368,0.5,0.5,0.4118136038073375,0.5881863961926626,0.6340015126085223,0.3659984873914776,0.3969000683631809
0.6899999999999999,146.1957090661339,167.8855917603916,113.2373706509648,73.09785453306694,73.09785453306694,153.1397420816477,178.2097705185411,103.8552737738388,129.4895241883515,0,0,0,100,60.30999316368191,39.69000683631809,50,50,24.83647563033173,35.47351753335018,25.16352436966826,14.52648246664983,8512.75,5208.641836428152,3304.108163571849,3905.7,4607.05,1940.076457387733,3268.565379040419,1965.623542612267,1338.484620959582,-12184.17631903778,-24894.87014131815,7130.052088348826,-6092.088159518888,-6092.088159518888,-23363.60035599317,-25966.9754004296,6520.46119735415,8186.016963279074,0,0,0,1.539535136156243,0.6222491539426789,85.1275,86.36449057939448,83.24786078264026,101325,109521.3965971366,89802.44714147809,155993.3976710313,63049.39552324193,-25.45328699389587,-59.88252140507227,26.86282624166117,-12.72664349694793,-12.72664349694793,-54.26039658339575,-63.81880333688171,23.35876383928222,32.93274439683289,0,0,0,368,1,1,1,1,1,1,1,1,1,1,0.5,0.5,0.4118136038073375,0.5881863961926626,0.6340015126085223,0.3659984873914776,0.6030999316368191,0.4588059087838831,0.5411940912161171,0.3724726172990518,0.6275273827009482,0.5949029042945627,0.4050970957054373,0.6118635971252712,0.3881364028747289,0.3969000683631809,100,-12184.17631903778,101325,-25.45328699389587,368,0.5,0.5,0.4118136038073375,0.5881863961926626,0.6340015126085223,0.3659984873914776,0.3969000683631809,100,-12184.17631903778,101325,-25.45328699389587,368,0.5,0.5,0.4118136038073375,0.5881863961926626,0.6340015126085223,0.3659984873914776,0.3969000683631809
0.6919999999999999,146.1957090661339,167.8855917603916,113.2373706509648,73.09785453306694,73.09785453306694,153.1397420816477,178.2097705185411,103.8552737738388,129.4895241883515,0,0,0,100,60.30999316368191,39.69000683631809,50,50,24.83647563033173,35.47351753335018,25.16352436966826,14.52648246664983,8512.75,5208.641836428152,3304.108163571849,3905.7,4607.05,1940.076457387733,3268.565379040419,1965.623542612267,1338.484620959582,-12184.17631903778,-24894.87014131815,7130.052088348826,-6092.088159518888,-6092.088159518888,-23363.60035599317,-25966.9754004296,6520.46119735415,8186.016963279074,0,0,0,1.539535136156243,0.6222491539426789,85.1275,86.36449057939448,83.24786078264026,101325,109521.3965971366,89802.44714147809,155993.3976710313,63049.39552324193,-25.45328699389587,-59.88252140507227,26.86282624166117,-12.72664349694793,-12.72664349694793,-54.26039658339575,-63.81880333688171,23.35876383928222,32.93274439683289,0,0,0,368,1,1,1,1,1,1,1,1,1,1,0.5,0.5,0.4118136038073375,0.5881863961926626,0.6340015126085223,0.3659984873914776,0.6030999316368191,0.4588059087838831,0.5411940912161171,0.3724726172990518,0.6275273827009482,0.5949029042945627,0.4050970957054373,0.6118635971252712,0.3881364028747289,0.3969000683631809,100,-12184.17631903778,101325,-25.45328699389587,368,0.5,0.5,0.4118136038073375,0.5881863961926626,0.6340015126085223,0.3659984873914776,0.3969000683631809,100,-12184.17631903778,101325,-25.45328699389587,368,0.5,0.5,0.4118136038073375,0.5881863961926626,0.6340015126085223,0.3659984873914776,0.3969000683631809
0.694,146.1957090661339,167.8855917603916,113.2373706509648,73.09785453306694,73.09785453306694,153.1397420816477,178.2097705185411,103.8552737738388,129.4895241883515,0,0,0,100,60.30999316368191,39.69000683631809,50,50,24.83647563033173,35.47351753335018,25.16352436966826,14.52648246664983,8512.75,5208.641836428152,3304.108163571849,3905.7,4607.05,1940.076457387733,3268.565379040419,1965.623542612267,1338.484620959582,-12184.17631903778,-24894.87014131815,7130.052088348826,-6092.088159518888,-6092.088159518888,-23363.60035599317,-25966.9754004296,6520.46119735415,8186.016963279074,0,0,0,1.539535136156243,0.6222491539426789,85.1275,86.36449057939448,83.24786078264026,101325,109521.3965971366,89802.44714147809,155993.3976710313,63049.39552324193,-25.45328699389587,-59.88252140507227,26.86282624166117,-12.72664349694793,-12.72664349694793,-54.26039658339575,-63.81880333688171,23.35876383928222,32.93274439683289,0,0,0,368,1,1,1,1,1,1,1,1,1,1,0.5,0.5,0.4118136038073375,0.5881863961926626,0.6340015126085223,0.3659984873914776,0.6030999316368191,0.4588059087838831,0.5411940912161171,0.3724726172990518,0.6275273827009482,0.5949029042945627,0.4050970957054373,0.6118635971252712,0.3881364028747289,0.3969000683631809,100,-12184.17631903778,101325,-25.45328699389587,368,0.5,0.5,0.4118136038073375,0.5881863961926626,0.6340015126085223,0.3659984873914776,0.3969000683631809,100,-12184.17631903778,101325,-25.45328699389587,368,0.5,0.5,0.4118136038073375,0.5881863961926626,0.6340015126085223,0.3659984873914776,0.3969000683631809
0.696,146.1957090661339,167.8855917603916,113.2373706509648,73.09785453306694,73.09785453306694,153.1397420816477,178.2097705185411,103.8552737738388,129.4895241883515,0,0,0,100,60.30999316368191,39.69000683631809,50,50,24.83647563033173,35.47351753335018,25.16352436966826,14.52648246664983,8512.75,5208.641836428152,3304.108163571849,3905.7,4607.05,1940.076457387733,3268.565379040419,1965.623542612267,1338.484620959582,-12184.17631903778,-24894.87014131815,7130.052088348826,-6092.088159518888,-6092.088159518888,-23363.60035599317,-25966.9754004296,6520.46119735415,8186.016963279074,0,0,0,1.539535136156243,0.6222491539426789,85.1275,86.36449057939448,83.24786078264026,101325,109521.3965971366,89802.44714147809,155993.3976710313,63049.39552324193,-25.45328699389587,-59.88252140507227,26.86282624166117,-12.72664349694793,-12.72664349694793,-54.26039658339575,-63.81880333688171,23.35876383928222,32.93274439683289,0,0,0,368,1,1,1,1,1,1,1,1,1,1,0.5,0.5,0.4118136038073375,0.5881863961926626,0.6340015126085223,0.3659984873914776,0.6030999316368191,0.4588059087838831,0.5411940912161171,0.3724726172990518,0.6275273827009482,0.5949029042945627,0.4050970957054373,0.6118635971252712,0.3881364028747289,0.3969000683631809,100,-12184.17631903778,101325,-25.45328699389587,368,0.5,0.5,0.4118136038073375,0.5881863961926626,0.6340015126085223,0.3659984873914776,0.3969000683631809,100,-12184.17631903778,101325,-25.45328699389587,368,0.5,0.5,0.4118136038073375,0.5881863961926626,0.6340015126085223,0.3659984873914776,0.3969000683631809
0.698,146.1957090661339,167.8855917603916,113.2373706509648,73.09785453306694,73.09785453306694,153.1397420816477,178.2097705185411,103.8552737738388,129.4895241883515,0,0,0,100,60.30999316368191,39.69000683631809,50,50,24.83647563033173,35.47351753335018,25.16352436966826,14.52648246664983,8512.75,5208.641836428152,3304.108163571849,3905.7,4607.05,1940.076457387733,3268.565379040419,1965.623542612267,1338.484620959582,-12184.17631903778,-24894.87014131815,7130.052088348826,-6092.088159518888,-6092.088159518888,-23363.60035599317,-25966.9754004296,6520.46119735415,8186.016963279074,0,0,0,1.539535136156243,0.6222491539426789,85.1275,86.36449057939448,83.24786078264026,101325,109521.3965971366,89802.44714147809,155993.3976710313,63049.39552324193,-25.45328699389587,-59.88252140507227,26.86282624166117,-12.72664349694793,-12.72664349694793,-54.26039658339575,-63.81880333688171,23.35876383928222,32.93274439683289,0,0,0,368,1,1,1,1,1,1,1,1,1,1,0.5,0.5,0.4118136038073375,0.5881863961926626,0.6340015126085223,0.3659984873914776,0.6030999316368191,0.4588059087838831,0.5411940912161171,0.3724726172990518,0.6275273827009482,0.5949029042945627,0.4050970957054373,0.6118635971252712,0.3881364028747289,0.3969000683631809,100,-12184.17631903778,101325,-25.45328699389587,368,0.5,0.5,0.4118136038073375,0.5881863961926626,0.6340015126085223,0.3659984873914776,0.3969000683631809,100,-12184.17631903778,101325,-25.45328699389587,368,0.5,0.5,0.4118136038073375,0.5881863961926626,0.6340015126085223,0.3659984873914776,0.3969000683631809
0.7,146.1957090661339,167.8855917603916,113.2373706509648,73.09785453306694,73.09785453306694,153.1397420816477,178.2097705185411,103.8552737738388,129.4895241883515,0,0,0,100,60.30999316368191,39.69000683631809,50,50,24.83647563033173,35.47351753335018,25.16352436966826,14.52648246664983,8512.75,5208.641836428152,3304.108163571849,3905.7,4607.05,1940.076457387733,3268.565379040419,1965.623542612267,1338.484620959582,-12184.17631903778,-24894.87014131815,7130.052088348826,-6092.088159518888,-6092.088159518888,-23363.60035599317,-25966.9754004296,6520.46119735415,8186.016963279074,0,0,0,1.539535136156243,0.6222491539426789,85.1275,86.36449057939448,83.24786078264026,101325,109521.3965971366,89802.44714147809,155993.3976710313,63049.39552324193,-25.45328699389587,-59.88252140507227,26.86282624166117,-12.72664349694793,-12.72664349694793,-54.26039658339575,-63.81880333688171,23.35876383928222,32.93274439683289,0,0,0,368,1,1,1,1,1,1,1,1,1,1,0.5,0.5,0.4118136038073375,0.5881863961926626,0.6340015126085223,0.3659984873914776,0.6030999316368191,0.4588059087838831,0.5411940912161171,0.3724726172990518,0.6275273827009482,0.5949029042945627,0.4050970957054373,0.6118635971252712,0.3881364028747289,0.3969000683631809,100,-12184.17631903778,101325,-25.45328699389587,368,0.5,0.5,0.4118136038073375,0.5881863961926626,0.6340015126085223,0.3659984873914776,0.3969000683631809,100,-12184.17631903778,101325,-25.45328699389587,368,0.5,0.5,0.4118136038073375,0.5881863961926626,0.6340015126085223,0.3659984873914776,0.3969000683631809
0.702,146.1957090661339,167.8855917603916,113.2373706509648,73.09785453306694,73.09785453306694,153.1397420816477,178.2097705185411,103.8552737738388,129.4895241883515,0,0,0,100,60.30999316368191,39.69000683631809,50,50,24.83647563033173,35.47351753335018,25.16352436966826,14.52648246664983,8512.75,5208.641836428152,3304.108163571849,3905.7,4607.05,1940.076457387733,3268.565379040419,1965.623542612267,1338.484620959582,-12184.17631903778,-24894.87014131815,7130.052088348826,-6092.088159518888,-6092.088159518888,-23363.60035599317,-25966.9754004296,6520.46119735415,8186.016963279074,0,0,0,1.539535136156243,0.6222491539426789,85.1275,86.36449057939448,83.24786078264026,101325,109521.3965971366,89802.44714147809,155993.3976710313,63049.39552324193,-25.45328699389587,-59.88252140507227,26.86282624166117,-12.72664349694793,-12.72664349694793,-54.26039658339575,-63.81880333688171,23.35876383928222,32.93274439683289,0,0,0,368,1,1,1,1,1,1,1,1,1,1,0.5,0.5,0.4118136038073375,0.5881863961926626,0.6340015126085223,0.3659984873914776,0.6030999316368191,0.4588059087838831,0.5411940912161171,0.3724726172990518,0.6275273827009482,0.5949029042945627,0.4050970957054373,0.6118635971252712,0.3881364028747289,0.3969000683631809,100,-12184.17631903778,101325,-25.45328699389587,368,0.5,0.5,0.4118136038073375,0.5881863961926626,0.6340015126085223,0.3659984873914776,0.3969000683631809,100,-12184.17631903778,101325,-25.45328699389587,368,0.5,0.5,0.4118136038073375,0.5881863961926626,0.6340015126085223,0.3659984873914776,0.3969000683631809
0.704,146.1957090661339,167.8855917603916,113.2373706509648,73.09785453306694,73.09785453306694,153.1397420816477,178.2097705185411,103.8552737738388,129.4895241883515,0,0,0,100,60.30999316368191,39.69000683631809,50,50,24.83647563033173,35.47351753335018,25.16352436966826,14.52648246664983,8512.75,5208.641836428152,3304.108163571849,3905.7,4607.05,1940.076457387733,3268.565379040419,1965.623542612267,1338.484620959582,-12184.17631903778,-24894.87014131815,7130.052088348826,-6092.088159518888,-6092.088159518888,-23363.60035599317,-25966.9754004296,6520.46119735415,8186.016963279074,0,0,0,1.539535136156243,0.6222491539426789,85.1275,86.36449057939448,83.24786078264026,101325,109521.3965971366,89802.44714147809,155993.3976710313,63049.39552324193,-25.45328699389587,-59.88252140507227,26.86282624166117,-12.72664349694793,-12.72664349694793,-54.26039658339575,-63.81880333688171,23.35876383928222,32.93274439683289,0,0,0,368,1,1,1,1,1,1,1,1,1,1,0.5,0.5,0.4118136038073375,0.5881863961926626,0.6340015126085223,0.3659984873914776,0.6030999316368191,0.4588059087838831,0.5411940912161171,0.3724726172990518,0.6275273827009482,0.5949029042945627,0.4050970957054373,0.6118635971252712,0.3881364028747289,0.3969000683631809,100,-12184.17631903778,101325,-25.45328699389587,368,0.5,0.5,0.4118136038073375,0.5881863961926626,0.6340015126085223,0.3659984873914776,0.3969000683631809,100,-12184.17631903778,101325,-25.45328699389587,368,0.5,0.5,0.4118136038073375,0.5881863961926626,0.6340015126085223,0.3659984873914776,0.3969000683631809
0.706,146.1957090661339,167.8855917603916,113.2373706509648,73.09785453306694,73.09785453306694,153.1397420816477,178.2097705185411,103.8552737738388,129.4895241883515,0,0,0,100,60.30999316368191,39.69000683631809,50,50,24.83647563033173,35.47351753335018,25.16352436966826,14.52648246664983,8512.75,5208.641836428152,3304.108163571849,3905.7,4607.05,1940.076457387733,3268.565379040419,1965.623542612267,1338.484620959582,-12184.17631903778,-24894.87014131815,7130.052088348826,-6092.088159518888,-6092.088159518888,-23363.60035599317,-25966.9754004296,6520.46119735415,8186.016963279074,0,0,0,1.539535136156243,0.6222491539426789,85.1275,86.36449057939448,83.24786078264026,101325,109521.3965971366,89802.44714147809,155993.3976710313,63049.39552324193,-25.45328699389587,-59.88252140507227,26.86282624166117,-12.72664349694793,-12.72664349694793,-54.26039658339575,-63.81880333688171,23.35876383928222,32.93274439683289,0,0,0,368,1,1,1,1,1,1,1,1,1,1,0.5,0.5,0.4118136038073375,0.5881863961926626,0.6340015126085223,0.3659984873914776,0.6030999316368191,0.4588059087838831,0.5411940912161171,0.3724726172990518,0.6275273827009482,0.5949029042945627,0.4050970957054373,0.6118635971252712,0.3881364028747289,0.3969000683631809,100,-12184.17631903778,101325,-25.45328699389587,368,0.5,0.5,0.4118136038073375,0.5881863961926626,0.6340015126085223,0.3659984873914776,0.3969000683631809,100,-12184.17631903778,101325,-25.45328699389587,368,0.5,0.5,0.4118136038073375,0.5881863961926626,0.6340015126085223,0.3659984873914776,0.3969000683631809
0.708,146.1957090661339,167.8855917603916,113.2373706509648,73.09785453306694,73.09785453306694,153.1397420816477,178.2097705185411,103.8552737738388,129.4895241883515,0,0,0,100,60.30999316368191,39.69000683631809,50,50,24.83647563033173,35.47351753335018,25.16352436966826,14.52648246664983,8512.75,5208.641836428152,3304.108163571849,3905.7,4607.05,1940.076457387733,3268.565379040419,1965.623542612267,1338.484620959582,-12184.17631903778,-24894.87014131815,7130.052088348826,-6092.088159518888,-6092.088159518888,-23363.60035599317,-25966.9754004296,6520.46119735415,8186.016963279074,0,0,0,1.539535136156243,0.6222491539426789,85.1275,86.36449057939448,83.24786078264026,101325,109521.3965971366,89802.44714147809,155993.3976710313,63049.39552324193,-25.45328699389587,-59.88252140507227,26.86282624166117,-12.72664349694793,-12.72664349694793,-54.26039658339575,-63.81880333688171,23.35876383928222,32.93274439683289,0,0,0,368,1,1,1,1,1,1,1,1,1,1,0.5,0.5,0.4118136038073375,0.5881863961926626,0.6340015126085223,0.3659984873914776,0.6030999316368191,0.4588059087838831,0.5411940912161171,0.3724726172990518,0.6275273827009482,0.5949029042945627,0.4050970957054373,0.6118635971252712,0.3881364028747289,0.3969000683631809,100,-12184.17631903778,101325,-25.45328699389587,368,0.5,0.5,0.4118136038073375,0.5881863961926626,0.6340015126085223,0.3659984873914776,0.3969000683631809,100,-12184.17631903778,101325,-25.45328699389587,368,0.5,0.5,0.4118136038073375,0.5881863961926626,0.6340015126085223,0.3659984873914776,0.3969000683631809
0.71,146.1957090661339,167.8855917603916,113.2373706509648,73.09785453306694,73.09785453306694,153.1397420816477,178.2097705185411,103.8552737738388,129.4895241883515,0,0,0,100,60.30999316368191,39.69000683631809,50,50,24.83647563033173,35.47351753335018,25.16352436966826,14.52648246664983,8512.75,5208.641836428152,3304.108163571849,3905.7,4607.05,1940.076457387733,3268.565379040419,1965.623542612267,1338.484620959582,-12184.17631903778,-24894.87014131815,7130.052088348826,-6092.088159518888,-6092.088159518888,-23363.60035599317,-25966.9754004296,6520.46119735415,8186.016963279074,0,0,0,1.539535136156243,0.6222491539426789,85.1275,86.36449057939448,83.24786078264026,101325,109521.3965971366,89802.44714147809,155993.3976710313,63049.39552324193,-25.45328699389587,-59.88252140507227,26.86282624166117,-12.72664349694793,-12.72664349694793,-54.26039658339575,-63.81880333688171,23.35876383928222,32.93274439683289,0,0,0,368,1,1,1,1,1,1,1,1,1,1,0.5,0.5,0.4118136038073375,0.5881863961926626,0.6340015126085223,0.3659984873914776,0.6030999316368191,0.4588059087838831,0.5411940912161171,0.3724726172990518,0.6275273827009482,0.5949029042945627,0.4050970957054373,0.6118635971252712,0.3881364028747289,0.3969000683631809,100,-12184.17631903778,101325,-25.45328699389587,368,0.5,0.5,0.4118136038073375,0.5881863961926626,0.6340015126085223,0.3659984873914776,0.3969000683631809,100,-12184.17631903778,101325,-25.45328699389587,368,0.5,0.5,0.4118136038073375,0.5881863961926626,0.6340015126085223,0.3659984873914776,0.3969000683631809
0.712,146.1957090661339,167.8855917603916,113.2373706509648,73.09785453306694,73.09785453306694,153.1397420816477,178.2097705185411,103.8552737738388,129.4895241883515,0,0,0,100,60.30999316368191,39.69000683631809,50,50,24.83647563033173,35.47351753335018,25.16352436966826,14.52648246664983,8512.75,5208.641836428152,3304.108163571849,3905.7,4607.05,1940.076457387733,3268.565379040419,1965.623542612267,1338.484620959582,-12184.17631903778,-24894.87014131815,7130.052088348826,-6092.088159518888,-6092.088159518888,-23363.60035599317,-25966.9754004296,6520.46119735415,8186.016963279074,0,0,0,1.539535136156243,0.6222491539426789,85.1275,86.36449057939448,83.24786078264026,101325,109521.3965971366,89802.44714147809,155993.3976710313,63049.39552324193,-25.45328699389587,-59.88252140507227,26.86282624166117,-12.72664349694793,-12.72664349694793,-54.26039658339575,-63.81880333688171,23.35876383928222,32.93274439683289,0,0,0,368,1,1,1,1,1,1,1,1,1,1,0.5,0.5,0.4118136038073375,0.5881863961926626,0.6340015126085223,0.3659984873914776,0.6030999316368191,0.4588059087838831,0.5411940912161171,0.3724726172990518,0.6275273827009482,0.5949029042945627,0.4050970957054373,0.6118635971252712,0.3881364028747289,0.3969000683631809,100,-12184.17631903778,101325,-25.45328699389587,368,0.5,0.5,0.4118136038073375,0.5881863961926626,0.6340015126085223,0.3659984873914776,0.3969000683631809,100,-12184.17631903778,101325,-25.45328699389587,368,0.5,0.5,0.4118136038073375,0.5881863961926626,0.6340015126085223,0.3659984873914776,0.3969000683631809
0.714,146.1957090661339,167.8855917603916,113.2373706509648,73.09785453306694,73.09785453306694,153.1397420816477,178.2097705185411,103.8552737738388,129.4895241883515,0,0,0,100,60.30999316368191,39.69000683631809,50,50,24.83647563033173,35.47351753335018,25.16352436966826,14.52648246664983,8512.75,5208.641836428152,3304.108163571849,3905.7,4607.05,1940.076457387733,3268.565379040419,1965.623542612267,1338.484620959582,-12184.17631903778,-24894.87014131815,7130.052088348826,-6092.088159518888,-6092.088159518888,-23363.60035599317,-25966.9754004296,6520.46119735415,8186.016963279074,0,0,0,1.539535136156243,0.6222491539426789,85.1275,86.36449057939448,83.24786078264026,101325,109521.3965971366,89802.44714147809,155993.3976710313,63049.39552324193,-25.45328699389587,-59.88252140507227,26.86282624166117,-12.72664349694793,-12.72664349694793,-54.26039658339575,-63.81880333688171,23.35876383928222,32.93274439683289,0,0,0,368,1,1,1,1,1,1,1,1,1,1,0.5,0.5,0.4118136038073375,0.5881863961926626,0.6340015126085223,0.3659984873914776,0.6030999316368191,0.4588059087838831,0.5411940912161171,0.3724726172990518,0.6275273827009482,0.5949029042945627,0.4050970957054373,0.6118635971252712,0.3881364028747289,0.3969000683631809,100,-12184.17631903778,101325,-25.45328699389587,368,0.5,0.5,0.4118136038073375,0.5881863961926626,0.6340015126085223,0.3659984873914776,0.3969000683631809,100,-12184.17631903778,101325,-25.45328699389587,368,0.5,0.5,0.4118136038073375,0.5881863961926626,0.6340015126085223,0.3659984873914776,0.3969000683631809
0.716,146.1957090661339,167.8855917603916,113.2373706509648,73.09785453306694,73.09785453306694,153.1397420816477,178.2097705185411,103.8552737738388,129.4895241883515,0,0,0,100,60.30999316368191,39.69000683631809,50,50,24.83647563033173,35.47351753335018,25.16352436966826,14.52648246664983,8512.75,5208.641836428152,3304.108163571849,3905.7,4607.05,1940.076457387733,3268.565379040419,1965.623542612267,1338.484620959582,-12184.17631903778,-24894.87014131815,7130.052088348826,-6092.088159518888,-6092.088159518888,-23363.60035599317,-25966.9754004296,6520.46119735415,8186.016963279074,0,0,0,1.539535136156243,0.6222491539426789,85.1275,86.36449057939448,83.24786078264026,101325,109521.3965971366,89802.44714147809,155993.3976710313,63049.39552324193,-25.45328699389587,-59.88252140507227,26.86282624166117,-12.72664349694793,-12.72664349694793,-54.26039658339575,-63.81880333688171,23.35876383928222,32.93274439683289,0,0,0,368,1,1,1,1,1,1,1,1,1,1,0.5,0.5,0.4118136038073375,0.5881863961926626,0.6340015126085223,0.3659984873914776,0.6030999316368191,0.4588059087838831,0.5411940912161171,0.3724726172990518,0.6275273827009482,0.5949029042945627,0.4050970957054373,0.6118635971252712,0.3881364028747289,0.3969000683631809,100,-12184.17631903778,101325,-25.45328699389587,368,0.5,0.5,0.4118136038073375,0.5881863961926626,0.6340015126085223,0.3659984873914776,0.3969000683631809,100,-12184.17631903778,101325,-25.45328699389587,368,0.5,0.5,0.4118136038073375,0.5881863961926626,0.6340015126085223,0.3659984873914776,0.3969000683631809
0.718,146.1957090661339,167.8855917603916,113.2373706509648,73.09785453306694,73.09785453306694,153.1397420816477,178.2097705185411,103.8552737738388,129.4895241883515,0,0,0,100,60.30999316368191,39.69000683631809,50,50,24.83647563033173,35.47351753335018,25.16352436966826,14.52648246664983,8512.75,5208.641836428152,3304.108163571849,3905.7,4607.05,1940.076457387733,3268.565379040419,1965.623542612267,1338.484620959582,-12184.17631903778,-24894.87014131815,7130.052088348826,-6092.088159518888,-6092.088159518888,-23363.60035599317,-25966.9754004296,6520.46119735415,8186.016963279074,0,0,0,1.539535136156243,0.6222491539426789,85.1275,86.36449057939448,83.24786078264026,101325,109521.3965971366,89802.44714147809,155993.3976710313,63049.39552324193,-25.45328699389587,-59.88252140507227,26.86282624166117,-12.72664349694793,-12.72664349694793,-54.26039658339575,-63.81880333688171,23.35876383928222,32.93274439683289,0,0,0,368,1,1,1,1,1,1,1,1,1,1,0.5,0.5,0.4118136038073375,0.5881863961926626,0.6340015126085223,0.3659984873914776,0.6030999316368191,0.4588059087838831,0.5411940912161171,0.3724726172990518,0.6275273827009482,0.5949029042945627,0.4050970957054373,0.6118635971252712,0.3881364028747289,0.3969000683631809,100,-12184.17631903778,101325,-25.45328699389587,368,0.5,0.5,0.4118136038073375,0.5881863961926626,0.6340015126085223,0.3659984873914776,0.3969000683631809,100,-12184.17631903778,101325,-25.45328699389587,368,0.5,0.5,0.4118136038073375,0.5881863961926626,0.6340015126085223,0.3659984873914776,0.3969000683631809
0.72,146.1957090661339,167.8855917603916,113.2373706509648,73.09785453306694,73.09785453306694,153.1397420816477,178.2097705185411,103.8552737738388,129.4895241883515,0,0,0,100,60.30999316368191,39.69000683631809,50,50,24.83647563033173,35.47351753335018,25.16352436966826,14.52648246664983,8512.75,5208.641836428152,3304.108163571849,3905.7,4607.05,1940.076457387733,3268.565379040419,1965.623542612267,1338.484620959582,-12184.17631903778,-24894.87014131815,7130.052088348826,-6092.088159518888,-6092.088159518888,-23363.60035599317,-25966.9754004296,6520.46119735415,8186.016963279074,0,0,0,1.539535136156243,0.6222491539426789,85.1275,86.36449057939448,83.24786078264026,101325,109521.3965971366,89802.44714147809,155993.3976710313,63049.39552324193,-25.45328699389587,-59.88252140507227,26.86282624166117,-12.72664349694793,-12.72664349694793,-54.26039658339575,-63.81880333688171,23.35876383928222,32.93274439683289,0,0,0,368,1,1,1,1,1,1,1,1,1,1,0.5,0.5,0.4118136038073375,0.5881863961926626,0.6340015126085223,0.3659984873914776,0.6030999316368191,0.4588059087838831,0.5411940912161171,0.3724726172990518,0.6275273827009482,0.5949029042945627,0.4050970957054373,0.6118635971252712,0.3881364028747289,0.3969000683631809,100,-12184.17631903778,101325,-25.45328699389587,368,0.5,0.5,0.4118136038073375,0.5881863961926626,0.6340015126085223,0.3659984873914776,0.3969000683631809,100,-12184.17631903778,101325,-25.45328699389587,368,0.5,0.5,0.4118136038073375,0.5881863961926626,0.6340015126085223,0.3659984873914776,0.3969000683631809
0.722,146.1957090661339,167.8855917603916,113.2373706509648,73.09785453306694,73.09785453306694,153.1397420816477,178.2097705185411,103.8552737738388,129.4895241883515,0,0,0,100,60.30999316368191,39.69000683631809,50,50,24.83647563033173,35.47351753335018,25.16352436966826,14.52648246664983,8512.75,5208.641836428152,3304.108163571849,3905.7,4607.05,1940.076457387733,3268.565379040419,1965.623542612267,1338.484620959582,-12184.17631903778,-24894.87014131815,7130.052088348826,-6092.088159518888,-6092.088159518888,-23363.60035599317,-25966.9754004296,6520.46119735415,8186.016963279074,0,0,0,1.539535136156243,0.6222491539426789,85.1275,86.36449057939448,83.24786078264026,101325,109521.3965971366,89802.44714147809,155993.3976710313,63049.39552324193,-25.45328699389587,-59.88252140507227,26.86282624166117,-12.72664349694793,-12.72664349694793,-54.26039658339575,-63.81880333688171,23.35876383928222,32.93274439683289,0,0,0,368,1,1,1,1,1,1,1,1,1,1,0.5,0.5,0.4118136038073375,0.5881863961926626,0.6340015126085223,0.3659984873914776,0.6030999316368191,0.4588059087838831,0.5411940912161171,0.3724726172990518,0.6275273827009482,0.5949029042945627,0.4050970957054373,0.6118635971252712,0.3881364028747289,0.3969000683631809,100,-12184.17631903778,101325,-25.45328699389587,368,0.5,0.5,0.4118136038073375,0.5881863961926626,0.6340015126085223,0.3659984873914776,0.3969000683631809,100,-12184.17631903778,101325,-25.45328699389587,368,0.5,0.5,0.4118136038073375,0.5881863961926626,0.6340015126085223,0.3659984873914776,0.3969000683631809
0.724,146.1957090661339,167.8855917603916,113.2373706509648,73.09785453306694,73.09785453306694,153.1397420816477,178.2097705185411,103.8552737738388,129.4895241883515,0,0,0,100,60.30999316368191,39.69000683631809,50,50,24.83647563033173,35.47351753335018,25.16352436966826,14.52648246664983,8512.75,5208.641836428152,3304.108163571849,3905.7,4607.05,1940.076457387733,3268.565379040419,1965.623542612267,1338.484620959582,-12184.17631903778,-24894.87014131815,7130.052088348826,-6092.088159518888,-6092.088159518888,-23363.60035599317,-25966.9754004296,6520.46119735415,8186.016963279074,0,0,0,1.539535136156243,0.6222491539426789,85.1275,86.36449057939448,83.24786078264026,101325,109521.3965971366,89802.44714147809,155993.3976710313,63049.39552324193,-25.45328699389587,-59.88252140507227,26.86282624166117,-12.72664349694793,-12.72664349694793,-54.26039658339575,-63.81880333688171,23.35876383928222,32.93274439683289,0,0,0,368,1,1,1,1,1,1,1,1,1,1,0.5,0.5,0.4118136038073375,0.5881863961926626,0.6340015126085223,0.3659984873914776,0.6030999316368191,0.4588059087838831,0.5411940912161171,0.3724726172990518,0.6275273827009482,0.5949029042945627,0.4050970957054373,0.6118635971252712,0.3881364028747289,0.3969000683631809,100,-12184.17631903778,101325,-25.45328699389587,368,0.5,0.5,0.4118136038073375,0.5881863961926626,0.6340015126085223,0.3659984873914776,0.3969000683631809,100,-12184.17631903778,101325,-25.45328699389587,368,0.5,0.5,0.4118136038073375,0.5881863961926626,0.6340015126085223,0.3659984873914776,0.3969000683631809
0.726,146.1957090661339,167.8855917603916,113.2373706509648,73.09785453306694,73.09785453306694,153.1397420816477,178.2097705185411,103.8552737738388,129.4895241883515,0,0,0,100,60.30999316368191,39.69000683631809,50,50,24.83647563033173,35.47351753335018,25.16352436966826,14.52648246664983,8512.75,5208.641836428152,3304.108163571849,3905.7,4607.05,1940.076457387733,3268.565379040419,1965.623542612267,1338.484620959582,-12184.17631903778,-24894.87014131815,7130.052088348826,-6092.088159518888,-6092.088159518888,-23363.60035599317,-25966.9754004296,6520.46119735415,8186.016963279074,0,0,0,1.539535136156243,0.6222491539426789,85.1275,86.36449057939448,83.24786078264026,101325,109521.3965971366,89802.44714147809,155993.3976710313,63049.39552324193,-25.45328699389587,-59.88252140507227,26.86282624166117,-12.72664349694793,-12.72664349694793,-54.26039658339575,-63.81880333688171,23.35876383928222,32.93274439683289,0,0,0,368,1,1,1,1,1,1,1,1,1,1,0.5,0.5,0.4118136038073375,0.5881863961926626,0.6340015126085223,0.3659984873914776,0.6030999316368191,0.4588059087838831,0.5411940912161171,0.3724726172990518,0.6275273827009482,0.5949029042945627,0.4050970957054373,0.6118635971252712,0.3881364028747289,0.3969000683631809,100,-12184.17631903778,101325,-25.45328699389587,368,0.5,0.5,0.4118136038073375,0.5881863961926626,0.6340015126085223,0.3659984873914776,0.3969000683631809,100,-12184.17631903778,101325,-25.45328699389587,368,0.5,0.5,0.4118136038073375,0.5881863961926626,0.6340015126085223,0.3659984873914776,0.3969000683631809
0.728,146.1957090661339,167.8855917603916,113.2373706509648,73.09785453306694,73.09785453306694,153.1397420816477,178.2097705185411,103.8552737738388,129.4895241883515,0,0,0,100,60.30999316368191,39.69000683631809,50,50,24.83647563033173,35.47351753335018,25.16352436966826,14.52648246664983,8512.75,5208.641836428152,3304.108163571849,3905.7,4607.05,1940.076457387733,3268.565379040419,1965.623542612267,1338.484620959582,-12184.17631903778,-24894.87014131815,7130.052088348826,-6092.088159518888,-6092.088159518888,-23363.60035599317,-25966.9754004296,6520.46119735415,8186.016963279074,0,0,0,1.539535136156243,0.6222491539426789,85.1275,86.36449057939448,83.24786078264026,101325,109521.3965971366,89802.44714147809,155993.3976710313,63049.39552324193,-25.45328699389587,-59.88252140507227,26.86282624166117,-12.72664349694793,-12.72664349694793,-54.26039658339575,-63.81880333688171,23.35876383928222,32.93274439683289,0,0,0,368,1,1,1,1,1,1,1,1,1,1,0.5,0.5,0.4118136038073375,0.5881863961926626,0.6340015126085223,0.3659984873914776,0.6030999316368191,0.4588059087838831,0.5411940912161171,0.3724726172990518,0.6275273827009482,0.5949029042945627,0.4050970957054373,0.6118635971252712,0.3881364028747289,0.3969000683631809,100,-12184.17631903778,101325,-25.45328699389587,368,0.5,0.5,0.4118136038073375,0.5881863961926626,0.6340015126085223,0.3659984873914776,0.3969000683631809,100,-12184.17631903778,101325,-25.45328699389587,368,0.5,0.5,0.4118136038073375,0.5881863961926626,0.6340015126085223,0.3659984873914776,0.3969000683631809
0.73,146.1957090661339,167.8855917603916,113.2373706509648,73.09785453306694,73.09785453306694,153.1397420816477,178.2097705185411,103.8552737738388,129.4895241883515,0,0,0,100,60.30999316368191,39.69000683631809,50,50,24.83647563033173,35.47351753335018,25.16352436966826,14.52648246664983,8512.75,5208.641836428152,3304.108163571849,3905.7,4607.05,1940.076457387733,3268.565379040419,1965.623542612267,1338.484620959582,-12184.17631903778,-24894.87014131815,7130.052088348826,-6092.088159518888,-6092.088159518888,-23363.60035599317,-25966.9754004296,6520.46119735415,8186.016963279074,0,0,0,1.539535136156243,0.6222491539426789,85.1275,86.36449057939448,83.24786078264026,101325,109521.3965971366,89802.44714147809,155993.3976710313,63049.39552324193,-25.45328699389587,-59.88252140507227,26.86282624166117,-12.72664349694793,-12.72664349694793,-54.26039658339575,-63.81880333688171,23.35876383928222,32.93274439683289,0,0,0,368,1,1,1,1,1,1,1,1,1,1,0.5,0.5,0.4118136038073375,0.5881863961926626,0.6340015126085223,0.3659984873914776,0.6030999316368191,0.4588059087838831,0.5411940912161171,0.3724726172990518,0.6275273827009482,0.5949029042945627,0.4050970957054373,0.6118635971252712,0.3881364028747289,0.3969000683631809,100,-12184.17631903778,101325,-25.45328699389587,368,0.5,0.5,0.4118136038073375,0.5881863961926626,0.6340015126085223,0.3659984873914776,0.3969000683631809,100,-12184.17631903778,101325,-25.45328699389587,368,0.5,0.5,0.4118136038073375,0.5881863961926626,0.6340015126085223,0.3659984873914776,0.3969000683631809
0.732,146.1957090661339,167.8855917603916,113.2373706509648,73.09785453306694,73.09785453306694,153.1397420816477,178.2097705185411,103.8552737738388,129.4895241883515,0,0,0,100,60.30999316368191,39.69000683631809,50,50,24.83647563033173,35.47351753335018,25.16352436966826,14.52648246664983,8512.75,5208.641836428152,3304.108163571849,3905.7,4607.05,1940.076457387733,3268.565379040419,1965.623542612267,1338.484620959582,-12184.17631903778,-24894.87014131815,7130.052088348826,-6092.088159518888,-6092.088159518888,-23363.60035599317,-25966.9754004296,6520.46119735415,8186.016963279074,0,0,0,1.539535136156243,0.6222491539426789,85.1275,86.36449057939448,83.24786078264026,101325,109521.3965971366,89802.44714147809,155993.3976710313,63049.39552324193,-25.45328699389587,-59.88252140507227,26.86282624166117,-12.72664349694793,-12.72664349694793,-54.26039658339575,-63.81880333688171,23.35876383928222,32.93274439683289,0,0,0,368,1,1,1,1,1,1,1,1,1,1,0.5,0.5,0.4118136038073375,0.5881863961926626,0.6340015126085223,0.3659984873914776,0.6030999316368191,0.4588059087838831,0.5411940912161171,0.3724726172990518,0.6275273827009482,0.5949029042945627,0.4050970957054373,0.6118635971252712,0.3881364028747289,0.3969000683631809,100,-12184.17631903778,101325,-25.45328699389587,368,0.5,0.5,0.4118136038073375,0.5881863961926626,0.6340015126085223,0.3659984873914776,0.3969000683631809,100,-12184.17631903778,101325,-25.45328699389587,368,0.5,0.5,0.4118136038073375,0.5881863961926626,0.6340015126085223,0.3659984873914776,0.3969000683631809
0.734,146.1957090661339,167.8855917603916,113.2373706509648,73.09785453306694,73.09785453306694,153.1397420816477,178.2097705185411,103.8552737738388,129.4895241883515,0,0,0,100,60.30999316368191,39.69000683631809,50,50,24.83647563033173,35.47351753335018,25.16352436966826,14.52648246664983,8512.75,5208.641836428152,3304.108163571849,3905.7,4607.05,1940.076457387733,3268.565379040419,1965.623542612267,1338.484620959582,-12184.17631903778,-24894.87014131815,7130.052088348826,-6092.088159518888,-6092.088159518888,-23363.60035599317,-25966.9754004296,6520.46119735415,8186.016963279074,0,0,0,1.539535136156243,0.6222491539426789,85.1275,86.36449057939448,83.24786078264026,101325,109521.3965971366,89802.44714147809,155993.3976710313,63049.39552324193,-25.45328699389587,-59.88252140507227,26.86282624166117,-12.72664349694793,-12.72664349694793,-54.26039658339575,-63.81880333688171,23.35876383928222,32.93274439683289,0,0,0,368,1,1,1,1,1,1,1,1,1,1,0.5,0.5,0.4118136038073375,0.5881863961926626,0.6340015126085223,0.3659984873914776,0.6030999316368191,0.4588059087838831,0.5411940912161171,0.3724726172990518,0.6275273827009482,0.5949029042945627,0.4050970957054373,0.6118635971252712,0.3881364028747289,0.3969000683631809,100,-12184.17631903778,101325,-25.45328699389587,368,0.5,0.5,0.4118136038073375,0.5881863961926626,0.6340015126085223,0.3659984873914776,0.3969000683631809,100,-12184.17631903778,101325,-25.45328699389587,368,0.5,0.5,0.4118136038073375,0.5881863961926626,0.6340015126085223,0.3659984873914776,0.3969000683631809
0.736,146.1957090661339,167.8855917603916,113.2373706509648,73.09785453306694,73.09785453306694,153.1397420816477,178.2097705185411,103.8552737738388,129.4895241883515,0,0,0,100,60.30999316368191,39.69000683631809,50,50,24.83647563033173,35.47351753335018,25.16352436966826,14.52648246664983,8512.75,5208.641836428152,3304.108163571849,3905.7,4607.05,1940.076457387733,3268.565379040419,1965.623542612267,1338.484620959582,-12184.17631903778,-24894.87014131815,7130.052088348826,-6092.088159518888,-6092.088159518888,-23363.60035599317,-25966.9754004296,6520.46119735415,8186.016963279074,0,0,0,1.539535136156243,0.6222491539426789,85.1275,86.36449057939448,83.24786078264026,101325,109521.3965971366,89802.44714147809,155993.3976710313,63049.39552324193,-25.45328699389587,-59.88252140507227,26.86282624166117,-12.72664349694793,-12.72664349694793,-54.26039658339575,-63.81880333688171,23.35876383928222,32.93274439683289,0,0,0,368,1,1,1,1,1,1,1,1,1,1,0.5,0.5,0.4118136038073375,0.5881863961926626,0.6340015126085223,0.3659984873914776,0.6030999316368191,0.4588059087838831,0.5411940912161171,0.3724726172990518,0.6275273827009482,0.5949029042945627,0.4050970957054373,0.6118635971252712,0.3881364028747289,0.3969000683631809,100,-12184.17631903778,101325,-25.45328699389587,368,0.5,0.5,0.4118136038073375,0.5881863961926626,0.6340015126085223,0.3659984873914776,0.3969000683631809,100,-12184.17631903778,101325,-25.45328699389587,368,0.5,0.5,0.4118136038073375,0.5881863961926626,0.6340015126085223,0.3659984873914776,0.3969000683631809
0.738,146.1957090661339,167.8855917603916,113.2373706509648,73.09785453306694,73.09785453306694,153.1397420816477,178.2097705185411,103.8552737738388,129.4895241883515,0,0,0,100,60.30999316368191,39.69000683631809,50,50,24.83647563033173,35.47351753335018,25.16352436966826,14.52648246664983,8512.75,5208.641836428152,3304.108163571849,3905.7,4607.05,1940.076457387733,3268.565379040419,1965.623542612267,1338.484620959582,-12184.17631903778,-24894.87014131815,7130.052088348826,-6092.088159518888,-6092.088159518888,-23363.60035599317,-25966.9754004296,6520.46119735415,8186.016963279074,0,0,0,1.539535136156243,0.6222491539426789,85.1275,86.36449057939448,83.24786078264026,101325,109521.3965971366,89802.44714147809,155993.3976710313,63049.39552324193,-25.45328699389587,-59.88252140507227,26.86282624166117,-12.72664349694793,-12.72664349694793,-54.26039658339575,-63.81880333688171,23.35876383928222,32.93274439683289,0,0,0,368,1,1,1,1,1,1,1,1,1,1,0.5,0.5,0.4118136038073375,0.5881863961926626,0.6340015126085223,0.3659984873914776,0.6030999316368191,0.4588059087838831,0.5411940912161171,0.3724726172990518,0.6275273827009482,0.5949029042945627,0.4050970957054373,0.6118635971252712,0.3881364028747289,0.3969000683631809,100,-12184.17631903778,101325,-25.45328699389587,368,0.5,0.5,0.4118136038073375,0.5881863961926626,0.6340015126085223,0.3659984873914776,0.3969000683631809,100,-12184.17631903778,101325,-25.45328699389587,368,0.5,0.5,0.4118136038073375,0.5881863961926626,0.6340015126085223,0.3659984873914776,0.3969000683631809
0.74,146.1957090661339,167.8855917603916,113.2373706509648,73.09785453306694,73.09785453306694,153.1397420816477,178.2097705185411,103.8552737738388,129.4895241883515,0,0,0,100,60.30999316368191,39.69000683631809,50,50,24.83647563033173,35.47351753335018,25.16352436966826,14.52648246664983,8512.75,5208.641836428152,3304.108163571849,3905.7,4607.05,1940.076457387733,3268.565379040419,1965.623542612267,1338.484620959582,-12184.17631903778,-24894.87014131815,7130.052088348826,-6092.088159518888,-6092.088159518888,-23363.60035599317,-25966.9754004296,6520.46119735415,8186.016963279074,0,0,0,1.539535136156243,0.6222491539426789,85.1275,86.36449057939448,83.24786078264026,101325,109521.3965971366,89802.44714147809,155993.3976710313,63049.39552324193,-25.45328699389587,-59.88252140507227,26.86282624166117,-12.72664349694793,-12.72664349694793,-54.26039658339575,-63.81880333688171,23.35876383928222,32.93274439683289,0,0,0,368,1,1,1,1,1,1,1,1,1,1,0.5,0.5,0.4118136038073375,0.5881863961926626,0.6340015126085223,0.3659984873914776,0.6030999316368191,0.4588059087838831,0.5411940912161171,0.3724726172990518,0.6275273827009482,0.5949029042945627,0.4050970957054373,0.6118635971252712,0.3881364028747289,0.3969000683631809,100,-12184.17631903778,101325,-25.45328699389587,368,0.5,0.5,0.4118136038073375,0.5881863961926626,0.6340015126085223,0.3659984873914776,0.3969000683631809,100,-12184.17631903778,101325,-25.45328699389587,368,0.5,0.5,0.4118136038073375,0.5881863961926626,0.6340015126085223,0.3659984873914776,0.3969000683631809
0.742,146.1957090661339,167.8855917603916,113.2373706509648,73.09785453306694,73.09785453306694,153.1397420816477,178.2097705185411,103.8552737738388,129.4895241883515,0,0,0,100,60.30999316368191,39.69000683631809,50,50,24.83647563033173,35.47351753335018,25.16352436966826,14.52648246664983,8512.75,5208.641836428152,3304.108163571849,3905.7,4607.05,1940.076457387733,3268.565379040419,1965.623542612267,1338.484620959582,-12184.17631903778,-24894.87014131815,7130.052088348826,-6092.088159518888,-6092.088159518888,-23363.60035599317,-25966.9754004296,6520.46119735415,8186.016963279074,0,0,0,1.539535136156243,0.6222491539426789,85.1275,86.36449057939448,83.24786078264026,101325,109521.3965971366,89802.44714147809,155993.3976710313,63049.39552324193,-25.45328699389587,-59.88252140507227,26.86282624166117,-12.72664349694793,-12.72664349694793,-54.26039658339575,-63.81880333688171,23.35876383928222,32.93274439683289,0,0,0,368,1,1,1,1,1,1,1,1,1,1,0.5,0.5,0.4118136038073375,0.5881863961926626,0.6340015126085223,0.3659984873914776,0.6030999316368191,0.4588059087838831,0.5411940912161171,0.3724726172990518,0.6275273827009482,0.5949029042945627,0.4050970957054373,0.6118635971252712,0.3881364028747289,0.3969000683631809,100,-12184.17631903778,101325,-25.45328699389587,368,0.5,0.5,0.4118136038073375,0.5881863961926626,0.6340015126085223,0.3659984873914776,0.3969000683631809,100,-12184.17631903778,101325,-25.45328699389587,368,0.5,0.5,0.4118136038073375,0.5881863961926626,0.6340015126085223,0.3659984873914776,0.3969000683631809
0.744,146.1957090661339,167.8855917603916,113.2373706509648,73.09785453306694,73.09785453306694,153.1397420816477,178.2097705185411,103.8552737738388,129.4895241883515,0,0,0,100,60.30999316368191,39.69000683631809,50,50,24.83647563033173,35.47351753335018,25.16352436966826,14.52648246664983,8512.75,5208.641836428152,3304.108163571849,3905.7,4607.05,1940.076457387733,3268.565379040419,1965.623542612267,1338.484620959582,-12184.17631903778,-24894.87014131815,7130.052088348826,-6092.088159518888,-6092.088159518888,-23363.60035599317,-25966.9754004296,6520.46119735415,8186.016963279074,0,0,0,1.539535136156243,0.6222491539426789,85.1275,86.36449057939448,83.24786078264026,101325,109521.3965971366,89802.44714147809,155993.3976710313,63049.39552324193,-25.45328699389587,-59.88252140507227,26.86282624166117,-12.72664349694793,-12.72664349694793,-54.26039658339575,-63.81880333688171,23.35876383928222,32.93274439683289,0,0,0,368,1,1,1,1,1,1,1,1,1,1,0.5,0.5,0.4118136038073375,0.5881863961926626,0.6340015126085223,0.3659984873914776,0.6030999316368191,0.4588059087838831,0.5411940912161171,0.3724726172990518,0.6275273827009482,0.5949029042945627,0.4050970957054373,0.6118635971252712,0.3881364028747289,0.3969000683631809,100,-12184.17631903778,101325,-25.45328699389587,368,0.5,0.5,0.4118136038073375,0.5881863961926626,0.6340015126085223,0.3659984873914776,0.3969000683631809,100,-12184.17631903778,101325,-25.45328699389587,368,0.5,0.5,0.4118136038073375,0.5881863961926626,0.6340015126085223,0.3659984873914776,0.3969000683631809
0.746,146.1957090661339,167.8855917603916,113.2373706509648,73.09785453306694,73.09785453306694,153.1397420816477,178.2097705185411,103.8552737738388,129.4895241883515,0,0,0,100,60.30999316368191,39.69000683631809,50,50,24.83647563033173,35.47351753335018,25.16352436966826,14.52648246664983,8512.75,5208.641836428152,3304.108163571849,3905.7,4607.05,1940.076457387733,3268.565379040419,1965.623542612267,1338.484620959582,-12184.17631903778,-24894.87014131815,7130.052088348826,-6092.088159518888,-6092.088159518888,-23363.60035599317,-25966.9754004296,6520.46119735415,8186.016963279074,0,0,0,1.539535136156243,0.6222491539426789,85.1275,86.36449057939448,83.24786078264026,101325,109521.3965971366,89802.44714147809,155993.3976710313,63049.39552324193,-25.45328699389587,-59.88252140507227,26.86282624166117,-12.72664349694793,-12.72664349694793,-54.26039658339575,-63.81880333688171,23.35876383928222,32.93274439683289,0,0,0,368,1,1,1,1,1,1,1,1,1,1,0.5,0.5,0.4118136038073375,0.5881863961926626,0.6340015126085223,0.3659984873914776,0.6030999316368191,0.4588059087838831,0.5411940912161171,0.3724726172990518,0.6275273827009482,0.5949029042945627,0.4050970957054373,0.6118635971252712,0.3881364028747289,0.3969000683631809,100,-12184.17631903778,101325,-25.45328699389587,368,0.5,0.5,0.4118136038073375,0.5881863961926626,0.6340015126085223,0.3659984873914776,0.3969000683631809,100,-12184.17631903778,101325,-25.45328699389587,368,0.5,0.5,0.4118136038073375,0.5881863961926626,0.6340015126085223,0.3659984873914776,0.3969000683631809
0.748,146.1957090661339,167.8855917603916,113.2373706509648,73.09785453306694,73.09785453306694,153.1397420816477,178.2097705185411,103.8552737738388,129.4895241883515,0,0,0,100,60.30999316368191,39.69000683631809,50,50,24.83647563033173,35.47351753335018,25.16352436966826,14.52648246664983,8512.75,5208.641836428152,3304.108163571849,3905.7,4607.05,1940.076457387733,3268.565379040419,1965.623542612267,1338.484620959582,-12184.17631903778,-24894.87014131815,7130.052088348826,-6092.088159518888,-6092.088159518888,-23363.60035599317,-25966.9754004296,6520.46119735415,8186.016963279074,0,0,0,1.539535136156243,0.6222491539426789,85.1275,86.36449057939448,83.24786078264026,101325,109521.3965971366,89802.44714147809,155993.3976710313,63049.39552324193,-25.45328699389587,-59.88252140507227,26.86282624166117,-12.72664349694793,-12.72664349694793,-54.26039658339575,-63.81880333688171,23.35876383928222,32.93274439683289,0,0,0,368,1,1,1,1,1,1,1,1,1,1,0.5,0.5,0.4118136038073375,0.5881863961926626,0.6340015126085223,0.3659984873914776,0.6030999316368191,0.4588059087838831,0.5411940912161171,0.3724726172990518,0.6275273827009482,0.5949029042945627,0.4050970957054373,0.6118635971252712,0.3881364028747289,0.3969000683631809,100,-12184.17631903778,101325,-25.45328699389587,368,0.5,0.5,0.4118136038073375,0.5881863961926626,0.6340015126085223,0.3659984873914776,0.3969000683631809,100,-12184.17631903778,101325,-25.45328699389587,368,0.5,0.5,0.4118136038073375,0.5881863961926626,0.6340015126085223,0.3659984873914776,0.3969000683631809
0.75,146.1957090661339,167.8855917603916,113.2373706509648,73.09785453306694,73.09785453306694,153.1397420816477,178.2097705185411,103.8552737738388,129.4895241883515,0,0,0,100,60.30999316368191,39.69000683631809,50,50,24.83647563033173,35.47351753335018,25.16352436966826,14.52648246664983,8512.75,5208.641836428152,3304.108163571849,3905.7,4607.05,1940.076457387733,3268.565379040419,1965.623542612267,1338.484620959582,-12184.17631903778,-24894.87014131815,7130.052088348826,-6092.088159518888,-6092.088159518888,-23363.60035599317,-25966.9754004296,6520.46119735415,8186.016963279074,0,0,0,1.539535136156243,0.6222491539426789,85.1275,86.36449057939448,83.24786078264026,101325,109521.3965971366,89802.44714147809,155993.3976710313,63049.39552324193,-25.45328699389587,-59.88252140507227,26.86282624166117,-12.72664349694793,-12.72664349694793,-54.26039658339575,-63.81880333688171,23.35876383928222,32.93274439683289,0,0,0,368,1,1,1,1,1,1,1,1,1,1,0.5,0.5,0.4118136038073375,0.5881863961926626,0.6340015126085223,0.3659984873914776,0.6030999316368191,0.4588059087838831,0.5411940912161171,0.3724726172990518,0.6275273827009482,0.5949029042945627,0.4050970957054373,0.6118635971252712,0.3881364028747289,0.3969000683631809,100,-12184.17631903778,101325,-25.45328699389587,368,0.5,0.5,0.4118136038073375,0.5881863961926626,0.6340015126085223,0.3659984873914776,0.3969000683631809,100,-12184.17631903778,101325,-25.45328699389587,368,0.5,0.5,0.4118136038073375,0.5881863961926626,0.6340015126085223,0.3659984873914776,0.3969000683631809
0.752,146.1957090661339,167.8855917603916,113.2373706509648,73.09785453306694,73.09785453306694,153.1397420816477,178.2097705185411,103.8552737738388,129.4895241883515,0,0,0,100,60.30999316368191,39.69000683631809,50,50,24.83647563033173,35.47351753335018,25.16352436966826,14.52648246664983,8512.75,5208.641836428152,3304.108163571849,3905.7,4607.05,1940.076457387733,3268.565379040419,1965.623542612267,1338.484620959582,-12184.17631903778,-24894.87014131815,7130.052088348826,-6092.088159518888,-6092.088159518888,-23363.60035599317,-25966.9754004296,6520.46119735415,8186.016963279074,0,0,0,1.539535136156243,0.6222491539426789,85.1275,86.36449057939448,83.24786078264026,101325,109521.3965971366,89802.44714147809,155993.3976710313,63049.39552324193,-25.45328699389587,-59.88252140507227,26.86282624166117,-12.72664349694793,-12.72664349694793,-54.26039658339575,-63.81880333688171,23.35876383928222,32.93274439683289,0,0,0,368,1,1,1,1,1,1,1,1,1,1,0.5,0.5,0.4118136038073375,0.5881863961926626,0.6340015126085223,0.3659984873914776,0.6030999316368191,0.4588059087838831,0.5411940912161171,0.3724726172990518,0.6275273827009482,0.5949029042945627,0.4050970957054373,0.6118635971252712,0.3881364028747289,0.3969000683631809,100,-12184.17631903778,101325,-25.45328699389587,368,0.5,0.5,0.4118136038073375,0.5881863961926626,0.6340015126085223,0.3659984873914776,0.3969000683631809,100,-12184.17631903778,101325,-25.45328699389587,368,0.5,0.5,0.4118136038073375,0.5881863961926626,0.6340015126085223,0.3659984873914776,0.3969000683631809
0.754,146.1957090661339,167.8855917603916,113.2373706509648,73.09785453306694,73.09785453306694,153.1397420816477,178.2097705185411,103.8552737738388,129.4895241883515,0,0,0,100,60.30999316368191,39.69000683631809,50,50,24.83647563033173,35.47351753335018,25.16352436966826,14.52648246664983,8512.75,5208.641836428152,3304.108163571849,3905.7,4607.05,1940.076457387733,3268.565379040419,1965.623542612267,1338.484620959582,-12184.17631903778,-24894.87014131815,7130.052088348826,-6092.088159518888,-6092.088159518888,-23363.60035599317,-25966.9754004296,6520.46119735415,8186.016963279074,0,0,0,1.539535136156243,0.6222491539426789,85.1275,86.36449057939448,83.24786078264026,101325,109521.3965971366,89802.44714147809,155993.3976710313,63049.39552324193,-25.45328699389587,-59.88252140507227,26.86282624166117,-12.72664349694793,-12.72664349694793,-54.26039658339575,-63.81880333688171,23.35876383928222,32.93274439683289,0,0,0,368,1,1,1,1,1,1,1,1,1,1,0.5,0.5,0.4118136038073375,0.5881863961926626,0.6340015126085223,0.3659984873914776,0.6030999316368191,0.4588059087838831,0.5411940912161171,0.3724726172990518,0.6275273827009482,0.5949029042945627,0.4050970957054373,0.6118635971252712,0.3881364028747289,0.3969000683631809,100,-12184.17631903778,101325,-25.45328699389587,368,0.5,0.5,0.4118136038073375,0.5881863961926626,0.6340015126085223,0.3659984873914776,0.3969000683631809,100,-12184.17631903778,101325,-25.45328699389587,368,0.5,0.5,0.4118136038073375,0.5881863961926626,0.6340015126085223,0.3659984873914776,0.3969000683631809
0.756,146.1957090661339,167.8855917603916,113.2373706509648,73.09785453306694,73.09785453306694,153.1397420816477,178.2097705185411,103.8552737738388,129.4895241883515,0,0,0,100,60.30999316368191,39.69000683631809,50,50,24.83647563033173,35.47351753335018,25.16352436966826,14.52648246664983,8512.75,5208.641836428152,3304.108163571849,3905.7,4607.05,1940.076457387733,3268.565379040419,1965.623542612267,1338.484620959582,-12184.17631903778,-24894.87014131815,7130.052088348826,-6092.088159518888,-6092.088159518888,-23363.60035599317,-25966.9754004296,6520.46119735415,8186.016963279074,0,0,0,1.539535136156243,0.6222491539426789,85.1275,86.36449057939448,83.24786078264026,101325,109521.3965971366,89802.44714147809,155993.3976710313,63049.39552324193,-25.45328699389587,-59.88252140507227,26.86282624166117,-12.72664349694793,-12.72664349694793,-54.26039658339575,-63.81880333688171,23.35876383928222,32.93274439683289,0,0,0,368,1,1,1,1,1,1,1,1,1,1,0.5,0.5,0.4118136038073375,0.5881863961926626,0.6340015126085223,0.3659984873914776,0.6030999316368191,0.4588059087838831,0.5411940912161171,0.3724726172990518,0.6275273827009482,0.5949029042945627,0.4050970957054373,0.6118635971252712,0.3881364028747289,0.3969000683631809,100,-12184.17631903778,101325,-25.45328699389587,368,0.5,0.5,0.4118136038073375,0.5881863961926626,0.6340015126085223,0.3659984873914776,0.3969000683631809,100,-12184.17631903778,101325,-25.45328699389587,368,0.5,0.5,0.4118136038073375,0.5881863961926626,0.6340015126085223,0.3659984873914776,0.3969000683631809
0.758,146.1957090661339,167.8855917603916,113.2373706509648,73.09785453306694,73.09785453306694,153.1397420816477,178.2097705185411,103.8552737738388,129.4895241883515,0,0,0,100,60.30999316368191,39.69000683631809,50,50,24.83647563033173,35.47351753335018,25.16352436966826,14.52648246664983,8512.75,5208.641836428152,3304.108163571849,3905.7,4607.05,1940.076457387733,3268.565379040419,1965.623542612267,1338.484620959582,-12184.17631903778,-24894.87014131815,7130.052088348826,-6092.088159518888,-6092.088159518888,-23363.60035599317,-25966.9754004296,6520.46119735415,8186.016963279074,0,0,0,1.539535136156243,0.6222491539426789,85.1275,86.36449057939448,83.24786078264026,101325,109521.3965971366,89802.44714147809,155993.3976710313,63049.39552324193,-25.45328699389587,-59.88252140507227,26.86282624166117,-12.72664349694793,-12.72664349694793,-54.26039658339575,-63.81880333688171,23.35876383928222,32.93274439683289,0,0,0,368,1,1,1,1,1,1,1,1,1,1,0.5,0.5,0.4118136038073375,0.5881863961926626,0.6340015126085223,0.3659984873914776,0.6030999316368191,0.4588059087838831,0.5411940912161171,0.3724726172990518,0.6275273827009482,0.5949029042945627,0.4050970957054373,0.6118635971252712,0.3881364028747289,0.3969000683631809,100,-12184.17631903778,101325,-25.45328699389587,368,0.5,0.5,0.4118136038073375,0.5881863961926626,0.6340015126085223,0.3659984873914776,0.3969000683631809,100,-12184.17631903778,101325,-25.45328699389587,368,0.5,0.5,0.4118136038073375,0.5881863961926626,0.6340015126085223,0.3659984873914776,0.3969000683631809
0.76,146.1957090661339,167.8855917603916,113.2373706509648,73.09785453306694,73.09785453306694,153.1397420816477,178.2097705185411,103.8552737738388,129.4895241883515,0,0,0,100,60.30999316368191,39.69000683631809,50,50,24.83647563033173,35.47351753335018,25.16352436966826,14.52648246664983,8512.75,5208.641836428152,3304.108163571849,3905.7,4607.05,1940.076457387733,3268.565379040419,1965.623542612267,1338.484620959582,-12184.17631903778,-24894.87014131815,7130.052088348826,-6092.088159518888,-6092.088159518888,-23363.60035599317,-25966.9754004296,6520.46119735415,8186.016963279074,0,0,0,1.539535136156243,0.6222491539426789,85.1275,86.36449057939448,83.24786078264026,101325,109521.3965971366,89802.44714147809,155993.3976710313,63049.39552324193,-25.45328699389587,-59.88252140507227,26.86282624166117,-12.72664349694793,-12.72664349694793,-54.26039658339575,-63.81880333688171,23.35876383928222,32.93274439683289,0,0,0,368,1,1,1,1,1,1,1,1,1,1,0.5,0.5,0.4118136038073375,0.5881863961926626,0.6340015126085223,0.3659984873914776,0.6030999316368191,0.4588059087838831,0.5411940912161171,0.3724726172990518,0.6275273827009482,0.5949029042945627,0.4050970957054373,0.6118635971252712,0.3881364028747289,0.3969000683631809,100,-12184.17631903778,101325,-25.45328699389587,368,0.5,0.5,0.4118136038073375,0.5881863961926626,0.6340015126085223,0.3659984873914776,0.3969000683631809,100,-12184.17631903778,101325,-25.45328699389587,368,0.5,0.5,0.4118136038073375,0.5881863961926626,0.6340015126085223,0.3659984873914776,0.3969000683631809
0.762,146.1957090661339,167.8855917603916,113.2373706509648,73.09785453306694,73.09785453306694,153.1397420816477,178.2097705185411,103.8552737738388,129.4895241883515,0,0,0,100,60.30999316368191,39.69000683631809,50,50,24.83647563033173,35.47351753335018,25.16352436966826,14.52648246664983,8512.75,5208.641836428152,3304.108163571849,3905.7,4607.05,1940.076457387733,3268.565379040419,1965.623542612267,1338.484620959582,-12184.17631903778,-24894.87014131815,7130.052088348826,-6092.088159518888,-6092.088159518888,-23363.60035599317,-25966.9754004296,6520.46119735415,8186.016963279074,0,0,0,1.539535136156243,0.6222491539426789,85.1275,86.36449057939448,83.24786078264026,101325,109521.3965971366,89802.44714147809,155993.3976710313,63049.39552324193,-25.45328699389587,-59.88252140507227,26.86282624166117,-12.72664349694793,-12.72664349694793,-54.26039658339575,-63.81880333688171,23.35876383928222,32.93274439683289,0,0,0,368,1,1,1,1,1,1,1,1,1,1,0.5,0.5,0.4118136038073375,0.5881863961926626,0.6340015126085223,0.3659984873914776,0.6030999316368191,0.4588059087838831,0.5411940912161171,0.3724726172990518,0.6275273827009482,0.5949029042945627,0.4050970957054373,0.6118635971252712,0.3881364028747289,0.3969000683631809,100,-12184.17631903778,101325,-25.45328699389587,368,0.5,0.5,0.4118136038073375,0.5881863961926626,0.6340015126085223,0.3659984873914776,0.3969000683631809,100,-12184.17631903778,101325,-25.45328699389587,368,0.5,0.5,0.4118136038073375,0.5881863961926626,0.6340015126085223,0.3659984873914776,0.3969000683631809
0.764,146.1957090661339,167.8855917603916,113.2373706509648,73.09785453306694,73.09785453306694,153.1397420816477,178.2097705185411,103.8552737738388,129.4895241883515,0,0,0,100,60.30999316368191,39.69000683631809,50,50,24.83647563033173,35.47351753335018,25.16352436966826,14.52648246664983,8512.75,5208.641836428152,3304.108163571849,3905.7,4607.05,1940.076457387733,3268.565379040419,1965.623542612267,1338.484620959582,-12184.17631903778,-24894.87014131815,7130.052088348826,-6092.088159518888,-6092.088159518888,-23363.60035599317,-25966.9754004296,6520.46119735415,8186.016963279074,0,0,0,1.539535136156243,0.6222491539426789,85.1275,86.36449057939448,83.24786078264026,101325,109521.3965971366,89802.44714147809,155993.3976710313,63049.39552324193,-25.45328699389587,-59.88252140507227,26.86282624166117,-12.72664349694793,-12.72664349694793,-54.26039658339575,-63.81880333688171,23.35876383928222,32.93274439683289,0,0,0,368,1,1,1,1,1,1,1,1,1,1,0.5,0.5,0.4118136038073375,0.5881863961926626,0.6340015126085223,0.3659984873914776,0.6030999316368191,0.4588059087838831,0.5411940912161171,0.3724726172990518,0.6275273827009482,0.5949029042945627,0.4050970957054373,0.6118635971252712,0.3881364028747289,0.3969000683631809,100,-12184.17631903778,101325,-25.45328699389587,368,0.5,0.5,0.4118136038073375,0.5881863961926626,0.6340015126085223,0.3659984873914776,0.3969000683631809,100,-12184.17631903778,101325,-25.45328699389587,368,0.5,0.5,0.4118136038073375,0.5881863961926626,0.6340015126085223,0.3659984873914776,0.3969000683631809
0.766,146.1957090661339,167.8855917603916,113.2373706509648,73.09785453306694,73.09785453306694,153.1397420816477,178.2097705185411,103.8552737738388,129.4895241883515,0,0,0,100,60.30999316368191,39.69000683631809,50,50,24.83647563033173,35.47351753335018,25.16352436966826,14.52648246664983,8512.75,5208.641836428152,3304.108163571849,3905.7,4607.05,1940.076457387733,3268.565379040419,1965.623542612267,1338.484620959582,-12184.17631903778,-24894.87014131815,7130.052088348826,-6092.088159518888,-6092.088159518888,-23363.60035599317,-25966.9754004296,6520.46119735415,8186.016963279074,0,0,0,1.539535136156243,0.6222491539426789,85.1275,86.36449057939448,83.24786078264026,101325,109521.3965971366,89802.44714147809,155993.3976710313,63049.39552324193,-25.45328699389587,-59.88252140507227,26.86282624166117,-12.72664349694793,-12.72664349694793,-54.26039658339575,-63.81880333688171,23.35876383928222,32.93274439683289,0,0,0,368,1,1,1,1,1,1,1,1,1,1,0.5,0.5,0.4118136038073375,0.5881863961926626,0.6340015126085223,0.3659984873914776,0.6030999316368191,0.4588059087838831,0.5411940912161171,0.3724726172990518,0.6275273827009482,0.5949029042945627,0.4050970957054373,0.6118635971252712,0.3881364028747289,0.3969000683631809,100,-12184.17631903778,101325,-25.45328699389587,368,0.5,0.5,0.4118136038073375,0.5881863961926626,0.6340015126085223,0.3659984873914776,0.3969000683631809,100,-12184.17631903778,101325,-25.45328699389587,368,0.5,0.5,0.4118136038073375,0.5881863961926626,0.6340015126085223,0.3659984873914776,0.3969000683631809
0.768,146.1957090661339,167.8855917603916,113.2373706509648,73.09785453306694,73.09785453306694,153.1397420816477,178.2097705185411,103.8552737738388,129.4895241883515,0,0,0,100,60.30999316368191,39.69000683631809,50,50,24.83647563033173,35.47351753335018,25.16352436966826,14.52648246664983,8512.75,5208.641836428152,3304.108163571849,3905.7,4607.05,1940.076457387733,3268.565379040419,1965.623542612267,1338.484620959582,-12184.17631903778,-24894.87014131815,7130.052088348826,-6092.088159518888,-6092.088159518888,-23363.60035599317,-25966.9754004296,6520.46119735415,8186.016963279074,0,0,0,1.539535136156243,0.6222491539426789,85.1275,86.36449057939448,83.24786078264026,101325,109521.3965971366,89802.44714147809,155993.3976710313,63049.39552324193,-25.45328699389587,-59.88252140507227,26.86282624166117,-12.72664349694793,-12.72664349694793,-54.26039658339575,-63.81880333688171,23.35876383928222,32.93274439683289,0,0,0,368,1,1,1,1,1,1,1,1,1,1,0.5,0.5,0.4118136038073375,0.5881863961926626,0.6340015126085223,0.3659984873914776,0.6030999316368191,0.4588059087838831,0.5411940912161171,0.3724726172990518,0.6275273827009482,0.5949029042945627,0.4050970957054373,0.6118635971252712,0.3881364028747289,0.3969000683631809,100,-12184.17631903778,101325,-25.45328699389587,368,0.5,0.5,0.4118136038073375,0.5881863961926626,0.6340015126085223,0.3659984873914776,0.3969000683631809,100,-12184.17631903778,101325,-25.45328699389587,368,0.5,0.5,0.4118136038073375,0.5881863961926626,0.6340015126085223,0.3659984873914776,0.3969000683631809
0.77,146.1957090661339,167.8855917603916,113.2373706509648,73.09785453306694,73.09785453306694,153.1397420816477,178.2097705185411,103.8552737738388,129.4895241883515,0,0,0,100,60.30999316368191,39.69000683631809,50,50,24.83647563033173,35.47351753335018,25.16352436966826,14.52648246664983,8512.75,5208.641836428152,3304.108163571849,3905.7,4607.05,1940.076457387733,3268.565379040419,1965.623542612267,1338.484620959582,-12184.17631903778,-24894.87014131815,7130.052088348826,-6092.088159518888,-6092.088159518888,-23363.60035599317,-25966.9754004296,6520.46119735415,8186.016963279074,0,0,0,1.539535136156243,0.6222491539426789,85.1275,86.36449057939448,83.24786078264026,101325,109521.3965971366,89802.44714147809,155993.3976710313,63049.39552324193,-25.45328699389587,-59.88252140507227,26.86282624166117,-12.72664349694793,-12.72664349694793,-54.26039658339575,-63.81880333688171,23.35876383928222,32.93274439683289,0,0,0,368,1,1,1,1,1,1,1,1,1,1,0.5,0.5,0.4118136038073375,0.5881863961926626,0.6340015126085223,0.3659984873914776,0.6030999316368191,0.4588059087838831,0.5411940912161171,0.3724726172990518,0.6275273827009482,0.5949029042945627,0.4050970957054373,0.6118635971252712,0.3881364028747289,0.3969000683631809,100,-12184.17631903778,101325,-25.45328699389587,368,0.5,0.5,0.4118136038073375,0.5881863961926626,0.6340015126085223,0.3659984873914776,0.3969000683631809,100,-12184.17631903778,101325,-25.45328699389587,368,0.5,0.5,0.4118136038073375,0.5881863961926626,0.6340015126085223,0.3659984873914776,0.3969000683631809
0.772,146.1957090661339,167.8855917603916,113.2373706509648,73.09785453306694,73.09785453306694,153.1397420816477,178.2097705185411,103.8552737738388,129.4895241883515,0,0,0,100,60.30999316368191,39.69000683631809,50,50,24.83647563033173,35.47351753335018,25.16352436966826,14.52648246664983,8512.75,5208.641836428152,3304.108163571849,3905.7,4607.05,1940.076457387733,3268.565379040419,1965.623542612267,1338.484620959582,-12184.17631903778,-24894.87014131815,7130.052088348826,-6092.088159518888,-6092.088159518888,-23363.60035599317,-25966.9754004296,6520.46119735415,8186.016963279074,0,0,0,1.539535136156243,0.6222491539426789,85.1275,86.36449057939448,83.24786078264026,101325,109521.3965971366,89802.44714147809,155993.3976710313,63049.39552324193,-25.45328699389587,-59.88252140507227,26.86282624166117,-12.72664349694793,-12.72664349694793,-54.26039658339575,-63.81880333688171,23.35876383928222,32.93274439683289,0,0,0,368,1,1,1,1,1,1,1,1,1,1,0.5,0.5,0.4118136038073375,0.5881863961926626,0.6340015126085223,0.3659984873914776,0.6030999316368191,0.4588059087838831,0.5411940912161171,0.3724726172990518,0.6275273827009482,0.5949029042945627,0.4050970957054373,0.6118635971252712,0.3881364028747289,0.3969000683631809,100,-12184.17631903778,101325,-25.45328699389587,368,0.5,0.5,0.4118136038073375,0.5881863961926626,0.6340015126085223,0.3659984873914776,0.3969000683631809,100,-12184.17631903778,101325,-25.45328699389587,368,0.5,0.5,0.4118136038073375,0.5881863961926626,0.6340015126085223,0.3659984873914776,0.3969000683631809
0.774,146.1957090661339,167.8855917603916,113.2373706509648,73.09785453306694,73.09785453306694,153.1397420816477,178.2097705185411,103.8552737738388,129.4895241883515,0,0,0,100,60.30999316368191,39.69000683631809,50,50,24.83647563033173,35.47351753335018,25.16352436966826,14.52648246664983,8512.75,5208.641836428152,3304.108163571849,3905.7,4607.05,1940.076457387733,3268.565379040419,1965.623542612267,1338.484620959582,-12184.17631903778,-24894.87014131815,7130.052088348826,-6092.088159518888,-6092.088159518888,-23363.60035599317,-25966.9754004296,6520.46119735415,8186.016963279074,0,0,0,1.539535136156243,0.6222491539426789,85.1275,86.36449057939448,83.24786078264026,101325,109521.3965971366,89802.44714147809,155993.3976710313,63049.39552324193,-25.45328699389587,-59.88252140507227,26.86282624166117,-12.72664349694793,-12.72664349694793,-54.26039658339575,-63.81880333688171,23.35876383928222,32.93274439683289,0,0,0,368,1,1,1,1,1,1,1,1,1,1,0.5,0.5,0.4118136038073375,0.5881863961926626,0.6340015126085223,0.3659984873914776,0.6030999316368191,0.4588059087838831,0.5411940912161171,0.3724726172990518,0.6275273827009482,0.5949029042945627,0.4050970957054373,0.6118635971252712,0.3881364028747289,0.3969000683631809,100,-12184.17631903778,101325,-25.45328699389587,368,0.5,0.5,0.4118136038073375,0.5881863961926626,0.6340015126085223,0.3659984873914776,0.3969000683631809,100,-12184.17631903778,101325,-25.45328699389587,368,0.5,0.5,0.4118136038073375,0.5881863961926626,0.6340015126085223,0.3659984873914776,0.3969000683631809
0.776,146.1957090661339,167.8855917603916,113.2373706509648,73.09785453306694,73.09785453306694,153.1397420816477,178.2097705185411,103.8552737738388,129.4895241883515,0,0,0,100,60.30999316368191,39.69000683631809,50,50,24.83647563033173,35.47351753335018,25.16352436966826,14.52648246664983,8512.75,5208.641836428152,3304.108163571849,3905.7,4607.05,1940.076457387733,3268.565379040419,1965.623542612267,1338.484620959582,-12184.17631903778,-24894.87014131815,7130.052088348826,-6092.088159518888,-6092.088159518888,-23363.60035599317,-25966.9754004296,6520.46119735415,8186.016963279074,0,0,0,1.539535136156243,0.6222491539426789,85.1275,86.36449057939448,83.24786078264026,101325,109521.3965971366,89802.44714147809,155993.3976710313,63049.39552324193,-25.45328699389587,-59.88252140507227,26.86282624166117,-12.72664349694793,-12.72664349694793,-54.26039658339575,-63.81880333688171,23.35876383928222,32.93274439683289,0,0,0,368,1,1,1,1,1,1,1,1,1,1,0.5,0.5,0.4118136038073375,0.5881863961926626,0.6340015126085223,0.3659984873914776,0.6030999316368191,0.4588059087838831,0.5411940912161171,0.3724726172990518,0.6275273827009482,0.5949029042945627,0.4050970957054373,0.6118635971252712,0.3881364028747289,0.3969000683631809,100,-12184.17631903778,101325,-25.45328699389587,368,0.5,0.5,0.4118136038073375,0.5881863961926626,0.6340015126085223,0.3659984873914776,0.3969000683631809,100,-12184.17631903778,101325,-25.45328699389587,368,0.5,0.5,0.4118136038073375,0.5881863961926626,0.6340015126085223,0.3659984873914776,0.3969000683631809
0.778,146.1957090661339,167.8855917603916,113.2373706509648,73.09785453306694,73.09785453306694,153.1397420816477,178.2097705185411,103.8552737738388,129.4895241883515,0,0,0,100,60.30999316368191,39.69000683631809,50,50,24.83647563033173,35.47351753335018,25.16352436966826,14.52648246664983,8512.75,5208.641836428152,3304.108163571849,3905.7,4607.05,1940.076457387733,3268.565379040419,1965.623542612267,1338.484620959582,-12184.17631903778,-24894.87014131815,7130.052088348826,-6092.088159518888,-6092.088159518888,-23363.60035599317,-25966.9754004296,6520.46119735415,8186.016963279074,0,0,0,1.539535136156243,0.6222491539426789,85.1275,86.36449057939448,83.24786078264026,101325,109521.3965971366,89802.44714147809,155993.3976710313,63049.39552324193,-25.45328699389587,-59.88252140507227,26.86282624166117,-12.72664349694793,-12.72664349694793,-54.26039658339575,-63.81880333688171,23.35876383928222,32.93274439683289,0,0,0,368,1,1,1,1,1,1,1,1,1,1,0.5,0.5,0.4118136038073375,0.5881863961926626,0.6340015126085223,0.3659984873914776,0.6030999316368191,0.4588059087838831,0.5411940912161171,0.3724726172990518,0.6275273827009482,0.5949029042945627,0.4050970957054373,0.6118635971252712,0.3881364028747289,0.3969000683631809,100,-12184.17631903778,101325,-25.45328699389587,368,0.5,0.5,0.4118136038073375,0.5881863961926626,0.6340015126085223,0.3659984873914776,0.3969000683631809,100,-12184.17631903778,101325,-25.45328699389587,368,0.5,0.5,0.4118136038073375,0.5881863961926626,0.6340015126085223,0.3659984873914776,0.3969000683631809
0.78,146.1957090661339,167.8855917603916,113.2373706509648,73.09785453306694,73.09785453306694,153.1397420816477,178.2097705185411,103.8552737738388,129.4895241883515,0,0,0,100,60.30999316368191,39.69000683631809,50,50,24.83647563033173,35.47351753335018,25.16352436966826,14.52648246664983,8512.75,5208.641836428152,3304.108163571849,3905.7,4607.05,1940.076457387733,3268.565379040419,1965.623542612267,1338.484620959582,-12184.17631903778,-24894.87014131815,7130.052088348826,-6092.088159518888,-6092.088159518888,-23363.60035599317,-25966.9754004296,6520.46119735415,8186.016963279074,0,0,0,1.539535136156243,0.6222491539426789,85.1275,86.36449057939448,83.24786078264026,101325,109521.3965971366,89802.44714147809,155993.3976710313,63049.39552324193,-25.45328699389587,-59.88252140507227,26.86282624166117,-12.72664349694793,-12.72664349694793,-54.26039658339575,-63.81880333688171,23.35876383928222,32.93274439683289,0,0,0,368,1,1,1,1,1,1,1,1,1,1,0.5,0.5,0.4118136038073375,0.5881863961926626,0.6340015126085223,0.3659984873914776,0.6030999316368191,0.4588059087838831,0.5411940912161171,0.3724726172990518,0.6275273827009482,0.5949029042945627,0.4050970957054373,0.6118635971252712,0.3881364028747289,0.3969000683631809,100,-12184.17631903778,101325,-25.45328699389587,368,0.5,0.5,0.4118136038073375,0.5881863961926626,0.6340015126085223,0.3659984873914776,0.3969000683631809,100,-12184.17631903778,101325,-25.45328699389587,368,0.5,0.5,0.4118136038073375,0.5881863961926626,0.6340015126085223,0.3659984873914776,0.3969000683631809
0.782,146.1957090661339,167.8855917603916,113.2373706509648,73.09785453306694,73.09785453306694,153.1397420816477,178.2097705185411,103.8552737738388,129.4895241883515,0,0,0,100,60.30999316368191,39.69000683631809,50,50,24.83647563033173,35.47351753335018,25.16352436966826,14.52648246664983,8512.75,5208.641836428152,3304.108163571849,3905.7,4607.05,1940.076457387733,3268.565379040419,1965.623542612267,1338.484620959582,-12184.17631903778,-24894.87014131815,7130.052088348826,-6092.088159518888,-6092.088159518888,-23363.60035599317,-25966.9754004296,6520.46119735415,8186.016963279074,0,0,0,1.539535136156243,0.6222491539426789,85.1275,86.36449057939448,83.24786078264026,101325,109521.3965971366,89802.44714147809,155993.3976710313,63049.39552324193,-25.45328699389587,-59.88252140507227,26.86282624166117,-12.72664349694793,-12.72664349694793,-54.26039658339575,-63.81880333688171,23.35876383928222,32.93274439683289,0,0,0,368,1,1,1,1,1,1,1,1,1,1,0.5,0.5,0.4118136038073375,0.5881863961926626,0.6340015126085223,0.3659984873914776,0.6030999316368191,0.4588059087838831,0.5411940912161171,0.3724726172990518,0.6275273827009482,0.5949029042945627,0.4050970957054373,0.6118635971252712,0.3881364028747289,0.3969000683631809,100,-12184.17631903778,101325,-25.45328699389587,368,0.5,0.5,0.4118136038073375,0.5881863961926626,0.6340015126085223,0.3659984873914776,0.3969000683631809,100,-12184.17631903778,101325,-25.45328699389587,368,0.5,0.5,0.4118136038073375,0.5881863961926626,0.6340015126085223,0.3659984873914776,0.3969000683631809
0.784,146.1957090661339,167.8855917603916,113.2373706509648,73.09785453306694,73.09785453306694,153.1397420816477,178.2097705185411,103.8552737738388,129.4895241883515,0,0,0,100,60.30999316368191,39.69000683631809,50,50,24.83647563033173,35.47351753335018,25.16352436966826,14.52648246664983,8512.75,5208.641836428152,3304.108163571849,3905.7,4607.05,1940.076457387733,3268.565379040419,1965.623542612267,1338.484620959582,-12184.17631903778,-24894.87014131815,7130.052088348826,-6092.088159518888,-6092.088159518888,-23363.60035599317,-25966.9754004296,6520.46119735415,8186.016963279074,0,0,0,1.539535136156243,0.6222491539426789,85.1275,86.36449057939448,83.24786078264026,101325,109521.3965971366,89802.44714147809,155993.3976710313,63049.39552324193,-25.45328699389587,-59.88252140507227,26.86282624166117,-12.72664349694793,-12.72664349694793,-54.26039658339575,-63.81880333688171,23.35876383928222,32.93274439683289,0,0,0,368,1,1,1,1,1,1,1,1,1,1,0.5,0.5,0.4118136038073375,0.5881863961926626,0.6340015126085223,0.3659984873914776,0.6030999316368191,0.4588059087838831,0.5411940912161171,0.3724726172990518,0.6275273827009482,0.5949029042945627,0.4050970957054373,0.6118635971252712,0.3881364028747289,0.3969000683631809,100,-12184.17631903778,101325,-25.45328699389587,368,0.5,0.5,0.4118136038073375,0.5881863961926626,0.6340015126085223,0.3659984873914776,0.3969000683631809,100,-12184.17631903778,101325,-25.45328699389587,368,0.5,0.5,0.4118136038073375,0.5881863961926626,0.6340015126085223,0.3659984873914776,0.3969000683631809
0.786,146.1957090661339,167.8855917603916,113.2373706509648,73.09785453306694,73.09785453306694,153.1397420816477,178.2097705185411,103.8552737738388,129.4895241883515,0,0,0,100,60.30999316368191,39.69000683631809,50,50,24.83647563033173,35.47351753335018,25.16352436966826,14.52648246664983,8512.75,5208.641836428152,3304.108163571849,3905.7,4607.05,1940.076457387733,3268.565379040419,1965.623542612267,1338.484620959582,-12184.17631903778,-24894.87014131815,7130.052088348826,-6092.088159518888,-6092.088159518888,-23363.60035599317,-25966.9754004296,6520.46119735415,8186.016963279074,0,0,0,1.539535136156243,0.6222491539426789,85.1275,86.36449057939448,83.24786078264026,101325,109521.3965971366,89802.44714147809,155993.3976710313,63049.39552324193,-25.45328699389587,-59.88252140507227,26.86282624166117,-12.72664349694793,-12.72664349694793,-54.26039658339575,-63.81880333688171,23.35876383928222,32.93274439683289,0,0,0,368,1,1,1,1,1,1,1,1,1,1,0.5,0.5,0.4118136038073375,0.5881863961926626,0.6340015126085223,0.3659984873914776,0.6030999316368191,0.4588059087838831,0.5411940912161171,0.3724726172990518,0.6275273827009482,0.5949029042945627,0.4050970957054373,0.6118635971252712,0.3881364028747289,0.3969000683631809,100,-12184.17631903778,101325,-25.45328699389587,368,0.5,0.5,0.4118136038073375,0.5881863961926626,0.6340015126085223,0.3659984873914776,0.3969000683631809,100,-12184.17631903778,101325,-25.45328699389587,368,0.5,0.5,0.4118136038073375,0.5881863961926626,0.6340015126085223,0.3659984873914776,0.3969000683631809
0.788,146.1957090661339,167.8855917603916,113.2373706509648,73.09785453306694,73.09785453306694,153.1397420816477,178.2097705185411,103.8552737738388,129.4895241883515,0,0,0,100,60.30999316368191,39.69000683631809,50,50,24.83647563033173,35.47351753335018,25.16352436966826,14.52648246664983,8512.75,5208.641836428152,3304.108163571849,3905.7,4607.05,1940.076457387733,3268.565379040419,1965.623542612267,1338.484620959582,-12184.17631903778,-24894.87014131815,7130.052088348826,-6092.088159518888,-6092.088159518888,-23363.60035599317,-25966.9754004296,6520.46119735415,8186.016963279074,0,0,0,1.539535136156243,0.6222491539426789,85.1275,86.36449057939448,83.24786078264026,101325,109521.3965971366,89802.44714147809,155993.3976710313,63049.39552324193,-25.45328699389587,-59.88252140507227,26.86282624166117,-12.72664349694793,-12.72664349694793,-54.26039658339575,-63.81880333688171,23.35876383928222,32.93274439683289,0,0,0,368,1,1,1,1,1,1,1,1,1,1,0.5,0.5,0.4118136038073375,0.5881863961926626,0.6340015126085223,0.3659984873914776,0.6030999316368191,0.4588059087838831,0.5411940912161171,0.3724726172990518,0.6275273827009482,0.5949029042945627,0.4050970957054373,0.6118635971252712,0.3881364028747289,0.3969000683631809,100,-12184.17631903778,101325,-25.45328699389587,368,0.5,0.5,0.4118136038073375,0.5881863961926626,0.6340015126085223,0.3659984873914776,0.3969000683631809,100,-12184.17631903778,101325,-25.45328699389587,368,0.5,0.5,0.4118136038073375,0.5881863961926626,0.6340015126085223,0.3659984873914776,0.3969000683631809
0.79,146.1957090661339,167.8855917603916,113.2373706509648,73.09785453306694,73.09785453306694,153.1397420816477,178.2097705185411,103.8552737738388,129.4895241883515,0,0,0,100,60.30999316368191,39.69000683631809,50,50,24.83647563033173,35.47351753335018,25.16352436966826,14.52648246664983,8512.75,5208.641836428152,3304.108163571849,3905.7,4607.05,1940.076457387733,3268.565379040419,1965.623542612267,1338.484620959582,-12184.17631903778,-24894.87014131815,7130.052088348826,-6092.088159518888,-6092.088159518888,-23363.60035599317,-25966.9754004296,6520.46119735415,8186.016963279074,0,0,0,1.539535136156243,0.6222491539426789,85.1275,86.36449057939448,83.24786078264026,101325,109521.3965971366,89802.44714147809,155993.3976710313,63049.39552324193,-25.45328699389587,-59.88252140507227,26.86282624166117,-12.72664349694793,-12.72664349694793,-54.26039658339575,-63.81880333688171,23.35876383928222,32.93274439683289,0,0,0,368,1,1,1,1,1,1,1,1,1,1,0.5,0.5,0.4118136038073375,0.5881863961926626,0.6340015126085223,0.3659984873914776,0.6030999316368191,0.4588059087838831,0.5411940912161171,0.3724726172990518,0.6275273827009482,0.5949029042945627,0.4050970957054373,0.6118635971252712,0.3881364028747289,0.3969000683631809,100,-12184.17631903778,101325,-25.45328699389587,368,0.5,0.5,0.4118136038073375,0.5881863961926626,0.6340015126085223,0.3659984873914776,0.3969000683631809,100,-12184.17631903778,101325,-25.45328699389587,368,0.5,0.5,0.4118136038073375,0.5881863961926626,0.6340015126085223,0.3659984873914776,0.3969000683631809
0.792,146.1957090661339,167.8855917603916,113.2373706509648,73.09785453306694,73.09785453306694,153.1397420816477,178.2097705185411,103.8552737738388,129.4895241883515,0,0,0,100,60.30999316368191,39.69000683631809,50,50,24.83647563033173,35.47351753335018,25.16352436966826,14.52648246664983,8512.75,5208.641836428152,3304.108163571849,3905.7,4607.05,1940.076457387733,3268.565379040419,1965.623542612267,1338.484620959582,-12184.17631903778,-24894.87014131815,7130.052088348826,-6092.088159518888,-6092.088159518888,-23363.60035599317,-25966.9754004296,6520.46119735415,8186.016963279074,0,0,0,1.539535136156243,0.6222491539426789,85.1275,86.36449057939448,83.24786078264026,101325,109521.3965971366,89802.44714147809,155993.3976710313,63049.39552324193,-25.45328699389587,-59.88252140507227,26.86282624166117,-12.72664349694793,-12.72664349694793,-54.26039658339575,-63.81880333688171,23.35876383928222,32.93274439683289,0,0,0,368,1,1,1,1,1,1,1,1,1,1,0.5,0.5,0.4118136038073375,0.5881863961926626,0.6340015126085223,0.3659984873914776,0.6030999316368191,0.4588059087838831,0.5411940912161171,0.3724726172990518,0.6275273827009482,0.5949029042945627,0.4050970957054373,0.6118635971252712,0.3881364028747289,0.3969000683631809,100,-12184.17631903778,101325,-25.45328699389587,368,0.5,0.5,0.4118136038073375,0.5881863961926626,0.6340015126085223,0.3659984873914776,0.3969000683631809,100,-12184.17631903778,101325,-25.45328699389587,368,0.5,0.5,0.4118136038073375,0.5881863961926626,0.6340015126085223,0.3659984873914776,0.3969000683631809
0.794,146.1957090661339,167.8855917603916,113.2373706509648,73.09785453306694,73.09785453306694,153.1397420816477,178.2097705185411,103.8552737738388,129.4895241883515,0,0,0,100,60.30999316368191,39.69000683631809,50,50,24.83647563033173,35.47351753335018,25.16352436966826,14.52648246664983,8512.75,5208.641836428152,3304.108163571849,3905.7,4607.05,1940.076457387733,3268.565379040419,1965.623542612267,1338.484620959582,-12184.17631903778,-24894.87014131815,7130.052088348826,-6092.088159518888,-6092.088159518888,-23363.60035599317,-25966.9754004296,6520.46119735415,8186.016963279074,0,0,0,1.539535136156243,0.6222491539426789,85.1275,86.36449057939448,83.24786078264026,101325,109521.3965971366,89802.44714147809,155993.3976710313,63049.39552324193,-25.45328699389587,-59.88252140507227,26.86282624166117,-12.72664349694793,-12.72664349694793,-54.26039658339575,-63.81880333688171,23.35876383928222,32.93274439683289,0,0,0,368,1,1,1,1,1,1,1,1,1,1,0.5,0.5,0.4118136038073375,0.5881863961926626,0.6340015126085223,0.3659984873914776,0.6030999316368191,0.4588059087838831,0.5411940912161171,0.3724726172990518,0.6275273827009482,0.5949029042945627,0.4050970957054373,0.6118635971252712,0.3881364028747289,0.3969000683631809,100,-12184.17631903778,101325,-25.45328699389587,368,0.5,0.5,0.4118136038073375,0.5881863961926626,0.6340015126085223,0.3659984873914776,0.3969000683631809,100,-12184.17631903778,101325,-25.45328699389587,368,0.5,0.5,0.4118136038073375,0.5881863961926626,0.6340015126085223,0.3659984873914776,0.3969000683631809
0.796,146.1957090661339,167.8855917603916,113.2373706509648,73.09785453306694,73.09785453306694,153.1397420816477,178.2097705185411,103.8552737738388,129.4895241883515,0,0,0,100,60.30999316368191,39.69000683631809,50,50,24.83647563033173,35.47351753335018,25.16352436966826,14.52648246664983,8512.75,5208.641836428152,3304.108163571849,3905.7,4607.05,1940.076457387733,3268.565379040419,1965.623542612267,1338.484620959582,-12184.17631903778,-24894.87014131815,7130.052088348826,-6092.088159518888,-6092.088159518888,-23363.60035599317,-25966.9754004296,6520.46119735415,8186.016963279074,0,0,0,1.539535136156243,0.6222491539426789,85.1275,86.36449057939448,83.24786078264026,101325,109521.3965971366,89802.44714147809,155993.3976710313,63049.39552324193,-25.45328699389587,-59.88252140507227,26.86282624166117,-12.72664349694793,-12.72664349694793,-54.26039658339575,-63.81880333688171,23.35876383928222,32.93274439683289,0,0,0,368,1,1,1,1,1,1,1,1,1,1,0.5,0.5,0.4118136038073375,0.5881863961926626,0.6340015126085223,0.3659984873914776,0.6030999316368191,0.4588059087838831,0.5411940912161171,0.3724726172990518,0.6275273827009482,0.5949029042945627,0.4050970957054373,0.6118635971252712,0.3881364028747289,0.3969000683631809,100,-12184.17631903778,101325,-25.45328699389587,368,0.5,0.5,0.4118136038073375,0.5881863961926626,0.6340015126085223,0.3659984873914776,0.3969000683631809,100,-12184.17631903778,101325,-25.45328699389587,368,0.5,0.5,0.4118136038073375,0.5881863961926626,0.6340015126085223,0.3659984873914776,0.3969000683631809
0.798,146.1957090661339,167.8855917603916,113.2373706509648,73.09785453306694,73.09785453306694,153.1397420816477,178.2097705185411,103.8552737738388,129.4895241883515,0,0,0,100,60.30999316368191,39.69000683631809,50,50,24.83647563033173,35.47351753335018,25.16352436966826,14.52648246664983,8512.75,5208.641836428152,3304.108163571849,3905.7,4607.05,1940.076457387733,3268.565379040419,1965.623542612267,1338.484620959582,-12184.17631903778,-24894.87014131815,7130.052088348826,-6092.088159518888,-6092.088159518888,-23363.60035599317,-25966.9754004296,6520.46119735415,8186.016963279074,0,0,0,1.539535136156243,0.6222491539426789,85.1275,86.36449057939448,83.24786078264026,101325,109521.3965971366,89802.44714147809,155993.3976710313,63049.39552324193,-25.45328699389587,-59.88252140507227,26.86282624166117,-12.72664349694793,-12.72664349694793,-54.26039658339575,-63.81880333688171,23.35876383928222,32.93274439683289,0,0,0,368,1,1,1,1,1,1,1,1,1,1,0.5,0.5,0.4118136038073375,0.5881863961926626,0.6340015126085223,0.3659984873914776,0.6030999316368191,0.4588059087838831,0.5411940912161171,0.3724726172990518,0.6275273827009482,0.5949029042945627,0.4050970957054373,0.6118635971252712,0.3881364028747289,0.3969000683631809,100,-12184.17631903778,101325,-25.45328699389587,368,0.5,0.5,0.4118136038073375,0.5881863961926626,0.6340015126085223,0.3659984873914776,0.3969000683631809,100,-12184.17631903778,101325,-25.45328699389587,368,0.5,0.5,0.4118136038073375,0.5881863961926626,0.6340015126085223,0.3659984873914776,0.3969000683631809
0.8,146.1957090661339,167.8855917603916,113.2373706509648,73.09785453306694,73.09785453306694,153.1397420816477,178.2097705185411,103.8552737738388,129.4895241883515,0,0,0,100,60.30999316368191,39.69000683631809,50,50,24.83647563033173,35.47351753335018,25.16352436966826,14.52648246664983,8512.75,5208.641836428152,3304.108163571849,3905.7,4607.05,1940.076457387733,3268.565379040419,1965.623542612267,1338.484620959582,-12184.17631903778,-24894.87014131815,7130.052088348826,-6092.088159518888,-6092.088159518888,-23363.60035599317,-25966.9754004296,6520.46119735415,8186.016963279074,0,0,0,1.539535136156243,0.6222491539426789,85.1275,86.36449057939448,83.24786078264026,101325,109521.3965971366,89802.44714147809,155993.3976710313,63049.39552324193,-25.45328699389587,-59.88252140507227,26.86282624166117,-12.72664349694793,-12.72664349694793,-54.26039658339575,-63.81880333688171,23.35876383928222,32.93274439683289,0,0,0,368,1,1,1,1,1,1,1,1,1,1,0.5,0.5,0.4118136038073375,0.5881863961926626,0.6340015126085223,0.3659984873914776,0.6030999316368191,0.4588059087838831,0.5411940912161171,0.3724726172990518,0.6275273827009482,0.5949029042945627,0.4050970957054373,0.6118635971252712,0.3881364028747289,0.3969000683631809,100,-12184.17631903778,101325,-25.45328699389587,368,0.5,0.5,0.4118136038073375,0.5881863961926626,0.6340015126085223,0.3659984873914776,0.3969000683631809,100,-12184.17631903778,101325,-25.45328699389587,368,0.5,0.5,0.4118136038073375,0.5881863961926626,0.6340015126085223,0.3659984873914776,0.3969000683631809
0.802,146.1957090661339,167.8855917603916,113.2373706509648,73.09785453306694,73.09785453306694,153.1397420816477,178.2097705185411,103.8552737738388,129.4895241883515,0,0,0,100,60.30999316368191,39.69000683631809,50,50,24.83647563033173,35.47351753335018,25.16352436966826,14.52648246664983,8512.75,5208.641836428152,3304.108163571849,3905.7,4607.05,1940.076457387733,3268.565379040419,1965.623542612267,1338.484620959582,-12184.17631903778,-24894.87014131815,7130.052088348826,-6092.088159518888,-6092.088159518888,-23363.60035599317,-25966.9754004296,6520.46119735415,8186.016963279074,0,0,0,1.539535136156243,0.6222491539426789,85.1275,86.36449057939448,83.24786078264026,101325,109521.3965971366,89802.44714147809,155993.3976710313,63049.39552324193,-25.45328699389587,-59.88252140507227,26.86282624166117,-12.72664349694793,-12.72664349694793,-54.26039658339575,-63.81880333688171,23.35876383928222,32.93274439683289,0,0,0,368,1,1,1,1,1,1,1,1,1,1,0.5,0.5,0.4118136038073375,0.5881863961926626,0.6340015126085223,0.3659984873914776,0.6030999316368191,0.4588059087838831,0.5411940912161171,0.3724726172990518,0.6275273827009482,0.5949029042945627,0.4050970957054373,0.6118635971252712,0.3881364028747289,0.3969000683631809,100,-12184.17631903778,101325,-25.45328699389587,368,0.5,0.5,0.4118136038073375,0.5881863961926626,0.6340015126085223,0.3659984873914776,0.3969000683631809,100,-12184.17631903778,101325,-25.45328699389587,368,0.5,0.5,0.4118136038073375,0.5881863961926626,0.6340015126085223,0.3659984873914776,0.3969000683631809
0.804,146.1957090661339,167.8855917603916,113.2373706509648,73.09785453306694,73.09785453306694,153.1397420816477,178.2097705185411,103.8552737738388,129.4895241883515,0,0,0,100,60.30999316368191,39.69000683631809,50,50,24.83647563033173,35.47351753335018,25.16352436966826,14.52648246664983,8512.75,5208.641836428152,3304.108163571849,3905.7,4607.05,1940.076457387733,3268.565379040419,1965.623542612267,1338.484620959582,-12184.17631903778,-24894.87014131815,7130.052088348826,-6092.088159518888,-6092.088159518888,-23363.60035599317,-25966.9754004296,6520.46119735415,8186.016963279074,0,0,0,1.539535136156243,0.6222491539426789,85.1275,86.36449057939448,83.24786078264026,101325,109521.3965971366,89802.44714147809,155993.3976710313,63049.39552324193,-25.45328699389587,-59.88252140507227,26.86282624166117,-12.72664349694793,-12.72664349694793,-54.26039658339575,-63.81880333688171,23.35876383928222,32.93274439683289,0,0,0,368,1,1,1,1,1,1,1,1,1,1,0.5,0.5,0.4118136038073375,0.5881863961926626,0.6340015126085223,0.3659984873914776,0.6030999316368191,0.4588059087838831,0.5411940912161171,0.3724726172990518,0.6275273827009482,0.5949029042945627,0.4050970957054373,0.6118635971252712,0.3881364028747289,0.3969000683631809,100,-12184.17631903778,101325,-25.45328699389587,368,0.5,0.5,0.4118136038073375,0.5881863961926626,0.6340015126085223,0.3659984873914776,0.3969000683631809,100,-12184.17631903778,101325,-25.45328699389587,368,0.5,0.5,0.4118136038073375,0.5881863961926626,0.6340015126085223,0.3659984873914776,0.3969000683631809
0.806,146.1957090661339,167.8855917603916,113.2373706509648,73.09785453306694,73.09785453306694,153.1397420816477,178.2097705185411,103.8552737738388,129.4895241883515,0,0,0,100,60.30999316368191,39.69000683631809,50,50,24.83647563033173,35.47351753335018,25.16352436966826,14.52648246664983,8512.75,5208.641836428152,3304.108163571849,3905.7,4607.05,1940.076457387733,3268.565379040419,1965.623542612267,1338.484620959582,-12184.17631903778,-24894.87014131815,7130.052088348826,-6092.088159518888,-6092.088159518888,-23363.60035599317,-25966.9754004296,6520.46119735415,8186.016963279074,0,0,0,1.539535136156243,0.6222491539426789,85.1275,86.36449057939448,83.24786078264026,101325,109521.3965971366,89802.44714147809,155993.3976710313,63049.39552324193,-25.45328699389587,-59.88252140507227,26.86282624166117,-12.72664349694793,-12.72664349694793,-54.26039658339575,-63.81880333688171,23.35876383928222,32.93274439683289,0,0,0,368,1,1,1,1,1,1,1,1,1,1,0.5,0.5,0.4118136038073375,0.5881863961926626,0.6340015126085223,0.3659984873914776,0.6030999316368191,0.4588059087838831,0.5411940912161171,0.3724726172990518,0.6275273827009482,0.5949029042945627,0.4050970957054373,0.6118635971252712,0.3881364028747289,0.3969000683631809,100,-12184.17631903778,101325,-25.45328699389587,368,0.5,0.5,0.4118136038073375,0.5881863961926626,0.6340015126085223,0.3659984873914776,0.3969000683631809,100,-12184.17631903778,101325,-25.45328699389587,368,0.5,0.5,0.4118136038073375,0.5881863961926626,0.6340015126085223,0.3659984873914776,0.3969000683631809
0.8080000000000001,146.1957090661339,167.8855917603916,113.2373706509648,73.09785453306694,73.09785453306694,153.1397420816477,178.2097705185411,103.8552737738388,129.4895241883515,0,0,0,100,60.30999316368191,39.69000683631809,50,50,24.83647563033173,35.47351753335018,25.16352436966826,14.52648246664983,8512.75,5208.641836428152,3304.108163571849,3905.7,4607.05,1940.076457387733,3268.565379040419,1965.623542612267,1338.484620959582,-12184.17631903778,-24894.87014131815,7130.052088348826,-6092.088159518888,-6092.088159518888,-23363.60035599317,-25966.9754004296,6520.46119735415,8186.016963279074,0,0,0,1.539535136156243,0.6222491539426789,85.1275,86.36449057939448,83.24786078264026,101325,109521.3965971366,89802.44714147809,155993.3976710313,63049.39552324193,-25.45328699389587,-59.88252140507227,26.86282624166117,-12.72664349694793,-12.72664349694793,-54.26039658339575,-63.81880333688171,23.35876383928222,32.93274439683289,0,0,0,368,1,1,1,1,1,1,1,1,1,1,0.5,0.5,0.4118136038073375,0.5881863961926626,0.6340015126085223,0.3659984873914776,0.6030999316368191,0.4588059087838831,0.5411940912161171,0.3724726172990518,0.6275273827009482,0.5949029042945627,0.4050970957054373,0.6118635971252712,0.3881364028747289,0.3969000683631809,100,-12184.17631903778,101325,-25.45328699389587,368,0.5,0.5,0.4118136038073375,0.5881863961926626,0.6340015126085223,0.3659984873914776,0.3969000683631809,100,-12184.17631903778,101325,-25.45328699389587,368,0.5,0.5,0.4118136038073375,0.5881863961926626,0.6340015126085223,0.3659984873914776,0.3969000683631809
0.8100000000000001,146.1957090661339,167.8855917603916,113.2373706509648,73.09785453306694,73.09785453306694,153.1397420816477,178.2097705185411,103.8552737738388,129.4895241883515,0,0,0,100,60.30999316368191,39.69000683631809,50,50,24.83647563033173,35.47351753335018,25.16352436966826,14.52648246664983,8512.75,5208.641836428152,3304.108163571849,3905.7,4607.05,1940.076457387733,3268.565379040419,1965.623542612267,1338.484620959582,-12184.17631903778,-24894.87014131815,7130.052088348826,-6092.088159518888,-6092.088159518888,-23363.60035599317,-25966.9754004296,6520.46119735415,8186.016963279074,0,0,0,1.539535136156243,0.6222491539426789,85.1275,86.36449057939448,83.24786078264026,101325,109521.3965971366,89802.44714147809,155993.3976710313,63049.39552324193,-25.45328699389587,-59.88252140507227,26.86282624166117,-12.72664349694793,-12.72664349694793,-54.26039658339575,-63.81880333688171,23.35876383928222,32.93274439683289,0,0,0,368,1,1,1,1,1,1,1,1,1,1,0.5,0.5,0.4118136038073375,0.5881863961926626,0.6340015126085223,0.3659984873914776,0.6030999316368191,0.4588059087838831,0.5411940912161171,0.3724726172990518,0.6275273827009482,0.5949029042945627,0.4050970957054373,0.6118635971252712,0.3881364028747289,0.3969000683631809,100,-12184.17631903778,101325,-25.45328699389587,368,0.5,0.5,0.4118136038073375,0.5881863961926626,0.6340015126085223,0.3659984873914776,0.3969000683631809,100,-12184.17631903778,101325,-25.45328699389587,368,0.5,0.5,0.4118136038073375,0.5881863961926626,0.6340015126085223,0.3659984873914776,0.3969000683631809
0.8120000000000001,146.1957090661339,167.8855917603916,113.2373706509648,73.09785453306694,73.09785453306694,153.1397420816477,178.2097705185411,103.8552737738388,129.4895241883515,0,0,0,100,60.30999316368191,39.69000683631809,50,50,24.83647563033173,35.47351753335018,25.16352436966826,14.52648246664983,8512.75,5208.641836428152,3304.108163571849,3905.7,4607.05,1940.076457387733,3268.565379040419,1965.623542612267,1338.484620959582,-12184.17631903778,-24894.87014131815,7130.052088348826,-6092.088159518888,-6092.088159518888,-23363.60035599317,-25966.9754004296,6520.46119735415,8186.016963279074,0,0,0,1.539535136156243,0.6222491539426789,85.1275,86.36449057939448,83.24786078264026,101325,109521.3965971366,89802.44714147809,155993.3976710313,63049.39552324193,-25.45328699389587,-59.88252140507227,26.86282624166117,-12.72664349694793,-12.72664349694793,-54.26039658339575,-63.81880333688171,23.35876383928222,32.93274439683289,0,0,0,368,1,1,1,1,1,1,1,1,1,1,0.5,0.5,0.4118136038073375,0.5881863961926626,0.6340015126085223,0.3659984873914776,0.6030999316368191,0.4588059087838831,0.5411940912161171,0.3724726172990518,0.6275273827009482,0.5949029042945627,0.4050970957054373,0.6118635971252712,0.3881364028747289,0.3969000683631809,100,-12184.17631903778,101325,-25.45328699389587,368,0.5,0.5,0.4118136038073375,0.5881863961926626,0.6340015126085223,0.3659984873914776,0.3969000683631809,100,-12184.17631903778,101325,-25.45328699389587,368,0.5,0.5,0.4118136038073375,0.5881863961926626,0.6340015126085223,0.3659984873914776,0.3969000683631809
0.8139999999999999,146.1957090661339,167.8855917603916,113.2373706509648,73.09785453306694,73.09785453306694,153.1397420816477,178.2097705185411,103.8552737738388,129.4895241883515,0,0,0,100,60.30999316368191,39.69000683631809,50,50,24.83647563033173,35.47351753335018,25.16352436966826,14.52648246664983,8512.75,5208.641836428152,3304.108163571849,3905.7,4607.05,1940.076457387733,3268.565379040419,1965.623542612267,1338.484620959582,-12184.17631903778,-24894.87014131815,7130.052088348826,-6092.088159518888,-6092.088159518888,-23363.60035599317,-25966.9754004296,6520.46119735415,8186.016963279074,0,0,0,1.539535136156243,0.6222491539426789,85.1275,86.36449057939448,83.24786078264026,101325,109521.3965971366,89802.44714147809,155993.3976710313,63049.39552324193,-25.45328699389587,-59.88252140507227,26.86282624166117,-12.72664349694793,-12.72664349694793,-54.26039658339575,-63.81880333688171,23.35876383928222,32.93274439683289,0,0,0,368,1,1,1,1,1,1,1,1,1,1,0.5,0.5,0.4118136038073375,0.5881863961926626,0.6340015126085223,0.3659984873914776,0.6030999316368191,0.4588059087838831,0.5411940912161171,0.3724726172990518,0.6275273827009482,0.5949029042945627,0.4050970957054373,0.6118635971252712,0.3881364028747289,0.3969000683631809,100,-12184.17631903778,101325,-25.45328699389587,368,0.5,0.5,0.4118136038073375,0.5881863961926626,0.6340015126085223,0.3659984873914776,0.3969000683631809,100,-12184.17631903778,101325,-25.45328699389587,368,0.5,0.5,0.4118136038073375,0.5881863961926626,0.6340015126085223,0.3659984873914776,0.3969000683631809
0.8159999999999999,146.1957090661339,167.8855917603916,113.2373706509648,73.09785453306694,73.09785453306694,153.1397420816477,178.2097705185411,103.8552737738388,129.4895241883515,0,0,0,100,60.30999316368191,39.69000683631809,50,50,24.83647563033173,35.47351753335018,25.16352436966826,14.52648246664983,8512.75,5208.641836428152,3304.108163571849,3905.7,4607.05,1940.076457387733,3268.565379040419,1965.623542612267,1338.484620959582,-12184.17631903778,-24894.87014131815,7130.052088348826,-6092.088159518888,-6092.088159518888,-23363.60035599317,-25966.9754004296,6520.46119735415,8186.016963279074,0,0,0,1.539535136156243,0.6222491539426789,85.1275,86.36449057939448,83.24786078264026,101325,109521.3965971366,89802.44714147809,155993.3976710313,63049.39552324193,-25.45328699389587,-59.88252140507227,26.86282624166117,-12.72664349694793,-12.72664349694793,-54.26039658339575,-63.81880333688171,23.35876383928222,32.93274439683289,0,0,0,368,1,1,1,1,1,1,1,1,1,1,0.5,0.5,0.4118136038073375,0.5881863961926626,0.6340015126085223,0.3659984873914776,0.6030999316368191,0.4588059087838831,0.5411940912161171,0.3724726172990518,0.6275273827009482,0.5949029042945627,0.4050970957054373,0.6118635971252712,0.3881364028747289,0.3969000683631809,100,-12184.17631903778,101325,-25.45328699389587,368,0.5,0.5,0.4118136038073375,0.5881863961926626,0.6340015126085223,0.3659984873914776,0.3969000683631809,100,-12184.17631903778,101325,-25.45328699389587,368,0.5,0.5,0.4118136038073375,0.5881863961926626,0.6340015126085223,0.3659984873914776,0.3969000683631809
0.8179999999999999,146.1957090661339,167.8855917603916,113.2373706509648,73.09785453306694,73.09785453306694,153.1397420816477,178.2097705185411,103.8552737738388,129.4895241883515,0,0,0,100,60.30999316368191,39.69000683631809,50,50,24.83647563033173,35.47351753335018,25.16352436966826,14.52648246664983,8512.75,5208.641836428152,3304.108163571849,3905.7,4607.05,1940.076457387733,3268.565379040419,1965.623542612267,1338.484620959582,-12184.17631903778,-24894.87014131815,7130.052088348826,-6092.088159518888,-6092.088159518888,-23363.60035599317,-25966.9754004296,6520.46119735415,8186.016963279074,0,0,0,1.539535136156243,0.6222491539426789,85.1275,86.36449057939448,83.24786078264026,101325,109521.3965971366,89802.44714147809,155993.3976710313,63049.39552324193,-25.45328699389587,-59.88252140507227,26.86282624166117,-12.72664349694793,-12.72664349694793,-54.26039658339575,-63.81880333688171,23.35876383928222,32.93274439683289,0,0,0,368,1,1,1,1,1,1,1,1,1,1,0.5,0.5,0.4118136038073375,0.5881863961926626,0.6340015126085223,0.3659984873914776,0.6030999316368191,0.4588059087838831,0.5411940912161171,0.3724726172990518,0.6275273827009482,0.5949029042945627,0.4050970957054373,0.6118635971252712,0.3881364028747289,0.3969000683631809,100,-12184.17631903778,101325,-25.45328699389587,368,0.5,0.5,0.4118136038073375,0.5881863961926626,0.6340015126085223,0.3659984873914776,0.3969000683631809,100,-12184.17631903778,101325,-25.45328699389587,368,0.5,0.5,0.4118136038073375,0.5881863961926626,0.6340015126085223,0.3659984873914776,0.3969000683631809
0.82,146.1957090661339,167.8855917603916,113.2373706509648,73.09785453306694,73.09785453306694,153.1397420816477,178.2097705185411,103.8552737738388,129.4895241883515,0,0,0,100,60.30999316368191,39.69000683631809,50,50,24.83647563033173,35.47351753335018,25.16352436966826,14.52648246664983,8512.75,5208.641836428152,3304.108163571849,3905.7,4607.05,1940.076457387733,3268.565379040419,1965.623542612267,1338.484620959582,-12184.17631903778,-24894.87014131815,7130.052088348826,-6092.088159518888,-6092.088159518888,-23363.60035599317,-25966.9754004296,6520.46119735415,8186.016963279074,0,0,0,1.539535136156243,0.6222491539426789,85.1275,86.36449057939448,83.24786078264026,101325,109521.3965971366,89802.44714147809,155993.3976710313,63049.39552324193,-25.45328699389587,-59.88252140507227,26.86282624166117,-12.72664349694793,-12.72664349694793,-54.26039658339575,-63.81880333688171,23.35876383928222,32.93274439683289,0,0,0,368,1,1,1,1,1,1,1,1,1,1,0.5,0.5,0.4118136038073375,0.5881863961926626,0.6340015126085223,0.3659984873914776,0.6030999316368191,0.4588059087838831,0.5411940912161171,0.3724726172990518,0.6275273827009482,0.5949029042945627,0.4050970957054373,0.6118635971252712,0.3881364028747289,0.3969000683631809,100,-12184.17631903778,101325,-25.45328699389587,368,0.5,0.5,0.4118136038073375,0.5881863961926626,0.6340015126085223,0.3659984873914776,0.3969000683631809,100,-12184.17631903778,101325,-25.45328699389587,368,0.5,0.5,0.4118136038073375,0.5881863961926626,0.6340015126085223,0.3659984873914776,0.3969000683631809
0.822,146.1957090661339,167.8855917603916,113.2373706509648,73.09785453306694,73.09785453306694,153.1397420816477,178.2097705185411,103.8552737738388,129.4895241883515,0,0,0,100,60.30999316368191,39.69000683631809,50,50,24.83647563033173,35.47351753335018,25.16352436966826,14.52648246664983,8512.75,5208.641836428152,3304.108163571849,3905.7,4607.05,1940.076457387733,3268.565379040419,1965.623542612267,1338.484620959582,-12184.17631903778,-24894.87014131815,7130.052088348826,-6092.088159518888,-6092.088159518888,-23363.60035599317,-25966.9754004296,6520.46119735415,8186.016963279074,0,0,0,1.539535136156243,0.6222491539426789,85.1275,86.36449057939448,83.24786078264026,101325,109521.3965971366,89802.44714147809,155993.3976710313,63049.39552324193,-25.45328699389587,-59.88252140507227,26.86282624166117,-12.72664349694793,-12.72664349694793,-54.26039658339575,-63.81880333688171,23.35876383928222,32.93274439683289,0,0,0,368,1,1,1,1,1,1,1,1,1,1,0.5,0.5,0.4118136038073375,0.5881863961926626,0.6340015126085223,0.3659984873914776,0.6030999316368191,0.4588059087838831,0.5411940912161171,0.3724726172990518,0.6275273827009482,0.5949029042945627,0.4050970957054373,0.6118635971252712,0.3881364028747289,0.3969000683631809,100,-12184.17631903778,101325,-25.45328699389587,368,0.5,0.5,0.4118136038073375,0.5881863961926626,0.6340015126085223,0.3659984873914776,0.3969000683631809,100,-12184.17631903778,101325,-25.45328699389587,368,0.5,0.5,0.4118136038073375,0.5881863961926626,0.6340015126085223,0.3659984873914776,0.3969000683631809
0.824,146.1957090661339,167.8855917603916,113.2373706509648,73.09785453306694,73.09785453306694,153.1397420816477,178.2097705185411,103.8552737738388,129.4895241883515,0,0,0,100,60.30999316368191,39.69000683631809,50,50,24.83647563033173,35.47351753335018,25.16352436966826,14.52648246664983,8512.75,5208.641836428152,3304.108163571849,3905.7,4607.05,1940.076457387733,3268.565379040419,1965.623542612267,1338.484620959582,-12184.17631903778,-24894.87014131815,7130.052088348826,-6092.088159518888,-6092.088159518888,-23363.60035599317,-25966.9754004296,6520.46119735415,8186.016963279074,0,0,0,1.539535136156243,0.6222491539426789,85.1275,86.36449057939448,83.24786078264026,101325,109521.3965971366,89802.44714147809,155993.3976710313,63049.39552324193,-25.45328699389587,-59.88252140507227,26.86282624166117,-12.72664349694793,-12.72664349694793,-54.26039658339575,-63.81880333688171,23.35876383928222,32.93274439683289,0,0,0,368,1,1,1,1,1,1,1,1,1,1,0.5,0.5,0.4118136038073375,0.5881863961926626,0.6340015126085223,0.3659984873914776,0.6030999316368191,0.4588059087838831,0.5411940912161171,0.3724726172990518,0.6275273827009482,0.5949029042945627,0.4050970957054373,0.6118635971252712,0.3881364028747289,0.3969000683631809,100,-12184.17631903778,101325,-25.45328699389587,368,0.5,0.5,0.4118136038073375,0.5881863961926626,0.6340015126085223,0.3659984873914776,0.3969000683631809,100,-12184.17631903778,101325,-25.45328699389587,368,0.5,0.5,0.4118136038073375,0.5881863961926626,0.6340015126085223,0.3659984873914776,0.3969000683631809
0.826,146.1957090661339,167.8855917603916,113.2373706509648,73.09785453306694,73.09785453306694,153.1397420816477,178.2097705185411,103.8552737738388,129.4895241883515,0,0,0,100,60.30999316368191,39.69000683631809,50,50,24.83647563033173,35.47351753335018,25.16352436966826,14.52648246664983,8512.75,5208.641836428152,3304.108163571849,3905.7,4607.05,1940.076457387733,3268.565379040419,1965.623542612267,1338.484620959582,-12184.17631903778,-24894.87014131815,7130.052088348826,-6092.088159518888,-6092.088159518888,-23363.60035599317,-25966.9754004296,6520.46119735415,8186.016963279074,0,0,0,1.539535136156243,0.6222491539426789,85.1275,86.36449057939448,83.24786078264026,101325,109521.3965971366,89802.44714147809,155993.3976710313,63049.39552324193,-25.45328699389587,-59.88252140507227,26.86282624166117,-12.72664349694793,-12.72664349694793,-54.26039658339575,-63.81880333688171,23.35876383928222,32.93274439683289,0,0,0,368,1,1,1,1,1,1,1,1,1,1,0.5,0.5,0.4118136038073375,0.5881863961926626,0.6340015126085223,0.3659984873914776,0.6030999316368191,0.4588059087838831,0.5411940912161171,0.3724726172990518,0.6275273827009482,0.5949029042945627,0.4050970957054373,0.6118635971252712,0.3881364028747289,0.3969000683631809,100,-12184.17631903778,101325,-25.45328699389587,368,0.5,0.5,0.4118136038073375,0.5881863961926626,0.6340015126085223,0.3659984873914776,0.3969000683631809,100,-12184.17631903778,101325,-25.45328699389587,368,0.5,0.5,0.4118136038073375,0.5881863961926626,0.6340015126085223,0.3659984873914776,0.3969000683631809
0.828,146.1957090661339,167.8855917603916,113.2373706509648,73.09785453306694,73.09785453306694,153.1397420816477,178.2097705185411,103.8552737738388,129.4895241883515,0,0,0,100,60.30999316368191,39.69000683631809,50,50,24.83647563033173,35.47351753335018,25.16352436966826,14.52648246664983,8512.75,5208.641836428152,3304.108163571849,3905.7,4607.05,1940.076457387733,3268.565379040419,1965.623542612267,1338.484620959582,-12184.17631903778,-24894.87014131815,7130.052088348826,-6092.088159518888,-6092.088159518888,-23363.60035599317,-25966.9754004296,6520.46119735415,8186.016963279074,0,0,0,1.539535136156243,0.6222491539426789,85.1275,86.36449057939448,83.24786078264026,101325,109521.3965971366,89802.44714147809,155993.3976710313,63049.39552324193,-25.45328699389587,-59.88252140507227,26.86282624166117,-12.72664349694793,-12.72664349694793,-54.26039658339575,-63.81880333688171,23.35876383928222,32.93274439683289,0,0,0,368,1,1,1,1,1,1,1,1,1,1,0.5,0.5,0.4118136038073375,0.5881863961926626,0.6340015126085223,0.3659984873914776,0.6030999316368191,0.4588059087838831,0.5411940912161171,0.3724726172990518,0.6275273827009482,0.5949029042945627,0.4050970957054373,0.6118635971252712,0.3881364028747289,0.3969000683631809,100,-12184.17631903778,101325,-25.45328699389587,368,0.5,0.5,0.4118136038073375,0.5881863961926626,0.6340015126085223,0.3659984873914776,0.3969000683631809,100,-12184.17631903778,101325,-25.45328699389587,368,0.5,0.5,0.4118136038073375,0.5881863961926626,0.6340015126085223,0.3659984873914776,0.3969000683631809
0.83,146.1957090661339,167.8855917603916,113.2373706509648,73.09785453306694,73.09785453306694,153.1397420816477,178.2097705185411,103.8552737738388,129.4895241883515,0,0,0,100,60.30999316368191,39.69000683631809,50,50,24.83647563033173,35.47351753335018,25.16352436966826,14.52648246664983,8512.75,5208.641836428152,3304.108163571849,3905.7,4607.05,1940.076457387733,3268.565379040419,1965.623542612267,1338.484620959582,-12184.17631903778,-24894.87014131815,7130.052088348826,-6092.088159518888,-6092.088159518888,-23363.60035599317,-25966.9754004296,6520.46119735415,8186.016963279074,0,0,0,1.539535136156243,0.6222491539426789,85.1275,86.36449057939448,83.24786078264026,101325,109521.3965971366,89802.44714147809,155993.3976710313,63049.39552324193,-25.45328699389587,-59.88252140507227,26.86282624166117,-12.72664349694793,-12.72664349694793,-54.26039658339575,-63.81880333688171,23.35876383928222,32.93274439683289,0,0,0,368,1,1,1,1,1,1,1,1,1,1,0.5,0.5,0.4118136038073375,0.5881863961926626,0.6340015126085223,0.3659984873914776,0.6030999316368191,0.4588059087838831,0.5411940912161171,0.3724726172990518,0.6275273827009482,0.5949029042945627,0.4050970957054373,0.6118635971252712,0.3881364028747289,0.3969000683631809,100,-12184.17631903778,101325,-25.45328699389587,368,0.5,0.5,0.4118136038073375,0.5881863961926626,0.6340015126085223,0.3659984873914776,0.3969000683631809,100,-12184.17631903778,101325,-25.45328699389587,368,0.5,0.5,0.4118136038073375,0.5881863961926626,0.6340015126085223,0.3659984873914776,0.3969000683631809
0.832,146.1957090661339,167.8855917603916,113.2373706509648,73.09785453306694,73.09785453306694,153.1397420816477,178.2097705185411,103.8552737738388,129.4895241883515,0,0,0,100,60.30999316368191,39.69000683631809,50,50,24.83647563033173,35.47351753335018,25.16352436966826,14.52648246664983,8512.75,5208.641836428152,3304.108163571849,3905.7,4607.05,1940.076457387733,3268.565379040419,1965.623542612267,1338.484620959582,-12184.17631903778,-24894.87014131815,7130.052088348826,-6092.088159518888,-6092.088159518888,-23363.60035599317,-25966.9754004296,6520.46119735415,8186.016963279074,0,0,0,1.539535136156243,0.6222491539426789,85.1275,86.36449057939448,83.24786078264026,101325,109521.3965971366,89802.44714147809,155993.3976710313,63049.39552324193,-25.45328699389587,-59.88252140507227,26.86282624166117,-12.72664349694793,-12.72664349694793,-54.26039658339575,-63.81880333688171,23.35876383928222,32.93274439683289,0,0,0,368,1,1,1,1,1,1,1,1,1,1,0.5,0.5,0.4118136038073375,0.5881863961926626,0.6340015126085223,0.3659984873914776,0.6030999316368191,0.4588059087838831,0.5411940912161171,0.3724726172990518,0.6275273827009482,0.5949029042945627,0.4050970957054373,0.6118635971252712,0.3881364028747289,0.3969000683631809,100,-12184.17631903778,101325,-25.45328699389587,368,0.5,0.5,0.4118136038073375,0.5881863961926626,0.6340015126085223,0.3659984873914776,0.3969000683631809,100,-12184.17631903778,101325,-25.45328699389587,368,0.5,0.5,0.4118136038073375,0.5881863961926626,0.6340015126085223,0.3659984873914776,0.3969000683631809
0.834,146.1957090661339,167.8855917603916,113.2373706509648,73.09785453306694,73.09785453306694,153.1397420816477,178.2097705185411,103.8552737738388,129.4895241883515,0,0,0,100,60.30999316368191,39.69000683631809,50,50,24.83647563033173,35.47351753335018,25.16352436966826,14.52648246664983,8512.75,5208.641836428152,3304.108163571849,3905.7,4607.05,1940.076457387733,3268.565379040419,1965.623542612267,1338.484620959582,-12184.17631903778,-24894.87014131815,7130.052088348826,-6092.088159518888,-6092.088159518888,-23363.60035599317,-25966.9754004296,6520.46119735415,8186.016963279074,0,0,0,1.539535136156243,0.6222491539426789,85.1275,86.36449057939448,83.24786078264026,101325,109521.3965971366,89802.44714147809,155993.3976710313,63049.39552324193,-25.45328699389587,-59.88252140507227,26.86282624166117,-12.72664349694793,-12.72664349694793,-54.26039658339575,-63.81880333688171,23.35876383928222,32.93274439683289,0,0,0,368,1,1,1,1,1,1,1,1,1,1,0.5,0.5,0.4118136038073375,0.5881863961926626,0.6340015126085223,0.3659984873914776,0.6030999316368191,0.4588059087838831,0.5411940912161171,0.3724726172990518,0.6275273827009482,0.5949029042945627,0.4050970957054373,0.6118635971252712,0.3881364028747289,0.3969000683631809,100,-12184.17631903778,101325,-25.45328699389587,368,0.5,0.5,0.4118136038073375,0.5881863961926626,0.6340015126085223,0.3659984873914776,0.3969000683631809,100,-12184.17631903778,101325,-25.45328699389587,368,0.5,0.5,0.4118136038073375,0.5881863961926626,0.6340015126085223,0.3659984873914776,0.3969000683631809
0.836,146.1957090661339,167.8855917603916,113.2373706509648,73.09785453306694,73.09785453306694,153.1397420816477,178.2097705185411,103.8552737738388,129.4895241883515,0,0,0,100,60.30999316368191,39.69000683631809,50,50,24.83647563033173,35.47351753335018,25.16352436966826,14.52648246664983,8512.75,5208.641836428152,3304.108163571849,3905.7,4607.05,1940.076457387733,3268.565379040419,1965.623542612267,1338.484620959582,-12184.17631903778,-24894.87014131815,7130.052088348826,-6092.088159518888,-6092.088159518888,-23363.60035599317,-25966.9754004296,6520.46119735415,8186.016963279074,0,0,0,1.539535136156243,0.6222491539426789,85.1275,86.36449057939448,83.24786078264026,101325,109521.3965971366,89802.44714147809,155993.3976710313,63049.39552324193,-25.45328699389587,-59.88252140507227,26.86282624166117,-12.72664349694793,-12.72664349694793,-54.26039658339575,-63.81880333688171,23.35876383928222,32.93274439683289,0,0,0,368,1,1,1,1,1,1,1,1,1,1,0.5,0.5,0.4118136038073375,0.5881863961926626,0.6340015126085223,0.3659984873914776,0.6030999316368191,0.4588059087838831,0.5411940912161171,0.3724726172990518,0.6275273827009482,0.5949029042945627,0.4050970957054373,0.6118635971252712,0.3881364028747289,0.3969000683631809,100,-12184.17631903778,101325,-25.45328699389587,368,0.5,0.5,0.4118136038073375,0.5881863961926626,0.6340015126085223,0.3659984873914776,0.3969000683631809,100,-12184.17631903778,101325,-25.45328699389587,368,0.5,0.5,0.4118136038073375,0.5881863961926626,0.6340015126085223,0.3659984873914776,0.3969000683631809
0.838,146.1957090661339,167.8855917603916,113.2373706509648,73.09785453306694,73.09785453306694,153.1397420816477,178.2097705185411,103.8552737738388,129.4895241883515,0,0,0,100,60.30999316368191,39.69000683631809,50,50,24.83647563033173,35.47351753335018,25.16352436966826,14.52648246664983,8512.75,5208.641836428152,3304.108163571849,3905.7,4607.05,1940.076457387733,3268.565379040419,1965.623542612267,1338.484620959582,-12184.17631903778,-24894.87014131815,7130.052088348826,-6092.088159518888,-6092.088159518888,-23363.60035599317,-25966.9754004296,6520.46119735415,8186.016963279074,0,0,0,1.539535136156243,0.6222491539426789,85.1275,86.36449057939448,83.24786078264026,101325,109521.3965971366,89802.44714147809,155993.3976710313,63049.39552324193,-25.45328699389587,-59.88252140507227,26.86282624166117,-12.72664349694793,-12.72664349694793,-54.26039658339575,-63.81880333688171,23.35876383928222,32.93274439683289,0,0,0,368,1,1,1,1,1,1,1,1,1,1,0.5,0.5,0.4118136038073375,0.5881863961926626,0.6340015126085223,0.3659984873914776,0.6030999316368191,0.4588059087838831,0.5411940912161171,0.3724726172990518,0.6275273827009482,0.5949029042945627,0.4050970957054373,0.6118635971252712,0.3881364028747289,0.3969000683631809,100,-12184.17631903778,101325,-25.45328699389587,368,0.5,0.5,0.4118136038073375,0.5881863961926626,0.6340015126085223,0.3659984873914776,0.3969000683631809,100,-12184.17631903778,101325,-25.45328699389587,368,0.5,0.5,0.4118136038073375,0.5881863961926626,0.6340015126085223,0.3659984873914776,0.3969000683631809
0.84,146.1957090661339,167.8855917603916,113.2373706509648,73.09785453306694,73.09785453306694,153.1397420816477,178.2097705185411,103.8552737738388,129.4895241883515,0,0,0,100,60.30999316368191,39.69000683631809,50,50,24.83647563033173,35.47351753335018,25.16352436966826,14.52648246664983,8512.75,5208.641836428152,3304.108163571849,3905.7,4607.05,1940.076457387733,3268.565379040419,1965.623542612267,1338.484620959582,-12184.17631903778,-24894.87014131815,7130.052088348826,-6092.088159518888,-6092.088159518888,-23363.60035599317,-25966.9754004296,6520.46119735415,8186.016963279074,0,0,0,1.539535136156243,0.6222491539426789,85.1275,86.36449057939448,83.24786078264026,101325,109521.3965971366,89802.44714147809,155993.3976710313,63049.39552324193,-25.45328699389587,-59.88252140507227,26.86282624166117,-12.72664349694793,-12.72664349694793,-54.26039658339575,-63.81880333688171,23.35876383928222,32.93274439683289,0,0,0,368,1,1,1,1,1,1,1,1,1,1,0.5,0.5,0.4118136038073375,0.5881863961926626,0.6340015126085223,0.3659984873914776,0.6030999316368191,0.4588059087838831,0.5411940912161171,0.3724726172990518,0.6275273827009482,0.5949029042945627,0.4050970957054373,0.6118635971252712,0.3881364028747289,0.3969000683631809,100,-12184.17631903778,101325,-25.45328699389587,368,0.5,0.5,0.4118136038073375,0.5881863961926626,0.6340015126085223,0.3659984873914776,0.3969000683631809,100,-12184.17631903778,101325,-25.45328699389587,368,0.5,0.5,0.4118136038073375,0.5881863961926626,0.6340015126085223,0.3659984873914776,0.3969000683631809
0.842,146.1957090661339,167.8855917603916,113.2373706509648,73.09785453306694,73.09785453306694,153.1397420816477,178.2097705185411,103.8552737738388,129.4895241883515,0,0,0,100,60.30999316368191,39.69000683631809,50,50,24.83647563033173,35.47351753335018,25.16352436966826,14.52648246664983,8512.75,5208.641836428152,3304.108163571849,3905.7,4607.05,1940.076457387733,3268.565379040419,1965.623542612267,1338.484620959582,-12184.17631903778,-24894.87014131815,7130.052088348826,-6092.088159518888,-6092.088159518888,-23363.60035599317,-25966.9754004296,6520.46119735415,8186.016963279074,0,0,0,1.539535136156243,0.6222491539426789,85.1275,86.36449057939448,83.24786078264026,101325,109521.3965971366,89802.44714147809,155993.3976710313,63049.39552324193,-25.45328699389587,-59.88252140507227,26.86282624166117,-12.72664349694793,-12.72664349694793,-54.26039658339575,-63.81880333688171,23.35876383928222,32.93274439683289,0,0,0,368,1,1,1,1,1,1,1,1,1,1,0.5,0.5,0.4118136038073375,0.5881863961926626,0.6340015126085223,0.3659984873914776,0.6030999316368191,0.4588059087838831,0.5411940912161171,0.3724726172990518,0.6275273827009482,0.5949029042945627,0.4050970957054373,0.6118635971252712,0.3881364028747289,0.3969000683631809,100,-12184.17631903778,101325,-25.45328699389587,368,0.5,0.5,0.4118136038073375,0.5881863961926626,0.6340015126085223,0.3659984873914776,0.3969000683631809,100,-12184.17631903778,101325,-25.45328699389587,368,0.5,0.5,0.4118136038073375,0.5881863961926626,0.6340015126085223,0.3659984873914776,0.3969000683631809
0.844,146.1957090661339,167.8855917603916,113.2373706509648,73.09785453306694,73.09785453306694,153.1397420816477,178.2097705185411,103.8552737738388,129.4895241883515,0,0,0,100,60.30999316368191,39.69000683631809,50,50,24.83647563033173,35.47351753335018,25.16352436966826,14.52648246664983,8512.75,5208.641836428152,3304.108163571849,3905.7,4607.05,1940.076457387733,3268.565379040419,1965.623542612267,1338.484620959582,-12184.17631903778,-24894.87014131815,7130.052088348826,-6092.088159518888,-6092.088159518888,-23363.60035599317,-25966.9754004296,6520.46119735415,8186.016963279074,0,0,0,1.539535136156243,0.6222491539426789,85.1275,86.36449057939448,83.24786078264026,101325,109521.3965971366,89802.44714147809,155993.3976710313,63049.39552324193,-25.45328699389587,-59.88252140507227,26.86282624166117,-12.72664349694793,-12.72664349694793,-54.26039658339575,-63.81880333688171,23.35876383928222,32.93274439683289,0,0,0,368,1,1,1,1,1,1,1,1,1,1,0.5,0.5,0.4118136038073375,0.5881863961926626,0.6340015126085223,0.3659984873914776,0.6030999316368191,0.4588059087838831,0.5411940912161171,0.3724726172990518,0.6275273827009482,0.5949029042945627,0.4050970957054373,0.6118635971252712,0.3881364028747289,0.3969000683631809,100,-12184.17631903778,101325,-25.45328699389587,368,0.5,0.5,0.4118136038073375,0.5881863961926626,0.6340015126085223,0.3659984873914776,0.3969000683631809,100,-12184.17631903778,101325,-25.45328699389587,368,0.5,0.5,0.4118136038073375,0.5881863961926626,0.6340015126085223,0.3659984873914776,0.3969000683631809
0.846,146.1957090661339,167.8855917603916,113.2373706509648,73.09785453306694,73.09785453306694,153.1397420816477,178.2097705185411,103.8552737738388,129.4895241883515,0,0,0,100,60.30999316368191,39.69000683631809,50,50,24.83647563033173,35.47351753335018,25.16352436966826,14.52648246664983,8512.75,5208.641836428152,3304.108163571849,3905.7,4607.05,1940.076457387733,3268.565379040419,1965.623542612267,1338.484620959582,-12184.17631903778,-24894.87014131815,7130.052088348826,-6092.088159518888,-6092.088159518888,-23363.60035599317,-25966.9754004296,6520.46119735415,8186.016963279074,0,0,0,1.539535136156243,0.6222491539426789,85.1275,86.36449057939448,83.24786078264026,101325,109521.3965971366,89802.44714147809,155993.3976710313,63049.39552324193,-25.45328699389587,-59.88252140507227,26.86282624166117,-12.72664349694793,-12.72664349694793,-54.26039658339575,-63.81880333688171,23.35876383928222,32.93274439683289,0,0,0,368,1,1,1,1,1,1,1,1,1,1,0.5,0.5,0.4118136038073375,0.5881863961926626,0.6340015126085223,0.3659984873914776,0.6030999316368191,0.4588059087838831,0.5411940912161171,0.3724726172990518,0.6275273827009482,0.5949029042945627,0.4050970957054373,0.6118635971252712,0.3881364028747289,0.3969000683631809,100,-12184.17631903778,101325,-25.45328699389587,368,0.5,0.5,0.4118136038073375,0.5881863961926626,0.6340015126085223,0.3659984873914776,0.3969000683631809,100,-12184.17631903778,101325,-25.45328699389587,368,0.5,0.5,0.4118136038073375,0.5881863961926626,0.6340015126085223,0.3659984873914776,0.3969000683631809
0.848,146.1957090661339,167.8855917603916,113.2373706509648,73.09785453306694,73.09785453306694,153.1397420816477,178.2097705185411,103.8552737738388,129.4895241883515,0,0,0,100,60.30999316368191,39.69000683631809,50,50,24.83647563033173,35.47351753335018,25.16352436966826,14.52648246664983,8512.75,5208.641836428152,3304.108163571849,3905.7,4607.05,1940.076457387733,3268.565379040419,1965.623542612267,1338.484620959582,-12184.17631903778,-24894.87014131815,7130.052088348826,-6092.088159518888,-6092.088159518888,-23363.60035599317,-25966.9754004296,6520.46119735415,8186.016963279074,0,0,0,1.539535136156243,0.6222491539426789,85.1275,86.36449057939448,83.24786078264026,101325,109521.3965971366,89802.44714147809,155993.3976710313,63049.39552324193,-25.45328699389587,-59.88252140507227,26.86282624166117,-12.72664349694793,-12.72664349694793,-54.26039658339575,-63.81880333688171,23.35876383928222,32.93274439683289,0,0,0,368,1,1,1,1,1,1,1,1,1,1,0.5,0.5,0.4118136038073375,0.5881863961926626,0.6340015126085223,0.3659984873914776,0.6030999316368191,0.4588059087838831,0.5411940912161171,0.3724726172990518,0.6275273827009482,0.5949029042945627,0.4050970957054373,0.6118635971252712,0.3881364028747289,0.3969000683631809,100,-12184.17631903778,101325,-25.45328699389587,368,0.5,0.5,0.4118136038073375,0.5881863961926626,0.6340015126085223,0.3659984873914776,0.3969000683631809,100,-12184.17631903778,101325,-25.45328699389587,368,0.5,0.5,0.4118136038073375,0.5881863961926626,0.6340015126085223,0.3659984873914776,0.3969000683631809
0.85,146.1957090661339,167.8855917603916,113.2373706509648,73.09785453306694,73.09785453306694,153.1397420816477,178.2097705185411,103.8552737738388,129.4895241883515,0,0,0,100,60.30999316368191,39.69000683631809,50,50,24.83647563033173,35.47351753335018,25.16352436966826,14.52648246664983,8512.75,5208.641836428152,3304.108163571849,3905.7,4607.05,1940.076457387733,3268.565379040419,1965.623542612267,1338.484620959582,-12184.17631903778,-24894.87014131815,7130.052088348826,-6092.088159518888,-6092.088159518888,-23363.60035599317,-25966.9754004296,6520.46119735415,8186.016963279074,0,0,0,1.539535136156243,0.6222491539426789,85.1275,86.36449057939448,83.24786078264026,101325,109521.3965971366,89802.44714147809,155993.3976710313,63049.39552324193,-25.45328699389587,-59.88252140507227,26.86282624166117,-12.72664349694793,-12.72664349694793,-54.26039658339575,-63.81880333688171,23.35876383928222,32.93274439683289,0,0,0,368,1,1,1,1,1,1,1,1,1,1,0.5,0.5,0.4118136038073375,0.5881863961926626,0.6340015126085223,0.3659984873914776,0.6030999316368191,0.4588059087838831,0.5411940912161171,0.3724726172990518,0.6275273827009482,0.5949029042945627,0.4050970957054373,0.6118635971252712,0.3881364028747289,0.3969000683631809,100,-12184.17631903778,101325,-25.45328699389587,368,0.5,0.5,0.4118136038073375,0.5881863961926626,0.6340015126085223,0.3659984873914776,0.3969000683631809,100,-12184.17631903778,101325,-25.45328699389587,368,0.5,0.5,0.4118136038073375,0.5881863961926626,0.6340015126085223,0.3659984873914776,0.3969000683631809
0.852,146.1957090661339,167.8855917603916,113.2373706509648,73.09785453306694,73.09785453306694,153.1397420816477,178.2097705185411,103.8552737738388,129.4895241883515,0,0,0,100,60.30999316368191,39.69000683631809,50,50,24.83647563033173,35.47351753335018,25.16352436966826,14.52648246664983,8512.75,5208.641836428152,3304.108163571849,3905.7,4607.05,1940.076457387733,3268.565379040419,1965.623542612267,1338.484620959582,-12184.17631903778,-24894.87014131815,7130.052088348826,-6092.088159518888,-6092.088159518888,-23363.60035599317,-25966.9754004296,6520.46119735415,8186.016963279074,0,0,0,1.539535136156243,0.6222491539426789,85.1275,86.36449057939448,83.24786078264026,101325,109521.3965971366,89802.44714147809,155993.3976710313,63049.39552324193,-25.45328699389587,-59.88252140507227,26.86282624166117,-12.72664349694793,-12.72664349694793,-54.26039658339575,-63.81880333688171,23.35876383928222,32.93274439683289,0,0,0,368,1,1,1,1,1,1,1,1,1,1,0.5,0.5,0.4118136038073375,0.5881863961926626,0.6340015126085223,0.3659984873914776,0.6030999316368191,0.4588059087838831,0.5411940912161171,0.3724726172990518,0.6275273827009482,0.5949029042945627,0.4050970957054373,0.6118635971252712,0.3881364028747289,0.3969000683631809,100,-12184.17631903778,101325,-25.45328699389587,368,0.5,0.5,0.4118136038073375,0.5881863961926626,0.6340015126085223,0.3659984873914776,0.3969000683631809,100,-12184.17631903778,101325,-25.45328699389587,368,0.5,0.5,0.4118136038073375,0.5881863961926626,0.6340015126085223,0.3659984873914776,0.3969000683631809
0.854,146.1957090661339,167.8855917603916,113.2373706509648,73.09785453306694,73.09785453306694,153.1397420816477,178.2097705185411,103.8552737738388,129.4895241883515,0,0,0,100,60.30999316368191,39.69000683631809,50,50,24.83647563033173,35.47351753335018,25.16352436966826,14.52648246664983,8512.75,5208.641836428152,3304.108163571849,3905.7,4607.05,1940.076457387733,3268.565379040419,1965.623542612267,1338.484620959582,-12184.17631903778,-24894.87014131815,7130.052088348826,-6092.088159518888,-6092.088159518888,-23363.60035599317,-25966.9754004296,6520.46119735415,8186.016963279074,0,0,0,1.539535136156243,0.6222491539426789,85.1275,86.36449057939448,83.24786078264026,101325,109521.3965971366,89802.44714147809,155993.3976710313,63049.39552324193,-25.45328699389587,-59.88252140507227,26.86282624166117,-12.72664349694793,-12.72664349694793,-54.26039658339575,-63.81880333688171,23.35876383928222,32.93274439683289,0,0,0,368,1,1,1,1,1,1,1,1,1,1,0.5,0.5,0.4118136038073375,0.5881863961926626,0.6340015126085223,0.3659984873914776,0.6030999316368191,0.4588059087838831,0.5411940912161171,0.3724726172990518,0.6275273827009482,0.5949029042945627,0.4050970957054373,0.6118635971252712,0.3881364028747289,0.3969000683631809,100,-12184.17631903778,101325,-25.45328699389587,368,0.5,0.5,0.4118136038073375,0.5881863961926626,0.6340015126085223,0.3659984873914776,0.3969000683631809,100,-12184.17631903778,101325,-25.45328699389587,368,0.5,0.5,0.4118136038073375,0.5881863961926626,0.6340015126085223,0.3659984873914776,0.3969000683631809
0.856,146.1957090661339,167.8855917603916,113.2373706509648,73.09785453306694,73.09785453306694,153.1397420816477,178.2097705185411,103.8552737738388,129.4895241883515,0,0,0,100,60.30999316368191,39.69000683631809,50,50,24.83647563033173,35.47351753335018,25.16352436966826,14.52648246664983,8512.75,5208.641836428152,3304.108163571849,3905.7,4607.05,1940.076457387733,3268.565379040419,1965.623542612267,1338.484620959582,-12184.17631903778,-24894.87014131815,7130.052088348826,-6092.088159518888,-6092.088159518888,-23363.60035599317,-25966.9754004296,6520.46119735415,8186.016963279074,0,0,0,1.539535136156243,0.6222491539426789,85.1275,86.36449057939448,83.24786078264026,101325,109521.3965971366,89802.44714147809,155993.3976710313,63049.39552324193,-25.45328699389587,-59.88252140507227,26.86282624166117,-12.72664349694793,-12.72664349694793,-54.26039658339575,-63.81880333688171,23.35876383928222,32.93274439683289,0,0,0,368,1,1,1,1,1,1,1,1,1,1,0.5,0.5,0.4118136038073375,0.5881863961926626,0.6340015126085223,0.3659984873914776,0.6030999316368191,0.4588059087838831,0.5411940912161171,0.3724726172990518,0.6275273827009482,0.5949029042945627,0.4050970957054373,0.6118635971252712,0.3881364028747289,0.3969000683631809,100,-12184.17631903778,101325,-25.45328699389587,368,0.5,0.5,0.4118136038073375,0.5881863961926626,0.6340015126085223,0.3659984873914776,0.3969000683631809,100,-12184.17631903778,101325,-25.45328699389587,368,0.5,0.5,0.4118136038073375,0.5881863961926626,0.6340015126085223,0.3659984873914776,0.3969000683631809
0.858,146.1957090661339,167.8855917603916,113.2373706509648,73.09785453306694,73.09785453306694,153.1397420816477,178.2097705185411,103.8552737738388,129.4895241883515,0,0,0,100,60.30999316368191,39.69000683631809,50,50,24.83647563033173,35.47351753335018,25.16352436966826,14.52648246664983,8512.75,5208.641836428152,3304.108163571849,3905.7,4607.05,1940.076457387733,3268.565379040419,1965.623542612267,1338.484620959582,-12184.17631903778,-24894.87014131815,7130.052088348826,-6092.088159518888,-6092.088159518888,-23363.60035599317,-25966.9754004296,6520.46119735415,8186.016963279074,0,0,0,1.539535136156243,0.6222491539426789,85.1275,86.36449057939448,83.24786078264026,101325,109521.3965971366,89802.44714147809,155993.3976710313,63049.39552324193,-25.45328699389587,-59.88252140507227,26.86282624166117,-12.72664349694793,-12.72664349694793,-54.26039658339575,-63.81880333688171,23.35876383928222,32.93274439683289,0,0,0,368,1,1,1,1,1,1,1,1,1,1,0.5,0.5,0.4118136038073375,0.5881863961926626,0.6340015126085223,0.3659984873914776,0.6030999316368191,0.4588059087838831,0.5411940912161171,0.3724726172990518,0.6275273827009482,0.5949029042945627,0.4050970957054373,0.6118635971252712,0.3881364028747289,0.3969000683631809,100,-12184.17631903778,101325,-25.45328699389587,368,0.5,0.5,0.4118136038073375,0.5881863961926626,0.6340015126085223,0.3659984873914776,0.3969000683631809,100,-12184.17631903778,101325,-25.45328699389587,368,0.5,0.5,0.4118136038073375,0.5881863961926626,0.6340015126085223,0.3659984873914776,0.3969000683631809
0.86,146.1957090661339,167.8855917603916,113.2373706509648,73.09785453306694,73.09785453306694,153.1397420816477,178.2097705185411,103.8552737738388,129.4895241883515,0,0,0,100,60.30999316368191,39.69000683631809,50,50,24.83647563033173,35.47351753335018,25.16352436966826,14.52648246664983,8512.75,5208.641836428152,3304.108163571849,3905.7,4607.05,1940.076457387733,3268.565379040419,1965.623542612267,1338.484620959582,-12184.17631903778,-24894.87014131815,7130.052088348826,-6092.088159518888,-6092.088159518888,-23363.60035599317,-25966.9754004296,6520.46119735415,8186.016963279074,0,0,0,1.539535136156243,0.6222491539426789,85.1275,86.36449057939448,83.24786078264026,101325,109521.3965971366,89802.44714147809,155993.3976710313,63049.39552324193,-25.45328699389587,-59.88252140507227,26.86282624166117,-12.72664349694793,-12.72664349694793,-54.26039658339575,-63.81880333688171,23.35876383928222,32.93274439683289,0,0,0,368,1,1,1,1,1,1,1,1,1,1,0.5,0.5,0.4118136038073375,0.5881863961926626,0.6340015126085223,0.3659984873914776,0.6030999316368191,0.4588059087838831,0.5411940912161171,0.3724726172990518,0.6275273827009482,0.5949029042945627,0.4050970957054373,0.6118635971252712,0.3881364028747289,0.3969000683631809,100,-12184.17631903778,101325,-25.45328699389587,368,0.5,0.5,0.4118136038073375,0.5881863961926626,0.6340015126085223,0.3659984873914776,0.3969000683631809,100,-12184.17631903778,101325,-25.45328699389587,368,0.5,0.5,0.4118136038073375,0.5881863961926626,0.6340015126085223,0.3659984873914776,0.3969000683631809
0.862,146.1957090661339,167.8855917603916,113.2373706509648,73.09785453306694,73.09785453306694,153.1397420816477,178.2097705185411,103.8552737738388,129.4895241883515,0,0,0,100,60.30999316368191,39.69000683631809,50,50,24.83647563033173,35.47351753335018,25.16352436966826,14.52648246664983,8512.75,5208.641836428152,3304.108163571849,3905.7,4607.05,1940.076457387733,3268.565379040419,1965.623542612267,1338.484620959582,-12184.17631903778,-24894.87014131815,7130.052088348826,-6092.088159518888,-6092.088159518888,-23363.60035599317,-25966.9754004296,6520.46119735415,8186.016963279074,0,0,0,1.539535136156243,0.6222491539426789,85.1275,86.36449057939448,83.24786078264026,101325,109521.3965971366,89802.44714147809,155993.3976710313,63049.39552324193,-25.45328699389587,-59.88252140507227,26.86282624166117,-12.72664349694793,-12.72664349694793,-54.26039658339575,-63.81880333688171,23.35876383928222,32.93274439683289,0,0,0,368,1,1,1,1,1,1,1,1,1,1,0.5,0.5,0.4118136038073375,0.5881863961926626,0.6340015126085223,0.3659984873914776,0.6030999316368191,0.4588059087838831,0.5411940912161171,0.3724726172990518,0.6275273827009482,0.5949029042945627,0.4050970957054373,0.6118635971252712,0.3881364028747289,0.3969000683631809,100,-12184.17631903778,101325,-25.45328699389587,368,0.5,0.5,0.4118136038073375,0.5881863961926626,0.6340015126085223,0.3659984873914776,0.3969000683631809,100,-12184.17631903778,101325,-25.45328699389587,368,0.5,0.5,0.4118136038073375,0.5881863961926626,0.6340015126085223,0.3659984873914776,0.3969000683631809
0.864,146.1957090661339,167.8855917603916,113.2373706509648,73.09785453306694,73.09785453306694,153.1397420816477,178.2097705185411,103.8552737738388,129.4895241883515,0,0,0,100,60.30999316368191,39.69000683631809,50,50,24.83647563033173,35.47351753335018,25.16352436966826,14.52648246664983,8512.75,5208.641836428152,3304.108163571849,3905.7,4607.05,1940.076457387733,3268.565379040419,1965.623542612267,1338.484620959582,-12184.17631903778,-24894.87014131815,7130.052088348826,-6092.088159518888,-6092.088159518888,-23363.60035599317,-25966.9754004296,6520.46119735415,8186.016963279074,0,0,0,1.539535136156243,0.6222491539426789,85.1275,86.36449057939448,83.24786078264026,101325,109521.3965971366,89802.44714147809,155993.3976710313,63049.39552324193,-25.45328699389587,-59.88252140507227,26.86282624166117,-12.72664349694793,-12.72664349694793,-54.26039658339575,-63.81880333688171,23.35876383928222,32.93274439683289,0,0,0,368,1,1,1,1,1,1,1,1,1,1,0.5,0.5,0.4118136038073375,0.5881863961926626,0.6340015126085223,0.3659984873914776,0.6030999316368191,0.4588059087838831,0.5411940912161171,0.3724726172990518,0.6275273827009482,0.5949029042945627,0.4050970957054373,0.6118635971252712,0.3881364028747289,0.3969000683631809,100,-12184.17631903778,101325,-25.45328699389587,368,0.5,0.5,0.4118136038073375,0.5881863961926626,0.6340015126085223,0.3659984873914776,0.3969000683631809,100,-12184.17631903778,101325,-25.45328699389587,368,0.5,0.5,0.4118136038073375,0.5881863961926626,0.6340015126085223,0.3659984873914776,0.3969000683631809
0.866,146.1957090661339,167.8855917603916,113.2373706509648,73.09785453306694,73.09785453306694,153.1397420816477,178.2097705185411,103.8552737738388,129.4895241883515,0,0,0,100,60.30999316368191,39.69000683631809,50,50,24.83647563033173,35.47351753335018,25.16352436966826,14.52648246664983,8512.75,5208.641836428152,3304.108163571849,3905.7,4607.05,1940.076457387733,3268.565379040419,1965.623542612267,1338.484620959582,-12184.17631903778,-24894.87014131815,7130.052088348826,-6092.088159518888,-6092.088159518888,-23363.60035599317,-25966.9754004296,6520.46119735415,8186.016963279074,0,0,0,1.539535136156243,0.6222491539426789,85.1275,86.36449057939448,83.24786078264026,101325,109521.3965971366,89802.44714147809,155993.3976710313,63049.39552324193,-25.45328699389587,-59.88252140507227,26.86282624166117,-12.72664349694793,-12.72664349694793,-54.26039658339575,-63.81880333688171,23.35876383928222,32.93274439683289,0,0,0,368,1,1,1,1,1,1,1,1,1,1,0.5,0.5,0.4118136038073375,0.5881863961926626,0.6340015126085223,0.3659984873914776,0.6030999316368191,0.4588059087838831,0.5411940912161171,0.3724726172990518,0.6275273827009482,0.5949029042945627,0.4050970957054373,0.6118635971252712,0.3881364028747289,0.3969000683631809,100,-12184.17631903778,101325,-25.45328699389587,368,0.5,0.5,0.4118136038073375,0.5881863961926626,0.6340015126085223,0.3659984873914776,0.3969000683631809,100,-12184.17631903778,101325,-25.45328699389587,368,0.5,0.5,0.4118136038073375,0.5881863961926626,0.6340015126085223,0.3659984873914776,0.3969000683631809
0.868,146.1957090661339,167.8855917603916,113.2373706509648,73.09785453306694,73.09785453306694,153.1397420816477,178.2097705185411,103.8552737738388,129.4895241883515,0,0,0,100,60.30999316368191,39.69000683631809,50,50,24.83647563033173,35.47351753335018,25.16352436966826,14.52648246664983,8512.75,5208.641836428152,3304.108163571849,3905.7,4607.05,1940.076457387733,3268.565379040419,1965.623542612267,1338.484620959582,-12184.17631903778,-24894.87014131815,7130.052088348826,-6092.088159518888,-6092.088159518888,-23363.60035599317,-25966.9754004296,6520.46119735415,8186.016963279074,0,0,0,1.539535136156243,0.6222491539426789,85.1275,86.36449057939448,83.24786078264026,101325,109521.3965971366,89802.44714147809,155993.3976710313,63049.39552324193,-25.45328699389587,-59.88252140507227,26.86282624166117,-12.72664349694793,-12.72664349694793,-54.26039658339575,-63.81880333688171,23.35876383928222,32.93274439683289,0,0,0,368,1,1,1,1,1,1,1,1,1,1,0.5,0.5,0.4118136038073375,0.5881863961926626,0.6340015126085223,0.3659984873914776,0.6030999316368191,0.4588059087838831,0.5411940912161171,0.3724726172990518,0.6275273827009482,0.5949029042945627,0.4050970957054373,0.6118635971252712,0.3881364028747289,0.3969000683631809,100,-12184.17631903778,101325,-25.45328699389587,368,0.5,0.5,0.4118136038073375,0.5881863961926626,0.6340015126085223,0.3659984873914776,0.3969000683631809,100,-12184.17631903778,101325,-25.45328699389587,368,0.5,0.5,0.4118136038073375,0.5881863961926626,0.6340015126085223,0.3659984873914776,0.3969000683631809
0.87,146.1957090661339,167.8855917603916,113.2373706509648,73.09785453306694,73.09785453306694,153.1397420816477,178.2097705185411,103.8552737738388,129.4895241883515,0,0,0,100,60.30999316368191,39.69000683631809,50,50,24.83647563033173,35.47351753335018,25.16352436966826,14.52648246664983,8512.75,5208.641836428152,3304.108163571849,3905.7,4607.05,1940.076457387733,3268.565379040419,1965.623542612267,1338.484620959582,-12184.17631903778,-24894.87014131815,7130.052088348826,-6092.088159518888,-6092.088159518888,-23363.60035599317,-25966.9754004296,6520.46119735415,8186.016963279074,0,0,0,1.539535136156243,0.6222491539426789,85.1275,86.36449057939448,83.24786078264026,101325,109521.3965971366,89802.44714147809,155993.3976710313,63049.39552324193,-25.45328699389587,-59.88252140507227,26.86282624166117,-12.72664349694793,-12.72664349694793,-54.26039658339575,-63.81880333688171,23.35876383928222,32.93274439683289,0,0,0,368,1,1,1,1,1,1,1,1,1,1,0.5,0.5,0.4118136038073375,0.5881863961926626,0.6340015126085223,0.3659984873914776,0.6030999316368191,0.4588059087838831,0.5411940912161171,0.3724726172990518,0.6275273827009482,0.5949029042945627,0.4050970957054373,0.6118635971252712,0.3881364028747289,0.3969000683631809,100,-12184.17631903778,101325,-25.45328699389587,368,0.5,0.5,0.4118136038073375,0.5881863961926626,0.6340015126085223,0.3659984873914776,0.3969000683631809,100,-12184.17631903778,101325,-25.45328699389587,368,0.5,0.5,0.4118136038073375,0.5881863961926626,0.6340015126085223,0.3659984873914776,0.3969000683631809
0.872,146.1957090661339,167.8855917603916,113.2373706509648,73.09785453306694,73.09785453306694,153.1397420816477,178.2097705185411,103.8552737738388,129.4895241883515,0,0,0,100,60.30999316368191,39.69000683631809,50,50,24.83647563033173,35.47351753335018,25.16352436966826,14.52648246664983,8512.75,5208.641836428152,3304.108163571849,3905.7,4607.05,1940.076457387733,3268.565379040419,1965.623542612267,1338.484620959582,-12184.17631903778,-24894.87014131815,7130.052088348826,-6092.088159518888,-6092.088159518888,-23363.60035599317,-25966.9754004296,6520.46119735415,8186.016963279074,0,0,0,1.539535136156243,0.6222491539426789,85.1275,86.36449057939448,83.24786078264026,101325,109521.3965971366,89802.44714147809,155993.3976710313,63049.39552324193,-25.45328699389587,-59.88252140507227,26.86282624166117,-12.72664349694793,-12.72664349694793,-54.26039658339575,-63.81880333688171,23.35876383928222,32.93274439683289,0,0,0,368,1,1,1,1,1,1,1,1,1,1,0.5,0.5,0.4118136038073375,0.5881863961926626,0.6340015126085223,0.3659984873914776,0.6030999316368191,0.4588059087838831,0.5411940912161171,0.3724726172990518,0.6275273827009482,0.5949029042945627,0.4050970957054373,0.6118635971252712,0.3881364028747289,0.3969000683631809,100,-12184.17631903778,101325,-25.45328699389587,368,0.5,0.5,0.4118136038073375,0.5881863961926626,0.6340015126085223,0.3659984873914776,0.3969000683631809,100,-12184.17631903778,101325,-25.45328699389587,368,0.5,0.5,0.4118136038073375,0.5881863961926626,0.6340015126085223,0.3659984873914776,0.3969000683631809
0.874,146.1957090661339,167.8855917603916,113.2373706509648,73.09785453306694,73.09785453306694,153.1397420816477,178.2097705185411,103.8552737738388,129.4895241883515,0,0,0,100,60.30999316368191,39.69000683631809,50,50,24.83647563033173,35.47351753335018,25.16352436966826,14.52648246664983,8512.75,5208.641836428152,3304.108163571849,3905.7,4607.05,1940.076457387733,3268.565379040419,1965.623542612267,1338.484620959582,-12184.17631903778,-24894.87014131815,7130.052088348826,-6092.088159518888,-6092.088159518888,-23363.60035599317,-25966.9754004296,6520.46119735415,8186.016963279074,0,0,0,1.539535136156243,0.6222491539426789,85.1275,86.36449057939448,83.24786078264026,101325,109521.3965971366,89802.44714147809,155993.3976710313,63049.39552324193,-25.45328699389587,-59.88252140507227,26.86282624166117,-12.72664349694793,-12.72664349694793,-54.26039658339575,-63.81880333688171,23.35876383928222,32.93274439683289,0,0,0,368,1,1,1,1,1,1,1,1,1,1,0.5,0.5,0.4118136038073375,0.5881863961926626,0.6340015126085223,0.3659984873914776,0.6030999316368191,0.4588059087838831,0.5411940912161171,0.3724726172990518,0.6275273827009482,0.5949029042945627,0.4050970957054373,0.6118635971252712,0.3881364028747289,0.3969000683631809,100,-12184.17631903778,101325,-25.45328699389587,368,0.5,0.5,0.4118136038073375,0.5881863961926626,0.6340015126085223,0.3659984873914776,0.3969000683631809,100,-12184.17631903778,101325,-25.45328699389587,368,0.5,0.5,0.4118136038073375,0.5881863961926626,0.6340015126085223,0.3659984873914776,0.3969000683631809
0.876,146.1957090661339,167.8855917603916,113.2373706509648,73.09785453306694,73.09785453306694,153.1397420816477,178.2097705185411,103.8552737738388,129.4895241883515,0,0,0,100,60.30999316368191,39.69000683631809,50,50,24.83647563033173,35.47351753335018,25.16352436966826,14.52648246664983,8512.75,5208.641836428152,3304.108163571849,3905.7,4607.05,1940.076457387733,3268.565379040419,1965.623542612267,1338.484620959582,-12184.17631903778,-24894.87014131815,7130.052088348826,-6092.088159518888,-6092.088159518888,-23363.60035599317,-25966.9754004296,6520.46119735415,8186.016963279074,0,0,0,1.539535136156243,0.6222491539426789,85.1275,86.36449057939448,83.24786078264026,101325,109521.3965971366,89802.44714147809,155993.3976710313,63049.39552324193,-25.45328699389587,-59.88252140507227,26.86282624166117,-12.72664349694793,-12.72664349694793,-54.26039658339575,-63.81880333688171,23.35876383928222,32.93274439683289,0,0,0,368,1,1,1,1,1,1,1,1,1,1,0.5,0.5,0.4118136038073375,0.5881863961926626,0.6340015126085223,0.3659984873914776,0.6030999316368191,0.4588059087838831,0.5411940912161171,0.3724726172990518,0.6275273827009482,0.5949029042945627,0.4050970957054373,0.6118635971252712,0.3881364028747289,0.3969000683631809,100,-12184.17631903778,101325,-25.45328699389587,368,0.5,0.5,0.4118136038073375,0.5881863961926626,0.6340015126085223,0.3659984873914776,0.3969000683631809,100,-12184.17631903778,101325,-25.45328699389587,368,0.5,0.5,0.4118136038073375,0.5881863961926626,0.6340015126085223,0.3659984873914776,0.3969000683631809
0.878,146.1957090661339,167.8855917603916,113.2373706509648,73.09785453306694,73.09785453306694,153.1397420816477,178.2097705185411,103.8552737738388,129.4895241883515,0,0,0,100,60.30999316368191,39.69000683631809,50,50,24.83647563033173,35.47351753335018,25.16352436966826,14.52648246664983,8512.75,5208.641836428152,3304.108163571849,3905.7,4607.05,1940.076457387733,3268.565379040419,1965.623542612267,1338.484620959582,-12184.17631903778,-24894.87014131815,7130.052088348826,-6092.088159518888,-6092.088159518888,-23363.60035599317,-25966.9754004296,6520.46119735415,8186.016963279074,0,0,0,1.539535136156243,0.6222491539426789,85.1275,86.36449057939448,83.24786078264026,101325,109521.3965971366,89802.44714147809,155993.3976710313,63049.39552324193,-25.45328699389587,-59.88252140507227,26.86282624166117,-12.72664349694793,-12.72664349694793,-54.26039658339575,-63.81880333688171,23.35876383928222,32.93274439683289,0,0,0,368,1,1,1,1,1,1,1,1,1,1,0.5,0.5,0.4118136038073375,0.5881863961926626,0.6340015126085223,0.3659984873914776,0.6030999316368191,0.4588059087838831,0.5411940912161171,0.3724726172990518,0.6275273827009482,0.5949029042945627,0.4050970957054373,0.6118635971252712,0.3881364028747289,0.3969000683631809,100,-12184.17631903778,101325,-25.45328699389587,368,0.5,0.5,0.4118136038073375,0.5881863961926626,0.6340015126085223,0.3659984873914776,0.3969000683631809,100,-12184.17631903778,101325,-25.45328699389587,368,0.5,0.5,0.4118136038073375,0.5881863961926626,0.6340015126085223,0.3659984873914776,0.3969000683631809
0.88,146.1957090661339,167.8855917603916,113.2373706509648,73.09785453306694,73.09785453306694,153.1397420816477,178.2097705185411,103.8552737738388,129.4895241883515,0,0,0,100,60.30999316368191,39.69000683631809,50,50,24.83647563033173,35.47351753335018,25.16352436966826,14.52648246664983,8512.75,5208.641836428152,3304.108163571849,3905.7,4607.05,1940.076457387733,3268.565379040419,1965.623542612267,1338.484620959582,-12184.17631903778,-24894.87014131815,7130.052088348826,-6092.088159518888,-6092.088159518888,-23363.60035599317,-25966.9754004296,6520.46119735415,8186.016963279074,0,0,0,1.539535136156243,0.6222491539426789,85.1275,86.36449057939448,83.24786078264026,101325,109521.3965971366,89802.44714147809,155993.3976710313,63049.39552324193,-25.45328699389587,-59.88252140507227,26.86282624166117,-12.72664349694793,-12.72664349694793,-54.26039658339575,-63.81880333688171,23.35876383928222,32.93274439683289,0,0,0,368,1,1,1,1,1,1,1,1,1,1,0.5,0.5,0.4118136038073375,0.5881863961926626,0.6340015126085223,0.3659984873914776,0.6030999316368191,0.4588059087838831,0.5411940912161171,0.3724726172990518,0.6275273827009482,0.5949029042945627,0.4050970957054373,0.6118635971252712,0.3881364028747289,0.3969000683631809,100,-12184.17631903778,101325,-25.45328699389587,368,0.5,0.5,0.4118136038073375,0.5881863961926626,0.6340015126085223,0.3659984873914776,0.3969000683631809,100,-12184.17631903778,101325,-25.45328699389587,368,0.5,0.5,0.4118136038073375,0.5881863961926626,0.6340015126085223,0.3659984873914776,0.3969000683631809
0.882,146.1957090661339,167.8855917603916,113.2373706509648,73.09785453306694,73.09785453306694,153.1397420816477,178.2097705185411,103.8552737738388,129.4895241883515,0,0,0,100,60.30999316368191,39.69000683631809,50,50,24.83647563033173,35.47351753335018,25.16352436966826,14.52648246664983,8512.75,5208.641836428152,3304.108163571849,3905.7,4607.05,1940.076457387733,3268.565379040419,1965.623542612267,1338.484620959582,-12184.17631903778,-24894.87014131815,7130.052088348826,-6092.088159518888,-6092.088159518888,-23363.60035599317,-25966.9754004296,6520.46119735415,8186.016963279074,0,0,0,1.539535136156243,0.6222491539426789,85.1275,86.36449057939448,83.24786078264026,101325,109521.3965971366,89802.44714147809,155993.3976710313,63049.39552324193,-25.45328699389587,-59.88252140507227,26.86282624166117,-12.72664349694793,-12.72664349694793,-54.26039658339575,-63.81880333688171,23.35876383928222,32.93274439683289,0,0,0,368,1,1,1,1,1,1,1,1,1,1,0.5,0.5,0.4118136038073375,0.5881863961926626,0.6340015126085223,0.3659984873914776,0.6030999316368191,0.4588059087838831,0.5411940912161171,0.3724726172990518,0.6275273827009482,0.5949029042945627,0.4050970957054373,0.6118635971252712,0.3881364028747289,0.3969000683631809,100,-12184.17631903778,101325,-25.45328699389587,368,0.5,0.5,0.4118136038073375,0.5881863961926626,0.6340015126085223,0.3659984873914776,0.3969000683631809,100,-12184.17631903778,101325,-25.45328699389587,368,0.5,0.5,0.4118136038073375,0.5881863961926626,0.6340015126085223,0.3659984873914776,0.3969000683631809
0.884,146.1957090661339,167.8855917603916,113.2373706509648,73.09785453306694,73.09785453306694,153.1397420816477,178.2097705185411,103.8552737738388,129.4895241883515,0,0,0,100,60.30999316368191,39.69000683631809,50,50,24.83647563033173,35.47351753335018,25.16352436966826,14.52648246664983,8512.75,5208.641836428152,3304.108163571849,3905.7,4607.05,1940.076457387733,3268.565379040419,1965.623542612267,1338.484620959582,-12184.17631903778,-24894.87014131815,7130.052088348826,-6092.088159518888,-6092.088159518888,-23363.60035599317,-25966.9754004296,6520.46119735415,8186.016963279074,0,0,0,1.539535136156243,0.6222491539426789,85.1275,86.36449057939448,83.24786078264026,101325,109521.3965971366,89802.44714147809,155993.3976710313,63049.39552324193,-25.45328699389587,-59.88252140507227,26.86282624166117,-12.72664349694793,-12.72664349694793,-54.26039658339575,-63.81880333688171,23.35876383928222,32.93274439683289,0,0,0,368,1,1,1,1,1,1,1,1,1,1,0.5,0.5,0.4118136038073375,0.5881863961926626,0.6340015126085223,0.3659984873914776,0.6030999316368191,0.4588059087838831,0.5411940912161171,0.3724726172990518,0.6275273827009482,0.5949029042945627,0.4050970957054373,0.6118635971252712,0.3881364028747289,0.3969000683631809,100,-12184.17631903778,101325,-25.45328699389587,368,0.5,0.5,0.4118136038073375,0.5881863961926626,0.6340015126085223,0.3659984873914776,0.3969000683631809,100,-12184.17631903778,101325,-25.45328699389587,368,0.5,0.5,0.4118136038073375,0.5881863961926626,0.6340015126085223,0.3659984873914776,0.3969000683631809
0.886,146.1957090661339,167.8855917603916,113.2373706509648,73.09785453306694,73.09785453306694,153.1397420816477,178.2097705185411,103.8552737738388,129.4895241883515,0,0,0,100,60.30999316368191,39.69000683631809,50,50,24.83647563033173,35.47351753335018,25.16352436966826,14.52648246664983,8512.75,5208.641836428152,3304.108163571849,3905.7,4607.05,1940.076457387733,3268.565379040419,1965.623542612267,1338.484620959582,-12184.17631903778,-24894.87014131815,7130.052088348826,-6092.088159518888,-6092.088159518888,-23363.60035599317,-25966.9754004296,6520.46119735415,8186.016963279074,0,0,0,1.539535136156243,0.6222491539426789,85.1275,86.36449057939448,83.24786078264026,101325,109521.3965971366,89802.44714147809,155993.3976710313,63049.39552324193,-25.45328699389587,-59.88252140507227,26.86282624166117,-12.72664349694793,-12.72664349694793,-54.26039658339575,-63.81880333688171,23.35876383928222,32.93274439683289,0,0,0,368,1,1,1,1,1,1,1,1,1,1,0.5,0.5,0.4118136038073375,0.5881863961926626,0.6340015126085223,0.3659984873914776,0.6030999316368191,0.4588059087838831,0.5411940912161171,0.3724726172990518,0.6275273827009482,0.5949029042945627,0.4050970957054373,0.6118635971252712,0.3881364028747289,0.3969000683631809,100,-12184.17631903778,101325,-25.45328699389587,368,0.5,0.5,0.4118136038073375,0.5881863961926626,0.6340015126085223,0.3659984873914776,0.3969000683631809,100,-12184.17631903778,101325,-25.45328699389587,368,0.5,0.5,0.4118136038073375,0.5881863961926626,0.6340015126085223,0.3659984873914776,0.3969000683631809
0.888,146.1957090661339,167.8855917603916,113.2373706509648,73.09785453306694,73.09785453306694,153.1397420816477,178.2097705185411,103.8552737738388,129.4895241883515,0,0,0,100,60.30999316368191,39.69000683631809,50,50,24.83647563033173,35.47351753335018,25.16352436966826,14.52648246664983,8512.75,5208.641836428152,3304.108163571849,3905.7,4607.05,1940.076457387733,3268.565379040419,1965.623542612267,1338.484620959582,-12184.17631903778,-24894.87014131815,7130.052088348826,-6092.088159518888,-6092.088159518888,-23363.60035599317,-25966.9754004296,6520.46119735415,8186.016963279074,0,0,0,1.539535136156243,0.6222491539426789,85.1275,86.36449057939448,83.24786078264026,101325,109521.3965971366,89802.44714147809,155993.3976710313,63049.39552324193,-25.45328699389587,-59.88252140507227,26.86282624166117,-12.72664349694793,-12.72664349694793,-54.26039658339575,-63.81880333688171,23.35876383928222,32.93274439683289,0,0,0,368,1,1,1,1,1,1,1,1,1,1,0.5,0.5,0.4118136038073375,0.5881863961926626,0.6340015126085223,0.3659984873914776,0.6030999316368191,0.4588059087838831,0.5411940912161171,0.3724726172990518,0.6275273827009482,0.5949029042945627,0.4050970957054373,0.6118635971252712,0.3881364028747289,0.3969000683631809,100,-12184.17631903778,101325,-25.45328699389587,368,0.5,0.5,0.4118136038073375,0.5881863961926626,0.6340015126085223,0.3659984873914776,0.3969000683631809,100,-12184.17631903778,101325,-25.45328699389587,368,0.5,0.5,0.4118136038073375,0.5881863961926626,0.6340015126085223,0.3659984873914776,0.3969000683631809
0.89,146.1957090661339,167.8855917603916,113.2373706509648,73.09785453306694,73.09785453306694,153.1397420816477,178.2097705185411,103.8552737738388,129.4895241883515,0,0,0,100,60.30999316368191,39.69000683631809,50,50,24.83647563033173,35.47351753335018,25.16352436966826,14.52648246664983,8512.75,5208.641836428152,3304.108163571849,3905.7,4607.05,1940.076457387733,3268.565379040419,1965.623542612267,1338.484620959582,-12184.17631903778,-24894.87014131815,7130.052088348826,-6092.088159518888,-6092.088159518888,-23363.60035599317,-25966.9754004296,6520.46119735415,8186.016963279074,0,0,0,1.539535136156243,0.6222491539426789,85.1275,86.36449057939448,83.24786078264026,101325,109521.3965971366,89802.44714147809,155993.3976710313,63049.39552324193,-25.45328699389587,-59.88252140507227,26.86282624166117,-12.72664349694793,-12.72664349694793,-54.26039658339575,-63.81880333688171,23.35876383928222,32.93274439683289,0,0,0,368,1,1,1,1,1,1,1,1,1,1,0.5,0.5,0.4118136038073375,0.5881863961926626,0.6340015126085223,0.3659984873914776,0.6030999316368191,0.4588059087838831,0.5411940912161171,0.3724726172990518,0.6275273827009482,0.5949029042945627,0.4050970957054373,0.6118635971252712,0.3881364028747289,0.3969000683631809,100,-12184.17631903778,101325,-25.45328699389587,368,0.5,0.5,0.4118136038073375,0.5881863961926626,0.6340015126085223,0.3659984873914776,0.3969000683631809,100,-12184.17631903778,101325,-25.45328699389587,368,0.5,0.5,0.4118136038073375,0.5881863961926626,0.6340015126085223,0.3659984873914776,0.3969000683631809
0.892,146.1957090661339,167.8855917603916,113.2373706509648,73.09785453306694,73.09785453306694,153.1397420816477,178.2097705185411,103.8552737738388,129.4895241883515,0,0,0,100,60.30999316368191,39.69000683631809,50,50,24.83647563033173,35.47351753335018,25.16352436966826,14.52648246664983,8512.75,5208.641836428152,3304.108163571849,3905.7,4607.05,1940.076457387733,3268.565379040419,1965.623542612267,1338.484620959582,-12184.17631903778,-24894.87014131815,7130.052088348826,-6092.088159518888,-6092.088159518888,-23363.60035599317,-25966.9754004296,6520.46119735415,8186.016963279074,0,0,0,1.539535136156243,0.6222491539426789,85.1275,86.36449057939448,83.24786078264026,101325,109521.3965971366,89802.44714147809,155993.3976710313,63049.39552324193,-25.45328699389587,-59.88252140507227,26.86282624166117,-12.72664349694793,-12.72664349694793,-54.26039658339575,-63.81880333688171,23.35876383928222,32.93274439683289,0,0,0,368,1,1,1,1,1,1,1,1,1,1,0.5,0.5,0.4118136038073375,0.5881863961926626,0.6340015126085223,0.3659984873914776,0.6030999316368191,0.4588059087838831,0.5411940912161171,0.3724726172990518,0.6275273827009482,0.5949029042945627,0.4050970957054373,0.6118635971252712,0.3881364028747289,0.3969000683631809,100,-12184.17631903778,101325,-25.45328699389587,368,0.5,0.5,0.4118136038073375,0.5881863961926626,0.6340015126085223,0.3659984873914776,0.3969000683631809,100,-12184.17631903778,101325,-25.45328699389587,368,0.5,0.5,0.4118136038073375,0.5881863961926626,0.6340015126085223,0.3659984873914776,0.3969000683631809
0.894,146.1957090661339,167.8855917603916,113.2373706509648,73.09785453306694,73.09785453306694,153.1397420816477,178.2097705185411,103.8552737738388,129.4895241883515,0,0,0,100,60.30999316368191,39.69000683631809,50,50,24.83647563033173,35.47351753335018,25.16352436966826,14.52648246664983,8512.75,5208.641836428152,3304.108163571849,3905.7,4607.05,1940.076457387733,3268.565379040419,1965.623542612267,1338.484620959582,-12184.17631903778,-24894.87014131815,7130.052088348826,-6092.088159518888,-6092.088159518888,-23363.60035599317,-25966.9754004296,6520.46119735415,8186.016963279074,0,0,0,1.539535136156243,0.6222491539426789,85.1275,86.36449057939448,83.24786078264026,101325,109521.3965971366,89802.44714147809,155993.3976710313,63049.39552324193,-25.45328699389587,-59.88252140507227,26.86282624166117,-12.72664349694793,-12.72664349694793,-54.26039658339575,-63.81880333688171,23.35876383928222,32.93274439683289,0,0,0,368,1,1,1,1,1,1,1,1,1,1,0.5,0.5,0.4118136038073375,0.5881863961926626,0.6340015126085223,0.3659984873914776,0.6030999316368191,0.4588059087838831,0.5411940912161171,0.3724726172990518,0.6275273827009482,0.5949029042945627,0.4050970957054373,0.6118635971252712,0.3881364028747289,0.3969000683631809,100,-12184.17631903778,101325,-25.45328699389587,368,0.5,0.5,0.4118136038073375,0.5881863961926626,0.6340015126085223,0.3659984873914776,0.3969000683631809,100,-12184.17631903778,101325,-25.45328699389587,368,0.5,0.5,0.4118136038073375,0.5881863961926626,0.6340015126085223,0.3659984873914776,0.3969000683631809
0.896,146.1957090661339,167.8855917603916,113.2373706509648,73.09785453306694,73.09785453306694,153.1397420816477,178.2097705185411,103.8552737738388,129.4895241883515,0,0,0,100,60.30999316368191,39.69000683631809,50,50,24.83647563033173,35.47351753335018,25.16352436966826,14.52648246664983,8512.75,5208.641836428152,3304.108163571849,3905.7,4607.05,1940.076457387733,3268.565379040419,1965.623542612267,1338.484620959582,-12184.17631903778,-24894.87014131815,7130.052088348826,-6092.088159518888,-6092.088159518888,-23363.60035599317,-25966.9754004296,6520.46119735415,8186.016963279074,0,0,0,1.539535136156243,0.6222491539426789,85.1275,86.36449057939448,83.24786078264026,101325,109521.3965971366,89802.44714147809,155993.3976710313,63049.39552324193,-25.45328699389587,-59.88252140507227,26.86282624166117,-12.72664349694793,-12.72664349694793,-54.26039658339575,-63.81880333688171,23.35876383928222,32.93274439683289,0,0,0,368,1,1,1,1,1,1,1,1,1,1,0.5,0.5,0.4118136038073375,0.5881863961926626,0.6340015126085223,0.3659984873914776,0.6030999316368191,0.4588059087838831,0.5411940912161171,0.3724726172990518,0.6275273827009482,0.5949029042945627,0.4050970957054373,0.6118635971252712,0.3881364028747289,0.3969000683631809,100,-12184.17631903778,101325,-25.45328699389587,368,0.5,0.5,0.4118136038073375,0.5881863961926626,0.6340015126085223,0.3659984873914776,0.3969000683631809,100,-12184.17631903778,101325,-25.45328699389587,368,0.5,0.5,0.4118136038073375,0.5881863961926626,0.6340015126085223,0.3659984873914776,0.3969000683631809
0.898,146.1957090661339,167.8855917603916,113.2373706509648,73.09785453306694,73.09785453306694,153.1397420816477,178.2097705185411,103.8552737738388,129.4895241883515,0,0,0,100,60.30999316368191,39.69000683631809,50,50,24.83647563033173,35.47351753335018,25.16352436966826,14.52648246664983,8512.75,5208.641836428152,3304.108163571849,3905.7,4607.05,1940.076457387733,3268.565379040419,1965.623542612267,1338.484620959582,-12184.17631903778,-24894.87014131815,7130.052088348826,-6092.088159518888,-6092.088159518888,-23363.60035599317,-25966.9754004296,6520.46119735415,8186.016963279074,0,0,0,1.539535136156243,0.6222491539426789,85.1275,86.36449057939448,83.24786078264026,101325,109521.3965971366,89802.44714147809,155993.3976710313,63049.39552324193,-25.45328699389587,-59.88252140507227,26.86282624166117,-12.72664349694793,-12.72664349694793,-54.26039658339575,-63.81880333688171,23.35876383928222,32.93274439683289,0,0,0,368,1,1,1,1,1,1,1,1,1,1,0.5,0.5,0.4118136038073375,0.5881863961926626,0.6340015126085223,0.3659984873914776,0.6030999316368191,0.4588059087838831,0.5411940912161171,0.3724726172990518,0.6275273827009482,0.5949029042945627,0.4050970957054373,0.6118635971252712,0.3881364028747289,0.3969000683631809,100,-12184.17631903778,101325,-25.45328699389587,368,0.5,0.5,0.4118136038073375,0.5881863961926626,0.6340015126085223,0.3659984873914776,0.3969000683631809,100,-12184.17631903778,101325,-25.45328699389587,368,0.5,0.5,0.4118136038073375,0.5881863961926626,0.6340015126085223,0.3659984873914776,0.3969000683631809
0.9,146.1957090661339,167.8855917603916,113.2373706509648,73.09785453306694,73.09785453306694,153.1397420816477,178.2097705185411,103.8552737738388,129.4895241883515,0,0,0,100,60.30999316368191,39.69000683631809,50,50,24.83647563033173,35.47351753335018,25.16352436966826,14.52648246664983,8512.75,5208.641836428152,3304.108163571849,3905.7,4607.05,1940.076457387733,3268.565379040419,1965.623542612267,1338.484620959582,-12184.17631903778,-24894.87014131815,7130.052088348826,-6092.088159518888,-6092.088159518888,-23363.60035599317,-25966.9754004296,6520.46119735415,8186.016963279074,0,0,0,1.539535136156243,0.6222491539426789,85.1275,86.36449057939448,83.24786078264026,101325,109521.3965971366,89802.44714147809,155993.3976710313,63049.39552324193,-25.45328699389587,-59.88252140507227,26.86282624166117,-12.72664349694793,-12.72664349694793,-54.26039658339575,-63.81880333688171,23.35876383928222,32.93274439683289,0,0,0,368,1,1,1,1,1,1,1,1,1,1,0.5,0.5,0.4118136038073375,0.5881863961926626,0.6340015126085223,0.3659984873914776,0.6030999316368191,0.4588059087838831,0.5411940912161171,0.3724726172990518,0.6275273827009482,0.5949029042945627,0.4050970957054373,0.6118635971252712,0.3881364028747289,0.3969000683631809,100,-12184.17631903778,101325,-25.45328699389587,368,0.5,0.5,0.4118136038073375,0.5881863961926626,0.6340015126085223,0.3659984873914776,0.3969000683631809,100,-12184.17631903778,101325,-25.45328699389587,368,0.5,0.5,0.4118136038073375,0.5881863961926626,0.6340015126085223,0.3659984873914776,0.3969000683631809
0.902,146.1957090661339,167.8855917603916,113.2373706509648,73.09785453306694,73.09785453306694,153.1397420816477,178.2097705185411,103.8552737738388,129.4895241883515,0,0,0,100,60.30999316368191,39.69000683631809,50,50,24.83647563033173,35.47351753335018,25.16352436966826,14.52648246664983,8512.75,5208.641836428152,3304.108163571849,3905.7,4607.05,1940.076457387733,3268.565379040419,1965.623542612267,1338.484620959582,-12184.17631903778,-24894.87014131815,7130.052088348826,-6092.088159518888,-6092.088159518888,-23363.60035599317,-25966.9754004296,6520.46119735415,8186.016963279074,0,0,0,1.539535136156243,0.6222491539426789,85.1275,86.36449057939448,83.24786078264026,101325,109521.3965971366,89802.44714147809,155993.3976710313,63049.39552324193,-25.45328699389587,-59.88252140507227,26.86282624166117,-12.72664349694793,-12.72664349694793,-54.26039658339575,-63.81880333688171,23.35876383928222,32.93274439683289,0,0,0,368,1,1,1,1,1,1,1,1,1,1,0.5,0.5,0.4118136038073375,0.5881863961926626,0.6340015126085223,0.3659984873914776,0.6030999316368191,0.4588059087838831,0.5411940912161171,0.3724726172990518,0.6275273827009482,0.5949029042945627,0.4050970957054373,0.6118635971252712,0.3881364028747289,0.3969000683631809,100,-12184.17631903778,101325,-25.45328699389587,368,0.5,0.5,0.4118136038073375,0.5881863961926626,0.6340015126085223,0.3659984873914776,0.3969000683631809,100,-12184.17631903778,101325,-25.45328699389587,368,0.5,0.5,0.4118136038073375,0.5881863961926626,0.6340015126085223,0.3659984873914776,0.3969000683631809
0.904,146.1957090661339,167.8855917603916,113.2373706509648,73.09785453306694,73.09785453306694,153.1397420816477,178.2097705185411,103.8552737738388,129.4895241883515,0,0,0,100,60.30999316368191,39.69000683631809,50,50,24.83647563033173,35.47351753335018,25.16352436966826,14.52648246664983,8512.75,5208.641836428152,3304.108163571849,3905.7,4607.05,1940.076457387733,3268.565379040419,1965.623542612267,1338.484620959582,-12184.17631903778,-24894.87014131815,7130.052088348826,-6092.088159518888,-6092.088159518888,-23363.60035599317,-25966.9754004296,6520.46119735415,8186.016963279074,0,0,0,1.539535136156243,0.6222491539426789,85.1275,86.36449057939448,83.24786078264026,101325,109521.3965971366,89802.44714147809,155993.3976710313,63049.39552324193,-25.45328699389587,-59.88252140507227,26.86282624166117,-12.72664349694793,-12.72664349694793,-54.26039658339575,-63.81880333688171,23.35876383928222,32.93274439683289,0,0,0,368,1,1,1,1,1,1,1,1,1,1,0.5,0.5,0.4118136038073375,0.5881863961926626,0.6340015126085223,0.3659984873914776,0.6030999316368191,0.4588059087838831,0.5411940912161171,0.3724726172990518,0.6275273827009482,0.5949029042945627,0.4050970957054373,0.6118635971252712,0.3881364028747289,0.3969000683631809,100,-12184.17631903778,101325,-25.45328699389587,368,0.5,0.5,0.4118136038073375,0.5881863961926626,0.6340015126085223,0.3659984873914776,0.3969000683631809,100,-12184.17631903778,101325,-25.45328699389587,368,0.5,0.5,0.4118136038073375,0.5881863961926626,0.6340015126085223,0.3659984873914776,0.3969000683631809
0.906,146.1957090661339,167.8855917603916,113.2373706509648,73.09785453306694,73.09785453306694,153.1397420816477,178.2097705185411,103.8552737738388,129.4895241883515,0,0,0,100,60.30999316368191,39.69000683631809,50,50,24.83647563033173,35.47351753335018,25.16352436966826,14.52648246664983,8512.75,5208.641836428152,3304.108163571849,3905.7,4607.05,1940.076457387733,3268.565379040419,1965.623542612267,1338.484620959582,-12184.17631903778,-24894.87014131815,7130.052088348826,-6092.088159518888,-6092.088159518888,-23363.60035599317,-25966.9754004296,6520.46119735415,8186.016963279074,0,0,0,1.539535136156243,0.6222491539426789,85.1275,86.36449057939448,83.24786078264026,101325,109521.3965971366,89802.44714147809,155993.3976710313,63049.39552324193,-25.45328699389587,-59.88252140507227,26.86282624166117,-12.72664349694793,-12.72664349694793,-54.26039658339575,-63.81880333688171,23.35876383928222,32.93274439683289,0,0,0,368,1,1,1,1,1,1,1,1,1,1,0.5,0.5,0.4118136038073375,0.5881863961926626,0.6340015126085223,0.3659984873914776,0.6030999316368191,0.4588059087838831,0.5411940912161171,0.3724726172990518,0.6275273827009482,0.5949029042945627,0.4050970957054373,0.6118635971252712,0.3881364028747289,0.3969000683631809,100,-12184.17631903778,101325,-25.45328699389587,368,0.5,0.5,0.4118136038073375,0.5881863961926626,0.6340015126085223,0.3659984873914776,0.3969000683631809,100,-12184.17631903778,101325,-25.45328699389587,368,0.5,0.5,0.4118136038073375,0.5881863961926626,0.6340015126085223,0.3659984873914776,0.3969000683631809
0.908,146.1957090661339,167.8855917603916,113.2373706509648,73.09785453306694,73.09785453306694,153.1397420816477,178.2097705185411,103.8552737738388,129.4895241883515,0,0,0,100,60.30999316368191,39.69000683631809,50,50,24.83647563033173,35.47351753335018,25.16352436966826,14.52648246664983,8512.75,5208.641836428152,3304.108163571849,3905.7,4607.05,1940.076457387733,3268.565379040419,1965.623542612267,1338.484620959582,-12184.17631903778,-24894.87014131815,7130.052088348826,-6092.088159518888,-6092.088159518888,-23363.60035599317,-25966.9754004296,6520.46119735415,8186.016963279074,0,0,0,1.539535136156243,0.6222491539426789,85.1275,86.36449057939448,83.24786078264026,101325,109521.3965971366,89802.44714147809,155993.3976710313,63049.39552324193,-25.45328699389587,-59.88252140507227,26.86282624166117,-12.72664349694793,-12.72664349694793,-54.26039658339575,-63.81880333688171,23.35876383928222,32.93274439683289,0,0,0,368,1,1,1,1,1,1,1,1,1,1,0.5,0.5,0.4118136038073375,0.5881863961926626,0.6340015126085223,0.3659984873914776,0.6030999316368191,0.4588059087838831,0.5411940912161171,0.3724726172990518,0.6275273827009482,0.5949029042945627,0.4050970957054373,0.6118635971252712,0.3881364028747289,0.3969000683631809,100,-12184.17631903778,101325,-25.45328699389587,368,0.5,0.5,0.4118136038073375,0.5881863961926626,0.6340015126085223,0.3659984873914776,0.3969000683631809,100,-12184.17631903778,101325,-25.45328699389587,368,0.5,0.5,0.4118136038073375,0.5881863961926626,0.6340015126085223,0.3659984873914776,0.3969000683631809
0.91,146.1957090661339,167.8855917603916,113.2373706509648,73.09785453306694,73.09785453306694,153.1397420816477,178.2097705185411,103.8552737738388,129.4895241883515,0,0,0,100,60.30999316368191,39.69000683631809,50,50,24.83647563033173,35.47351753335018,25.16352436966826,14.52648246664983,8512.75,5208.641836428152,3304.108163571849,3905.7,4607.05,1940.076457387733,3268.565379040419,1965.623542612267,1338.484620959582,-12184.17631903778,-24894.87014131815,7130.052088348826,-6092.088159518888,-6092.088159518888,-23363.60035599317,-25966.9754004296,6520.46119735415,8186.016963279074,0,0,0,1.539535136156243,0.6222491539426789,85.1275,86.36449057939448,83.24786078264026,101325,109521.3965971366,89802.44714147809,155993.3976710313,63049.39552324193,-25.45328699389587,-59.88252140507227,26.86282624166117,-12.72664349694793,-12.72664349694793,-54.26039658339575,-63.81880333688171,23.35876383928222,32.93274439683289,0,0,0,368,1,1,1,1,1,1,1,1,1,1,0.5,0.5,0.4118136038073375,0.5881863961926626,0.6340015126085223,0.3659984873914776,0.6030999316368191,0.4588059087838831,0.5411940912161171,0.3724726172990518,0.6275273827009482,0.5949029042945627,0.4050970957054373,0.6118635971252712,0.3881364028747289,0.3969000683631809,100,-12184.17631903778,101325,-25.45328699389587,368,0.5,0.5,0.4118136038073375,0.5881863961926626,0.6340015126085223,0.3659984873914776,0.3969000683631809,100,-12184.17631903778,101325,-25.45328699389587,368,0.5,0.5,0.4118136038073375,0.5881863961926626,0.6340015126085223,0.3659984873914776,0.3969000683631809
0.912,146.1957090661339,167.8855917603916,113.2373706509648,73.09785453306694,73.09785453306694,153.1397420816477,178.2097705185411,103.8552737738388,129.4895241883515,0,0,0,100,60.30999316368191,39.69000683631809,50,50,24.83647563033173,35.47351753335018,25.16352436966826,14.52648246664983,8512.75,5208.641836428152,3304.108163571849,3905.7,4607.05,1940.076457387733,3268.565379040419,1965.623542612267,1338.484620959582,-12184.17631903778,-24894.87014131815,7130.052088348826,-6092.088159518888,-6092.088159518888,-23363.60035599317,-25966.9754004296,6520.46119735415,8186.016963279074,0,0,0,1.539535136156243,0.6222491539426789,85.1275,86.36449057939448,83.24786078264026,101325,109521.3965971366,89802.44714147809,155993.3976710313,63049.39552324193,-25.45328699389587,-59.88252140507227,26.86282624166117,-12.72664349694793,-12.72664349694793,-54.26039658339575,-63.81880333688171,23.35876383928222,32.93274439683289,0,0,0,368,1,1,1,1,1,1,1,1,1,1,0.5,0.5,0.4118136038073375,0.5881863961926626,0.6340015126085223,0.3659984873914776,0.6030999316368191,0.4588059087838831,0.5411940912161171,0.3724726172990518,0.6275273827009482,0.5949029042945627,0.4050970957054373,0.6118635971252712,0.3881364028747289,0.3969000683631809,100,-12184.17631903778,101325,-25.45328699389587,368,0.5,0.5,0.4118136038073375,0.5881863961926626,0.6340015126085223,0.3659984873914776,0.3969000683631809,100,-12184.17631903778,101325,-25.45328699389587,368,0.5,0.5,0.4118136038073375,0.5881863961926626,0.6340015126085223,0.3659984873914776,0.3969000683631809
0.914,146.1957090661339,167.8855917603916,113.2373706509648,73.09785453306694,73.09785453306694,153.1397420816477,178.2097705185411,103.8552737738388,129.4895241883515,0,0,0,100,60.30999316368191,39.69000683631809,50,50,24.83647563033173,35.47351753335018,25.16352436966826,14.52648246664983,8512.75,5208.641836428152,3304.108163571849,3905.7,4607.05,1940.076457387733,3268.565379040419,1965.623542612267,1338.484620959582,-12184.17631903778,-24894.87014131815,7130.052088348826,-6092.088159518888,-6092.088159518888,-23363.60035599317,-25966.9754004296,6520.46119735415,8186.016963279074,0,0,0,1.539535136156243,0.6222491539426789,85.1275,86.36449057939448,83.24786078264026,101325,109521.3965971366,89802.44714147809,155993.3976710313,63049.39552324193,-25.45328699389587,-59.88252140507227,26.86282624166117,-12.72664349694793,-12.72664349694793,-54.26039658339575,-63.81880333688171,23.35876383928222,32.93274439683289,0,0,0,368,1,1,1,1,1,1,1,1,1,1,0.5,0.5,0.4118136038073375,0.5881863961926626,0.6340015126085223,0.3659984873914776,0.6030999316368191,0.4588059087838831,0.5411940912161171,0.3724726172990518,0.6275273827009482,0.5949029042945627,0.4050970957054373,0.6118635971252712,0.3881364028747289,0.3969000683631809,100,-12184.17631903778,101325,-25.45328699389587,368,0.5,0.5,0.4118136038073375,0.5881863961926626,0.6340015126085223,0.3659984873914776,0.3969000683631809,100,-12184.17631903778,101325,-25.45328699389587,368,0.5,0.5,0.4118136038073375,0.5881863961926626,0.6340015126085223,0.3659984873914776,0.3969000683631809
0.916,146.1957090661339,167.8855917603916,113.2373706509648,73.09785453306694,73.09785453306694,153.1397420816477,178.2097705185411,103.8552737738388,129.4895241883515,0,0,0,100,60.30999316368191,39.69000683631809,50,50,24.83647563033173,35.47351753335018,25.16352436966826,14.52648246664983,8512.75,5208.641836428152,3304.108163571849,3905.7,4607.05,1940.076457387733,3268.565379040419,1965.623542612267,1338.484620959582,-12184.17631903778,-24894.87014131815,7130.052088348826,-6092.088159518888,-6092.088159518888,-23363.60035599317,-25966.9754004296,6520.46119735415,8186.016963279074,0,0,0,1.539535136156243,0.6222491539426789,85.1275,86.36449057939448,83.24786078264026,101325,109521.3965971366,89802.44714147809,155993.3976710313,63049.39552324193,-25.45328699389587,-59.88252140507227,26.86282624166117,-12.72664349694793,-12.72664349694793,-54.26039658339575,-63.81880333688171,23.35876383928222,32.93274439683289,0,0,0,368,1,1,1,1,1,1,1,1,1,1,0.5,0.5,0.4118136038073375,0.5881863961926626,0.6340015126085223,0.3659984873914776,0.6030999316368191,0.4588059087838831,0.5411940912161171,0.3724726172990518,0.6275273827009482,0.5949029042945627,0.4050970957054373,0.6118635971252712,0.3881364028747289,0.3969000683631809,100,-12184.17631903778,101325,-25.45328699389587,368,0.5,0.5,0.4118136038073375,0.5881863961926626,0.6340015126085223,0.3659984873914776,0.3969000683631809,100,-12184.17631903778,101325,-25.45328699389587,368,0.5,0.5,0.4118136038073375,0.5881863961926626,0.6340015126085223,0.3659984873914776,0.3969000683631809
0.918,146.1957090661339,167.8855917603916,113.2373706509648,73.09785453306694,73.09785453306694,153.1397420816477,178.2097705185411,103.8552737738388,129.4895241883515,0,0,0,100,60.30999316368191,39.69000683631809,50,50,24.83647563033173,35.47351753335018,25.16352436966826,14.52648246664983,8512.75,5208.641836428152,3304.108163571849,3905.7,4607.05,1940.076457387733,3268.565379040419,1965.623542612267,1338.484620959582,-12184.17631903778,-24894.87014131815,7130.052088348826,-6092.088159518888,-6092.088159518888,-23363.60035599317,-25966.9754004296,6520.46119735415,8186.016963279074,0,0,0,1.539535136156243,0.6222491539426789,85.1275,86.36449057939448,83.24786078264026,101325,109521.3965971366,89802.44714147809,155993.3976710313,63049.39552324193,-25.45328699389587,-59.88252140507227,26.86282624166117,-12.72664349694793,-12.72664349694793,-54.26039658339575,-63.81880333688171,23.35876383928222,32.93274439683289,0,0,0,368,1,1,1,1,1,1,1,1,1,1,0.5,0.5,0.4118136038073375,0.5881863961926626,0.6340015126085223,0.3659984873914776,0.6030999316368191,0.4588059087838831,0.5411940912161171,0.3724726172990518,0.6275273827009482,0.5949029042945627,0.4050970957054373,0.6118635971252712,0.3881364028747289,0.3969000683631809,100,-12184.17631903778,101325,-25.45328699389587,368,0.5,0.5,0.4118136038073375,0.5881863961926626,0.6340015126085223,0.3659984873914776,0.3969000683631809,100,-12184.17631903778,101325,-25.45328699389587,368,0.5,0.5,0.4118136038073375,0.5881863961926626,0.6340015126085223,0.3659984873914776,0.3969000683631809
0.92,146.1957090661339,167.8855917603916,113.2373706509648,73.09785453306694,73.09785453306694,153.1397420816477,178.2097705185411,103.8552737738388,129.4895241883515,0,0,0,100,60.30999316368191,39.69000683631809,50,50,24.83647563033173,35.47351753335018,25.16352436966826,14.52648246664983,8512.75,5208.641836428152,3304.108163571849,3905.7,4607.05,1940.076457387733,3268.565379040419,1965.623542612267,1338.484620959582,-12184.17631903778,-24894.87014131815,7130.052088348826,-6092.088159518888,-6092.088159518888,-23363.60035599317,-25966.9754004296,6520.46119735415,8186.016963279074,0,0,0,1.539535136156243,0.6222491539426789,85.1275,86.36449057939448,83.24786078264026,101325,109521.3965971366,89802.44714147809,155993.3976710313,63049.39552324193,-25.45328699389587,-59.88252140507227,26.86282624166117,-12.72664349694793,-12.72664349694793,-54.26039658339575,-63.81880333688171,23.35876383928222,32.93274439683289,0,0,0,368,1,1,1,1,1,1,1,1,1,1,0.5,0.5,0.4118136038073375,0.5881863961926626,0.6340015126085223,0.3659984873914776,0.6030999316368191,0.4588059087838831,0.5411940912161171,0.3724726172990518,0.6275273827009482,0.5949029042945627,0.4050970957054373,0.6118635971252712,0.3881364028747289,0.3969000683631809,100,-12184.17631903778,101325,-25.45328699389587,368,0.5,0.5,0.4118136038073375,0.5881863961926626,0.6340015126085223,0.3659984873914776,0.3969000683631809,100,-12184.17631903778,101325,-25.45328699389587,368,0.5,0.5,0.4118136038073375,0.5881863961926626,0.6340015126085223,0.3659984873914776,0.3969000683631809
0.922,146.1957090661339,167.8855917603916,113.2373706509648,73.09785453306694,73.09785453306694,153.1397420816477,178.2097705185411,103.8552737738388,129.4895241883515,0,0,0,100,60.30999316368191,39.69000683631809,50,50,24.83647563033173,35.47351753335018,25.16352436966826,14.52648246664983,8512.75,5208.641836428152,3304.108163571849,3905.7,4607.05,1940.076457387733,3268.565379040419,1965.623542612267,1338.484620959582,-12184.17631903778,-24894.87014131815,7130.052088348826,-6092.088159518888,-6092.088159518888,-23363.60035599317,-25966.9754004296,6520.46119735415,8186.016963279074,0,0,0,1.539535136156243,0.6222491539426789,85.1275,86.36449057939448,83.24786078264026,101325,109521.3965971366,89802.44714147809,155993.3976710313,63049.39552324193,-25.45328699389587,-59.88252140507227,26.86282624166117,-12.72664349694793,-12.72664349694793,-54.26039658339575,-63.81880333688171,23.35876383928222,32.93274439683289,0,0,0,368,1,1,1,1,1,1,1,1,1,1,0.5,0.5,0.4118136038073375,0.5881863961926626,0.6340015126085223,0.3659984873914776,0.6030999316368191,0.4588059087838831,0.5411940912161171,0.3724726172990518,0.6275273827009482,0.5949029042945627,0.4050970957054373,0.6118635971252712,0.3881364028747289,0.3969000683631809,100,-12184.17631903778,101325,-25.45328699389587,368,0.5,0.5,0.4118136038073375,0.5881863961926626,0.6340015126085223,0.3659984873914776,0.3969000683631809,100,-12184.17631903778,101325,-25.45328699389587,368,0.5,0.5,0.4118136038073375,0.5881863961926626,0.6340015126085223,0.3659984873914776,0.3969000683631809
0.924,146.1957090661339,167.8855917603916,113.2373706509648,73.09785453306694,73.09785453306694,153.1397420816477,178.2097705185411,103.8552737738388,129.4895241883515,0,0,0,100,60.30999316368191,39.69000683631809,50,50,24.83647563033173,35.47351753335018,25.16352436966826,14.52648246664983,8512.75,5208.641836428152,3304.108163571849,3905.7,4607.05,1940.076457387733,3268.565379040419,1965.623542612267,1338.484620959582,-12184.17631903778,-24894.87014131815,7130.052088348826,-6092.088159518888,-6092.088159518888,-23363.60035599317,-25966.9754004296,6520.46119735415,8186.016963279074,0,0,0,1.539535136156243,0.6222491539426789,85.1275,86.36449057939448,83.24786078264026,101325,109521.3965971366,89802.44714147809,155993.3976710313,63049.39552324193,-25.45328699389587,-59.88252140507227,26.86282624166117,-12.72664349694793,-12.72664349694793,-54.26039658339575,-63.81880333688171,23.35876383928222,32.93274439683289,0,0,0,368,1,1,1,1,1,1,1,1,1,1,0.5,0.5,0.4118136038073375,0.5881863961926626,0.6340015126085223,0.3659984873914776,0.6030999316368191,0.4588059087838831,0.5411940912161171,0.3724726172990518,0.6275273827009482,0.5949029042945627,0.4050970957054373,0.6118635971252712,0.3881364028747289,0.3969000683631809,100,-12184.17631903778,101325,-25.45328699389587,368,0.5,0.5,0.4118136038073375,0.5881863961926626,0.6340015126085223,0.3659984873914776,0.3969000683631809,100,-12184.17631903778,101325,-25.45328699389587,368,0.5,0.5,0.4118136038073375,0.5881863961926626,0.6340015126085223,0.3659984873914776,0.3969000683631809
0.926,146.1957090661339,167.8855917603916,113.2373706509648,73.09785453306694,73.09785453306694,153.1397420816477,178.2097705185411,103.8552737738388,129.4895241883515,0,0,0,100,60.30999316368191,39.69000683631809,50,50,24.83647563033173,35.47351753335018,25.16352436966826,14.52648246664983,8512.75,5208.641836428152,3304.108163571849,3905.7,4607.05,1940.076457387733,3268.565379040419,1965.623542612267,1338.484620959582,-12184.17631903778,-24894.87014131815,7130.052088348826,-6092.088159518888,-6092.088159518888,-23363.60035599317,-25966.9754004296,6520.46119735415,8186.016963279074,0,0,0,1.539535136156243,0.6222491539426789,85.1275,86.36449057939448,83.24786078264026,101325,109521.3965971366,89802.44714147809,155993.3976710313,63049.39552324193,-25.45328699389587,-59.88252140507227,26.86282624166117,-12.72664349694793,-12.72664349694793,-54.26039658339575,-63.81880333688171,23.35876383928222,32.93274439683289,0,0,0,368,1,1,1,1,1,1,1,1,1,1,0.5,0.5,0.4118136038073375,0.5881863961926626,0.6340015126085223,0.3659984873914776,0.6030999316368191,0.4588059087838831,0.5411940912161171,0.3724726172990518,0.6275273827009482,0.5949029042945627,0.4050970957054373,0.6118635971252712,0.3881364028747289,0.3969000683631809,100,-12184.17631903778,101325,-25.45328699389587,368,0.5,0.5,0.4118136038073375,0.5881863961926626,0.6340015126085223,0.3659984873914776,0.3969000683631809,100,-12184.17631903778,101325,-25.45328699389587,368,0.5,0.5,0.4118136038073375,0.5881863961926626,0.6340015126085223,0.3659984873914776,0.3969000683631809
0.928,146.1957090661339,167.8855917603916,113.2373706509648,73.09785453306694,73.09785453306694,153.1397420816477,178.2097705185411,103.8552737738388,129.4895241883515,0,0,0,100,60.30999316368191,39.69000683631809,50,50,24.83647563033173,35.47351753335018,25.16352436966826,14.52648246664983,8512.75,5208.641836428152,3304.108163571849,3905.7,4607.05,1940.076457387733,3268.565379040419,1965.623542612267,1338.484620959582,-12184.17631903778,-24894.87014131815,7130.052088348826,-6092.088159518888,-6092.088159518888,-23363.60035599317,-25966.9754004296,6520.46119735415,8186.016963279074,0,0,0,1.539535136156243,0.6222491539426789,85.1275,86.36449057939448,83.24786078264026,101325,109521.3965971366,89802.44714147809,155993.3976710313,63049.39552324193,-25.45328699389587,-59.88252140507227,26.86282624166117,-12.72664349694793,-12.72664349694793,-54.26039658339575,-63.81880333688171,23.35876383928222,32.93274439683289,0,0,0,368,1,1,1,1,1,1,1,1,1,1,0.5,0.5,0.4118136038073375,0.5881863961926626,0.6340015126085223,0.3659984873914776,0.6030999316368191,0.4588059087838831,0.5411940912161171,0.3724726172990518,0.6275273827009482,0.5949029042945627,0.4050970957054373,0.6118635971252712,0.3881364028747289,0.3969000683631809,100,-12184.17631903778,101325,-25.45328699389587,368,0.5,0.5,0.4118136038073375,0.5881863961926626,0.6340015126085223,0.3659984873914776,0.3969000683631809,100,-12184.17631903778,101325,-25.45328699389587,368,0.5,0.5,0.4118136038073375,0.5881863961926626,0.6340015126085223,0.3659984873914776,0.3969000683631809
0.93,146.1957090661339,167.8855917603916,113.2373706509648,73.09785453306694,73.09785453306694,153.1397420816477,178.2097705185411,103.8552737738388,129.4895241883515,0,0,0,100,60.30999316368191,39.69000683631809,50,50,24.83647563033173,35.47351753335018,25.16352436966826,14.52648246664983,8512.75,5208.641836428152,3304.108163571849,3905.7,4607.05,1940.076457387733,3268.565379040419,1965.623542612267,1338.484620959582,-12184.17631903778,-24894.87014131815,7130.052088348826,-6092.088159518888,-6092.088159518888,-23363.60035599317,-25966.9754004296,6520.46119735415,8186.016963279074,0,0,0,1.539535136156243,0.6222491539426789,85.1275,86.36449057939448,83.24786078264026,101325,109521.3965971366,89802.44714147809,155993.3976710313,63049.39552324193,-25.45328699389587,-59.88252140507227,26.86282624166117,-12.72664349694793,-12.72664349694793,-54.26039658339575,-63.81880333688171,23.35876383928222,32.93274439683289,0,0,0,368,1,1,1,1,1,1,1,1,1,1,0.5,0.5,0.4118136038073375,0.5881863961926626,0.6340015126085223,0.3659984873914776,0.6030999316368191,0.4588059087838831,0.5411940912161171,0.3724726172990518,0.6275273827009482,0.5949029042945627,0.4050970957054373,0.6118635971252712,0.3881364028747289,0.3969000683631809,100,-12184.17631903778,101325,-25.45328699389587,368,0.5,0.5,0.4118136038073375,0.5881863961926626,0.6340015126085223,0.3659984873914776,0.3969000683631809,100,-12184.17631903778,101325,-25.45328699389587,368,0.5,0.5,0.4118136038073375,0.5881863961926626,0.6340015126085223,0.3659984873914776,0.3969000683631809
0.9320000000000001,146.1957090661339,167.8855917603916,113.2373706509648,73.09785453306694,73.09785453306694,153.1397420816477,178.2097705185411,103.8552737738388,129.4895241883515,0,0,0,100,60.30999316368191,39.69000683631809,50,50,24.83647563033173,35.47351753335018,25.16352436966826,14.52648246664983,8512.75,5208.641836428152,3304.108163571849,3905.7,4607.05,1940.076457387733,3268.565379040419,1965.623542612267,1338.484620959582,-12184.17631903778,-24894.87014131815,7130.052088348826,-6092.088159518888,-6092.088159518888,-23363.60035599317,-25966.9754004296,6520.46119735415,8186.016963279074,0,0,0,1.539535136156243,0.6222491539426789,85.1275,86.36449057939448,83.24786078264026,101325,109521.3965971366,89802.44714147809,155993.3976710313,63049.39552324193,-25.45328699389587,-59.88252140507227,26.86282624166117,-12.72664349694793,-12.72664349694793,-54.26039658339575,-63.81880333688171,23.35876383928222,32.93274439683289,0,0,0,368,1,1,1,1,1,1,1,1,1,1,0.5,0.5,0.4118136038073375,0.5881863961926626,0.6340015126085223,0.3659984873914776,0.6030999316368191,0.4588059087838831,0.5411940912161171,0.3724726172990518,0.6275273827009482,0.5949029042945627,0.4050970957054373,0.6118635971252712,0.3881364028747289,0.3969000683631809,100,-12184.17631903778,101325,-25.45328699389587,368,0.5,0.5,0.4118136038073375,0.5881863961926626,0.6340015126085223,0.3659984873914776,0.3969000683631809,100,-12184.17631903778,101325,-25.45328699389587,368,0.5,0.5,0.4118136038073375,0.5881863961926626,0.6340015126085223,0.3659984873914776,0.3969000683631809
0.9340000000000001,146.1957090661339,167.8855917603916,113.2373706509648,73.09785453306694,73.09785453306694,153.1397420816477,178.2097705185411,103.8552737738388,129.4895241883515,0,0,0,100,60.30999316368191,39.69000683631809,50,50,24.83647563033173,35.47351753335018,25.16352436966826,14.52648246664983,8512.75,5208.641836428152,3304.108163571849,3905.7,4607.05,1940.076457387733,3268.565379040419,1965.623542612267,1338.484620959582,-12184.17631903778,-24894.87014131815,7130.052088348826,-6092.088159518888,-6092.088159518888,-23363.60035599317,-25966.9754004296,6520.46119735415,8186.016963279074,0,0,0,1.539535136156243,0.6222491539426789,85.1275,86.36449057939448,83.24786078264026,101325,109521.3965971366,89802.44714147809,155993.3976710313,63049.39552324193,-25.45328699389587,-59.88252140507227,26.86282624166117,-12.72664349694793,-12.72664349694793,-54.26039658339575,-63.81880333688171,23.35876383928222,32.93274439683289,0,0,0,368,1,1,1,1,1,1,1,1,1,1,0.5,0.5,0.4118136038073375,0.5881863961926626,0.6340015126085223,0.3659984873914776,0.6030999316368191,0.4588059087838831,0.5411940912161171,0.3724726172990518,0.6275273827009482,0.5949029042945627,0.4050970957054373,0.6118635971252712,0.3881364028747289,0.3969000683631809,100,-12184.17631903778,101325,-25.45328699389587,368,0.5,0.5,0.4118136038073375,0.5881863961926626,0.6340015126085223,0.3659984873914776,0.3969000683631809,100,-12184.17631903778,101325,-25.45328699389587,368,0.5,0.5,0.4118136038073375,0.5881863961926626,0.6340015126085223,0.3659984873914776,0.3969000683631809
0.9360000000000001,146.1957090661339,167.8855917603916,113.2373706509648,73.09785453306694,73.09785453306694,153.1397420816477,178.2097705185411,103.8552737738388,129.4895241883515,0,0,0,100,60.30999316368191,39.69000683631809,50,50,24.83647563033173,35.47351753335018,25.16352436966826,14.52648246664983,8512.75,5208.641836428152,3304.108163571849,3905.7,4607.05,1940.076457387733,3268.565379040419,1965.623542612267,1338.484620959582,-12184.17631903778,-24894.87014131815,7130.052088348826,-6092.088159518888,-6092.088159518888,-23363.60035599317,-25966.9754004296,6520.46119735415,8186.016963279074,0,0,0,1.539535136156243,0.6222491539426789,85.1275,86.36449057939448,83.24786078264026,101325,109521.3965971366,89802.44714147809,155993.3976710313,63049.39552324193,-25.45328699389587,-59.88252140507227,26.86282624166117,-12.72664349694793,-12.72664349694793,-54.26039658339575,-63.81880333688171,23.35876383928222,32.93274439683289,0,0,0,368,1,1,1,1,1,1,1,1,1,1,0.5,0.5,0.4118136038073375,0.5881863961926626,0.6340015126085223,0.3659984873914776,0.6030999316368191,0.4588059087838831,0.5411940912161171,0.3724726172990518,0.6275273827009482,0.5949029042945627,0.4050970957054373,0.6118635971252712,0.3881364028747289,0.3969000683631809,100,-12184.17631903778,101325,-25.45328699389587,368,0.5,0.5,0.4118136038073375,0.5881863961926626,0.6340015126085223,0.3659984873914776,0.3969000683631809,100,-12184.17631903778,101325,-25.45328699389587,368,0.5,0.5,0.4118136038073375,0.5881863961926626,0.6340015126085223,0.3659984873914776,0.3969000683631809
0.9379999999999999,146.1957090661339,167.8855917603916,113.2373706509648,73.09785453306694,73.09785453306694,153.1397420816477,178.2097705185411,103.8552737738388,129.4895241883515,0,0,0,100,60.30999316368191,39.69000683631809,50,50,24.83647563033173,35.47351753335018,25.16352436966826,14.52648246664983,8512.75,5208.641836428152,3304.108163571849,3905.7,4607.05,1940.076457387733,3268.565379040419,1965.623542612267,1338.484620959582,-12184.17631903778,-24894.87014131815,7130.052088348826,-6092.088159518888,-6092.088159518888,-23363.60035599317,-25966.9754004296,6520.46119735415,8186.016963279074,0,0,0,1.539535136156243,0.6222491539426789,85.1275,86.36449057939448,83.24786078264026,101325,109521.3965971366,89802.44714147809,155993.3976710313,63049.39552324193,-25.45328699389587,-59.88252140507227,26.86282624166117,-12.72664349694793,-12.72664349694793,-54.26039658339575,-63.81880333688171,23.35876383928222,32.93274439683289,0,0,0,368,1,1,1,1,1,1,1,1,1,1,0.5,0.5,0.4118136038073375,0.5881863961926626,0.6340015126085223,0.3659984873914776,0.6030999316368191,0.4588059087838831,0.5411940912161171,0.3724726172990518,0.6275273827009482,0.5949029042945627,0.4050970957054373,0.6118635971252712,0.3881364028747289,0.3969000683631809,100,-12184.17631903778,101325,-25.45328699389587,368,0.5,0.5,0.4118136038073375,0.5881863961926626,0.6340015126085223,0.3659984873914776,0.3969000683631809,100,-12184.17631903778,101325,-25.45328699389587,368,0.5,0.5,0.4118136038073375,0.5881863961926626,0.6340015126085223,0.3659984873914776,0.3969000683631809
0.9399999999999999,146.1957090661339,167.8855917603916,113.2373706509648,73.09785453306694,73.09785453306694,153.1397420816477,178.2097705185411,103.8552737738388,129.4895241883515,0,0,0,100,60.30999316368191,39.69000683631809,50,50,24.83647563033173,35.47351753335018,25.16352436966826,14.52648246664983,8512.75,5208.641836428152,3304.108163571849,3905.7,4607.05,1940.076457387733,3268.565379040419,1965.623542612267,1338.484620959582,-12184.17631903778,-24894.87014131815,7130.052088348826,-6092.088159518888,-6092.088159518888,-23363.60035599317,-25966.9754004296,6520.46119735415,8186.016963279074,0,0,0,1.539535136156243,0.6222491539426789,85.1275,86.36449057939448,83.24786078264026,101325,109521.3965971366,89802.44714147809,155993.3976710313,63049.39552324193,-25.45328699389587,-59.88252140507227,26.86282624166117,-12.72664349694793,-12.72664349694793,-54.26039658339575,-63.81880333688171,23.35876383928222,32.93274439683289,0,0,0,368,1,1,1,1,1,1,1,1,1,1,0.5,0.5,0.4118136038073375,0.5881863961926626,0.6340015126085223,0.3659984873914776,0.6030999316368191,0.4588059087838831,0.5411940912161171,0.3724726172990518,0.6275273827009482,0.5949029042945627,0.4050970957054373,0.6118635971252712,0.3881364028747289,0.3969000683631809,100,-12184.17631903778,101325,-25.45328699389587,368,0.5,0.5,0.4118136038073375,0.5881863961926626,0.6340015126085223,0.3659984873914776,0.3969000683631809,100,-12184.17631903778,101325,-25.45328699389587,368,0.5,0.5,0.4118136038073375,0.5881863961926626,0.6340015126085223,0.3659984873914776,0.3969000683631809
0.9419999999999999,146.1957090661339,167.8855917603916,113.2373706509648,73.09785453306694,73.09785453306694,153.1397420816477,178.2097705185411,103.8552737738388,129.4895241883515,0,0,0,100,60.30999316368191,39.69000683631809,50,50,24.83647563033173,35.47351753335018,25.16352436966826,14.52648246664983,8512.75,5208.641836428152,3304.108163571849,3905.7,4607.05,1940.076457387733,3268.565379040419,1965.623542612267,1338.484620959582,-12184.17631903778,-24894.87014131815,7130.052088348826,-6092.088159518888,-6092.088159518888,-23363.60035599317,-25966.9754004296,6520.46119735415,8186.016963279074,0,0,0,1.539535136156243,0.6222491539426789,85.1275,86.36449057939448,83.24786078264026,101325,109521.3965971366,89802.44714147809,155993.3976710313,63049.39552324193,-25.45328699389587,-59.88252140507227,26.86282624166117,-12.72664349694793,-12.72664349694793,-54.26039658339575,-63.81880333688171,23.35876383928222,32.93274439683289,0,0,0,368,1,1,1,1,1,1,1,1,1,1,0.5,0.5,0.4118136038073375,0.5881863961926626,0.6340015126085223,0.3659984873914776,0.6030999316368191,0.4588059087838831,0.5411940912161171,0.3724726172990518,0.6275273827009482,0.5949029042945627,0.4050970957054373,0.6118635971252712,0.3881364028747289,0.3969000683631809,100,-12184.17631903778,101325,-25.45328699389587,368,0.5,0.5,0.4118136038073375,0.5881863961926626,0.6340015126085223,0.3659984873914776,0.3969000683631809,100,-12184.17631903778,101325,-25.45328699389587,368,0.5,0.5,0.4118136038073375,0.5881863961926626,0.6340015126085223,0.3659984873914776,0.3969000683631809
0.944,146.1957090661339,167.8855917603916,113.2373706509648,73.09785453306694,73.09785453306694,153.1397420816477,178.2097705185411,103.8552737738388,129.4895241883515,0,0,0,100,60.30999316368191,39.69000683631809,50,50,24.83647563033173,35.47351753335018,25.16352436966826,14.52648246664983,8512.75,5208.641836428152,3304.108163571849,3905.7,4607.05,1940.076457387733,3268.565379040419,1965.623542612267,1338.484620959582,-12184.17631903778,-24894.87014131815,7130.052088348826,-6092.088159518888,-6092.088159518888,-23363.60035599317,-25966.9754004296,6520.46119735415,8186.016963279074,0,0,0,1.539535136156243,0.6222491539426789,85.1275,86.36449057939448,83.24786078264026,101325,109521.3965971366,89802.44714147809,155993.3976710313,63049.39552324193,-25.45328699389587,-59.88252140507227,26.86282624166117,-12.72664349694793,-12.72664349694793,-54.26039658339575,-63.81880333688171,23.35876383928222,32.93274439683289,0,0,0,368,1,1,1,1,1,1,1,1,1,1,0.5,0.5,0.4118136038073375,0.5881863961926626,0.6340015126085223,0.3659984873914776,0.6030999316368191,0.4588059087838831,0.5411940912161171,0.3724726172990518,0.6275273827009482,0.5949029042945627,0.4050970957054373,0.6118635971252712,0.3881364028747289,0.3969000683631809,100,-12184.17631903778,101325,-25.45328699389587,368,0.5,0.5,0.4118136038073375,0.5881863961926626,0.6340015126085223,0.3659984873914776,0.3969000683631809,100,-12184.17631903778,101325,-25.45328699389587,368,0.5,0.5,0.4118136038073375,0.5881863961926626,0.6340015126085223,0.3659984873914776,0.3969000683631809
0.946,146.1957090661339,167.8855917603916,113.2373706509648,73.09785453306694,73.09785453306694,153.1397420816477,178.2097705185411,103.8552737738388,129.4895241883515,0,0,0,100,60.30999316368191,39.69000683631809,50,50,24.83647563033173,35.47351753335018,25.16352436966826,14.52648246664983,8512.75,5208.641836428152,3304.108163571849,3905.7,4607.05,1940.076457387733,3268.565379040419,1965.623542612267,1338.484620959582,-12184.17631903778,-24894.87014131815,7130.052088348826,-6092.088159518888,-6092.088159518888,-23363.60035599317,-25966.9754004296,6520.46119735415,8186.016963279074,0,0,0,1.539535136156243,0.6222491539426789,85.1275,86.36449057939448,83.24786078264026,101325,109521.3965971366,89802.44714147809,155993.3976710313,63049.39552324193,-25.45328699389587,-59.88252140507227,26.86282624166117,-12.72664349694793,-12.72664349694793,-54.26039658339575,-63.81880333688171,23.35876383928222,32.93274439683289,0,0,0,368,1,1,1,1,1,1,1,1,1,1,0.5,0.5,0.4118136038073375,0.5881863961926626,0.6340015126085223,0.3659984873914776,0.6030999316368191,0.4588059087838831,0.5411940912161171,0.3724726172990518,0.6275273827009482,0.5949029042945627,0.4050970957054373,0.6118635971252712,0.3881364028747289,0.3969000683631809,100,-12184.17631903778,101325,-25.45328699389587,368,0.5,0.5,0.4118136038073375,0.5881863961926626,0.6340015126085223,0.3659984873914776,0.3969000683631809,100,-12184.17631903778,101325,-25.45328699389587,368,0.5,0.5,0.4118136038073375,0.5881863961926626,0.6340015126085223,0.3659984873914776,0.3969000683631809
0.948,146.1957090661339,167.8855917603916,113.2373706509648,73.09785453306694,73.09785453306694,153.1397420816477,178.2097705185411,103.8552737738388,129.4895241883515,0,0,0,100,60.30999316368191,39.69000683631809,50,50,24.83647563033173,35.47351753335018,25.16352436966826,14.52648246664983,8512.75,5208.641836428152,3304.108163571849,3905.7,4607.05,1940.076457387733,3268.565379040419,1965.623542612267,1338.484620959582,-12184.17631903778,-24894.87014131815,7130.052088348826,-6092.088159518888,-6092.088159518888,-23363.60035599317,-25966.9754004296,6520.46119735415,8186.016963279074,0,0,0,1.539535136156243,0.6222491539426789,85.1275,86.36449057939448,83.24786078264026,101325,109521.3965971366,89802.44714147809,155993.3976710313,63049.39552324193,-25.45328699389587,-59.88252140507227,26.86282624166117,-12.72664349694793,-12.72664349694793,-54.26039658339575,-63.81880333688171,23.35876383928222,32.93274439683289,0,0,0,368,1,1,1,1,1,1,1,1,1,1,0.5,0.5,0.4118136038073375,0.5881863961926626,0.6340015126085223,0.3659984873914776,0.6030999316368191,0.4588059087838831,0.5411940912161171,0.3724726172990518,0.6275273827009482,0.5949029042945627,0.4050970957054373,0.6118635971252712,0.3881364028747289,0.3969000683631809,100,-12184.17631903778,101325,-25.45328699389587,368,0.5,0.5,0.4118136038073375,0.5881863961926626,0.6340015126085223,0.3659984873914776,0.3969000683631809,100,-12184.17631903778,101325,-25.45328699389587,368,0.5,0.5,0.4118136038073375,0.5881863961926626,0.6340015126085223,0.3659984873914776,0.3969000683631809
0.95,146.1957090661339,167.8855917603916,113.2373706509648,73.09785453306694,73.09785453306694,153.1397420816477,178.2097705185411,103.8552737738388,129.4895241883515,0,0,0,100,60.30999316368191,39.69000683631809,50,50,24.83647563033173,35.47351753335018,25.16352436966826,14.52648246664983,8512.75,5208.641836428152,3304.108163571849,3905.7,4607.05,1940.076457387733,3268.565379040419,1965.623542612267,1338.484620959582,-12184.17631903778,-24894.87014131815,7130.052088348826,-6092.088159518888,-6092.088159518888,-23363.60035599317,-25966.9754004296,6520.46119735415,8186.016963279074,0,0,0,1.539535136156243,0.6222491539426789,85.1275,86.36449057939448,83.24786078264026,101325,109521.3965971366,89802.44714147809,155993.3976710313,63049.39552324193,-25.45328699389587,-59.88252140507227,26.86282624166117,-12.72664349694793,-12.72664349694793,-54.26039658339575,-63.81880333688171,23.35876383928222,32.93274439683289,0,0,0,368,1,1,1,1,1,1,1,1,1,1,0.5,0.5,0.4118136038073375,0.5881863961926626,0.6340015126085223,0.3659984873914776,0.6030999316368191,0.4588059087838831,0.5411940912161171,0.3724726172990518,0.6275273827009482,0.5949029042945627,0.4050970957054373,0.6118635971252712,0.3881364028747289,0.3969000683631809,100,-12184.17631903778,101325,-25.45328699389587,368,0.5,0.5,0.4118136038073375,0.5881863961926626,0.6340015126085223,0.3659984873914776,0.3969000683631809,100,-12184.17631903778,101325,-25.45328699389587,368,0.5,0.5,0.4118136038073375,0.5881863961926626,0.6340015126085223,0.3659984873914776,0.3969000683631809
0.952,146.1957090661339,167.8855917603916,113.2373706509648,73.09785453306694,73.09785453306694,153.1397420816477,178.2097705185411,103.8552737738388,129.4895241883515,0,0,0,100,60.30999316368191,39.69000683631809,50,50,24.83647563033173,35.47351753335018,25.16352436966826,14.52648246664983,8512.75,5208.641836428152,3304.108163571849,3905.7,4607.05,1940.076457387733,3268.565379040419,1965.623542612267,1338.484620959582,-12184.17631903778,-24894.87014131815,7130.052088348826,-6092.088159518888,-6092.088159518888,-23363.60035599317,-25966.9754004296,6520.46119735415,8186.016963279074,0,0,0,1.539535136156243,0.6222491539426789,85.1275,86.36449057939448,83.24786078264026,101325,109521.3965971366,89802.44714147809,155993.3976710313,63049.39552324193,-25.45328699389587,-59.88252140507227,26.86282624166117,-12.72664349694793,-12.72664349694793,-54.26039658339575,-63.81880333688171,23.35876383928222,32.93274439683289,0,0,0,368,1,1,1,1,1,1,1,1,1,1,0.5,0.5,0.4118136038073375,0.5881863961926626,0.6340015126085223,0.3659984873914776,0.6030999316368191,0.4588059087838831,0.5411940912161171,0.3724726172990518,0.6275273827009482,0.5949029042945627,0.4050970957054373,0.6118635971252712,0.3881364028747289,0.3969000683631809,100,-12184.17631903778,101325,-25.45328699389587,368,0.5,0.5,0.4118136038073375,0.5881863961926626,0.6340015126085223,0.3659984873914776,0.3969000683631809,100,-12184.17631903778,101325,-25.45328699389587,368,0.5,0.5,0.4118136038073375,0.5881863961926626,0.6340015126085223,0.3659984873914776,0.3969000683631809
0.954,146.1957090661339,167.8855917603916,113.2373706509648,73.09785453306694,73.09785453306694,153.1397420816477,178.2097705185411,103.8552737738388,129.4895241883515,0,0,0,100,60.30999316368191,39.69000683631809,50,50,24.83647563033173,35.47351753335018,25.16352436966826,14.52648246664983,8512.75,5208.641836428152,3304.108163571849,3905.7,4607.05,1940.076457387733,3268.565379040419,1965.623542612267,1338.484620959582,-12184.17631903778,-24894.87014131815,7130.052088348826,-6092.088159518888,-6092.088159518888,-23363.60035599317,-25966.9754004296,6520.46119735415,8186.016963279074,0,0,0,1.539535136156243,0.6222491539426789,85.1275,86.36449057939448,83.24786078264026,101325,109521.3965971366,89802.44714147809,155993.3976710313,63049.39552324193,-25.45328699389587,-59.88252140507227,26.86282624166117,-12.72664349694793,-12.72664349694793,-54.26039658339575,-63.81880333688171,23.35876383928222,32.93274439683289,0,0,0,368,1,1,1,1,1,1,1,1,1,1,0.5,0.5,0.4118136038073375,0.5881863961926626,0.6340015126085223,0.3659984873914776,0.6030999316368191,0.4588059087838831,0.5411940912161171,0.3724726172990518,0.6275273827009482,0.5949029042945627,0.4050970957054373,0.6118635971252712,0.3881364028747289,0.3969000683631809,100,-12184.17631903778,101325,-25.45328699389587,368,0.5,0.5,0.4118136038073375,0.5881863961926626,0.6340015126085223,0.3659984873914776,0.3969000683631809,100,-12184.17631903778,101325,-25.45328699389587,368,0.5,0.5,0.4118136038073375,0.5881863961926626,0.6340015126085223,0.3659984873914776,0.3969000683631809
0.956,146.1957090661339,167.8855917603916,113.2373706509648,73.09785453306694,73.09785453306694,153.1397420816477,178.2097705185411,103.8552737738388,129.4895241883515,0,0,0,100,60.30999316368191,39.69000683631809,50,50,24.83647563033173,35.47351753335018,25.16352436966826,14.52648246664983,8512.75,5208.641836428152,3304.108163571849,3905.7,4607.05,1940.076457387733,3268.565379040419,1965.623542612267,1338.484620959582,-12184.17631903778,-24894.87014131815,7130.052088348826,-6092.088159518888,-6092.088159518888,-23363.60035599317,-25966.9754004296,6520.46119735415,8186.016963279074,0,0,0,1.539535136156243,0.6222491539426789,85.1275,86.36449057939448,83.24786078264026,101325,109521.3965971366,89802.44714147809,155993.3976710313,63049.39552324193,-25.45328699389587,-59.88252140507227,26.86282624166117,-12.72664349694793,-12.72664349694793,-54.26039658339575,-63.81880333688171,23.35876383928222,32.93274439683289,0,0,0,368,1,1,1,1,1,1,1,1,1,1,0.5,0.5,0.4118136038073375,0.5881863961926626,0.6340015126085223,0.3659984873914776,0.6030999316368191,0.4588059087838831,0.5411940912161171,0.3724726172990518,0.6275273827009482,0.5949029042945627,0.4050970957054373,0.6118635971252712,0.3881364028747289,0.3969000683631809,100,-12184.17631903778,101325,-25.45328699389587,368,0.5,0.5,0.4118136038073375,0.5881863961926626,0.6340015126085223,0.3659984873914776,0.3969000683631809,100,-12184.17631903778,101325,-25.45328699389587,368,0.5,0.5,0.4118136038073375,0.5881863961926626,0.6340015126085223,0.3659984873914776,0.3969000683631809
0.958,146.1957090661339,167.8855917603916,113.2373706509648,73.09785453306694,73.09785453306694,153.1397420816477,178.2097705185411,103.8552737738388,129.4895241883515,0,0,0,100,60.30999316368191,39.69000683631809,50,50,24.83647563033173,35.47351753335018,25.16352436966826,14.52648246664983,8512.75,5208.641836428152,3304.108163571849,3905.7,4607.05,1940.076457387733,3268.565379040419,1965.623542612267,1338.484620959582,-12184.17631903778,-24894.87014131815,7130.052088348826,-6092.088159518888,-6092.088159518888,-23363.60035599317,-25966.9754004296,6520.46119735415,8186.016963279074,0,0,0,1.539535136156243,0.6222491539426789,85.1275,86.36449057939448,83.24786078264026,101325,109521.3965971366,89802.44714147809,155993.3976710313,63049.39552324193,-25.45328699389587,-59.88252140507227,26.86282624166117,-12.72664349694793,-12.72664349694793,-54.26039658339575,-63.81880333688171,23.35876383928222,32.93274439683289,0,0,0,368,1,1,1,1,1,1,1,1,1,1,0.5,0.5,0.4118136038073375,0.5881863961926626,0.6340015126085223,0.3659984873914776,0.6030999316368191,0.4588059087838831,0.5411940912161171,0.3724726172990518,0.6275273827009482,0.5949029042945627,0.4050970957054373,0.6118635971252712,0.3881364028747289,0.3969000683631809,100,-12184.17631903778,101325,-25.45328699389587,368,0.5,0.5,0.4118136038073375,0.5881863961926626,0.6340015126085223,0.3659984873914776,0.3969000683631809,100,-12184.17631903778,101325,-25.45328699389587,368,0.5,0.5,0.4118136038073375,0.5881863961926626,0.6340015126085223,0.3659984873914776,0.3969000683631809
0.96,146.1957090661339,167.8855917603916,113.2373706509648,73.09785453306694,73.09785453306694,153.1397420816477,178.2097705185411,103.8552737738388,129.4895241883515,0,0,0,100,60.30999316368191,39.69000683631809,50,50,24.83647563033173,35.47351753335018,25.16352436966826,14.52648246664983,8512.75,5208.641836428152,3304.108163571849,3905.7,4607.05,1940.076457387733,3268.565379040419,1965.623542612267,1338.484620959582,-12184.17631903778,-24894.87014131815,7130.052088348826,-6092.088159518888,-6092.088159518888,-23363.60035599317,-25966.9754004296,6520.46119735415,8186.016963279074,0,0,0,1.539535136156243,0.6222491539426789,85.1275,86.36449057939448,83.24786078264026,101325,109521.3965971366,89802.44714147809,155993.3976710313,63049.39552324193,-25.45328699389587,-59.88252140507227,26.86282624166117,-12.72664349694793,-12.72664349694793,-54.26039658339575,-63.81880333688171,23.35876383928222,32.93274439683289,0,0,0,368,1,1,1,1,1,1,1,1,1,1,0.5,0.5,0.4118136038073375,0.5881863961926626,0.6340015126085223,0.3659984873914776,0.6030999316368191,0.4588059087838831,0.5411940912161171,0.3724726172990518,0.6275273827009482,0.5949029042945627,0.4050970957054373,0.6118635971252712,0.3881364028747289,0.3969000683631809,100,-12184.17631903778,101325,-25.45328699389587,368,0.5,0.5,0.4118136038073375,0.5881863961926626,0.6340015126085223,0.3659984873914776,0.3969000683631809,100,-12184.17631903778,101325,-25.45328699389587,368,0.5,0.5,0.4118136038073375,0.5881863961926626,0.6340015126085223,0.3659984873914776,0.3969000683631809
0.962,146.1957090661339,167.8855917603916,113.2373706509648,73.09785453306694,73.09785453306694,153.1397420816477,178.2097705185411,103.8552737738388,129.4895241883515,0,0,0,100,60.30999316368191,39.69000683631809,50,50,24.83647563033173,35.47351753335018,25.16352436966826,14.52648246664983,8512.75,5208.641836428152,3304.108163571849,3905.7,4607.05,1940.076457387733,3268.565379040419,1965.623542612267,1338.484620959582,-12184.17631903778,-24894.87014131815,7130.052088348826,-6092.088159518888,-6092.088159518888,-23363.60035599317,-25966.9754004296,6520.46119735415,8186.016963279074,0,0,0,1.539535136156243,0.6222491539426789,85.1275,86.36449057939448,83.24786078264026,101325,109521.3965971366,89802.44714147809,155993.3976710313,63049.39552324193,-25.45328699389587,-59.88252140507227,26.86282624166117,-12.72664349694793,-12.72664349694793,-54.26039658339575,-63.81880333688171,23.35876383928222,32.93274439683289,0,0,0,368,1,1,1,1,1,1,1,1,1,1,0.5,0.5,0.4118136038073375,0.5881863961926626,0.6340015126085223,0.3659984873914776,0.6030999316368191,0.4588059087838831,0.5411940912161171,0.3724726172990518,0.6275273827009482,0.5949029042945627,0.4050970957054373,0.6118635971252712,0.3881364028747289,0.3969000683631809,100,-12184.17631903778,101325,-25.45328699389587,368,0.5,0.5,0.4118136038073375,0.5881863961926626,0.6340015126085223,0.3659984873914776,0.3969000683631809,100,-12184.17631903778,101325,-25.45328699389587,368,0.5,0.5,0.4118136038073375,0.5881863961926626,0.6340015126085223,0.3659984873914776,0.3969000683631809
0.964,146.1957090661339,167.8855917603916,113.2373706509648,73.09785453306694,73.09785453306694,153.1397420816477,178.2097705185411,103.8552737738388,129.4895241883515,0,0,0,100,60.30999316368191,39.69000683631809,50,50,24.83647563033173,35.47351753335018,25.16352436966826,14.52648246664983,8512.75,5208.641836428152,3304.108163571849,3905.7,4607.05,1940.076457387733,3268.565379040419,1965.623542612267,1338.484620959582,-12184.17631903778,-24894.87014131815,7130.052088348826,-6092.088159518888,-6092.088159518888,-23363.60035599317,-25966.9754004296,6520.46119735415,8186.016963279074,0,0,0,1.539535136156243,0.6222491539426789,85.1275,86.36449057939448,83.24786078264026,101325,109521.3965971366,89802.44714147809,155993.3976710313,63049.39552324193,-25.45328699389587,-59.88252140507227,26.86282624166117,-12.72664349694793,-12.72664349694793,-54.26039658339575,-63.81880333688171,23.35876383928222,32.93274439683289,0,0,0,368,1,1,1,1,1,1,1,1,1,1,0.5,0.5,0.4118136038073375,0.5881863961926626,0.6340015126085223,0.3659984873914776,0.6030999316368191,0.4588059087838831,0.5411940912161171,0.3724726172990518,0.6275273827009482,0.5949029042945627,0.4050970957054373,0.6118635971252712,0.3881364028747289,0.3969000683631809,100,-12184.17631903778,101325,-25.45328699389587,368,0.5,0.5,0.4118136038073375,0.5881863961926626,0.6340015126085223,0.3659984873914776,0.3969000683631809,100,-12184.17631903778,101325,-25.45328699389587,368,0.5,0.5,0.4118136038073375,0.5881863961926626,0.6340015126085223,0.3659984873914776,0.3969000683631809
0.966,146.1957090661339,167.8855917603916,113.2373706509648,73.09785453306694,73.09785453306694,153.1397420816477,178.2097705185411,103.8552737738388,129.4895241883515,0,0,0,100,60.30999316368191,39.69000683631809,50,50,24.83647563033173,35.47351753335018,25.16352436966826,14.52648246664983,8512.75,5208.641836428152,3304.108163571849,3905.7,4607.05,1940.076457387733,3268.565379040419,1965.623542612267,1338.484620959582,-12184.17631903778,-24894.87014131815,7130.052088348826,-6092.088159518888,-6092.088159518888,-23363.60035599317,-25966.9754004296,6520.46119735415,8186.016963279074,0,0,0,1.539535136156243,0.6222491539426789,85.1275,86.36449057939448,83.24786078264026,101325,109521.3965971366,89802.44714147809,155993.3976710313,63049.39552324193,-25.45328699389587,-59.88252140507227,26.86282624166117,-12.72664349694793,-12.72664349694793,-54.26039658339575,-63.81880333688171,23.35876383928222,32.93274439683289,0,0,0,368,1,1,1,1,1,1,1,1,1,1,0.5,0.5,0.4118136038073375,0.5881863961926626,0.6340015126085223,0.3659984873914776,0.6030999316368191,0.4588059087838831,0.5411940912161171,0.3724726172990518,0.6275273827009482,0.5949029042945627,0.4050970957054373,0.6118635971252712,0.3881364028747289,0.3969000683631809,100,-12184.17631903778,101325,-25.45328699389587,368,0.5,0.5,0.4118136038073375,0.5881863961926626,0.6340015126085223,0.3659984873914776,0.3969000683631809,100,-12184.17631903778,101325,-25.45328699389587,368,0.5,0.5,0.4118136038073375,0.5881863961926626,0.6340015126085223,0.3659984873914776,0.3969000683631809
0.968,146.1957090661339,167.8855917603916,113.2373706509648,73.09785453306694,73.09785453306694,153.1397420816477,178.2097705185411,103.8552737738388,129.4895241883515,0,0,0,100,60.30999316368191,39.69000683631809,50,50,24.83647563033173,35.47351753335018,25.16352436966826,14.52648246664983,8512.75,5208.641836428152,3304.108163571849,3905.7,4607.05,1940.076457387733,3268.565379040419,1965.623542612267,1338.484620959582,-12184.17631903778,-24894.87014131815,7130.052088348826,-6092.088159518888,-6092.088159518888,-23363.60035599317,-25966.9754004296,6520.46119735415,8186.016963279074,0,0,0,1.539535136156243,0.6222491539426789,85.1275,86.36449057939448,83.24786078264026,101325,109521.3965971366,89802.44714147809,155993.3976710313,63049.39552324193,-25.45328699389587,-59.88252140507227,26.86282624166117,-12.72664349694793,-12.72664349694793,-54.26039658339575,-63.81880333688171,23.35876383928222,32.93274439683289,0,0,0,368,1,1,1,1,1,1,1,1,1,1,0.5,0.5,0.4118136038073375,0.5881863961926626,0.6340015126085223,0.3659984873914776,0.6030999316368191,0.4588059087838831,0.5411940912161171,0.3724726172990518,0.6275273827009482,0.5949029042945627,0.4050970957054373,0.6118635971252712,0.3881364028747289,0.3969000683631809,100,-12184.17631903778,101325,-25.45328699389587,368,0.5,0.5,0.4118136038073375,0.5881863961926626,0.6340015126085223,0.3659984873914776,0.3969000683631809,100,-12184.17631903778,101325,-25.45328699389587,368,0.5,0.5,0.4118136038073375,0.5881863961926626,0.6340015126085223,0.3659984873914776,0.3969000683631809
0.97,146.1957090661339,167.8855917603916,113.2373706509648,73.09785453306694,73.09785453306694,153.1397420816477,178.2097705185411,103.8552737738388,129.4895241883515,0,0,0,100,60.30999316368191,39.69000683631809,50,50,24.83647563033173,35.47351753335018,25.16352436966826,14.52648246664983,8512.75,5208.641836428152,3304.108163571849,3905.7,4607.05,1940.076457387733,3268.565379040419,1965.623542612267,1338.484620959582,-12184.17631903778,-24894.87014131815,7130.052088348826,-6092.088159518888,-6092.088159518888,-23363.60035599317,-25966.9754004296,6520.46119735415,8186.016963279074,0,0,0,1.539535136156243,0.6222491539426789,85.1275,86.36449057939448,83.24786078264026,101325,109521.3965971366,89802.44714147809,155993.3976710313,63049.39552324193,-25.45328699389587,-59.88252140507227,26.86282624166117,-12.72664349694793,-12.72664349694793,-54.26039658339575,-63.81880333688171,23.35876383928222,32.93274439683289,0,0,0,368,1,1,1,1,1,1,1,1,1,1,0.5,0.5,0.4118136038073375,0.5881863961926626,0.6340015126085223,0.3659984873914776,0.6030999316368191,0.4588059087838831,0.5411940912161171,0.3724726172990518,0.6275273827009482,0.5949029042945627,0.4050970957054373,0.6118635971252712,0.3881364028747289,0.3969000683631809,100,-12184.17631903778,101325,-25.45328699389587,368,0.5,0.5,0.4118136038073375,0.5881863961926626,0.6340015126085223,0.3659984873914776,0.3969000683631809,100,-12184.17631903778,101325,-25.45328699389587,368,0.5,0.5,0.4118136038073375,0.5881863961926626,0.6340015126085223,0.3659984873914776,0.3969000683631809
0.972,146.1957090661339,167.8855917603916,113.2373706509648,73.09785453306694,73.09785453306694,153.1397420816477,178.2097705185411,103.8552737738388,129.4895241883515,0,0,0,100,60.30999316368191,39.69000683631809,50,50,24.83647563033173,35.47351753335018,25.16352436966826,14.52648246664983,8512.75,5208.641836428152,3304.108163571849,3905.7,4607.05,1940.076457387733,3268.565379040419,1965.623542612267,1338.484620959582,-12184.17631903778,-24894.87014131815,7130.052088348826,-6092.088159518888,-6092.088159518888,-23363.60035599317,-25966.9754004296,6520.46119735415,8186.016963279074,0,0,0,1.539535136156243,0.6222491539426789,85.1275,86.36449057939448,83.24786078264026,101325,109521.3965971366,89802.44714147809,155993.3976710313,63049.39552324193,-25.45328699389587,-59.88252140507227,26.86282624166117,-12.72664349694793,-12.72664349694793,-54.26039658339575,-63.81880333688171,23.35876383928222,32.93274439683289,0,0,0,368,1,1,1,1,1,1,1,1,1,1,0.5,0.5,0.4118136038073375,0.5881863961926626,0.6340015126085223,0.3659984873914776,0.6030999316368191,0.4588059087838831,0.5411940912161171,0.3724726172990518,0.6275273827009482,0.5949029042945627,0.4050970957054373,0.6118635971252712,0.3881364028747289,0.3969000683631809,100,-12184.17631903778,101325,-25.45328699389587,368,0.5,0.5,0.4118136038073375,0.5881863961926626,0.6340015126085223,0.3659984873914776,0.3969000683631809,100,-12184.17631903778,101325,-25.45328699389587,368,0.5,0.5,0.4118136038073375,0.5881863961926626,0.6340015126085223,0.3659984873914776,0.3969000683631809
0.974,146.1957090661339,167.8855917603916,113.2373706509648,73.09785453306694,73.09785453306694,153.1397420816477,178.2097705185411,103.8552737738388,129.4895241883515,0,0,0,100,60.30999316368191,39.69000683631809,50,50,24.83647563033173,35.47351753335018,25.16352436966826,14.52648246664983,8512.75,5208.641836428152,3304.108163571849,3905.7,4607.05,1940.076457387733,3268.565379040419,1965.623542612267,1338.484620959582,-12184.17631903778,-24894.87014131815,7130.052088348826,-6092.088159518888,-6092.088159518888,-23363.60035599317,-25966.9754004296,6520.46119735415,8186.016963279074,0,0,0,1.539535136156243,0.6222491539426789,85.1275,86.36449057939448,83.24786078264026,101325,109521.3965971366,89802.44714147809,155993.3976710313,63049.39552324193,-25.45328699389587,-59.88252140507227,26.86282624166117,-12.72664349694793,-12.72664349694793,-54.26039658339575,-63.81880333688171,23.35876383928222,32.93274439683289,0,0,0,368,1,1,1,1,1,1,1,1,1,1,0.5,0.5,0.4118136038073375,0.5881863961926626,0.6340015126085223,0.3659984873914776,0.6030999316368191,0.4588059087838831,0.5411940912161171,0.3724726172990518,0.6275273827009482,0.5949029042945627,0.4050970957054373,0.6118635971252712,0.3881364028747289,0.3969000683631809,100,-12184.17631903778,101325,-25.45328699389587,368,0.5,0.5,0.4118136038073375,0.5881863961926626,0.6340015126085223,0.3659984873914776,0.3969000683631809,100,-12184.17631903778,101325,-25.45328699389587,368,0.5,0.5,0.4118136038073375,0.5881863961926626,0.6340015126085223,0.3659984873914776,0.3969000683631809
0.976,146.1957090661339,167.8855917603916,113.2373706509648,73.09785453306694,73.09785453306694,153.1397420816477,178.2097705185411,103.8552737738388,129.4895241883515,0,0,0,100,60.30999316368191,39.69000683631809,50,50,24.83647563033173,35.47351753335018,25.16352436966826,14.52648246664983,8512.75,5208.641836428152,3304.108163571849,3905.7,4607.05,1940.076457387733,3268.565379040419,1965.623542612267,1338.484620959582,-12184.17631903778,-24894.87014131815,7130.052088348826,-6092.088159518888,-6092.088159518888,-23363.60035599317,-25966.9754004296,6520.46119735415,8186.016963279074,0,0,0,1.539535136156243,0.6222491539426789,85.1275,86.36449057939448,83.24786078264026,101325,109521.3965971366,89802.44714147809,155993.3976710313,63049.39552324193,-25.45328699389587,-59.88252140507227,26.86282624166117,-12.72664349694793,-12.72664349694793,-54.26039658339575,-63.81880333688171,23.35876383928222,32.93274439683289,0,0,0,368,1,1,1,1,1,1,1,1,1,1,0.5,0.5,0.4118136038073375,0.5881863961926626,0.6340015126085223,0.3659984873914776,0.6030999316368191,0.4588059087838831,0.5411940912161171,0.3724726172990518,0.6275273827009482,0.5949029042945627,0.4050970957054373,0.6118635971252712,0.3881364028747289,0.3969000683631809,100,-12184.17631903778,101325,-25.45328699389587,368,0.5,0.5,0.4118136038073375,0.5881863961926626,0.6340015126085223,0.3659984873914776,0.3969000683631809,100,-12184.17631903778,101325,-25.45328699389587,368,0.5,0.5,0.4118136038073375,0.5881863961926626,0.6340015126085223,0.3659984873914776,0.3969000683631809
0.978,146.1957090661339,167.8855917603916,113.2373706509648,73.09785453306694,73.09785453306694,153.1397420816477,178.2097705185411,103.8552737738388,129.4895241883515,0,0,0,100,60.30999316368191,39.69000683631809,50,50,24.83647563033173,35.47351753335018,25.16352436966826,14.52648246664983,8512.75,5208.641836428152,3304.108163571849,3905.7,4607.05,1940.076457387733,3268.565379040419,1965.623542612267,1338.484620959582,-12184.17631903778,-24894.87014131815,7130.052088348826,-6092.088159518888,-6092.088159518888,-23363.60035599317,-25966.9754004296,6520.46119735415,8186.016963279074,0,0,0,1.539535136156243,0.6222491539426789,85.1275,86.36449057939448,83.24786078264026,101325,109521.3965971366,89802.44714147809,155993.3976710313,63049.39552324193,-25.45328699389587,-59.88252140507227,26.86282624166117,-12.72664349694793,-12.72664349694793,-54.26039658339575,-63.81880333688171,23.35876383928222,32.93274439683289,0,0,0,368,1,1,1,1,1,1,1,1,1,1,0.5,0.5,0.4118136038073375,0.5881863961926626,0.6340015126085223,0.3659984873914776,0.6030999316368191,0.4588059087838831,0.5411940912161171,0.3724726172990518,0.6275273827009482,0.5949029042945627,0.4050970957054373,0.6118635971252712,0.3881364028747289,0.3969000683631809,100,-12184.17631903778,101325,-25.45328699389587,368,0.5,0.5,0.4118136038073375,0.5881863961926626,0.6340015126085223,0.3659984873914776,0.3969000683631809,100,-12184.17631903778,101325,-25.45328699389587,368,0.5,0.5,0.4118136038073375,0.5881863961926626,0.6340015126085223,0.3659984873914776,0.3969000683631809
0.98,146.1957090661339,167.8855917603916,113.2373706509648,73.09785453306694,73.09785453306694,153.1397420816477,178.2097705185411,103.8552737738388,129.4895241883515,0,0,0,100,60.30999316368191,39.69000683631809,50,50,24.83647563033173,35.47351753335018,25.16352436966826,14.52648246664983,8512.75,5208.641836428152,3304.108163571849,3905.7,4607.05,1940.076457387733,3268.565379040419,1965.623542612267,1338.484620959582,-12184.17631903778,-24894.87014131815,7130.052088348826,-6092.088159518888,-6092.088159518888,-23363.60035599317,-25966.9754004296,6520.46119735415,8186.016963279074,0,0,0,1.539535136156243,0.6222491539426789,85.1275,86.36449057939448,83.24786078264026,101325,109521.3965971366,89802.44714147809,155993.3976710313,63049.39552324193,-25.45328699389587,-59.88252140507227,26.86282624166117,-12.72664349694793,-12.72664349694793,-54.26039658339575,-63.81880333688171,23.35876383928222,32.93274439683289,0,0,0,368,1,1,1,1,1,1,1,1,1,1,0.5,0.5,0.4118136038073375,0.5881863961926626,0.6340015126085223,0.3659984873914776,0.6030999316368191,0.4588059087838831,0.5411940912161171,0.3724726172990518,0.6275273827009482,0.5949029042945627,0.4050970957054373,0.6118635971252712,0.3881364028747289,0.3969000683631809,100,-12184.17631903778,101325,-25.45328699389587,368,0.5,0.5,0.4118136038073375,0.5881863961926626,0.6340015126085223,0.3659984873914776,0.3969000683631809,100,-12184.17631903778,101325,-25.45328699389587,368,0.5,0.5,0.4118136038073375,0.5881863961926626,0.6340015126085223,0.3659984873914776,0.3969000683631809
0.982,146.1957090661339,167.8855917603916,113.2373706509648,73.09785453306694,73.09785453306694,153.1397420816477,178.2097705185411,103.8552737738388,129.4895241883515,0,0,0,100,60.30999316368191,39.69000683631809,50,50,24.83647563033173,35.47351753335018,25.16352436966826,14.52648246664983,8512.75,5208.641836428152,3304.108163571849,3905.7,4607.05,1940.076457387733,3268.565379040419,1965.623542612267,1338.484620959582,-12184.17631903778,-24894.87014131815,7130.052088348826,-6092.088159518888,-6092.088159518888,-23363.60035599317,-25966.9754004296,6520.46119735415,8186.016963279074,0,0,0,1.539535136156243,0.6222491539426789,85.1275,86.36449057939448,83.24786078264026,101325,109521.3965971366,89802.44714147809,155993.3976710313,63049.39552324193,-25.45328699389587,-59.88252140507227,26.86282624166117,-12.72664349694793,-12.72664349694793,-54.26039658339575,-63.81880333688171,23.35876383928222,32.93274439683289,0,0,0,368,1,1,1,1,1,1,1,1,1,1,0.5,0.5,0.4118136038073375,0.5881863961926626,0.6340015126085223,0.3659984873914776,0.6030999316368191,0.4588059087838831,0.5411940912161171,0.3724726172990518,0.6275273827009482,0.5949029042945627,0.4050970957054373,0.6118635971252712,0.3881364028747289,0.3969000683631809,100,-12184.17631903778,101325,-25.45328699389587,368,0.5,0.5,0.4118136038073375,0.5881863961926626,0.6340015126085223,0.3659984873914776,0.3969000683631809,100,-12184.17631903778,101325,-25.45328699389587,368,0.5,0.5,0.4118136038073375,0.5881863961926626,0.6340015126085223,0.3659984873914776,0.3969000683631809
0.984,146.1957090661339,167.8855917603916,113.2373706509648,73.09785453306694,73.09785453306694,153.1397420816477,178.2097705185411,103.8552737738388,129.4895241883515,0,0,0,100,60.30999316368191,39.69000683631809,50,50,24.83647563033173,35.47351753335018,25.16352436966826,14.52648246664983,8512.75,5208.641836428152,3304.108163571849,3905.7,4607.05,1940.076457387733,3268.565379040419,1965.623542612267,1338.484620959582,-12184.17631903778,-24894.87014131815,7130.052088348826,-6092.088159518888,-6092.088159518888,-23363.60035599317,-25966.9754004296,6520.46119735415,8186.016963279074,0,0,0,1.539535136156243,0.6222491539426789,85.1275,86.36449057939448,83.24786078264026,101325,109521.3965971366,89802.44714147809,155993.3976710313,63049.39552324193,-25.45328699389587,-59.88252140507227,26.86282624166117,-12.72664349694793,-12.72664349694793,-54.26039658339575,-63.81880333688171,23.35876383928222,32.93274439683289,0,0,0,368,1,1,1,1,1,1,1,1,1,1,0.5,0.5,0.4118136038073375,0.5881863961926626,0.6340015126085223,0.3659984873914776,0.6030999316368191,0.4588059087838831,0.5411940912161171,0.3724726172990518,0.6275273827009482,0.5949029042945627,0.4050970957054373,0.6118635971252712,0.3881364028747289,0.3969000683631809,100,-12184.17631903778,101325,-25.45328699389587,368,0.5,0.5,0.4118136038073375,0.5881863961926626,0.6340015126085223,0.3659984873914776,0.3969000683631809,100,-12184.17631903778,101325,-25.45328699389587,368,0.5,0.5,0.4118136038073375,0.5881863961926626,0.6340015126085223,0.3659984873914776,0.3969000683631809
0.986,146.1957090661339,167.8855917603916,113.2373706509648,73.09785453306694,73.09785453306694,153.1397420816477,178.2097705185411,103.8552737738388,129.4895241883515,0,0,0,100,60.30999316368191,39.69000683631809,50,50,24.83647563033173,35.47351753335018,25.16352436966826,14.52648246664983,8512.75,5208.641836428152,3304.108163571849,3905.7,4607.05,1940.076457387733,3268.565379040419,1965.623542612267,1338.484620959582,-12184.17631903778,-24894.87014131815,7130.052088348826,-6092.088159518888,-6092.088159518888,-23363.60035599317,-25966.9754004296,6520.46119735415,8186.016963279074,0,0,0,1.539535136156243,0.6222491539426789,85.1275,86.36449057939448,83.24786078264026,101325,109521.3965971366,89802.44714147809,155993.3976710313,63049.39552324193,-25.45328699389587,-59.88252140507227,26.86282624166117,-12.72664349694793,-12.72664349694793,-54.26039658339575,-63.81880333688171,23.35876383928222,32.93274439683289,0,0,0,368,1,1,1,1,1,1,1,1,1,1,0.5,0.5,0.4118136038073375,0.5881863961926626,0.6340015126085223,0.3659984873914776,0.6030999316368191,0.4588059087838831,0.5411940912161171,0.3724726172990518,0.6275273827009482,0.5949029042945627,0.4050970957054373,0.6118635971252712,0.3881364028747289,0.3969000683631809,100,-12184.17631903778,101325,-25.45328699389587,368,0.5,0.5,0.4118136038073375,0.5881863961926626,0.6340015126085223,0.3659984873914776,0.3969000683631809,100,-12184.17631903778,101325,-25.45328699389587,368,0.5,0.5,0.4118136038073375,0.5881863961926626,0.6340015126085223,0.3659984873914776,0.3969000683631809
0.988,146.1957090661339,167.8855917603916,113.2373706509648,73.09785453306694,73.09785453306694,153.1397420816477,178.2097705185411,103.8552737738388,129.4895241883515,0,0,0,100,60.30999316368191,39.69000683631809,50,50,24.83647563033173,35.47351753335018,25.16352436966826,14.52648246664983,8512.75,5208.641836428152,3304.108163571849,3905.7,4607.05,1940.076457387733,3268.565379040419,1965.623542612267,1338.484620959582,-12184.17631903778,-24894.87014131815,7130.052088348826,-6092.088159518888,-6092.088159518888,-23363.60035599317,-25966.9754004296,6520.46119735415,8186.016963279074,0,0,0,1.539535136156243,0.6222491539426789,85.1275,86.36449057939448,83.24786078264026,101325,109521.3965971366,89802.44714147809,155993.3976710313,63049.39552324193,-25.45328699389587,-59.88252140507227,26.86282624166117,-12.72664349694793,-12.72664349694793,-54.26039658339575,-63.81880333688171,23.35876383928222,32.93274439683289,0,0,0,368,1,1,1,1,1,1,1,1,1,1,0.5,0.5,0.4118136038073375,0.5881863961926626,0.6340015126085223,0.3659984873914776,0.6030999316368191,0.4588059087838831,0.5411940912161171,0.3724726172990518,0.6275273827009482,0.5949029042945627,0.4050970957054373,0.6118635971252712,0.3881364028747289,0.3969000683631809,100,-12184.17631903778,101325,-25.45328699389587,368,0.5,0.5,0.4118136038073375,0.5881863961926626,0.6340015126085223,0.3659984873914776,0.3969000683631809,100,-12184.17631903778,101325,-25.45328699389587,368,0.5,0.5,0.4118136038073375,0.5881863961926626,0.6340015126085223,0.3659984873914776,0.3969000683631809
0.99,146.1957090661339,167.8855917603916,113.2373706509648,73.09785453306694,73.09785453306694,153.1397420816477,178.2097705185411,103.8552737738388,129.4895241883515,0,0,0,100,60.30999316368191,39.69000683631809,50,50,24.83647563033173,35.47351753335018,25.16352436966826,14.52648246664983,8512.75,5208.641836428152,3304.108163571849,3905.7,4607.05,1940.076457387733,3268.565379040419,1965.623542612267,1338.484620959582,-12184.17631903778,-24894.87014131815,7130.052088348826,-6092.088159518888,-6092.088159518888,-23363.60035599317,-25966.9754004296,6520.46119735415,8186.016963279074,0,0,0,1.539535136156243,0.6222491539426789,85.1275,86.36449057939448,83.24786078264026,101325,109521.3965971366,89802.44714147809,155993.3976710313,63049.39552324193,-25.45328699389587,-59.88252140507227,26.86282624166117,-12.72664349694793,-12.72664349694793,-54.26039658339575,-63.81880333688171,23.35876383928222,32.93274439683289,0,0,0,368,1,1,1,1,1,1,1,1,1,1,0.5,0.5,0.4118136038073375,0.5881863961926626,0.6340015126085223,0.3659984873914776,0.6030999316368191,0.4588059087838831,0.5411940912161171,0.3724726172990518,0.6275273827009482,0.5949029042945627,0.4050970957054373,0.6118635971252712,0.3881364028747289,0.3969000683631809,100,-12184.17631903778,101325,-25.45328699389587,368,0.5,0.5,0.4118136038073375,0.5881863961926626,0.6340015126085223,0.3659984873914776,0.3969000683631809,100,-12184.17631903778,101325,-25.45328699389587,368,0.5,0.5,0.4118136038073375,0.5881863961926626,0.6340015126085223,0.3659984873914776,0.3969000683631809
0.992,146.1957090661339,167.8855917603916,113.2373706509648,73.09785453306694,73.09785453306694,153.1397420816477,178.2097705185411,103.8552737738388,129.4895241883515,0,0,0,100,60.30999316368191,39.69000683631809,50,50,24.83647563033173,35.47351753335018,25.16352436966826,14.52648246664983,8512.75,5208.641836428152,3304.108163571849,3905.7,4607.05,1940.076457387733,3268.565379040419,1965.623542612267,1338.484620959582,-12184.17631903778,-24894.87014131815,7130.052088348826,-6092.088159518888,-6092.088159518888,-23363.60035599317,-25966.9754004296,6520.46119735415,8186.016963279074,0,0,0,1.539535136156243,0.6222491539426789,85.1275,86.36449057939448,83.24786078264026,101325,109521.3965971366,89802.44714147809,155993.3976710313,63049.39552324193,-25.45328699389587,-59.88252140507227,26.86282624166117,-12.72664349694793,-12.72664349694793,-54.26039658339575,-63.81880333688171,23.35876383928222,32.93274439683289,0,0,0,368,1,1,1,1,1,1,1,1,1,1,0.5,0.5,0.4118136038073375,0.5881863961926626,0.6340015126085223,0.3659984873914776,0.6030999316368191,0.4588059087838831,0.5411940912161171,0.3724726172990518,0.6275273827009482,0.5949029042945627,0.4050970957054373,0.6118635971252712,0.3881364028747289,0.3969000683631809,100,-12184.17631903778,101325,-25.45328699389587,368,0.5,0.5,0.4118136038073375,0.5881863961926626,0.6340015126085223,0.3659984873914776,0.3969000683631809,100,-12184.17631903778,101325,-25.45328699389587,368,0.5,0.5,0.4118136038073375,0.5881863961926626,0.6340015126085223,0.3659984873914776,0.3969000683631809
0.994,146.1957090661339,167.8855917603916,113.2373706509648,73.09785453306694,73.09785453306694,153.1397420816477,178.2097705185411,103.8552737738388,129.4895241883515,0,0,0,100,60.30999316368191,39.69000683631809,50,50,24.83647563033173,35.47351753335018,25.16352436966826,14.52648246664983,8512.75,5208.641836428152,3304.108163571849,3905.7,4607.05,1940.076457387733,3268.565379040419,1965.623542612267,1338.484620959582,-12184.17631903778,-24894.87014131815,7130.052088348826,-6092.088159518888,-6092.088159518888,-23363.60035599317,-25966.9754004296,6520.46119735415,8186.016963279074,0,0,0,1.539535136156243,0.6222491539426789,85.1275,86.36449057939448,83.24786078264026,101325,109521.3965971366,89802.44714147809,155993.3976710313,63049.39552324193,-25.45328699389587,-59.88252140507227,26.86282624166117,-12.72664349694793,-12.72664349694793,-54.26039658339575,-63.81880333688171,23.35876383928222,32.93274439683289,0,0,0,368,1,1,1,1,1,1,1,1,1,1,0.5,0.5,0.4118136038073375,0.5881863961926626,0.6340015126085223,0.3659984873914776,0.6030999316368191,0.4588059087838831,0.5411940912161171,0.3724726172990518,0.6275273827009482,0.5949029042945627,0.4050970957054373,0.6118635971252712,0.3881364028747289,0.3969000683631809,100,-12184.17631903778,101325,-25.45328699389587,368,0.5,0.5,0.4118136038073375,0.5881863961926626,0.6340015126085223,0.3659984873914776,0.3969000683631809,100,-12184.17631903778,101325,-25.45328699389587,368,0.5,0.5,0.4118136038073375,0.5881863961926626,0.6340015126085223,0.3659984873914776,0.3969000683631809
0.996,146.1957090661339,167.8855917603916,113.2373706509648,73.09785453306694,73.09785453306694,153.1397420816477,178.2097705185411,103.8552737738388,129.4895241883515,0,0,0,100,60.30999316368191,39.69000683631809,50,50,24.83647563033173,35.47351753335018,25.16352436966826,14.52648246664983,8512.75,5208.641836428152,3304.108163571849,3905.7,4607.05,1940.076457387733,3268.565379040419,1965.623542612267,1338.484620959582,-12184.17631903778,-24894.87014131815,7130.052088348826,-6092.088159518888,-6092.088159518888,-23363.60035599317,-25966.9754004296,6520.46119735415,8186.016963279074,0,0,0,1.539535136156243,0.6222491539426789,85.1275,86.36449057939448,83.24786078264026,101325,109521.3965971366,89802.44714147809,155993.3976710313,63049.39552324193,-25.45328699389587,-59.88252140507227,26.86282624166117,-12.72664349694793,-12.72664349694793,-54.26039658339575,-63.81880333688171,23.35876383928222,32.93274439683289,0,0,0,368,1,1,1,1,1,1,1,1,1,1,0.5,0.5,0.4118136038073375,0.5881863961926626,0.6340015126085223,0.3659984873914776,0.6030999316368191,0.4588059087838831,0.5411940912161171,0.3724726172990518,0.6275273827009482,0.5949029042945627,0.4050970957054373,0.6118635971252712,0.3881364028747289,0.3969000683631809,100,-12184.17631903778,101325,-25.45328699389587,368,0.5,0.5,0.4118136038073375,0.5881863961926626,0.6340015126085223,0.3659984873914776,0.3969000683631809,100,-12184.17631903778,101325,-25.45328699389587,368,0.5,0.5,0.4118136038073375,0.5881863961926626,0.6340015126085223,0.3659984873914776,0.3969000683631809
0.998,146.1957090661339,167.8855917603916,113.2373706509648,73.09785453306694,73.09785453306694,153.1397420816477,178.2097705185411,103.8552737738388,129.4895241883515,0,0,0,100,60.30999316368191,39.69000683631809,50,50,24.83647563033173,35.47351753335018,25.16352436966826,14.52648246664983,8512.75,5208.641836428152,3304.108163571849,3905.7,4607.05,1940.076457387733,3268.565379040419,1965.623542612267,1338.484620959582,-12184.17631903778,-24894.87014131815,7130.052088348826,-6092.088159518888,-6092.088159518888,-23363.60035599317,-25966.9754004296,6520.46119735415,8186.016963279074,0,0,0,1.539535136156243,0.6222491539426789,85.1275,86.36449057939448,83.24786078264026,101325,109521.3965971366,89802.44714147809,155993.3976710313,63049.39552324193,-25.45328699389587,-59.88252140507227,26.86282624166117,-12.72664349694793,-12.72664349694793,-54.26039658339575,-63.81880333688171,23.35876383928222,32.93274439683289,0,0,0,368,1,1,1,1,1,1,1,1,1,1,0.5,0.5,0.4118136038073375,0.5881863961926626,0.6340015126085223,0.3659984873914776,0.6030999316368191,0.4588059087838831,0.5411940912161171,0.3724726172990518,0.6275273827009482,0.5949029042945627,0.4050970957054373,0.6118635971252712,0.3881364028747289,0.3969000683631809,100,-12184.17631903778,101325,-25.45328699389587,368,0.5,0.5,0.4118136038073375,0.5881863961926626,0.6340015126085223,0.3659984873914776,0.3969000683631809,100,-12184.17631903778,101325,-25.45328699389587,368,0.5,0.5,0.4118136038073375,0.5881863961926626,0.6340015126085223,0.3659984873914776,0.3969000683631809
1,146.1957090661339,167.8855917603916,113.2373706509648,73.09785453306694,73.09785453306694,153.1397420816477,178.2097705185411,103.8552737738388,129.4895241883515,0,0,0,100,60.30999316368191,39.69000683631809,50,50,24.83647563033173,35.47351753335018,25.16352436966826,14.52648246664983,8512.75,5208.641836428152,3304.108163571849,3905.7,4607.05,1940.076457387733,3268.565379040419,1965.623542612267,1338.484620959582,-12184.17631903778,-24894.87014131815,7130.052088348826,-6092.088159518888,-6092.088159518888,-23363.60035599317,-25966.9754004296,6520.46119735415,8186.016963279074,0,0,0,1.539535136156243,0.6222491539426789,85.1275,86.36449057939448,83.24786078264026,101325,109521.3965971366,89802.44714147809,155993.3976710313,63049.39552324193,-25.45328699389587,-59.88252140507227,26.86282624166117,-12.72664349694793,-12.72664349694793,-54.26039658339575,-63.81880333688171,23.35876383928222,32.93274439683289,0,0,0,368,1,1,1,1,1,1,1,1,1,1,0.5,0.5,0.4118136038073375,0.5881863961926626,0.6340015126085223,0.3659984873914776,0.6030999316368191,0.4588059087838831,0.5411940912161171,0.3724726172990518,0.6275273827009482,0.5949029042945627,0.4050970957054373,0.6118635971252712,0.3881364028747289,0.3969000683631809,100,-12184.17631903778,101325,-25.45328699389587,368,0.5,0.5,0.4118136038073375,0.5881863961926626,0.6340015126085223,0.3659984873914776,0.3969000683631809,100,-12184.17631903778,101325,-25.45328699389587,368,0.5,0.5,0.4118136038073375,0.5881863961926626,0.6340015126085223,0.3659984873914776,0.3969000683631809
1,146.1957090661339,167.8855917603916,113.2373706509648,73.09785453306694,73.09785453306694,153.1397420816477,178.2097705185411,103.8552737738388,129.4895241883515,0,0,0,100,60.30999316368191,39.69000683631809,50,50,24.83647563033173,35.47351753335018,25.16352436966826,14.52648246664983,8512.75,5208.641836428152,3304.108163571849,3905.7,4607.05,1940.076457387733,3268.565379040419,1965.623542612267,1338.484620959582,-12184.17631903778,-24894.87014131815,7130.052088348826,-6092.088159518888,-6092.088159518888,-23363.60035599317,-25966.9754004296,6520.46119735415,8186.016963279074,0,0,0,1.539535136156243,0.6222491539426789,85.1275,86.36449057939448,83.24786078264026,101325,109521.3965971366,89802.44714147809,155993.3976710313,63049.39552324193,-25.45328699389587,-59.88252140507227,26.86282624166117,-12.72664349694793,-12.72664349694793,-54.26039658339575,-63.81880333688171,23.35876383928222,32.93274439683289,0,0,0,368,1,1,1,1,1,1,1,1,1,1,0.5,0.5,0.4118136038073375,0.5881863961926626,0.6340015126085223,0.3659984873914776,0.6030999316368191,0.4588059087838831,0.5411940912161171,0.3724726172990518,0.6275273827009482,0.5949029042945627,0.4050970957054373,0.6118635971252712,0.3881364028747289,0.3969000683631809,100,-12184.17631903778,101325,-25.45328699389587,368,0.5,0.5,0.4118136038073375,0.5881863961926626,0.6340015126085223,0.3659984873914776,0.3969000683631809,100,-12184.17631903778,101325,-25.45328699389587,368,0.5,0.5,0.4118136038073375,0.5881863961926626,0.6340015126085223,0.3659984873914776,0.3969000683631809
