"time","Cp_p[1]","Cp_p[2]","Cp_p[3]","Cp_pc[1,1]","Cp_pc[1,2]","Cp_pc[1,3]","Cp_pc[2,1]","Cp_pc[2,2]","Cp_pc[2,3]","Cp_pc[3,1]","Cp_pc[3,2]","Cp_pc[3,3]","Cpres_p[1]","Cpres_p[2]","Cpres_p[3]","F_p[1]","F_p[2]","F_p[3]","F_pc[1,1]","F_pc[1,2]","F_pc[1,3]","F_pc[2,1]","F_pc[2,2]","F_pc[2,3]","F_pc[3,1]","F_pc[3,2]","F_pc[3,3]","Fm_p[1]","Fm_p[2]","Fm_p[3]","Fm_pc[1,1]","Fm_pc[1,2]","Fm_pc[1,3]","Fm_pc[2,1]","Fm_pc[2,2]","Fm_pc[2,3]","Fm_pc[3,1]","Fm_pc[3,2]","Fm_pc[3,3]","H_p[1]","H_p[2]","H_p[3]","H_pc[1,1]","H_pc[1,2]","H_pc[1,3]","H_pc[2,1]","H_pc[2,2]","H_pc[2,3]","H_pc[3,1]","H_pc[3,2]","H_pc[3,3]","Hres_p[1]","Hres_p[2]","Hres_p[3]","K_c[1]","K_c[2]","K_c[3]","MW_p[1]","MW_p[2]","MW_p[3]","P","Pbubl","Pdew","Pvap_c[1]","Pvap_c[2]","Pvap_c[3]","S_p[1]","S_p[2]","S_p[3]","S_pc[1,1]","S_pc[1,2]","S_pc[1,3]","S_pc[2,1]","S_pc[2,2]","S_pc[2,3]","S_pc[3,1]","S_pc[3,2]","S_pc[3,3]","Sres_p[1]","Sres_p[2]","Sres_p[3]","T","gma_c[1]","gma_c[2]","gma_c[3]","gmabubl_c[1]","gmabubl_c[2]","gmabubl_c[3]","gmadew_c[1]","gmadew_c[2]","gmadew_c[3]","philiqbubl_c[1]","philiqbubl_c[2]","philiqbubl_c[3]","phivapdew_c[1]","phivapdew_c[2]","phivapdew_c[3]","x_pc[1,1]","x_pc[1,2]","x_pc[1,3]","x_pc[2,1]","x_pc[2,2]","x_pc[2,3]","x_pc[3,1]","x_pc[3,2]","x_pc[3,3]","xliq","xm_pc[1,1]","xm_pc[1,2]","xm_pc[1,3]","xm_pc[2,1]","xm_pc[2,2]","xm_pc[2,3]","xm_pc[3,1]","xm_pc[3,2]","xm_pc[3,3]","xmliq","xmvap","xvap","In.F","In.H","In.P","In.S","In.T","In.x_pc[1,1]","In.x_pc[1,2]","In.x_pc[1,3]","In.x_pc[2,1]","In.x_pc[2,2]","In.x_pc[2,3]","In.x_pc[3,1]","In.x_pc[3,2]","In.x_pc[3,3]","In.xvap","Out.F","Out.H","Out.P","Out.S","Out.T","Out.x_pc[1,1]","Out.x_pc[1,2]","Out.x_pc[1,3]","Out.x_pc[2,1]","Out.x_pc[2,2]","Out.x_pc[2,3]","Out.x_pc[3,1]","Out.x_pc[3,2]","Out.x_pc[3,3]","Out.xvap"
0,94.11021079333733,94.11021079333733,0,31.05636956180132,31.05636956180132,31.99747166973469,85.82895410552248,121.5034017755449,75.56039221348554,46.09264127934038,68.6879274399803,33.73838646413164,0,0,0,31.346262,31.346262,0,10.34426646,10.34426646,10.65772908,10.34426646,10.34426646,10.65772908,0,0,0,999.9999868332601,999.9999868332601,0,331.45098591132,476.55001154574,191.9989893762,331.45098591132,476.55001154574,191.9989893762,0,0,0,-39226.1121502141,-39226.1121502141,0,-12944.61700957065,-12944.61700957065,-13336.87813107279,-35574.61662797526,-39671.78119609821,-42337.64961255837,990.4619246841606,1463.649193298381,735.9144097405178,0,0,0,0.2379951664107638,0.1244091294927885,0.05211776025188039,31.90173,31.90173,0,202650,27826.57188551692,19185.23738317802,48229.72047314129,25211.51009171359,10561.66411504356,-119.0933547566484,-119.0933547566484,0,-39.30080706969399,-39.30080706969399,-40.49174061726047,-107.6057612822328,-120.3572823452529,-129.0163245869945,0,0,0,0,0,0,320,1,1,1,1,1,1,1,1,1,1,1,1,1,1,1,0.33,0.33,0.34,0.33,0.33,0.34,0,0,0,1,0.331450990275449,0.4765500178203502,0.1919989919042008,0.331450990275449,0.4765500178203502,0.1919989919042008,-0,-0,-0,1,0,-5.551115123125783e-17,31.346262,-39226.1121502141,202650,-119.0933547566484,320,0.33,0.33,0.34,0.33,0.33,0.34,0,0,0,-5.551115123125783e-17,31.346262,-39226.1121502141,202650,-119.0933547566484,320,0.33,0.33,0.34,0.33,0.33,0.34,0,0,0,-5.551115123125783e-17
0.002,94.11021079333733,94.11021079333733,0,31.05636956180132,31.05636956180132,31.99747166973469,85.82895410552248,121.5034017755449,75.56039221348554,46.09264127934038,68.6879274399803,33.73838646413164,0,0,0,31.346262,31.346262,0,10.34426646,10.34426646,10.65772908,10.34426646,10.34426646,10.65772908,0,0,0,999.9999868332601,999.9999868332601,0,331.45098591132,476.55001154574,191.9989893762,331.45098591132,476.55001154574,191.9989893762,0,0,0,-39226.1121502141,-39226.1121502141,0,-12944.61700957065,-12944.61700957065,-13336.87813107279,-35574.61662797526,-39671.78119609821,-42337.64961255837,990.4619246841606,1463.649193298381,735.9144097405178,0,0,0,0.2379951664107638,0.1244091294927885,0.05211776025188039,31.90173,31.90173,0,202650,27826.57188551692,19185.23738317802,48229.72047314129,25211.51009171359,10561.66411504356,-119.0933547566484,-119.0933547566484,0,-39.30080706969399,-39.30080706969399,-40.49174061726047,-107.6057612822328,-120.3572823452529,-129.0163245869945,0,0,0,0,0,0,320,1,1,1,1,1,1,1,1,1,1,1,1,1,1,1,0.33,0.33,0.34,0.33,0.33,0.34,0,0,0,1,0.331450990275449,0.4765500178203502,0.1919989919042008,0.331450990275449,0.4765500178203502,0.1919989919042008,-0,-0,-0,1,0,-5.551115123125783e-17,31.346262,-39226.1121502141,202650,-119.0933547566484,320,0.33,0.33,0.34,0.33,0.33,0.34,0,0,0,-5.551115123125783e-17,31.346262,-39226.1121502141,202650,-119.0933547566484,320,0.33,0.33,0.34,0.33,0.33,0.34,0,0,0,-5.551115123125783e-17
0.004,94.11021079333733,94.11021079333733,0,31.05636956180132,31.05636956180132,31.99747166973469,85.82895410552248,121.5034017755449,75.56039221348554,46.09264127934038,68.6879274399803,33.73838646413164,0,0,0,31.346262,31.346262,0,10.34426646,10.34426646,10.65772908,10.34426646,10.34426646,10.65772908,0,0,0,999.9999868332601,999.9999868332601,0,331.45098591132,476.55001154574,191.9989893762,331.45098591132,476.55001154574,191.9989893762,0,0,0,-39226.1121502141,-39226.1121502141,0,-12944.61700957065,-12944.61700957065,-13336.87813107279,-35574.61662797526,-39671.78119609821,-42337.64961255837,990.4619246841606,1463.649193298381,735.9144097405178,0,0,0,0.2379951664107638,0.1244091294927885,0.05211776025188039,31.90173,31.90173,0,202650,27826.57188551692,19185.23738317802,48229.72047314129,25211.51009171359,10561.66411504356,-119.0933547566484,-119.0933547566484,0,-39.30080706969399,-39.30080706969399,-40.49174061726047,-107.6057612822328,-120.3572823452529,-129.0163245869945,0,0,0,0,0,0,320,1,1,1,1,1,1,1,1,1,1,1,1,1,1,1,0.33,0.33,0.34,0.33,0.33,0.34,0,0,0,1,0.331450990275449,0.4765500178203502,0.1919989919042008,0.331450990275449,0.4765500178203502,0.1919989919042008,-0,-0,-0,1,0,-5.551115123125783e-17,31.346262,-39226.1121502141,202650,-119.0933547566484,320,0.33,0.33,0.34,0.33,0.33,0.34,0,0,0,-5.551115123125783e-17,31.346262,-39226.1121502141,202650,-119.0933547566484,320,0.33,0.33,0.34,0.33,0.33,0.34,0,0,0,-5.551115123125783e-17
0.006,94.11021079333733,94.11021079333733,0,31.05636956180132,31.05636956180132,31.99747166973469,85.82895410552248,121.5034017755449,75.56039221348554,46.09264127934038,68.6879274399803,33.73838646413164,0,0,0,31.346262,31.346262,0,10.34426646,10.34426646,10.65772908,10.34426646,10.34426646,10.65772908,0,0,0,999.9999868332601,999.9999868332601,0,331.45098591132,476.55001154574,191.9989893762,331.45098591132,476.55001154574,191.9989893762,0,0,0,-39226.1121502141,-39226.1121502141,0,-12944.61700957065,-12944.61700957065,-13336.87813107279,-35574.61662797526,-39671.78119609821,-42337.64961255837,990.4619246841606,1463.649193298381,735.9144097405178,0,0,0,0.2379951664107638,0.1244091294927885,0.05211776025188039,31.90173,31.90173,0,202650,27826.57188551692,19185.23738317802,48229.72047314129,25211.51009171359,10561.66411504356,-119.0933547566484,-119.0933547566484,0,-39.30080706969399,-39.30080706969399,-40.49174061726047,-107.6057612822328,-120.3572823452529,-129.0163245869945,0,0,0,0,0,0,320,1,1,1,1,1,1,1,1,1,1,1,1,1,1,1,0.33,0.33,0.34,0.33,0.33,0.34,0,0,0,1,0.331450990275449,0.4765500178203502,0.1919989919042008,0.331450990275449,0.4765500178203502,0.1919989919042008,-0,-0,-0,1,0,-5.551115123125783e-17,31.346262,-39226.1121502141,202650,-119.0933547566484,320,0.33,0.33,0.34,0.33,0.33,0.34,0,0,0,-5.551115123125783e-17,31.346262,-39226.1121502141,202650,-119.0933547566484,320,0.33,0.33,0.34,0.33,0.33,0.34,0,0,0,-5.551115123125783e-17
0.008,94.11021079333733,94.11021079333733,0,31.05636956180132,31.05636956180132,31.99747166973469,85.82895410552248,121.5034017755449,75.56039221348554,46.09264127934038,68.6879274399803,33.73838646413164,0,0,0,31.346262,31.346262,0,10.34426646,10.34426646,10.65772908,10.34426646,10.34426646,10.65772908,0,0,0,999.9999868332601,999.9999868332601,0,331.45098591132,476.55001154574,191.9989893762,331.45098591132,476.55001154574,191.9989893762,0,0,0,-39226.1121502141,-39226.1121502141,0,-12944.61700957065,-12944.61700957065,-13336.87813107279,-35574.61662797526,-39671.78119609821,-42337.64961255837,990.4619246841606,1463.649193298381,735.9144097405178,0,0,0,0.2379951664107638,0.1244091294927885,0.05211776025188039,31.90173,31.90173,0,202650,27826.57188551692,19185.23738317802,48229.72047314129,25211.51009171359,10561.66411504356,-119.0933547566484,-119.0933547566484,0,-39.30080706969399,-39.30080706969399,-40.49174061726047,-107.6057612822328,-120.3572823452529,-129.0163245869945,0,0,0,0,0,0,320,1,1,1,1,1,1,1,1,1,1,1,1,1,1,1,0.33,0.33,0.34,0.33,0.33,0.34,0,0,0,1,0.331450990275449,0.4765500178203502,0.1919989919042008,0.331450990275449,0.4765500178203502,0.1919989919042008,-0,-0,-0,1,0,-5.551115123125783e-17,31.346262,-39226.1121502141,202650,-119.0933547566484,320,0.33,0.33,0.34,0.33,0.33,0.34,0,0,0,-5.551115123125783e-17,31.346262,-39226.1121502141,202650,-119.0933547566484,320,0.33,0.33,0.34,0.33,0.33,0.34,0,0,0,-5.551115123125783e-17
0.01,94.11021079333733,94.11021079333733,0,31.05636956180132,31.05636956180132,31.99747166973469,85.82895410552248,121.5034017755449,75.56039221348554,46.09264127934038,68.6879274399803,33.73838646413164,0,0,0,31.346262,31.346262,0,10.34426646,10.34426646,10.65772908,10.34426646,10.34426646,10.65772908,0,0,0,999.9999868332601,999.9999868332601,0,331.45098591132,476.55001154574,191.9989893762,331.45098591132,476.55001154574,191.9989893762,0,0,0,-39226.1121502141,-39226.1121502141,0,-12944.61700957065,-12944.61700957065,-13336.87813107279,-35574.61662797526,-39671.78119609821,-42337.64961255837,990.4619246841606,1463.649193298381,735.9144097405178,0,0,0,0.2379951664107638,0.1244091294927885,0.05211776025188039,31.90173,31.90173,0,202650,27826.57188551692,19185.23738317802,48229.72047314129,25211.51009171359,10561.66411504356,-119.0933547566484,-119.0933547566484,0,-39.30080706969399,-39.30080706969399,-40.49174061726047,-107.6057612822328,-120.3572823452529,-129.0163245869945,0,0,0,0,0,0,320,1,1,1,1,1,1,1,1,1,1,1,1,1,1,1,0.33,0.33,0.34,0.33,0.33,0.34,0,0,0,1,0.331450990275449,0.4765500178203502,0.1919989919042008,0.331450990275449,0.4765500178203502,0.1919989919042008,-0,-0,-0,1,0,-5.551115123125783e-17,31.346262,-39226.1121502141,202650,-119.0933547566484,320,0.33,0.33,0.34,0.33,0.33,0.34,0,0,0,-5.551115123125783e-17,31.346262,-39226.1121502141,202650,-119.0933547566484,320,0.33,0.33,0.34,0.33,0.33,0.34,0,0,0,-5.551115123125783e-17
0.012,94.11021079333733,94.11021079333733,0,31.05636956180132,31.05636956180132,31.99747166973469,85.82895410552248,121.5034017755449,75.56039221348554,46.09264127934038,68.6879274399803,33.73838646413164,0,0,0,31.346262,31.346262,0,10.34426646,10.34426646,10.65772908,10.34426646,10.34426646,10.65772908,0,0,0,999.9999868332601,999.9999868332601,0,331.45098591132,476.55001154574,191.9989893762,331.45098591132,476.55001154574,191.9989893762,0,0,0,-39226.1121502141,-39226.1121502141,0,-12944.61700957065,-12944.61700957065,-13336.87813107279,-35574.61662797526,-39671.78119609821,-42337.64961255837,990.4619246841606,1463.649193298381,735.9144097405178,0,0,0,0.2379951664107638,0.1244091294927885,0.05211776025188039,31.90173,31.90173,0,202650,27826.57188551692,19185.23738317802,48229.72047314129,25211.51009171359,10561.66411504356,-119.0933547566484,-119.0933547566484,0,-39.30080706969399,-39.30080706969399,-40.49174061726047,-107.6057612822328,-120.3572823452529,-129.0163245869945,0,0,0,0,0,0,320,1,1,1,1,1,1,1,1,1,1,1,1,1,1,1,0.33,0.33,0.34,0.33,0.33,0.34,0,0,0,1,0.331450990275449,0.4765500178203502,0.1919989919042008,0.331450990275449,0.4765500178203502,0.1919989919042008,-0,-0,-0,1,0,-5.551115123125783e-17,31.346262,-39226.1121502141,202650,-119.0933547566484,320,0.33,0.33,0.34,0.33,0.33,0.34,0,0,0,-5.551115123125783e-17,31.346262,-39226.1121502141,202650,-119.0933547566484,320,0.33,0.33,0.34,0.33,0.33,0.34,0,0,0,-5.551115123125783e-17
0.014,94.11021079333733,94.11021079333733,0,31.05636956180132,31.05636956180132,31.99747166973469,85.82895410552248,121.5034017755449,75.56039221348554,46.09264127934038,68.6879274399803,33.73838646413164,0,0,0,31.346262,31.346262,0,10.34426646,10.34426646,10.65772908,10.34426646,10.34426646,10.65772908,0,0,0,999.9999868332601,999.9999868332601,0,331.45098591132,476.55001154574,191.9989893762,331.45098591132,476.55001154574,191.9989893762,0,0,0,-39226.1121502141,-39226.1121502141,0,-12944.61700957065,-12944.61700957065,-13336.87813107279,-35574.61662797526,-39671.78119609821,-42337.64961255837,990.4619246841606,1463.649193298381,735.9144097405178,0,0,0,0.2379951664107638,0.1244091294927885,0.05211776025188039,31.90173,31.90173,0,202650,27826.57188551692,19185.23738317802,48229.72047314129,25211.51009171359,10561.66411504356,-119.0933547566484,-119.0933547566484,0,-39.30080706969399,-39.30080706969399,-40.49174061726047,-107.6057612822328,-120.3572823452529,-129.0163245869945,0,0,0,0,0,0,320,1,1,1,1,1,1,1,1,1,1,1,1,1,1,1,0.33,0.33,0.34,0.33,0.33,0.34,0,0,0,1,0.331450990275449,0.4765500178203502,0.1919989919042008,0.331450990275449,0.4765500178203502,0.1919989919042008,-0,-0,-0,1,0,-5.551115123125783e-17,31.346262,-39226.1121502141,202650,-119.0933547566484,320,0.33,0.33,0.34,0.33,0.33,0.34,0,0,0,-5.551115123125783e-17,31.346262,-39226.1121502141,202650,-119.0933547566484,320,0.33,0.33,0.34,0.33,0.33,0.34,0,0,0,-5.551115123125783e-17
0.016,94.11021079333733,94.11021079333733,0,31.05636956180132,31.05636956180132,31.99747166973469,85.82895410552248,121.5034017755449,75.56039221348554,46.09264127934038,68.6879274399803,33.73838646413164,0,0,0,31.346262,31.346262,0,10.34426646,10.34426646,10.65772908,10.34426646,10.34426646,10.65772908,0,0,0,999.9999868332601,999.9999868332601,0,331.45098591132,476.55001154574,191.9989893762,331.45098591132,476.55001154574,191.9989893762,0,0,0,-39226.1121502141,-39226.1121502141,0,-12944.61700957065,-12944.61700957065,-13336.87813107279,-35574.61662797526,-39671.78119609821,-42337.64961255837,990.4619246841606,1463.649193298381,735.9144097405178,0,0,0,0.2379951664107638,0.1244091294927885,0.05211776025188039,31.90173,31.90173,0,202650,27826.57188551692,19185.23738317802,48229.72047314129,25211.51009171359,10561.66411504356,-119.0933547566484,-119.0933547566484,0,-39.30080706969399,-39.30080706969399,-40.49174061726047,-107.6057612822328,-120.3572823452529,-129.0163245869945,0,0,0,0,0,0,320,1,1,1,1,1,1,1,1,1,1,1,1,1,1,1,0.33,0.33,0.34,0.33,0.33,0.34,0,0,0,1,0.331450990275449,0.4765500178203502,0.1919989919042008,0.331450990275449,0.4765500178203502,0.1919989919042008,-0,-0,-0,1,0,-5.551115123125783e-17,31.346262,-39226.1121502141,202650,-119.0933547566484,320,0.33,0.33,0.34,0.33,0.33,0.34,0,0,0,-5.551115123125783e-17,31.346262,-39226.1121502141,202650,-119.0933547566484,320,0.33,0.33,0.34,0.33,0.33,0.34,0,0,0,-5.551115123125783e-17
0.018,94.11021079333733,94.11021079333733,0,31.05636956180132,31.05636956180132,31.99747166973469,85.82895410552248,121.5034017755449,75.56039221348554,46.09264127934038,68.6879274399803,33.73838646413164,0,0,0,31.346262,31.346262,0,10.34426646,10.34426646,10.65772908,10.34426646,10.34426646,10.65772908,0,0,0,999.9999868332601,999.9999868332601,0,331.45098591132,476.55001154574,191.9989893762,331.45098591132,476.55001154574,191.9989893762,0,0,0,-39226.1121502141,-39226.1121502141,0,-12944.61700957065,-12944.61700957065,-13336.87813107279,-35574.61662797526,-39671.78119609821,-42337.64961255837,990.4619246841606,1463.649193298381,735.9144097405178,0,0,0,0.2379951664107638,0.1244091294927885,0.05211776025188039,31.90173,31.90173,0,202650,27826.57188551692,19185.23738317802,48229.72047314129,25211.51009171359,10561.66411504356,-119.0933547566484,-119.0933547566484,0,-39.30080706969399,-39.30080706969399,-40.49174061726047,-107.6057612822328,-120.3572823452529,-129.0163245869945,0,0,0,0,0,0,320,1,1,1,1,1,1,1,1,1,1,1,1,1,1,1,0.33,0.33,0.34,0.33,0.33,0.34,0,0,0,1,0.331450990275449,0.4765500178203502,0.1919989919042008,0.331450990275449,0.4765500178203502,0.1919989919042008,-0,-0,-0,1,0,-5.551115123125783e-17,31.346262,-39226.1121502141,202650,-119.0933547566484,320,0.33,0.33,0.34,0.33,0.33,0.34,0,0,0,-5.551115123125783e-17,31.346262,-39226.1121502141,202650,-119.0933547566484,320,0.33,0.33,0.34,0.33,0.33,0.34,0,0,0,-5.551115123125783e-17
0.02,94.11021079333733,94.11021079333733,0,31.05636956180132,31.05636956180132,31.99747166973469,85.82895410552248,121.5034017755449,75.56039221348554,46.09264127934038,68.6879274399803,33.73838646413164,0,0,0,31.346262,31.346262,0,10.34426646,10.34426646,10.65772908,10.34426646,10.34426646,10.65772908,0,0,0,999.9999868332601,999.9999868332601,0,331.45098591132,476.55001154574,191.9989893762,331.45098591132,476.55001154574,191.9989893762,0,0,0,-39226.1121502141,-39226.1121502141,0,-12944.61700957065,-12944.61700957065,-13336.87813107279,-35574.61662797526,-39671.78119609821,-42337.64961255837,990.4619246841606,1463.649193298381,735.9144097405178,0,0,0,0.2379951664107638,0.1244091294927885,0.05211776025188039,31.90173,31.90173,0,202650,27826.57188551692,19185.23738317802,48229.72047314129,25211.51009171359,10561.66411504356,-119.0933547566484,-119.0933547566484,0,-39.30080706969399,-39.30080706969399,-40.49174061726047,-107.6057612822328,-120.3572823452529,-129.0163245869945,0,0,0,0,0,0,320,1,1,1,1,1,1,1,1,1,1,1,1,1,1,1,0.33,0.33,0.34,0.33,0.33,0.34,0,0,0,1,0.331450990275449,0.4765500178203502,0.1919989919042008,0.331450990275449,0.4765500178203502,0.1919989919042008,-0,-0,-0,1,0,-5.551115123125783e-17,31.346262,-39226.1121502141,202650,-119.0933547566484,320,0.33,0.33,0.34,0.33,0.33,0.34,0,0,0,-5.551115123125783e-17,31.346262,-39226.1121502141,202650,-119.0933547566484,320,0.33,0.33,0.34,0.33,0.33,0.34,0,0,0,-5.551115123125783e-17
0.022,94.11021079333733,94.11021079333733,0,31.05636956180132,31.05636956180132,31.99747166973469,85.82895410552248,121.5034017755449,75.56039221348554,46.09264127934038,68.6879274399803,33.73838646413164,0,0,0,31.346262,31.346262,0,10.34426646,10.34426646,10.65772908,10.34426646,10.34426646,10.65772908,0,0,0,999.9999868332601,999.9999868332601,0,331.45098591132,476.55001154574,191.9989893762,331.45098591132,476.55001154574,191.9989893762,0,0,0,-39226.1121502141,-39226.1121502141,0,-12944.61700957065,-12944.61700957065,-13336.87813107279,-35574.61662797526,-39671.78119609821,-42337.64961255837,990.4619246841606,1463.649193298381,735.9144097405178,0,0,0,0.2379951664107638,0.1244091294927885,0.05211776025188039,31.90173,31.90173,0,202650,27826.57188551692,19185.23738317802,48229.72047314129,25211.51009171359,10561.66411504356,-119.0933547566484,-119.0933547566484,0,-39.30080706969399,-39.30080706969399,-40.49174061726047,-107.6057612822328,-120.3572823452529,-129.0163245869945,0,0,0,0,0,0,320,1,1,1,1,1,1,1,1,1,1,1,1,1,1,1,0.33,0.33,0.34,0.33,0.33,0.34,0,0,0,1,0.331450990275449,0.4765500178203502,0.1919989919042008,0.331450990275449,0.4765500178203502,0.1919989919042008,-0,-0,-0,1,0,-5.551115123125783e-17,31.346262,-39226.1121502141,202650,-119.0933547566484,320,0.33,0.33,0.34,0.33,0.33,0.34,0,0,0,-5.551115123125783e-17,31.346262,-39226.1121502141,202650,-119.0933547566484,320,0.33,0.33,0.34,0.33,0.33,0.34,0,0,0,-5.551115123125783e-17
0.024,94.11021079333733,94.11021079333733,0,31.05636956180132,31.05636956180132,31.99747166973469,85.82895410552248,121.5034017755449,75.56039221348554,46.09264127934038,68.6879274399803,33.73838646413164,0,0,0,31.346262,31.346262,0,10.34426646,10.34426646,10.65772908,10.34426646,10.34426646,10.65772908,0,0,0,999.9999868332601,999.9999868332601,0,331.45098591132,476.55001154574,191.9989893762,331.45098591132,476.55001154574,191.9989893762,0,0,0,-39226.1121502141,-39226.1121502141,0,-12944.61700957065,-12944.61700957065,-13336.87813107279,-35574.61662797526,-39671.78119609821,-42337.64961255837,990.4619246841606,1463.649193298381,735.9144097405178,0,0,0,0.2379951664107638,0.1244091294927885,0.05211776025188039,31.90173,31.90173,0,202650,27826.57188551692,19185.23738317802,48229.72047314129,25211.51009171359,10561.66411504356,-119.0933547566484,-119.0933547566484,0,-39.30080706969399,-39.30080706969399,-40.49174061726047,-107.6057612822328,-120.3572823452529,-129.0163245869945,0,0,0,0,0,0,320,1,1,1,1,1,1,1,1,1,1,1,1,1,1,1,0.33,0.33,0.34,0.33,0.33,0.34,0,0,0,1,0.331450990275449,0.4765500178203502,0.1919989919042008,0.331450990275449,0.4765500178203502,0.1919989919042008,-0,-0,-0,1,0,-5.551115123125783e-17,31.346262,-39226.1121502141,202650,-119.0933547566484,320,0.33,0.33,0.34,0.33,0.33,0.34,0,0,0,-5.551115123125783e-17,31.346262,-39226.1121502141,202650,-119.0933547566484,320,0.33,0.33,0.34,0.33,0.33,0.34,0,0,0,-5.551115123125783e-17
0.026,94.11021079333733,94.11021079333733,0,31.05636956180132,31.05636956180132,31.99747166973469,85.82895410552248,121.5034017755449,75.56039221348554,46.09264127934038,68.6879274399803,33.73838646413164,0,0,0,31.346262,31.346262,0,10.34426646,10.34426646,10.65772908,10.34426646,10.34426646,10.65772908,0,0,0,999.9999868332601,999.9999868332601,0,331.45098591132,476.55001154574,191.9989893762,331.45098591132,476.55001154574,191.9989893762,0,0,0,-39226.1121502141,-39226.1121502141,0,-12944.61700957065,-12944.61700957065,-13336.87813107279,-35574.61662797526,-39671.78119609821,-42337.64961255837,990.4619246841606,1463.649193298381,735.9144097405178,0,0,0,0.2379951664107638,0.1244091294927885,0.05211776025188039,31.90173,31.90173,0,202650,27826.57188551692,19185.23738317802,48229.72047314129,25211.51009171359,10561.66411504356,-119.0933547566484,-119.0933547566484,0,-39.30080706969399,-39.30080706969399,-40.49174061726047,-107.6057612822328,-120.3572823452529,-129.0163245869945,0,0,0,0,0,0,320,1,1,1,1,1,1,1,1,1,1,1,1,1,1,1,0.33,0.33,0.34,0.33,0.33,0.34,0,0,0,1,0.331450990275449,0.4765500178203502,0.1919989919042008,0.331450990275449,0.4765500178203502,0.1919989919042008,-0,-0,-0,1,0,-5.551115123125783e-17,31.346262,-39226.1121502141,202650,-119.0933547566484,320,0.33,0.33,0.34,0.33,0.33,0.34,0,0,0,-5.551115123125783e-17,31.346262,-39226.1121502141,202650,-119.0933547566484,320,0.33,0.33,0.34,0.33,0.33,0.34,0,0,0,-5.551115123125783e-17
0.028,94.11021079333733,94.11021079333733,0,31.05636956180132,31.05636956180132,31.99747166973469,85.82895410552248,121.5034017755449,75.56039221348554,46.09264127934038,68.6879274399803,33.73838646413164,0,0,0,31.346262,31.346262,0,10.34426646,10.34426646,10.65772908,10.34426646,10.34426646,10.65772908,0,0,0,999.9999868332601,999.9999868332601,0,331.45098591132,476.55001154574,191.9989893762,331.45098591132,476.55001154574,191.9989893762,0,0,0,-39226.1121502141,-39226.1121502141,0,-12944.61700957065,-12944.61700957065,-13336.87813107279,-35574.61662797526,-39671.78119609821,-42337.64961255837,990.4619246841606,1463.649193298381,735.9144097405178,0,0,0,0.2379951664107638,0.1244091294927885,0.05211776025188039,31.90173,31.90173,0,202650,27826.57188551692,19185.23738317802,48229.72047314129,25211.51009171359,10561.66411504356,-119.0933547566484,-119.0933547566484,0,-39.30080706969399,-39.30080706969399,-40.49174061726047,-107.6057612822328,-120.3572823452529,-129.0163245869945,0,0,0,0,0,0,320,1,1,1,1,1,1,1,1,1,1,1,1,1,1,1,0.33,0.33,0.34,0.33,0.33,0.34,0,0,0,1,0.331450990275449,0.4765500178203502,0.1919989919042008,0.331450990275449,0.4765500178203502,0.1919989919042008,-0,-0,-0,1,0,-5.551115123125783e-17,31.346262,-39226.1121502141,202650,-119.0933547566484,320,0.33,0.33,0.34,0.33,0.33,0.34,0,0,0,-5.551115123125783e-17,31.346262,-39226.1121502141,202650,-119.0933547566484,320,0.33,0.33,0.34,0.33,0.33,0.34,0,0,0,-5.551115123125783e-17
0.03,94.11021079333733,94.11021079333733,0,31.05636956180132,31.05636956180132,31.99747166973469,85.82895410552248,121.5034017755449,75.56039221348554,46.09264127934038,68.6879274399803,33.73838646413164,0,0,0,31.346262,31.346262,0,10.34426646,10.34426646,10.65772908,10.34426646,10.34426646,10.65772908,0,0,0,999.9999868332601,999.9999868332601,0,331.45098591132,476.55001154574,191.9989893762,331.45098591132,476.55001154574,191.9989893762,0,0,0,-39226.1121502141,-39226.1121502141,0,-12944.61700957065,-12944.61700957065,-13336.87813107279,-35574.61662797526,-39671.78119609821,-42337.64961255837,990.4619246841606,1463.649193298381,735.9144097405178,0,0,0,0.2379951664107638,0.1244091294927885,0.05211776025188039,31.90173,31.90173,0,202650,27826.57188551692,19185.23738317802,48229.72047314129,25211.51009171359,10561.66411504356,-119.0933547566484,-119.0933547566484,0,-39.30080706969399,-39.30080706969399,-40.49174061726047,-107.6057612822328,-120.3572823452529,-129.0163245869945,0,0,0,0,0,0,320,1,1,1,1,1,1,1,1,1,1,1,1,1,1,1,0.33,0.33,0.34,0.33,0.33,0.34,0,0,0,1,0.331450990275449,0.4765500178203502,0.1919989919042008,0.331450990275449,0.4765500178203502,0.1919989919042008,-0,-0,-0,1,0,-5.551115123125783e-17,31.346262,-39226.1121502141,202650,-119.0933547566484,320,0.33,0.33,0.34,0.33,0.33,0.34,0,0,0,-5.551115123125783e-17,31.346262,-39226.1121502141,202650,-119.0933547566484,320,0.33,0.33,0.34,0.33,0.33,0.34,0,0,0,-5.551115123125783e-17
0.032,94.11021079333733,94.11021079333733,0,31.05636956180132,31.05636956180132,31.99747166973469,85.82895410552248,121.5034017755449,75.56039221348554,46.09264127934038,68.6879274399803,33.73838646413164,0,0,0,31.346262,31.346262,0,10.34426646,10.34426646,10.65772908,10.34426646,10.34426646,10.65772908,0,0,0,999.9999868332601,999.9999868332601,0,331.45098591132,476.55001154574,191.9989893762,331.45098591132,476.55001154574,191.9989893762,0,0,0,-39226.1121502141,-39226.1121502141,0,-12944.61700957065,-12944.61700957065,-13336.87813107279,-35574.61662797526,-39671.78119609821,-42337.64961255837,990.4619246841606,1463.649193298381,735.9144097405178,0,0,0,0.2379951664107638,0.1244091294927885,0.05211776025188039,31.90173,31.90173,0,202650,27826.57188551692,19185.23738317802,48229.72047314129,25211.51009171359,10561.66411504356,-119.0933547566484,-119.0933547566484,0,-39.30080706969399,-39.30080706969399,-40.49174061726047,-107.6057612822328,-120.3572823452529,-129.0163245869945,0,0,0,0,0,0,320,1,1,1,1,1,1,1,1,1,1,1,1,1,1,1,0.33,0.33,0.34,0.33,0.33,0.34,0,0,0,1,0.331450990275449,0.4765500178203502,0.1919989919042008,0.331450990275449,0.4765500178203502,0.1919989919042008,-0,-0,-0,1,0,-5.551115123125783e-17,31.346262,-39226.1121502141,202650,-119.0933547566484,320,0.33,0.33,0.34,0.33,0.33,0.34,0,0,0,-5.551115123125783e-17,31.346262,-39226.1121502141,202650,-119.0933547566484,320,0.33,0.33,0.34,0.33,0.33,0.34,0,0,0,-5.551115123125783e-17
0.034,94.11021079333733,94.11021079333733,0,31.05636956180132,31.05636956180132,31.99747166973469,85.82895410552248,121.5034017755449,75.56039221348554,46.09264127934038,68.6879274399803,33.73838646413164,0,0,0,31.346262,31.346262,0,10.34426646,10.34426646,10.65772908,10.34426646,10.34426646,10.65772908,0,0,0,999.9999868332601,999.9999868332601,0,331.45098591132,476.55001154574,191.9989893762,331.45098591132,476.55001154574,191.9989893762,0,0,0,-39226.1121502141,-39226.1121502141,0,-12944.61700957065,-12944.61700957065,-13336.87813107279,-35574.61662797526,-39671.78119609821,-42337.64961255837,990.4619246841606,1463.649193298381,735.9144097405178,0,0,0,0.2379951664107638,0.1244091294927885,0.05211776025188039,31.90173,31.90173,0,202650,27826.57188551692,19185.23738317802,48229.72047314129,25211.51009171359,10561.66411504356,-119.0933547566484,-119.0933547566484,0,-39.30080706969399,-39.30080706969399,-40.49174061726047,-107.6057612822328,-120.3572823452529,-129.0163245869945,0,0,0,0,0,0,320,1,1,1,1,1,1,1,1,1,1,1,1,1,1,1,0.33,0.33,0.34,0.33,0.33,0.34,0,0,0,1,0.331450990275449,0.4765500178203502,0.1919989919042008,0.331450990275449,0.4765500178203502,0.1919989919042008,-0,-0,-0,1,0,-5.551115123125783e-17,31.346262,-39226.1121502141,202650,-119.0933547566484,320,0.33,0.33,0.34,0.33,0.33,0.34,0,0,0,-5.551115123125783e-17,31.346262,-39226.1121502141,202650,-119.0933547566484,320,0.33,0.33,0.34,0.33,0.33,0.34,0,0,0,-5.551115123125783e-17
0.036,94.11021079333733,94.11021079333733,0,31.05636956180132,31.05636956180132,31.99747166973469,85.82895410552248,121.5034017755449,75.56039221348554,46.09264127934038,68.6879274399803,33.73838646413164,0,0,0,31.346262,31.346262,0,10.34426646,10.34426646,10.65772908,10.34426646,10.34426646,10.65772908,0,0,0,999.9999868332601,999.9999868332601,0,331.45098591132,476.55001154574,191.9989893762,331.45098591132,476.55001154574,191.9989893762,0,0,0,-39226.1121502141,-39226.1121502141,0,-12944.61700957065,-12944.61700957065,-13336.87813107279,-35574.61662797526,-39671.78119609821,-42337.64961255837,990.4619246841606,1463.649193298381,735.9144097405178,0,0,0,0.2379951664107638,0.1244091294927885,0.05211776025188039,31.90173,31.90173,0,202650,27826.57188551692,19185.23738317802,48229.72047314129,25211.51009171359,10561.66411504356,-119.0933547566484,-119.0933547566484,0,-39.30080706969399,-39.30080706969399,-40.49174061726047,-107.6057612822328,-120.3572823452529,-129.0163245869945,0,0,0,0,0,0,320,1,1,1,1,1,1,1,1,1,1,1,1,1,1,1,0.33,0.33,0.34,0.33,0.33,0.34,0,0,0,1,0.331450990275449,0.4765500178203502,0.1919989919042008,0.331450990275449,0.4765500178203502,0.1919989919042008,-0,-0,-0,1,0,-5.551115123125783e-17,31.346262,-39226.1121502141,202650,-119.0933547566484,320,0.33,0.33,0.34,0.33,0.33,0.34,0,0,0,-5.551115123125783e-17,31.346262,-39226.1121502141,202650,-119.0933547566484,320,0.33,0.33,0.34,0.33,0.33,0.34,0,0,0,-5.551115123125783e-17
0.038,94.11021079333733,94.11021079333733,0,31.05636956180132,31.05636956180132,31.99747166973469,85.82895410552248,121.5034017755449,75.56039221348554,46.09264127934038,68.6879274399803,33.73838646413164,0,0,0,31.346262,31.346262,0,10.34426646,10.34426646,10.65772908,10.34426646,10.34426646,10.65772908,0,0,0,999.9999868332601,999.9999868332601,0,331.45098591132,476.55001154574,191.9989893762,331.45098591132,476.55001154574,191.9989893762,0,0,0,-39226.1121502141,-39226.1121502141,0,-12944.61700957065,-12944.61700957065,-13336.87813107279,-35574.61662797526,-39671.78119609821,-42337.64961255837,990.4619246841606,1463.649193298381,735.9144097405178,0,0,0,0.2379951664107638,0.1244091294927885,0.05211776025188039,31.90173,31.90173,0,202650,27826.57188551692,19185.23738317802,48229.72047314129,25211.51009171359,10561.66411504356,-119.0933547566484,-119.0933547566484,0,-39.30080706969399,-39.30080706969399,-40.49174061726047,-107.6057612822328,-120.3572823452529,-129.0163245869945,0,0,0,0,0,0,320,1,1,1,1,1,1,1,1,1,1,1,1,1,1,1,0.33,0.33,0.34,0.33,0.33,0.34,0,0,0,1,0.331450990275449,0.4765500178203502,0.1919989919042008,0.331450990275449,0.4765500178203502,0.1919989919042008,-0,-0,-0,1,0,-5.551115123125783e-17,31.346262,-39226.1121502141,202650,-119.0933547566484,320,0.33,0.33,0.34,0.33,0.33,0.34,0,0,0,-5.551115123125783e-17,31.346262,-39226.1121502141,202650,-119.0933547566484,320,0.33,0.33,0.34,0.33,0.33,0.34,0,0,0,-5.551115123125783e-17
0.04,94.11021079333733,94.11021079333733,0,31.05636956180132,31.05636956180132,31.99747166973469,85.82895410552248,121.5034017755449,75.56039221348554,46.09264127934038,68.6879274399803,33.73838646413164,0,0,0,31.346262,31.346262,0,10.34426646,10.34426646,10.65772908,10.34426646,10.34426646,10.65772908,0,0,0,999.9999868332601,999.9999868332601,0,331.45098591132,476.55001154574,191.9989893762,331.45098591132,476.55001154574,191.9989893762,0,0,0,-39226.1121502141,-39226.1121502141,0,-12944.61700957065,-12944.61700957065,-13336.87813107279,-35574.61662797526,-39671.78119609821,-42337.64961255837,990.4619246841606,1463.649193298381,735.9144097405178,0,0,0,0.2379951664107638,0.1244091294927885,0.05211776025188039,31.90173,31.90173,0,202650,27826.57188551692,19185.23738317802,48229.72047314129,25211.51009171359,10561.66411504356,-119.0933547566484,-119.0933547566484,0,-39.30080706969399,-39.30080706969399,-40.49174061726047,-107.6057612822328,-120.3572823452529,-129.0163245869945,0,0,0,0,0,0,320,1,1,1,1,1,1,1,1,1,1,1,1,1,1,1,0.33,0.33,0.34,0.33,0.33,0.34,0,0,0,1,0.331450990275449,0.4765500178203502,0.1919989919042008,0.331450990275449,0.4765500178203502,0.1919989919042008,-0,-0,-0,1,0,-5.551115123125783e-17,31.346262,-39226.1121502141,202650,-119.0933547566484,320,0.33,0.33,0.34,0.33,0.33,0.34,0,0,0,-5.551115123125783e-17,31.346262,-39226.1121502141,202650,-119.0933547566484,320,0.33,0.33,0.34,0.33,0.33,0.34,0,0,0,-5.551115123125783e-17
0.042,94.11021079333733,94.11021079333733,0,31.05636956180132,31.05636956180132,31.99747166973469,85.82895410552248,121.5034017755449,75.56039221348554,46.09264127934038,68.6879274399803,33.73838646413164,0,0,0,31.346262,31.346262,0,10.34426646,10.34426646,10.65772908,10.34426646,10.34426646,10.65772908,0,0,0,999.9999868332601,999.9999868332601,0,331.45098591132,476.55001154574,191.9989893762,331.45098591132,476.55001154574,191.9989893762,0,0,0,-39226.1121502141,-39226.1121502141,0,-12944.61700957065,-12944.61700957065,-13336.87813107279,-35574.61662797526,-39671.78119609821,-42337.64961255837,990.4619246841606,1463.649193298381,735.9144097405178,0,0,0,0.2379951664107638,0.1244091294927885,0.05211776025188039,31.90173,31.90173,0,202650,27826.57188551692,19185.23738317802,48229.72047314129,25211.51009171359,10561.66411504356,-119.0933547566484,-119.0933547566484,0,-39.30080706969399,-39.30080706969399,-40.49174061726047,-107.6057612822328,-120.3572823452529,-129.0163245869945,0,0,0,0,0,0,320,1,1,1,1,1,1,1,1,1,1,1,1,1,1,1,0.33,0.33,0.34,0.33,0.33,0.34,0,0,0,1,0.331450990275449,0.4765500178203502,0.1919989919042008,0.331450990275449,0.4765500178203502,0.1919989919042008,-0,-0,-0,1,0,-5.551115123125783e-17,31.346262,-39226.1121502141,202650,-119.0933547566484,320,0.33,0.33,0.34,0.33,0.33,0.34,0,0,0,-5.551115123125783e-17,31.346262,-39226.1121502141,202650,-119.0933547566484,320,0.33,0.33,0.34,0.33,0.33,0.34,0,0,0,-5.551115123125783e-17
0.044,94.11021079333733,94.11021079333733,0,31.05636956180132,31.05636956180132,31.99747166973469,85.82895410552248,121.5034017755449,75.56039221348554,46.09264127934038,68.6879274399803,33.73838646413164,0,0,0,31.346262,31.346262,0,10.34426646,10.34426646,10.65772908,10.34426646,10.34426646,10.65772908,0,0,0,999.9999868332601,999.9999868332601,0,331.45098591132,476.55001154574,191.9989893762,331.45098591132,476.55001154574,191.9989893762,0,0,0,-39226.1121502141,-39226.1121502141,0,-12944.61700957065,-12944.61700957065,-13336.87813107279,-35574.61662797526,-39671.78119609821,-42337.64961255837,990.4619246841606,1463.649193298381,735.9144097405178,0,0,0,0.2379951664107638,0.1244091294927885,0.05211776025188039,31.90173,31.90173,0,202650,27826.57188551692,19185.23738317802,48229.72047314129,25211.51009171359,10561.66411504356,-119.0933547566484,-119.0933547566484,0,-39.30080706969399,-39.30080706969399,-40.49174061726047,-107.6057612822328,-120.3572823452529,-129.0163245869945,0,0,0,0,0,0,320,1,1,1,1,1,1,1,1,1,1,1,1,1,1,1,0.33,0.33,0.34,0.33,0.33,0.34,0,0,0,1,0.331450990275449,0.4765500178203502,0.1919989919042008,0.331450990275449,0.4765500178203502,0.1919989919042008,-0,-0,-0,1,0,-5.551115123125783e-17,31.346262,-39226.1121502141,202650,-119.0933547566484,320,0.33,0.33,0.34,0.33,0.33,0.34,0,0,0,-5.551115123125783e-17,31.346262,-39226.1121502141,202650,-119.0933547566484,320,0.33,0.33,0.34,0.33,0.33,0.34,0,0,0,-5.551115123125783e-17
0.046,94.11021079333733,94.11021079333733,0,31.05636956180132,31.05636956180132,31.99747166973469,85.82895410552248,121.5034017755449,75.56039221348554,46.09264127934038,68.6879274399803,33.73838646413164,0,0,0,31.346262,31.346262,0,10.34426646,10.34426646,10.65772908,10.34426646,10.34426646,10.65772908,0,0,0,999.9999868332601,999.9999868332601,0,331.45098591132,476.55001154574,191.9989893762,331.45098591132,476.55001154574,191.9989893762,0,0,0,-39226.1121502141,-39226.1121502141,0,-12944.61700957065,-12944.61700957065,-13336.87813107279,-35574.61662797526,-39671.78119609821,-42337.64961255837,990.4619246841606,1463.649193298381,735.9144097405178,0,0,0,0.2379951664107638,0.1244091294927885,0.05211776025188039,31.90173,31.90173,0,202650,27826.57188551692,19185.23738317802,48229.72047314129,25211.51009171359,10561.66411504356,-119.0933547566484,-119.0933547566484,0,-39.30080706969399,-39.30080706969399,-40.49174061726047,-107.6057612822328,-120.3572823452529,-129.0163245869945,0,0,0,0,0,0,320,1,1,1,1,1,1,1,1,1,1,1,1,1,1,1,0.33,0.33,0.34,0.33,0.33,0.34,0,0,0,1,0.331450990275449,0.4765500178203502,0.1919989919042008,0.331450990275449,0.4765500178203502,0.1919989919042008,-0,-0,-0,1,0,-5.551115123125783e-17,31.346262,-39226.1121502141,202650,-119.0933547566484,320,0.33,0.33,0.34,0.33,0.33,0.34,0,0,0,-5.551115123125783e-17,31.346262,-39226.1121502141,202650,-119.0933547566484,320,0.33,0.33,0.34,0.33,0.33,0.34,0,0,0,-5.551115123125783e-17
0.048,94.11021079333733,94.11021079333733,0,31.05636956180132,31.05636956180132,31.99747166973469,85.82895410552248,121.5034017755449,75.56039221348554,46.09264127934038,68.6879274399803,33.73838646413164,0,0,0,31.346262,31.346262,0,10.34426646,10.34426646,10.65772908,10.34426646,10.34426646,10.65772908,0,0,0,999.9999868332601,999.9999868332601,0,331.45098591132,476.55001154574,191.9989893762,331.45098591132,476.55001154574,191.9989893762,0,0,0,-39226.1121502141,-39226.1121502141,0,-12944.61700957065,-12944.61700957065,-13336.87813107279,-35574.61662797526,-39671.78119609821,-42337.64961255837,990.4619246841606,1463.649193298381,735.9144097405178,0,0,0,0.2379951664107638,0.1244091294927885,0.05211776025188039,31.90173,31.90173,0,202650,27826.57188551692,19185.23738317802,48229.72047314129,25211.51009171359,10561.66411504356,-119.0933547566484,-119.0933547566484,0,-39.30080706969399,-39.30080706969399,-40.49174061726047,-107.6057612822328,-120.3572823452529,-129.0163245869945,0,0,0,0,0,0,320,1,1,1,1,1,1,1,1,1,1,1,1,1,1,1,0.33,0.33,0.34,0.33,0.33,0.34,0,0,0,1,0.331450990275449,0.4765500178203502,0.1919989919042008,0.331450990275449,0.4765500178203502,0.1919989919042008,-0,-0,-0,1,0,-5.551115123125783e-17,31.346262,-39226.1121502141,202650,-119.0933547566484,320,0.33,0.33,0.34,0.33,0.33,0.34,0,0,0,-5.551115123125783e-17,31.346262,-39226.1121502141,202650,-119.0933547566484,320,0.33,0.33,0.34,0.33,0.33,0.34,0,0,0,-5.551115123125783e-17
0.05,94.11021079333733,94.11021079333733,0,31.05636956180132,31.05636956180132,31.99747166973469,85.82895410552248,121.5034017755449,75.56039221348554,46.09264127934038,68.6879274399803,33.73838646413164,0,0,0,31.346262,31.346262,0,10.34426646,10.34426646,10.65772908,10.34426646,10.34426646,10.65772908,0,0,0,999.9999868332601,999.9999868332601,0,331.45098591132,476.55001154574,191.9989893762,331.45098591132,476.55001154574,191.9989893762,0,0,0,-39226.1121502141,-39226.1121502141,0,-12944.61700957065,-12944.61700957065,-13336.87813107279,-35574.61662797526,-39671.78119609821,-42337.64961255837,990.4619246841606,1463.649193298381,735.9144097405178,0,0,0,0.2379951664107638,0.1244091294927885,0.05211776025188039,31.90173,31.90173,0,202650,27826.57188551692,19185.23738317802,48229.72047314129,25211.51009171359,10561.66411504356,-119.0933547566484,-119.0933547566484,0,-39.30080706969399,-39.30080706969399,-40.49174061726047,-107.6057612822328,-120.3572823452529,-129.0163245869945,0,0,0,0,0,0,320,1,1,1,1,1,1,1,1,1,1,1,1,1,1,1,0.33,0.33,0.34,0.33,0.33,0.34,0,0,0,1,0.331450990275449,0.4765500178203502,0.1919989919042008,0.331450990275449,0.4765500178203502,0.1919989919042008,-0,-0,-0,1,0,-5.551115123125783e-17,31.346262,-39226.1121502141,202650,-119.0933547566484,320,0.33,0.33,0.34,0.33,0.33,0.34,0,0,0,-5.551115123125783e-17,31.346262,-39226.1121502141,202650,-119.0933547566484,320,0.33,0.33,0.34,0.33,0.33,0.34,0,0,0,-5.551115123125783e-17
0.052,94.11021079333733,94.11021079333733,0,31.05636956180132,31.05636956180132,31.99747166973469,85.82895410552248,121.5034017755449,75.56039221348554,46.09264127934038,68.6879274399803,33.73838646413164,0,0,0,31.346262,31.346262,0,10.34426646,10.34426646,10.65772908,10.34426646,10.34426646,10.65772908,0,0,0,999.9999868332601,999.9999868332601,0,331.45098591132,476.55001154574,191.9989893762,331.45098591132,476.55001154574,191.9989893762,0,0,0,-39226.1121502141,-39226.1121502141,0,-12944.61700957065,-12944.61700957065,-13336.87813107279,-35574.61662797526,-39671.78119609821,-42337.64961255837,990.4619246841606,1463.649193298381,735.9144097405178,0,0,0,0.2379951664107638,0.1244091294927885,0.05211776025188039,31.90173,31.90173,0,202650,27826.57188551692,19185.23738317802,48229.72047314129,25211.51009171359,10561.66411504356,-119.0933547566484,-119.0933547566484,0,-39.30080706969399,-39.30080706969399,-40.49174061726047,-107.6057612822328,-120.3572823452529,-129.0163245869945,0,0,0,0,0,0,320,1,1,1,1,1,1,1,1,1,1,1,1,1,1,1,0.33,0.33,0.34,0.33,0.33,0.34,0,0,0,1,0.331450990275449,0.4765500178203502,0.1919989919042008,0.331450990275449,0.4765500178203502,0.1919989919042008,-0,-0,-0,1,0,-5.551115123125783e-17,31.346262,-39226.1121502141,202650,-119.0933547566484,320,0.33,0.33,0.34,0.33,0.33,0.34,0,0,0,-5.551115123125783e-17,31.346262,-39226.1121502141,202650,-119.0933547566484,320,0.33,0.33,0.34,0.33,0.33,0.34,0,0,0,-5.551115123125783e-17
0.054,94.11021079333733,94.11021079333733,0,31.05636956180132,31.05636956180132,31.99747166973469,85.82895410552248,121.5034017755449,75.56039221348554,46.09264127934038,68.6879274399803,33.73838646413164,0,0,0,31.346262,31.346262,0,10.34426646,10.34426646,10.65772908,10.34426646,10.34426646,10.65772908,0,0,0,999.9999868332601,999.9999868332601,0,331.45098591132,476.55001154574,191.9989893762,331.45098591132,476.55001154574,191.9989893762,0,0,0,-39226.1121502141,-39226.1121502141,0,-12944.61700957065,-12944.61700957065,-13336.87813107279,-35574.61662797526,-39671.78119609821,-42337.64961255837,990.4619246841606,1463.649193298381,735.9144097405178,0,0,0,0.2379951664107638,0.1244091294927885,0.05211776025188039,31.90173,31.90173,0,202650,27826.57188551692,19185.23738317802,48229.72047314129,25211.51009171359,10561.66411504356,-119.0933547566484,-119.0933547566484,0,-39.30080706969399,-39.30080706969399,-40.49174061726047,-107.6057612822328,-120.3572823452529,-129.0163245869945,0,0,0,0,0,0,320,1,1,1,1,1,1,1,1,1,1,1,1,1,1,1,0.33,0.33,0.34,0.33,0.33,0.34,0,0,0,1,0.331450990275449,0.4765500178203502,0.1919989919042008,0.331450990275449,0.4765500178203502,0.1919989919042008,-0,-0,-0,1,0,-5.551115123125783e-17,31.346262,-39226.1121502141,202650,-119.0933547566484,320,0.33,0.33,0.34,0.33,0.33,0.34,0,0,0,-5.551115123125783e-17,31.346262,-39226.1121502141,202650,-119.0933547566484,320,0.33,0.33,0.34,0.33,0.33,0.34,0,0,0,-5.551115123125783e-17
0.056,94.11021079333733,94.11021079333733,0,31.05636956180132,31.05636956180132,31.99747166973469,85.82895410552248,121.5034017755449,75.56039221348554,46.09264127934038,68.6879274399803,33.73838646413164,0,0,0,31.346262,31.346262,0,10.34426646,10.34426646,10.65772908,10.34426646,10.34426646,10.65772908,0,0,0,999.9999868332601,999.9999868332601,0,331.45098591132,476.55001154574,191.9989893762,331.45098591132,476.55001154574,191.9989893762,0,0,0,-39226.1121502141,-39226.1121502141,0,-12944.61700957065,-12944.61700957065,-13336.87813107279,-35574.61662797526,-39671.78119609821,-42337.64961255837,990.4619246841606,1463.649193298381,735.9144097405178,0,0,0,0.2379951664107638,0.1244091294927885,0.05211776025188039,31.90173,31.90173,0,202650,27826.57188551692,19185.23738317802,48229.72047314129,25211.51009171359,10561.66411504356,-119.0933547566484,-119.0933547566484,0,-39.30080706969399,-39.30080706969399,-40.49174061726047,-107.6057612822328,-120.3572823452529,-129.0163245869945,0,0,0,0,0,0,320,1,1,1,1,1,1,1,1,1,1,1,1,1,1,1,0.33,0.33,0.34,0.33,0.33,0.34,0,0,0,1,0.331450990275449,0.4765500178203502,0.1919989919042008,0.331450990275449,0.4765500178203502,0.1919989919042008,-0,-0,-0,1,0,-5.551115123125783e-17,31.346262,-39226.1121502141,202650,-119.0933547566484,320,0.33,0.33,0.34,0.33,0.33,0.34,0,0,0,-5.551115123125783e-17,31.346262,-39226.1121502141,202650,-119.0933547566484,320,0.33,0.33,0.34,0.33,0.33,0.34,0,0,0,-5.551115123125783e-17
0.058,94.11021079333733,94.11021079333733,0,31.05636956180132,31.05636956180132,31.99747166973469,85.82895410552248,121.5034017755449,75.56039221348554,46.09264127934038,68.6879274399803,33.73838646413164,0,0,0,31.346262,31.346262,0,10.34426646,10.34426646,10.65772908,10.34426646,10.34426646,10.65772908,0,0,0,999.9999868332601,999.9999868332601,0,331.45098591132,476.55001154574,191.9989893762,331.45098591132,476.55001154574,191.9989893762,0,0,0,-39226.1121502141,-39226.1121502141,0,-12944.61700957065,-12944.61700957065,-13336.87813107279,-35574.61662797526,-39671.78119609821,-42337.64961255837,990.4619246841606,1463.649193298381,735.9144097405178,0,0,0,0.2379951664107638,0.1244091294927885,0.05211776025188039,31.90173,31.90173,0,202650,27826.57188551692,19185.23738317802,48229.72047314129,25211.51009171359,10561.66411504356,-119.0933547566484,-119.0933547566484,0,-39.30080706969399,-39.30080706969399,-40.49174061726047,-107.6057612822328,-120.3572823452529,-129.0163245869945,0,0,0,0,0,0,320,1,1,1,1,1,1,1,1,1,1,1,1,1,1,1,0.33,0.33,0.34,0.33,0.33,0.34,0,0,0,1,0.331450990275449,0.4765500178203502,0.1919989919042008,0.331450990275449,0.4765500178203502,0.1919989919042008,-0,-0,-0,1,0,-5.551115123125783e-17,31.346262,-39226.1121502141,202650,-119.0933547566484,320,0.33,0.33,0.34,0.33,0.33,0.34,0,0,0,-5.551115123125783e-17,31.346262,-39226.1121502141,202650,-119.0933547566484,320,0.33,0.33,0.34,0.33,0.33,0.34,0,0,0,-5.551115123125783e-17
0.06,94.11021079333733,94.11021079333733,0,31.05636956180132,31.05636956180132,31.99747166973469,85.82895410552248,121.5034017755449,75.56039221348554,46.09264127934038,68.6879274399803,33.73838646413164,0,0,0,31.346262,31.346262,0,10.34426646,10.34426646,10.65772908,10.34426646,10.34426646,10.65772908,0,0,0,999.9999868332601,999.9999868332601,0,331.45098591132,476.55001154574,191.9989893762,331.45098591132,476.55001154574,191.9989893762,0,0,0,-39226.1121502141,-39226.1121502141,0,-12944.61700957065,-12944.61700957065,-13336.87813107279,-35574.61662797526,-39671.78119609821,-42337.64961255837,990.4619246841606,1463.649193298381,735.9144097405178,0,0,0,0.2379951664107638,0.1244091294927885,0.05211776025188039,31.90173,31.90173,0,202650,27826.57188551692,19185.23738317802,48229.72047314129,25211.51009171359,10561.66411504356,-119.0933547566484,-119.0933547566484,0,-39.30080706969399,-39.30080706969399,-40.49174061726047,-107.6057612822328,-120.3572823452529,-129.0163245869945,0,0,0,0,0,0,320,1,1,1,1,1,1,1,1,1,1,1,1,1,1,1,0.33,0.33,0.34,0.33,0.33,0.34,0,0,0,1,0.331450990275449,0.4765500178203502,0.1919989919042008,0.331450990275449,0.4765500178203502,0.1919989919042008,-0,-0,-0,1,0,-5.551115123125783e-17,31.346262,-39226.1121502141,202650,-119.0933547566484,320,0.33,0.33,0.34,0.33,0.33,0.34,0,0,0,-5.551115123125783e-17,31.346262,-39226.1121502141,202650,-119.0933547566484,320,0.33,0.33,0.34,0.33,0.33,0.34,0,0,0,-5.551115123125783e-17
0.062,94.11021079333733,94.11021079333733,0,31.05636956180132,31.05636956180132,31.99747166973469,85.82895410552248,121.5034017755449,75.56039221348554,46.09264127934038,68.6879274399803,33.73838646413164,0,0,0,31.346262,31.346262,0,10.34426646,10.34426646,10.65772908,10.34426646,10.34426646,10.65772908,0,0,0,999.9999868332601,999.9999868332601,0,331.45098591132,476.55001154574,191.9989893762,331.45098591132,476.55001154574,191.9989893762,0,0,0,-39226.1121502141,-39226.1121502141,0,-12944.61700957065,-12944.61700957065,-13336.87813107279,-35574.61662797526,-39671.78119609821,-42337.64961255837,990.4619246841606,1463.649193298381,735.9144097405178,0,0,0,0.2379951664107638,0.1244091294927885,0.05211776025188039,31.90173,31.90173,0,202650,27826.57188551692,19185.23738317802,48229.72047314129,25211.51009171359,10561.66411504356,-119.0933547566484,-119.0933547566484,0,-39.30080706969399,-39.30080706969399,-40.49174061726047,-107.6057612822328,-120.3572823452529,-129.0163245869945,0,0,0,0,0,0,320,1,1,1,1,1,1,1,1,1,1,1,1,1,1,1,0.33,0.33,0.34,0.33,0.33,0.34,0,0,0,1,0.331450990275449,0.4765500178203502,0.1919989919042008,0.331450990275449,0.4765500178203502,0.1919989919042008,-0,-0,-0,1,0,-5.551115123125783e-17,31.346262,-39226.1121502141,202650,-119.0933547566484,320,0.33,0.33,0.34,0.33,0.33,0.34,0,0,0,-5.551115123125783e-17,31.346262,-39226.1121502141,202650,-119.0933547566484,320,0.33,0.33,0.34,0.33,0.33,0.34,0,0,0,-5.551115123125783e-17
0.064,94.11021079333733,94.11021079333733,0,31.05636956180132,31.05636956180132,31.99747166973469,85.82895410552248,121.5034017755449,75.56039221348554,46.09264127934038,68.6879274399803,33.73838646413164,0,0,0,31.346262,31.346262,0,10.34426646,10.34426646,10.65772908,10.34426646,10.34426646,10.65772908,0,0,0,999.9999868332601,999.9999868332601,0,331.45098591132,476.55001154574,191.9989893762,331.45098591132,476.55001154574,191.9989893762,0,0,0,-39226.1121502141,-39226.1121502141,0,-12944.61700957065,-12944.61700957065,-13336.87813107279,-35574.61662797526,-39671.78119609821,-42337.64961255837,990.4619246841606,1463.649193298381,735.9144097405178,0,0,0,0.2379951664107638,0.1244091294927885,0.05211776025188039,31.90173,31.90173,0,202650,27826.57188551692,19185.23738317802,48229.72047314129,25211.51009171359,10561.66411504356,-119.0933547566484,-119.0933547566484,0,-39.30080706969399,-39.30080706969399,-40.49174061726047,-107.6057612822328,-120.3572823452529,-129.0163245869945,0,0,0,0,0,0,320,1,1,1,1,1,1,1,1,1,1,1,1,1,1,1,0.33,0.33,0.34,0.33,0.33,0.34,0,0,0,1,0.331450990275449,0.4765500178203502,0.1919989919042008,0.331450990275449,0.4765500178203502,0.1919989919042008,-0,-0,-0,1,0,-5.551115123125783e-17,31.346262,-39226.1121502141,202650,-119.0933547566484,320,0.33,0.33,0.34,0.33,0.33,0.34,0,0,0,-5.551115123125783e-17,31.346262,-39226.1121502141,202650,-119.0933547566484,320,0.33,0.33,0.34,0.33,0.33,0.34,0,0,0,-5.551115123125783e-17
0.066,94.11021079333733,94.11021079333733,0,31.05636956180132,31.05636956180132,31.99747166973469,85.82895410552248,121.5034017755449,75.56039221348554,46.09264127934038,68.6879274399803,33.73838646413164,0,0,0,31.346262,31.346262,0,10.34426646,10.34426646,10.65772908,10.34426646,10.34426646,10.65772908,0,0,0,999.9999868332601,999.9999868332601,0,331.45098591132,476.55001154574,191.9989893762,331.45098591132,476.55001154574,191.9989893762,0,0,0,-39226.1121502141,-39226.1121502141,0,-12944.61700957065,-12944.61700957065,-13336.87813107279,-35574.61662797526,-39671.78119609821,-42337.64961255837,990.4619246841606,1463.649193298381,735.9144097405178,0,0,0,0.2379951664107638,0.1244091294927885,0.05211776025188039,31.90173,31.90173,0,202650,27826.57188551692,19185.23738317802,48229.72047314129,25211.51009171359,10561.66411504356,-119.0933547566484,-119.0933547566484,0,-39.30080706969399,-39.30080706969399,-40.49174061726047,-107.6057612822328,-120.3572823452529,-129.0163245869945,0,0,0,0,0,0,320,1,1,1,1,1,1,1,1,1,1,1,1,1,1,1,0.33,0.33,0.34,0.33,0.33,0.34,0,0,0,1,0.331450990275449,0.4765500178203502,0.1919989919042008,0.331450990275449,0.4765500178203502,0.1919989919042008,-0,-0,-0,1,0,-5.551115123125783e-17,31.346262,-39226.1121502141,202650,-119.0933547566484,320,0.33,0.33,0.34,0.33,0.33,0.34,0,0,0,-5.551115123125783e-17,31.346262,-39226.1121502141,202650,-119.0933547566484,320,0.33,0.33,0.34,0.33,0.33,0.34,0,0,0,-5.551115123125783e-17
0.068,94.11021079333733,94.11021079333733,0,31.05636956180132,31.05636956180132,31.99747166973469,85.82895410552248,121.5034017755449,75.56039221348554,46.09264127934038,68.6879274399803,33.73838646413164,0,0,0,31.346262,31.346262,0,10.34426646,10.34426646,10.65772908,10.34426646,10.34426646,10.65772908,0,0,0,999.9999868332601,999.9999868332601,0,331.45098591132,476.55001154574,191.9989893762,331.45098591132,476.55001154574,191.9989893762,0,0,0,-39226.1121502141,-39226.1121502141,0,-12944.61700957065,-12944.61700957065,-13336.87813107279,-35574.61662797526,-39671.78119609821,-42337.64961255837,990.4619246841606,1463.649193298381,735.9144097405178,0,0,0,0.2379951664107638,0.1244091294927885,0.05211776025188039,31.90173,31.90173,0,202650,27826.57188551692,19185.23738317802,48229.72047314129,25211.51009171359,10561.66411504356,-119.0933547566484,-119.0933547566484,0,-39.30080706969399,-39.30080706969399,-40.49174061726047,-107.6057612822328,-120.3572823452529,-129.0163245869945,0,0,0,0,0,0,320,1,1,1,1,1,1,1,1,1,1,1,1,1,1,1,0.33,0.33,0.34,0.33,0.33,0.34,0,0,0,1,0.331450990275449,0.4765500178203502,0.1919989919042008,0.331450990275449,0.4765500178203502,0.1919989919042008,-0,-0,-0,1,0,-5.551115123125783e-17,31.346262,-39226.1121502141,202650,-119.0933547566484,320,0.33,0.33,0.34,0.33,0.33,0.34,0,0,0,-5.551115123125783e-17,31.346262,-39226.1121502141,202650,-119.0933547566484,320,0.33,0.33,0.34,0.33,0.33,0.34,0,0,0,-5.551115123125783e-17
0.07000000000000001,94.11021079333733,94.11021079333733,0,31.05636956180132,31.05636956180132,31.99747166973469,85.82895410552248,121.5034017755449,75.56039221348554,46.09264127934038,68.6879274399803,33.73838646413164,0,0,0,31.346262,31.346262,0,10.34426646,10.34426646,10.65772908,10.34426646,10.34426646,10.65772908,0,0,0,999.9999868332601,999.9999868332601,0,331.45098591132,476.55001154574,191.9989893762,331.45098591132,476.55001154574,191.9989893762,0,0,0,-39226.1121502141,-39226.1121502141,0,-12944.61700957065,-12944.61700957065,-13336.87813107279,-35574.61662797526,-39671.78119609821,-42337.64961255837,990.4619246841606,1463.649193298381,735.9144097405178,0,0,0,0.2379951664107638,0.1244091294927885,0.05211776025188039,31.90173,31.90173,0,202650,27826.57188551692,19185.23738317802,48229.72047314129,25211.51009171359,10561.66411504356,-119.0933547566484,-119.0933547566484,0,-39.30080706969399,-39.30080706969399,-40.49174061726047,-107.6057612822328,-120.3572823452529,-129.0163245869945,0,0,0,0,0,0,320,1,1,1,1,1,1,1,1,1,1,1,1,1,1,1,0.33,0.33,0.34,0.33,0.33,0.34,0,0,0,1,0.331450990275449,0.4765500178203502,0.1919989919042008,0.331450990275449,0.4765500178203502,0.1919989919042008,-0,-0,-0,1,0,-5.551115123125783e-17,31.346262,-39226.1121502141,202650,-119.0933547566484,320,0.33,0.33,0.34,0.33,0.33,0.34,0,0,0,-5.551115123125783e-17,31.346262,-39226.1121502141,202650,-119.0933547566484,320,0.33,0.33,0.34,0.33,0.33,0.34,0,0,0,-5.551115123125783e-17
0.07199999999999999,94.11021079333733,94.11021079333733,0,31.05636956180132,31.05636956180132,31.99747166973469,85.82895410552248,121.5034017755449,75.56039221348554,46.09264127934038,68.6879274399803,33.73838646413164,0,0,0,31.346262,31.346262,0,10.34426646,10.34426646,10.65772908,10.34426646,10.34426646,10.65772908,0,0,0,999.9999868332601,999.9999868332601,0,331.45098591132,476.55001154574,191.9989893762,331.45098591132,476.55001154574,191.9989893762,0,0,0,-39226.1121502141,-39226.1121502141,0,-12944.61700957065,-12944.61700957065,-13336.87813107279,-35574.61662797526,-39671.78119609821,-42337.64961255837,990.4619246841606,1463.649193298381,735.9144097405178,0,0,0,0.2379951664107638,0.1244091294927885,0.05211776025188039,31.90173,31.90173,0,202650,27826.57188551692,19185.23738317802,48229.72047314129,25211.51009171359,10561.66411504356,-119.0933547566484,-119.0933547566484,0,-39.30080706969399,-39.30080706969399,-40.49174061726047,-107.6057612822328,-120.3572823452529,-129.0163245869945,0,0,0,0,0,0,320,1,1,1,1,1,1,1,1,1,1,1,1,1,1,1,0.33,0.33,0.34,0.33,0.33,0.34,0,0,0,1,0.331450990275449,0.4765500178203502,0.1919989919042008,0.331450990275449,0.4765500178203502,0.1919989919042008,-0,-0,-0,1,0,-5.551115123125783e-17,31.346262,-39226.1121502141,202650,-119.0933547566484,320,0.33,0.33,0.34,0.33,0.33,0.34,0,0,0,-5.551115123125783e-17,31.346262,-39226.1121502141,202650,-119.0933547566484,320,0.33,0.33,0.34,0.33,0.33,0.34,0,0,0,-5.551115123125783e-17
0.074,94.11021079333733,94.11021079333733,0,31.05636956180132,31.05636956180132,31.99747166973469,85.82895410552248,121.5034017755449,75.56039221348554,46.09264127934038,68.6879274399803,33.73838646413164,0,0,0,31.346262,31.346262,0,10.34426646,10.34426646,10.65772908,10.34426646,10.34426646,10.65772908,0,0,0,999.9999868332601,999.9999868332601,0,331.45098591132,476.55001154574,191.9989893762,331.45098591132,476.55001154574,191.9989893762,0,0,0,-39226.1121502141,-39226.1121502141,0,-12944.61700957065,-12944.61700957065,-13336.87813107279,-35574.61662797526,-39671.78119609821,-42337.64961255837,990.4619246841606,1463.649193298381,735.9144097405178,0,0,0,0.2379951664107638,0.1244091294927885,0.05211776025188039,31.90173,31.90173,0,202650,27826.57188551692,19185.23738317802,48229.72047314129,25211.51009171359,10561.66411504356,-119.0933547566484,-119.0933547566484,0,-39.30080706969399,-39.30080706969399,-40.49174061726047,-107.6057612822328,-120.3572823452529,-129.0163245869945,0,0,0,0,0,0,320,1,1,1,1,1,1,1,1,1,1,1,1,1,1,1,0.33,0.33,0.34,0.33,0.33,0.34,0,0,0,1,0.331450990275449,0.4765500178203502,0.1919989919042008,0.331450990275449,0.4765500178203502,0.1919989919042008,-0,-0,-0,1,0,-5.551115123125783e-17,31.346262,-39226.1121502141,202650,-119.0933547566484,320,0.33,0.33,0.34,0.33,0.33,0.34,0,0,0,-5.551115123125783e-17,31.346262,-39226.1121502141,202650,-119.0933547566484,320,0.33,0.33,0.34,0.33,0.33,0.34,0,0,0,-5.551115123125783e-17
0.076,94.11021079333733,94.11021079333733,0,31.05636956180132,31.05636956180132,31.99747166973469,85.82895410552248,121.5034017755449,75.56039221348554,46.09264127934038,68.6879274399803,33.73838646413164,0,0,0,31.346262,31.346262,0,10.34426646,10.34426646,10.65772908,10.34426646,10.34426646,10.65772908,0,0,0,999.9999868332601,999.9999868332601,0,331.45098591132,476.55001154574,191.9989893762,331.45098591132,476.55001154574,191.9989893762,0,0,0,-39226.1121502141,-39226.1121502141,0,-12944.61700957065,-12944.61700957065,-13336.87813107279,-35574.61662797526,-39671.78119609821,-42337.64961255837,990.4619246841606,1463.649193298381,735.9144097405178,0,0,0,0.2379951664107638,0.1244091294927885,0.05211776025188039,31.90173,31.90173,0,202650,27826.57188551692,19185.23738317802,48229.72047314129,25211.51009171359,10561.66411504356,-119.0933547566484,-119.0933547566484,0,-39.30080706969399,-39.30080706969399,-40.49174061726047,-107.6057612822328,-120.3572823452529,-129.0163245869945,0,0,0,0,0,0,320,1,1,1,1,1,1,1,1,1,1,1,1,1,1,1,0.33,0.33,0.34,0.33,0.33,0.34,0,0,0,1,0.331450990275449,0.4765500178203502,0.1919989919042008,0.331450990275449,0.4765500178203502,0.1919989919042008,-0,-0,-0,1,0,-5.551115123125783e-17,31.346262,-39226.1121502141,202650,-119.0933547566484,320,0.33,0.33,0.34,0.33,0.33,0.34,0,0,0,-5.551115123125783e-17,31.346262,-39226.1121502141,202650,-119.0933547566484,320,0.33,0.33,0.34,0.33,0.33,0.34,0,0,0,-5.551115123125783e-17
0.078,94.11021079333733,94.11021079333733,0,31.05636956180132,31.05636956180132,31.99747166973469,85.82895410552248,121.5034017755449,75.56039221348554,46.09264127934038,68.6879274399803,33.73838646413164,0,0,0,31.346262,31.346262,0,10.34426646,10.34426646,10.65772908,10.34426646,10.34426646,10.65772908,0,0,0,999.9999868332601,999.9999868332601,0,331.45098591132,476.55001154574,191.9989893762,331.45098591132,476.55001154574,191.9989893762,0,0,0,-39226.1121502141,-39226.1121502141,0,-12944.61700957065,-12944.61700957065,-13336.87813107279,-35574.61662797526,-39671.78119609821,-42337.64961255837,990.4619246841606,1463.649193298381,735.9144097405178,0,0,0,0.2379951664107638,0.1244091294927885,0.05211776025188039,31.90173,31.90173,0,202650,27826.57188551692,19185.23738317802,48229.72047314129,25211.51009171359,10561.66411504356,-119.0933547566484,-119.0933547566484,0,-39.30080706969399,-39.30080706969399,-40.49174061726047,-107.6057612822328,-120.3572823452529,-129.0163245869945,0,0,0,0,0,0,320,1,1,1,1,1,1,1,1,1,1,1,1,1,1,1,0.33,0.33,0.34,0.33,0.33,0.34,0,0,0,1,0.331450990275449,0.4765500178203502,0.1919989919042008,0.331450990275449,0.4765500178203502,0.1919989919042008,-0,-0,-0,1,0,-5.551115123125783e-17,31.346262,-39226.1121502141,202650,-119.0933547566484,320,0.33,0.33,0.34,0.33,0.33,0.34,0,0,0,-5.551115123125783e-17,31.346262,-39226.1121502141,202650,-119.0933547566484,320,0.33,0.33,0.34,0.33,0.33,0.34,0,0,0,-5.551115123125783e-17
0.08,94.11021079333733,94.11021079333733,0,31.05636956180132,31.05636956180132,31.99747166973469,85.82895410552248,121.5034017755449,75.56039221348554,46.09264127934038,68.6879274399803,33.73838646413164,0,0,0,31.346262,31.346262,0,10.34426646,10.34426646,10.65772908,10.34426646,10.34426646,10.65772908,0,0,0,999.9999868332601,999.9999868332601,0,331.45098591132,476.55001154574,191.9989893762,331.45098591132,476.55001154574,191.9989893762,0,0,0,-39226.1121502141,-39226.1121502141,0,-12944.61700957065,-12944.61700957065,-13336.87813107279,-35574.61662797526,-39671.78119609821,-42337.64961255837,990.4619246841606,1463.649193298381,735.9144097405178,0,0,0,0.2379951664107638,0.1244091294927885,0.05211776025188039,31.90173,31.90173,0,202650,27826.57188551692,19185.23738317802,48229.72047314129,25211.51009171359,10561.66411504356,-119.0933547566484,-119.0933547566484,0,-39.30080706969399,-39.30080706969399,-40.49174061726047,-107.6057612822328,-120.3572823452529,-129.0163245869945,0,0,0,0,0,0,320,1,1,1,1,1,1,1,1,1,1,1,1,1,1,1,0.33,0.33,0.34,0.33,0.33,0.34,0,0,0,1,0.331450990275449,0.4765500178203502,0.1919989919042008,0.331450990275449,0.4765500178203502,0.1919989919042008,-0,-0,-0,1,0,-5.551115123125783e-17,31.346262,-39226.1121502141,202650,-119.0933547566484,320,0.33,0.33,0.34,0.33,0.33,0.34,0,0,0,-5.551115123125783e-17,31.346262,-39226.1121502141,202650,-119.0933547566484,320,0.33,0.33,0.34,0.33,0.33,0.34,0,0,0,-5.551115123125783e-17
0.082,94.11021079333733,94.11021079333733,0,31.05636956180132,31.05636956180132,31.99747166973469,85.82895410552248,121.5034017755449,75.56039221348554,46.09264127934038,68.6879274399803,33.73838646413164,0,0,0,31.346262,31.346262,0,10.34426646,10.34426646,10.65772908,10.34426646,10.34426646,10.65772908,0,0,0,999.9999868332601,999.9999868332601,0,331.45098591132,476.55001154574,191.9989893762,331.45098591132,476.55001154574,191.9989893762,0,0,0,-39226.1121502141,-39226.1121502141,0,-12944.61700957065,-12944.61700957065,-13336.87813107279,-35574.61662797526,-39671.78119609821,-42337.64961255837,990.4619246841606,1463.649193298381,735.9144097405178,0,0,0,0.2379951664107638,0.1244091294927885,0.05211776025188039,31.90173,31.90173,0,202650,27826.57188551692,19185.23738317802,48229.72047314129,25211.51009171359,10561.66411504356,-119.0933547566484,-119.0933547566484,0,-39.30080706969399,-39.30080706969399,-40.49174061726047,-107.6057612822328,-120.3572823452529,-129.0163245869945,0,0,0,0,0,0,320,1,1,1,1,1,1,1,1,1,1,1,1,1,1,1,0.33,0.33,0.34,0.33,0.33,0.34,0,0,0,1,0.331450990275449,0.4765500178203502,0.1919989919042008,0.331450990275449,0.4765500178203502,0.1919989919042008,-0,-0,-0,1,0,-5.551115123125783e-17,31.346262,-39226.1121502141,202650,-119.0933547566484,320,0.33,0.33,0.34,0.33,0.33,0.34,0,0,0,-5.551115123125783e-17,31.346262,-39226.1121502141,202650,-119.0933547566484,320,0.33,0.33,0.34,0.33,0.33,0.34,0,0,0,-5.551115123125783e-17
0.08400000000000001,94.11021079333733,94.11021079333733,0,31.05636956180132,31.05636956180132,31.99747166973469,85.82895410552248,121.5034017755449,75.56039221348554,46.09264127934038,68.6879274399803,33.73838646413164,0,0,0,31.346262,31.346262,0,10.34426646,10.34426646,10.65772908,10.34426646,10.34426646,10.65772908,0,0,0,999.9999868332601,999.9999868332601,0,331.45098591132,476.55001154574,191.9989893762,331.45098591132,476.55001154574,191.9989893762,0,0,0,-39226.1121502141,-39226.1121502141,0,-12944.61700957065,-12944.61700957065,-13336.87813107279,-35574.61662797526,-39671.78119609821,-42337.64961255837,990.4619246841606,1463.649193298381,735.9144097405178,0,0,0,0.2379951664107638,0.1244091294927885,0.05211776025188039,31.90173,31.90173,0,202650,27826.57188551692,19185.23738317802,48229.72047314129,25211.51009171359,10561.66411504356,-119.0933547566484,-119.0933547566484,0,-39.30080706969399,-39.30080706969399,-40.49174061726047,-107.6057612822328,-120.3572823452529,-129.0163245869945,0,0,0,0,0,0,320,1,1,1,1,1,1,1,1,1,1,1,1,1,1,1,0.33,0.33,0.34,0.33,0.33,0.34,0,0,0,1,0.331450990275449,0.4765500178203502,0.1919989919042008,0.331450990275449,0.4765500178203502,0.1919989919042008,-0,-0,-0,1,0,-5.551115123125783e-17,31.346262,-39226.1121502141,202650,-119.0933547566484,320,0.33,0.33,0.34,0.33,0.33,0.34,0,0,0,-5.551115123125783e-17,31.346262,-39226.1121502141,202650,-119.0933547566484,320,0.33,0.33,0.34,0.33,0.33,0.34,0,0,0,-5.551115123125783e-17
0.08599999999999999,94.11021079333733,94.11021079333733,0,31.05636956180132,31.05636956180132,31.99747166973469,85.82895410552248,121.5034017755449,75.56039221348554,46.09264127934038,68.6879274399803,33.73838646413164,0,0,0,31.346262,31.346262,0,10.34426646,10.34426646,10.65772908,10.34426646,10.34426646,10.65772908,0,0,0,999.9999868332601,999.9999868332601,0,331.45098591132,476.55001154574,191.9989893762,331.45098591132,476.55001154574,191.9989893762,0,0,0,-39226.1121502141,-39226.1121502141,0,-12944.61700957065,-12944.61700957065,-13336.87813107279,-35574.61662797526,-39671.78119609821,-42337.64961255837,990.4619246841606,1463.649193298381,735.9144097405178,0,0,0,0.2379951664107638,0.1244091294927885,0.05211776025188039,31.90173,31.90173,0,202650,27826.57188551692,19185.23738317802,48229.72047314129,25211.51009171359,10561.66411504356,-119.0933547566484,-119.0933547566484,0,-39.30080706969399,-39.30080706969399,-40.49174061726047,-107.6057612822328,-120.3572823452529,-129.0163245869945,0,0,0,0,0,0,320,1,1,1,1,1,1,1,1,1,1,1,1,1,1,1,0.33,0.33,0.34,0.33,0.33,0.34,0,0,0,1,0.331450990275449,0.4765500178203502,0.1919989919042008,0.331450990275449,0.4765500178203502,0.1919989919042008,-0,-0,-0,1,0,-5.551115123125783e-17,31.346262,-39226.1121502141,202650,-119.0933547566484,320,0.33,0.33,0.34,0.33,0.33,0.34,0,0,0,-5.551115123125783e-17,31.346262,-39226.1121502141,202650,-119.0933547566484,320,0.33,0.33,0.34,0.33,0.33,0.34,0,0,0,-5.551115123125783e-17
0.08799999999999999,94.11021079333733,94.11021079333733,0,31.05636956180132,31.05636956180132,31.99747166973469,85.82895410552248,121.5034017755449,75.56039221348554,46.09264127934038,68.6879274399803,33.73838646413164,0,0,0,31.346262,31.346262,0,10.34426646,10.34426646,10.65772908,10.34426646,10.34426646,10.65772908,0,0,0,999.9999868332601,999.9999868332601,0,331.45098591132,476.55001154574,191.9989893762,331.45098591132,476.55001154574,191.9989893762,0,0,0,-39226.1121502141,-39226.1121502141,0,-12944.61700957065,-12944.61700957065,-13336.87813107279,-35574.61662797526,-39671.78119609821,-42337.64961255837,990.4619246841606,1463.649193298381,735.9144097405178,0,0,0,0.2379951664107638,0.1244091294927885,0.05211776025188039,31.90173,31.90173,0,202650,27826.57188551692,19185.23738317802,48229.72047314129,25211.51009171359,10561.66411504356,-119.0933547566484,-119.0933547566484,0,-39.30080706969399,-39.30080706969399,-40.49174061726047,-107.6057612822328,-120.3572823452529,-129.0163245869945,0,0,0,0,0,0,320,1,1,1,1,1,1,1,1,1,1,1,1,1,1,1,0.33,0.33,0.34,0.33,0.33,0.34,0,0,0,1,0.331450990275449,0.4765500178203502,0.1919989919042008,0.331450990275449,0.4765500178203502,0.1919989919042008,-0,-0,-0,1,0,-5.551115123125783e-17,31.346262,-39226.1121502141,202650,-119.0933547566484,320,0.33,0.33,0.34,0.33,0.33,0.34,0,0,0,-5.551115123125783e-17,31.346262,-39226.1121502141,202650,-119.0933547566484,320,0.33,0.33,0.34,0.33,0.33,0.34,0,0,0,-5.551115123125783e-17
0.09,94.11021079333733,94.11021079333733,0,31.05636956180132,31.05636956180132,31.99747166973469,85.82895410552248,121.5034017755449,75.56039221348554,46.09264127934038,68.6879274399803,33.73838646413164,0,0,0,31.346262,31.346262,0,10.34426646,10.34426646,10.65772908,10.34426646,10.34426646,10.65772908,0,0,0,999.9999868332601,999.9999868332601,0,331.45098591132,476.55001154574,191.9989893762,331.45098591132,476.55001154574,191.9989893762,0,0,0,-39226.1121502141,-39226.1121502141,0,-12944.61700957065,-12944.61700957065,-13336.87813107279,-35574.61662797526,-39671.78119609821,-42337.64961255837,990.4619246841606,1463.649193298381,735.9144097405178,0,0,0,0.2379951664107638,0.1244091294927885,0.05211776025188039,31.90173,31.90173,0,202650,27826.57188551692,19185.23738317802,48229.72047314129,25211.51009171359,10561.66411504356,-119.0933547566484,-119.0933547566484,0,-39.30080706969399,-39.30080706969399,-40.49174061726047,-107.6057612822328,-120.3572823452529,-129.0163245869945,0,0,0,0,0,0,320,1,1,1,1,1,1,1,1,1,1,1,1,1,1,1,0.33,0.33,0.34,0.33,0.33,0.34,0,0,0,1,0.331450990275449,0.4765500178203502,0.1919989919042008,0.331450990275449,0.4765500178203502,0.1919989919042008,-0,-0,-0,1,0,-5.551115123125783e-17,31.346262,-39226.1121502141,202650,-119.0933547566484,320,0.33,0.33,0.34,0.33,0.33,0.34,0,0,0,-5.551115123125783e-17,31.346262,-39226.1121502141,202650,-119.0933547566484,320,0.33,0.33,0.34,0.33,0.33,0.34,0,0,0,-5.551115123125783e-17
0.092,94.11021079333733,94.11021079333733,0,31.05636956180132,31.05636956180132,31.99747166973469,85.82895410552248,121.5034017755449,75.56039221348554,46.09264127934038,68.6879274399803,33.73838646413164,0,0,0,31.346262,31.346262,0,10.34426646,10.34426646,10.65772908,10.34426646,10.34426646,10.65772908,0,0,0,999.9999868332601,999.9999868332601,0,331.45098591132,476.55001154574,191.9989893762,331.45098591132,476.55001154574,191.9989893762,0,0,0,-39226.1121502141,-39226.1121502141,0,-12944.61700957065,-12944.61700957065,-13336.87813107279,-35574.61662797526,-39671.78119609821,-42337.64961255837,990.4619246841606,1463.649193298381,735.9144097405178,0,0,0,0.2379951664107638,0.1244091294927885,0.05211776025188039,31.90173,31.90173,0,202650,27826.57188551692,19185.23738317802,48229.72047314129,25211.51009171359,10561.66411504356,-119.0933547566484,-119.0933547566484,0,-39.30080706969399,-39.30080706969399,-40.49174061726047,-107.6057612822328,-120.3572823452529,-129.0163245869945,0,0,0,0,0,0,320,1,1,1,1,1,1,1,1,1,1,1,1,1,1,1,0.33,0.33,0.34,0.33,0.33,0.34,0,0,0,1,0.331450990275449,0.4765500178203502,0.1919989919042008,0.331450990275449,0.4765500178203502,0.1919989919042008,-0,-0,-0,1,0,-5.551115123125783e-17,31.346262,-39226.1121502141,202650,-119.0933547566484,320,0.33,0.33,0.34,0.33,0.33,0.34,0,0,0,-5.551115123125783e-17,31.346262,-39226.1121502141,202650,-119.0933547566484,320,0.33,0.33,0.34,0.33,0.33,0.34,0,0,0,-5.551115123125783e-17
0.094,94.11021079333733,94.11021079333733,0,31.05636956180132,31.05636956180132,31.99747166973469,85.82895410552248,121.5034017755449,75.56039221348554,46.09264127934038,68.6879274399803,33.73838646413164,0,0,0,31.346262,31.346262,0,10.34426646,10.34426646,10.65772908,10.34426646,10.34426646,10.65772908,0,0,0,999.9999868332601,999.9999868332601,0,331.45098591132,476.55001154574,191.9989893762,331.45098591132,476.55001154574,191.9989893762,0,0,0,-39226.1121502141,-39226.1121502141,0,-12944.61700957065,-12944.61700957065,-13336.87813107279,-35574.61662797526,-39671.78119609821,-42337.64961255837,990.4619246841606,1463.649193298381,735.9144097405178,0,0,0,0.2379951664107638,0.1244091294927885,0.05211776025188039,31.90173,31.90173,0,202650,27826.57188551692,19185.23738317802,48229.72047314129,25211.51009171359,10561.66411504356,-119.0933547566484,-119.0933547566484,0,-39.30080706969399,-39.30080706969399,-40.49174061726047,-107.6057612822328,-120.3572823452529,-129.0163245869945,0,0,0,0,0,0,320,1,1,1,1,1,1,1,1,1,1,1,1,1,1,1,0.33,0.33,0.34,0.33,0.33,0.34,0,0,0,1,0.331450990275449,0.4765500178203502,0.1919989919042008,0.331450990275449,0.4765500178203502,0.1919989919042008,-0,-0,-0,1,0,-5.551115123125783e-17,31.346262,-39226.1121502141,202650,-119.0933547566484,320,0.33,0.33,0.34,0.33,0.33,0.34,0,0,0,-5.551115123125783e-17,31.346262,-39226.1121502141,202650,-119.0933547566484,320,0.33,0.33,0.34,0.33,0.33,0.34,0,0,0,-5.551115123125783e-17
0.096,94.11021079333733,94.11021079333733,0,31.05636956180132,31.05636956180132,31.99747166973469,85.82895410552248,121.5034017755449,75.56039221348554,46.09264127934038,68.6879274399803,33.73838646413164,0,0,0,31.346262,31.346262,0,10.34426646,10.34426646,10.65772908,10.34426646,10.34426646,10.65772908,0,0,0,999.9999868332601,999.9999868332601,0,331.45098591132,476.55001154574,191.9989893762,331.45098591132,476.55001154574,191.9989893762,0,0,0,-39226.1121502141,-39226.1121502141,0,-12944.61700957065,-12944.61700957065,-13336.87813107279,-35574.61662797526,-39671.78119609821,-42337.64961255837,990.4619246841606,1463.649193298381,735.9144097405178,0,0,0,0.2379951664107638,0.1244091294927885,0.05211776025188039,31.90173,31.90173,0,202650,27826.57188551692,19185.23738317802,48229.72047314129,25211.51009171359,10561.66411504356,-119.0933547566484,-119.0933547566484,0,-39.30080706969399,-39.30080706969399,-40.49174061726047,-107.6057612822328,-120.3572823452529,-129.0163245869945,0,0,0,0,0,0,320,1,1,1,1,1,1,1,1,1,1,1,1,1,1,1,0.33,0.33,0.34,0.33,0.33,0.34,0,0,0,1,0.331450990275449,0.4765500178203502,0.1919989919042008,0.331450990275449,0.4765500178203502,0.1919989919042008,-0,-0,-0,1,0,-5.551115123125783e-17,31.346262,-39226.1121502141,202650,-119.0933547566484,320,0.33,0.33,0.34,0.33,0.33,0.34,0,0,0,-5.551115123125783e-17,31.346262,-39226.1121502141,202650,-119.0933547566484,320,0.33,0.33,0.34,0.33,0.33,0.34,0,0,0,-5.551115123125783e-17
0.098,94.11021079333733,94.11021079333733,0,31.05636956180132,31.05636956180132,31.99747166973469,85.82895410552248,121.5034017755449,75.56039221348554,46.09264127934038,68.6879274399803,33.73838646413164,0,0,0,31.346262,31.346262,0,10.34426646,10.34426646,10.65772908,10.34426646,10.34426646,10.65772908,0,0,0,999.9999868332601,999.9999868332601,0,331.45098591132,476.55001154574,191.9989893762,331.45098591132,476.55001154574,191.9989893762,0,0,0,-39226.1121502141,-39226.1121502141,0,-12944.61700957065,-12944.61700957065,-13336.87813107279,-35574.61662797526,-39671.78119609821,-42337.64961255837,990.4619246841606,1463.649193298381,735.9144097405178,0,0,0,0.2379951664107638,0.1244091294927885,0.05211776025188039,31.90173,31.90173,0,202650,27826.57188551692,19185.23738317802,48229.72047314129,25211.51009171359,10561.66411504356,-119.0933547566484,-119.0933547566484,0,-39.30080706969399,-39.30080706969399,-40.49174061726047,-107.6057612822328,-120.3572823452529,-129.0163245869945,0,0,0,0,0,0,320,1,1,1,1,1,1,1,1,1,1,1,1,1,1,1,0.33,0.33,0.34,0.33,0.33,0.34,0,0,0,1,0.331450990275449,0.4765500178203502,0.1919989919042008,0.331450990275449,0.4765500178203502,0.1919989919042008,-0,-0,-0,1,0,-5.551115123125783e-17,31.346262,-39226.1121502141,202650,-119.0933547566484,320,0.33,0.33,0.34,0.33,0.33,0.34,0,0,0,-5.551115123125783e-17,31.346262,-39226.1121502141,202650,-119.0933547566484,320,0.33,0.33,0.34,0.33,0.33,0.34,0,0,0,-5.551115123125783e-17
0.1,94.11021079333733,94.11021079333733,0,31.05636956180132,31.05636956180132,31.99747166973469,85.82895410552248,121.5034017755449,75.56039221348554,46.09264127934038,68.6879274399803,33.73838646413164,0,0,0,31.346262,31.346262,0,10.34426646,10.34426646,10.65772908,10.34426646,10.34426646,10.65772908,0,0,0,999.9999868332601,999.9999868332601,0,331.45098591132,476.55001154574,191.9989893762,331.45098591132,476.55001154574,191.9989893762,0,0,0,-39226.1121502141,-39226.1121502141,0,-12944.61700957065,-12944.61700957065,-13336.87813107279,-35574.61662797526,-39671.78119609821,-42337.64961255837,990.4619246841606,1463.649193298381,735.9144097405178,0,0,0,0.2379951664107638,0.1244091294927885,0.05211776025188039,31.90173,31.90173,0,202650,27826.57188551692,19185.23738317802,48229.72047314129,25211.51009171359,10561.66411504356,-119.0933547566484,-119.0933547566484,0,-39.30080706969399,-39.30080706969399,-40.49174061726047,-107.6057612822328,-120.3572823452529,-129.0163245869945,0,0,0,0,0,0,320,1,1,1,1,1,1,1,1,1,1,1,1,1,1,1,0.33,0.33,0.34,0.33,0.33,0.34,0,0,0,1,0.331450990275449,0.4765500178203502,0.1919989919042008,0.331450990275449,0.4765500178203502,0.1919989919042008,-0,-0,-0,1,0,-5.551115123125783e-17,31.346262,-39226.1121502141,202650,-119.0933547566484,320,0.33,0.33,0.34,0.33,0.33,0.34,0,0,0,-5.551115123125783e-17,31.346262,-39226.1121502141,202650,-119.0933547566484,320,0.33,0.33,0.34,0.33,0.33,0.34,0,0,0,-5.551115123125783e-17
0.102,94.11021079333733,94.11021079333733,0,31.05636956180132,31.05636956180132,31.99747166973469,85.82895410552248,121.5034017755449,75.56039221348554,46.09264127934038,68.6879274399803,33.73838646413164,0,0,0,31.346262,31.346262,0,10.34426646,10.34426646,10.65772908,10.34426646,10.34426646,10.65772908,0,0,0,999.9999868332601,999.9999868332601,0,331.45098591132,476.55001154574,191.9989893762,331.45098591132,476.55001154574,191.9989893762,0,0,0,-39226.1121502141,-39226.1121502141,0,-12944.61700957065,-12944.61700957065,-13336.87813107279,-35574.61662797526,-39671.78119609821,-42337.64961255837,990.4619246841606,1463.649193298381,735.9144097405178,0,0,0,0.2379951664107638,0.1244091294927885,0.05211776025188039,31.90173,31.90173,0,202650,27826.57188551692,19185.23738317802,48229.72047314129,25211.51009171359,10561.66411504356,-119.0933547566484,-119.0933547566484,0,-39.30080706969399,-39.30080706969399,-40.49174061726047,-107.6057612822328,-120.3572823452529,-129.0163245869945,0,0,0,0,0,0,320,1,1,1,1,1,1,1,1,1,1,1,1,1,1,1,0.33,0.33,0.34,0.33,0.33,0.34,0,0,0,1,0.331450990275449,0.4765500178203502,0.1919989919042008,0.331450990275449,0.4765500178203502,0.1919989919042008,-0,-0,-0,1,0,-5.551115123125783e-17,31.346262,-39226.1121502141,202650,-119.0933547566484,320,0.33,0.33,0.34,0.33,0.33,0.34,0,0,0,-5.551115123125783e-17,31.346262,-39226.1121502141,202650,-119.0933547566484,320,0.33,0.33,0.34,0.33,0.33,0.34,0,0,0,-5.551115123125783e-17
0.104,94.11021079333733,94.11021079333733,0,31.05636956180132,31.05636956180132,31.99747166973469,85.82895410552248,121.5034017755449,75.56039221348554,46.09264127934038,68.6879274399803,33.73838646413164,0,0,0,31.346262,31.346262,0,10.34426646,10.34426646,10.65772908,10.34426646,10.34426646,10.65772908,0,0,0,999.9999868332601,999.9999868332601,0,331.45098591132,476.55001154574,191.9989893762,331.45098591132,476.55001154574,191.9989893762,0,0,0,-39226.1121502141,-39226.1121502141,0,-12944.61700957065,-12944.61700957065,-13336.87813107279,-35574.61662797526,-39671.78119609821,-42337.64961255837,990.4619246841606,1463.649193298381,735.9144097405178,0,0,0,0.2379951664107638,0.1244091294927885,0.05211776025188039,31.90173,31.90173,0,202650,27826.57188551692,19185.23738317802,48229.72047314129,25211.51009171359,10561.66411504356,-119.0933547566484,-119.0933547566484,0,-39.30080706969399,-39.30080706969399,-40.49174061726047,-107.6057612822328,-120.3572823452529,-129.0163245869945,0,0,0,0,0,0,320,1,1,1,1,1,1,1,1,1,1,1,1,1,1,1,0.33,0.33,0.34,0.33,0.33,0.34,0,0,0,1,0.331450990275449,0.4765500178203502,0.1919989919042008,0.331450990275449,0.4765500178203502,0.1919989919042008,-0,-0,-0,1,0,-5.551115123125783e-17,31.346262,-39226.1121502141,202650,-119.0933547566484,320,0.33,0.33,0.34,0.33,0.33,0.34,0,0,0,-5.551115123125783e-17,31.346262,-39226.1121502141,202650,-119.0933547566484,320,0.33,0.33,0.34,0.33,0.33,0.34,0,0,0,-5.551115123125783e-17
0.106,94.11021079333733,94.11021079333733,0,31.05636956180132,31.05636956180132,31.99747166973469,85.82895410552248,121.5034017755449,75.56039221348554,46.09264127934038,68.6879274399803,33.73838646413164,0,0,0,31.346262,31.346262,0,10.34426646,10.34426646,10.65772908,10.34426646,10.34426646,10.65772908,0,0,0,999.9999868332601,999.9999868332601,0,331.45098591132,476.55001154574,191.9989893762,331.45098591132,476.55001154574,191.9989893762,0,0,0,-39226.1121502141,-39226.1121502141,0,-12944.61700957065,-12944.61700957065,-13336.87813107279,-35574.61662797526,-39671.78119609821,-42337.64961255837,990.4619246841606,1463.649193298381,735.9144097405178,0,0,0,0.2379951664107638,0.1244091294927885,0.05211776025188039,31.90173,31.90173,0,202650,27826.57188551692,19185.23738317802,48229.72047314129,25211.51009171359,10561.66411504356,-119.0933547566484,-119.0933547566484,0,-39.30080706969399,-39.30080706969399,-40.49174061726047,-107.6057612822328,-120.3572823452529,-129.0163245869945,0,0,0,0,0,0,320,1,1,1,1,1,1,1,1,1,1,1,1,1,1,1,0.33,0.33,0.34,0.33,0.33,0.34,0,0,0,1,0.331450990275449,0.4765500178203502,0.1919989919042008,0.331450990275449,0.4765500178203502,0.1919989919042008,-0,-0,-0,1,0,-5.551115123125783e-17,31.346262,-39226.1121502141,202650,-119.0933547566484,320,0.33,0.33,0.34,0.33,0.33,0.34,0,0,0,-5.551115123125783e-17,31.346262,-39226.1121502141,202650,-119.0933547566484,320,0.33,0.33,0.34,0.33,0.33,0.34,0,0,0,-5.551115123125783e-17
0.108,94.11021079333733,94.11021079333733,0,31.05636956180132,31.05636956180132,31.99747166973469,85.82895410552248,121.5034017755449,75.56039221348554,46.09264127934038,68.6879274399803,33.73838646413164,0,0,0,31.346262,31.346262,0,10.34426646,10.34426646,10.65772908,10.34426646,10.34426646,10.65772908,0,0,0,999.9999868332601,999.9999868332601,0,331.45098591132,476.55001154574,191.9989893762,331.45098591132,476.55001154574,191.9989893762,0,0,0,-39226.1121502141,-39226.1121502141,0,-12944.61700957065,-12944.61700957065,-13336.87813107279,-35574.61662797526,-39671.78119609821,-42337.64961255837,990.4619246841606,1463.649193298381,735.9144097405178,0,0,0,0.2379951664107638,0.1244091294927885,0.05211776025188039,31.90173,31.90173,0,202650,27826.57188551692,19185.23738317802,48229.72047314129,25211.51009171359,10561.66411504356,-119.0933547566484,-119.0933547566484,0,-39.30080706969399,-39.30080706969399,-40.49174061726047,-107.6057612822328,-120.3572823452529,-129.0163245869945,0,0,0,0,0,0,320,1,1,1,1,1,1,1,1,1,1,1,1,1,1,1,0.33,0.33,0.34,0.33,0.33,0.34,0,0,0,1,0.331450990275449,0.4765500178203502,0.1919989919042008,0.331450990275449,0.4765500178203502,0.1919989919042008,-0,-0,-0,1,0,-5.551115123125783e-17,31.346262,-39226.1121502141,202650,-119.0933547566484,320,0.33,0.33,0.34,0.33,0.33,0.34,0,0,0,-5.551115123125783e-17,31.346262,-39226.1121502141,202650,-119.0933547566484,320,0.33,0.33,0.34,0.33,0.33,0.34,0,0,0,-5.551115123125783e-17
0.11,94.11021079333733,94.11021079333733,0,31.05636956180132,31.05636956180132,31.99747166973469,85.82895410552248,121.5034017755449,75.56039221348554,46.09264127934038,68.6879274399803,33.73838646413164,0,0,0,31.346262,31.346262,0,10.34426646,10.34426646,10.65772908,10.34426646,10.34426646,10.65772908,0,0,0,999.9999868332601,999.9999868332601,0,331.45098591132,476.55001154574,191.9989893762,331.45098591132,476.55001154574,191.9989893762,0,0,0,-39226.1121502141,-39226.1121502141,0,-12944.61700957065,-12944.61700957065,-13336.87813107279,-35574.61662797526,-39671.78119609821,-42337.64961255837,990.4619246841606,1463.649193298381,735.9144097405178,0,0,0,0.2379951664107638,0.1244091294927885,0.05211776025188039,31.90173,31.90173,0,202650,27826.57188551692,19185.23738317802,48229.72047314129,25211.51009171359,10561.66411504356,-119.0933547566484,-119.0933547566484,0,-39.30080706969399,-39.30080706969399,-40.49174061726047,-107.6057612822328,-120.3572823452529,-129.0163245869945,0,0,0,0,0,0,320,1,1,1,1,1,1,1,1,1,1,1,1,1,1,1,0.33,0.33,0.34,0.33,0.33,0.34,0,0,0,1,0.331450990275449,0.4765500178203502,0.1919989919042008,0.331450990275449,0.4765500178203502,0.1919989919042008,-0,-0,-0,1,0,-5.551115123125783e-17,31.346262,-39226.1121502141,202650,-119.0933547566484,320,0.33,0.33,0.34,0.33,0.33,0.34,0,0,0,-5.551115123125783e-17,31.346262,-39226.1121502141,202650,-119.0933547566484,320,0.33,0.33,0.34,0.33,0.33,0.34,0,0,0,-5.551115123125783e-17
0.112,94.11021079333733,94.11021079333733,0,31.05636956180132,31.05636956180132,31.99747166973469,85.82895410552248,121.5034017755449,75.56039221348554,46.09264127934038,68.6879274399803,33.73838646413164,0,0,0,31.346262,31.346262,0,10.34426646,10.34426646,10.65772908,10.34426646,10.34426646,10.65772908,0,0,0,999.9999868332601,999.9999868332601,0,331.45098591132,476.55001154574,191.9989893762,331.45098591132,476.55001154574,191.9989893762,0,0,0,-39226.1121502141,-39226.1121502141,0,-12944.61700957065,-12944.61700957065,-13336.87813107279,-35574.61662797526,-39671.78119609821,-42337.64961255837,990.4619246841606,1463.649193298381,735.9144097405178,0,0,0,0.2379951664107638,0.1244091294927885,0.05211776025188039,31.90173,31.90173,0,202650,27826.57188551692,19185.23738317802,48229.72047314129,25211.51009171359,10561.66411504356,-119.0933547566484,-119.0933547566484,0,-39.30080706969399,-39.30080706969399,-40.49174061726047,-107.6057612822328,-120.3572823452529,-129.0163245869945,0,0,0,0,0,0,320,1,1,1,1,1,1,1,1,1,1,1,1,1,1,1,0.33,0.33,0.34,0.33,0.33,0.34,0,0,0,1,0.331450990275449,0.4765500178203502,0.1919989919042008,0.331450990275449,0.4765500178203502,0.1919989919042008,-0,-0,-0,1,0,-5.551115123125783e-17,31.346262,-39226.1121502141,202650,-119.0933547566484,320,0.33,0.33,0.34,0.33,0.33,0.34,0,0,0,-5.551115123125783e-17,31.346262,-39226.1121502141,202650,-119.0933547566484,320,0.33,0.33,0.34,0.33,0.33,0.34,0,0,0,-5.551115123125783e-17
0.114,94.11021079333733,94.11021079333733,0,31.05636956180132,31.05636956180132,31.99747166973469,85.82895410552248,121.5034017755449,75.56039221348554,46.09264127934038,68.6879274399803,33.73838646413164,0,0,0,31.346262,31.346262,0,10.34426646,10.34426646,10.65772908,10.34426646,10.34426646,10.65772908,0,0,0,999.9999868332601,999.9999868332601,0,331.45098591132,476.55001154574,191.9989893762,331.45098591132,476.55001154574,191.9989893762,0,0,0,-39226.1121502141,-39226.1121502141,0,-12944.61700957065,-12944.61700957065,-13336.87813107279,-35574.61662797526,-39671.78119609821,-42337.64961255837,990.4619246841606,1463.649193298381,735.9144097405178,0,0,0,0.2379951664107638,0.1244091294927885,0.05211776025188039,31.90173,31.90173,0,202650,27826.57188551692,19185.23738317802,48229.72047314129,25211.51009171359,10561.66411504356,-119.0933547566484,-119.0933547566484,0,-39.30080706969399,-39.30080706969399,-40.49174061726047,-107.6057612822328,-120.3572823452529,-129.0163245869945,0,0,0,0,0,0,320,1,1,1,1,1,1,1,1,1,1,1,1,1,1,1,0.33,0.33,0.34,0.33,0.33,0.34,0,0,0,1,0.331450990275449,0.4765500178203502,0.1919989919042008,0.331450990275449,0.4765500178203502,0.1919989919042008,-0,-0,-0,1,0,-5.551115123125783e-17,31.346262,-39226.1121502141,202650,-119.0933547566484,320,0.33,0.33,0.34,0.33,0.33,0.34,0,0,0,-5.551115123125783e-17,31.346262,-39226.1121502141,202650,-119.0933547566484,320,0.33,0.33,0.34,0.33,0.33,0.34,0,0,0,-5.551115123125783e-17
0.116,94.11021079333733,94.11021079333733,0,31.05636956180132,31.05636956180132,31.99747166973469,85.82895410552248,121.5034017755449,75.56039221348554,46.09264127934038,68.6879274399803,33.73838646413164,0,0,0,31.346262,31.346262,0,10.34426646,10.34426646,10.65772908,10.34426646,10.34426646,10.65772908,0,0,0,999.9999868332601,999.9999868332601,0,331.45098591132,476.55001154574,191.9989893762,331.45098591132,476.55001154574,191.9989893762,0,0,0,-39226.1121502141,-39226.1121502141,0,-12944.61700957065,-12944.61700957065,-13336.87813107279,-35574.61662797526,-39671.78119609821,-42337.64961255837,990.4619246841606,1463.649193298381,735.9144097405178,0,0,0,0.2379951664107638,0.1244091294927885,0.05211776025188039,31.90173,31.90173,0,202650,27826.57188551692,19185.23738317802,48229.72047314129,25211.51009171359,10561.66411504356,-119.0933547566484,-119.0933547566484,0,-39.30080706969399,-39.30080706969399,-40.49174061726047,-107.6057612822328,-120.3572823452529,-129.0163245869945,0,0,0,0,0,0,320,1,1,1,1,1,1,1,1,1,1,1,1,1,1,1,0.33,0.33,0.34,0.33,0.33,0.34,0,0,0,1,0.331450990275449,0.4765500178203502,0.1919989919042008,0.331450990275449,0.4765500178203502,0.1919989919042008,-0,-0,-0,1,0,-5.551115123125783e-17,31.346262,-39226.1121502141,202650,-119.0933547566484,320,0.33,0.33,0.34,0.33,0.33,0.34,0,0,0,-5.551115123125783e-17,31.346262,-39226.1121502141,202650,-119.0933547566484,320,0.33,0.33,0.34,0.33,0.33,0.34,0,0,0,-5.551115123125783e-17
0.118,94.11021079333733,94.11021079333733,0,31.05636956180132,31.05636956180132,31.99747166973469,85.82895410552248,121.5034017755449,75.56039221348554,46.09264127934038,68.6879274399803,33.73838646413164,0,0,0,31.346262,31.346262,0,10.34426646,10.34426646,10.65772908,10.34426646,10.34426646,10.65772908,0,0,0,999.9999868332601,999.9999868332601,0,331.45098591132,476.55001154574,191.9989893762,331.45098591132,476.55001154574,191.9989893762,0,0,0,-39226.1121502141,-39226.1121502141,0,-12944.61700957065,-12944.61700957065,-13336.87813107279,-35574.61662797526,-39671.78119609821,-42337.64961255837,990.4619246841606,1463.649193298381,735.9144097405178,0,0,0,0.2379951664107638,0.1244091294927885,0.05211776025188039,31.90173,31.90173,0,202650,27826.57188551692,19185.23738317802,48229.72047314129,25211.51009171359,10561.66411504356,-119.0933547566484,-119.0933547566484,0,-39.30080706969399,-39.30080706969399,-40.49174061726047,-107.6057612822328,-120.3572823452529,-129.0163245869945,0,0,0,0,0,0,320,1,1,1,1,1,1,1,1,1,1,1,1,1,1,1,0.33,0.33,0.34,0.33,0.33,0.34,0,0,0,1,0.331450990275449,0.4765500178203502,0.1919989919042008,0.331450990275449,0.4765500178203502,0.1919989919042008,-0,-0,-0,1,0,-5.551115123125783e-17,31.346262,-39226.1121502141,202650,-119.0933547566484,320,0.33,0.33,0.34,0.33,0.33,0.34,0,0,0,-5.551115123125783e-17,31.346262,-39226.1121502141,202650,-119.0933547566484,320,0.33,0.33,0.34,0.33,0.33,0.34,0,0,0,-5.551115123125783e-17
0.12,94.11021079333733,94.11021079333733,0,31.05636956180132,31.05636956180132,31.99747166973469,85.82895410552248,121.5034017755449,75.56039221348554,46.09264127934038,68.6879274399803,33.73838646413164,0,0,0,31.346262,31.346262,0,10.34426646,10.34426646,10.65772908,10.34426646,10.34426646,10.65772908,0,0,0,999.9999868332601,999.9999868332601,0,331.45098591132,476.55001154574,191.9989893762,331.45098591132,476.55001154574,191.9989893762,0,0,0,-39226.1121502141,-39226.1121502141,0,-12944.61700957065,-12944.61700957065,-13336.87813107279,-35574.61662797526,-39671.78119609821,-42337.64961255837,990.4619246841606,1463.649193298381,735.9144097405178,0,0,0,0.2379951664107638,0.1244091294927885,0.05211776025188039,31.90173,31.90173,0,202650,27826.57188551692,19185.23738317802,48229.72047314129,25211.51009171359,10561.66411504356,-119.0933547566484,-119.0933547566484,0,-39.30080706969399,-39.30080706969399,-40.49174061726047,-107.6057612822328,-120.3572823452529,-129.0163245869945,0,0,0,0,0,0,320,1,1,1,1,1,1,1,1,1,1,1,1,1,1,1,0.33,0.33,0.34,0.33,0.33,0.34,0,0,0,1,0.331450990275449,0.4765500178203502,0.1919989919042008,0.331450990275449,0.4765500178203502,0.1919989919042008,-0,-0,-0,1,0,-5.551115123125783e-17,31.346262,-39226.1121502141,202650,-119.0933547566484,320,0.33,0.33,0.34,0.33,0.33,0.34,0,0,0,-5.551115123125783e-17,31.346262,-39226.1121502141,202650,-119.0933547566484,320,0.33,0.33,0.34,0.33,0.33,0.34,0,0,0,-5.551115123125783e-17
0.122,94.11021079333733,94.11021079333733,0,31.05636956180132,31.05636956180132,31.99747166973469,85.82895410552248,121.5034017755449,75.56039221348554,46.09264127934038,68.6879274399803,33.73838646413164,0,0,0,31.346262,31.346262,0,10.34426646,10.34426646,10.65772908,10.34426646,10.34426646,10.65772908,0,0,0,999.9999868332601,999.9999868332601,0,331.45098591132,476.55001154574,191.9989893762,331.45098591132,476.55001154574,191.9989893762,0,0,0,-39226.1121502141,-39226.1121502141,0,-12944.61700957065,-12944.61700957065,-13336.87813107279,-35574.61662797526,-39671.78119609821,-42337.64961255837,990.4619246841606,1463.649193298381,735.9144097405178,0,0,0,0.2379951664107638,0.1244091294927885,0.05211776025188039,31.90173,31.90173,0,202650,27826.57188551692,19185.23738317802,48229.72047314129,25211.51009171359,10561.66411504356,-119.0933547566484,-119.0933547566484,0,-39.30080706969399,-39.30080706969399,-40.49174061726047,-107.6057612822328,-120.3572823452529,-129.0163245869945,0,0,0,0,0,0,320,1,1,1,1,1,1,1,1,1,1,1,1,1,1,1,0.33,0.33,0.34,0.33,0.33,0.34,0,0,0,1,0.331450990275449,0.4765500178203502,0.1919989919042008,0.331450990275449,0.4765500178203502,0.1919989919042008,-0,-0,-0,1,0,-5.551115123125783e-17,31.346262,-39226.1121502141,202650,-119.0933547566484,320,0.33,0.33,0.34,0.33,0.33,0.34,0,0,0,-5.551115123125783e-17,31.346262,-39226.1121502141,202650,-119.0933547566484,320,0.33,0.33,0.34,0.33,0.33,0.34,0,0,0,-5.551115123125783e-17
0.124,94.11021079333733,94.11021079333733,0,31.05636956180132,31.05636956180132,31.99747166973469,85.82895410552248,121.5034017755449,75.56039221348554,46.09264127934038,68.6879274399803,33.73838646413164,0,0,0,31.346262,31.346262,0,10.34426646,10.34426646,10.65772908,10.34426646,10.34426646,10.65772908,0,0,0,999.9999868332601,999.9999868332601,0,331.45098591132,476.55001154574,191.9989893762,331.45098591132,476.55001154574,191.9989893762,0,0,0,-39226.1121502141,-39226.1121502141,0,-12944.61700957065,-12944.61700957065,-13336.87813107279,-35574.61662797526,-39671.78119609821,-42337.64961255837,990.4619246841606,1463.649193298381,735.9144097405178,0,0,0,0.2379951664107638,0.1244091294927885,0.05211776025188039,31.90173,31.90173,0,202650,27826.57188551692,19185.23738317802,48229.72047314129,25211.51009171359,10561.66411504356,-119.0933547566484,-119.0933547566484,0,-39.30080706969399,-39.30080706969399,-40.49174061726047,-107.6057612822328,-120.3572823452529,-129.0163245869945,0,0,0,0,0,0,320,1,1,1,1,1,1,1,1,1,1,1,1,1,1,1,0.33,0.33,0.34,0.33,0.33,0.34,0,0,0,1,0.331450990275449,0.4765500178203502,0.1919989919042008,0.331450990275449,0.4765500178203502,0.1919989919042008,-0,-0,-0,1,0,-5.551115123125783e-17,31.346262,-39226.1121502141,202650,-119.0933547566484,320,0.33,0.33,0.34,0.33,0.33,0.34,0,0,0,-5.551115123125783e-17,31.346262,-39226.1121502141,202650,-119.0933547566484,320,0.33,0.33,0.34,0.33,0.33,0.34,0,0,0,-5.551115123125783e-17
0.126,94.11021079333733,94.11021079333733,0,31.05636956180132,31.05636956180132,31.99747166973469,85.82895410552248,121.5034017755449,75.56039221348554,46.09264127934038,68.6879274399803,33.73838646413164,0,0,0,31.346262,31.346262,0,10.34426646,10.34426646,10.65772908,10.34426646,10.34426646,10.65772908,0,0,0,999.9999868332601,999.9999868332601,0,331.45098591132,476.55001154574,191.9989893762,331.45098591132,476.55001154574,191.9989893762,0,0,0,-39226.1121502141,-39226.1121502141,0,-12944.61700957065,-12944.61700957065,-13336.87813107279,-35574.61662797526,-39671.78119609821,-42337.64961255837,990.4619246841606,1463.649193298381,735.9144097405178,0,0,0,0.2379951664107638,0.1244091294927885,0.05211776025188039,31.90173,31.90173,0,202650,27826.57188551692,19185.23738317802,48229.72047314129,25211.51009171359,10561.66411504356,-119.0933547566484,-119.0933547566484,0,-39.30080706969399,-39.30080706969399,-40.49174061726047,-107.6057612822328,-120.3572823452529,-129.0163245869945,0,0,0,0,0,0,320,1,1,1,1,1,1,1,1,1,1,1,1,1,1,1,0.33,0.33,0.34,0.33,0.33,0.34,0,0,0,1,0.331450990275449,0.4765500178203502,0.1919989919042008,0.331450990275449,0.4765500178203502,0.1919989919042008,-0,-0,-0,1,0,-5.551115123125783e-17,31.346262,-39226.1121502141,202650,-119.0933547566484,320,0.33,0.33,0.34,0.33,0.33,0.34,0,0,0,-5.551115123125783e-17,31.346262,-39226.1121502141,202650,-119.0933547566484,320,0.33,0.33,0.34,0.33,0.33,0.34,0,0,0,-5.551115123125783e-17
0.128,94.11021079333733,94.11021079333733,0,31.05636956180132,31.05636956180132,31.99747166973469,85.82895410552248,121.5034017755449,75.56039221348554,46.09264127934038,68.6879274399803,33.73838646413164,0,0,0,31.346262,31.346262,0,10.34426646,10.34426646,10.65772908,10.34426646,10.34426646,10.65772908,0,0,0,999.9999868332601,999.9999868332601,0,331.45098591132,476.55001154574,191.9989893762,331.45098591132,476.55001154574,191.9989893762,0,0,0,-39226.1121502141,-39226.1121502141,0,-12944.61700957065,-12944.61700957065,-13336.87813107279,-35574.61662797526,-39671.78119609821,-42337.64961255837,990.4619246841606,1463.649193298381,735.9144097405178,0,0,0,0.2379951664107638,0.1244091294927885,0.05211776025188039,31.90173,31.90173,0,202650,27826.57188551692,19185.23738317802,48229.72047314129,25211.51009171359,10561.66411504356,-119.0933547566484,-119.0933547566484,0,-39.30080706969399,-39.30080706969399,-40.49174061726047,-107.6057612822328,-120.3572823452529,-129.0163245869945,0,0,0,0,0,0,320,1,1,1,1,1,1,1,1,1,1,1,1,1,1,1,0.33,0.33,0.34,0.33,0.33,0.34,0,0,0,1,0.331450990275449,0.4765500178203502,0.1919989919042008,0.331450990275449,0.4765500178203502,0.1919989919042008,-0,-0,-0,1,0,-5.551115123125783e-17,31.346262,-39226.1121502141,202650,-119.0933547566484,320,0.33,0.33,0.34,0.33,0.33,0.34,0,0,0,-5.551115123125783e-17,31.346262,-39226.1121502141,202650,-119.0933547566484,320,0.33,0.33,0.34,0.33,0.33,0.34,0,0,0,-5.551115123125783e-17
0.13,94.11021079333733,94.11021079333733,0,31.05636956180132,31.05636956180132,31.99747166973469,85.82895410552248,121.5034017755449,75.56039221348554,46.09264127934038,68.6879274399803,33.73838646413164,0,0,0,31.346262,31.346262,0,10.34426646,10.34426646,10.65772908,10.34426646,10.34426646,10.65772908,0,0,0,999.9999868332601,999.9999868332601,0,331.45098591132,476.55001154574,191.9989893762,331.45098591132,476.55001154574,191.9989893762,0,0,0,-39226.1121502141,-39226.1121502141,0,-12944.61700957065,-12944.61700957065,-13336.87813107279,-35574.61662797526,-39671.78119609821,-42337.64961255837,990.4619246841606,1463.649193298381,735.9144097405178,0,0,0,0.2379951664107638,0.1244091294927885,0.05211776025188039,31.90173,31.90173,0,202650,27826.57188551692,19185.23738317802,48229.72047314129,25211.51009171359,10561.66411504356,-119.0933547566484,-119.0933547566484,0,-39.30080706969399,-39.30080706969399,-40.49174061726047,-107.6057612822328,-120.3572823452529,-129.0163245869945,0,0,0,0,0,0,320,1,1,1,1,1,1,1,1,1,1,1,1,1,1,1,0.33,0.33,0.34,0.33,0.33,0.34,0,0,0,1,0.331450990275449,0.4765500178203502,0.1919989919042008,0.331450990275449,0.4765500178203502,0.1919989919042008,-0,-0,-0,1,0,-5.551115123125783e-17,31.346262,-39226.1121502141,202650,-119.0933547566484,320,0.33,0.33,0.34,0.33,0.33,0.34,0,0,0,-5.551115123125783e-17,31.346262,-39226.1121502141,202650,-119.0933547566484,320,0.33,0.33,0.34,0.33,0.33,0.34,0,0,0,-5.551115123125783e-17
0.132,94.11021079333733,94.11021079333733,0,31.05636956180132,31.05636956180132,31.99747166973469,85.82895410552248,121.5034017755449,75.56039221348554,46.09264127934038,68.6879274399803,33.73838646413164,0,0,0,31.346262,31.346262,0,10.34426646,10.34426646,10.65772908,10.34426646,10.34426646,10.65772908,0,0,0,999.9999868332601,999.9999868332601,0,331.45098591132,476.55001154574,191.9989893762,331.45098591132,476.55001154574,191.9989893762,0,0,0,-39226.1121502141,-39226.1121502141,0,-12944.61700957065,-12944.61700957065,-13336.87813107279,-35574.61662797526,-39671.78119609821,-42337.64961255837,990.4619246841606,1463.649193298381,735.9144097405178,0,0,0,0.2379951664107638,0.1244091294927885,0.05211776025188039,31.90173,31.90173,0,202650,27826.57188551692,19185.23738317802,48229.72047314129,25211.51009171359,10561.66411504356,-119.0933547566484,-119.0933547566484,0,-39.30080706969399,-39.30080706969399,-40.49174061726047,-107.6057612822328,-120.3572823452529,-129.0163245869945,0,0,0,0,0,0,320,1,1,1,1,1,1,1,1,1,1,1,1,1,1,1,0.33,0.33,0.34,0.33,0.33,0.34,0,0,0,1,0.331450990275449,0.4765500178203502,0.1919989919042008,0.331450990275449,0.4765500178203502,0.1919989919042008,-0,-0,-0,1,0,-5.551115123125783e-17,31.346262,-39226.1121502141,202650,-119.0933547566484,320,0.33,0.33,0.34,0.33,0.33,0.34,0,0,0,-5.551115123125783e-17,31.346262,-39226.1121502141,202650,-119.0933547566484,320,0.33,0.33,0.34,0.33,0.33,0.34,0,0,0,-5.551115123125783e-17
0.134,94.11021079333733,94.11021079333733,0,31.05636956180132,31.05636956180132,31.99747166973469,85.82895410552248,121.5034017755449,75.56039221348554,46.09264127934038,68.6879274399803,33.73838646413164,0,0,0,31.346262,31.346262,0,10.34426646,10.34426646,10.65772908,10.34426646,10.34426646,10.65772908,0,0,0,999.9999868332601,999.9999868332601,0,331.45098591132,476.55001154574,191.9989893762,331.45098591132,476.55001154574,191.9989893762,0,0,0,-39226.1121502141,-39226.1121502141,0,-12944.61700957065,-12944.61700957065,-13336.87813107279,-35574.61662797526,-39671.78119609821,-42337.64961255837,990.4619246841606,1463.649193298381,735.9144097405178,0,0,0,0.2379951664107638,0.1244091294927885,0.05211776025188039,31.90173,31.90173,0,202650,27826.57188551692,19185.23738317802,48229.72047314129,25211.51009171359,10561.66411504356,-119.0933547566484,-119.0933547566484,0,-39.30080706969399,-39.30080706969399,-40.49174061726047,-107.6057612822328,-120.3572823452529,-129.0163245869945,0,0,0,0,0,0,320,1,1,1,1,1,1,1,1,1,1,1,1,1,1,1,0.33,0.33,0.34,0.33,0.33,0.34,0,0,0,1,0.331450990275449,0.4765500178203502,0.1919989919042008,0.331450990275449,0.4765500178203502,0.1919989919042008,-0,-0,-0,1,0,-5.551115123125783e-17,31.346262,-39226.1121502141,202650,-119.0933547566484,320,0.33,0.33,0.34,0.33,0.33,0.34,0,0,0,-5.551115123125783e-17,31.346262,-39226.1121502141,202650,-119.0933547566484,320,0.33,0.33,0.34,0.33,0.33,0.34,0,0,0,-5.551115123125783e-17
0.136,94.11021079333733,94.11021079333733,0,31.05636956180132,31.05636956180132,31.99747166973469,85.82895410552248,121.5034017755449,75.56039221348554,46.09264127934038,68.6879274399803,33.73838646413164,0,0,0,31.346262,31.346262,0,10.34426646,10.34426646,10.65772908,10.34426646,10.34426646,10.65772908,0,0,0,999.9999868332601,999.9999868332601,0,331.45098591132,476.55001154574,191.9989893762,331.45098591132,476.55001154574,191.9989893762,0,0,0,-39226.1121502141,-39226.1121502141,0,-12944.61700957065,-12944.61700957065,-13336.87813107279,-35574.61662797526,-39671.78119609821,-42337.64961255837,990.4619246841606,1463.649193298381,735.9144097405178,0,0,0,0.2379951664107638,0.1244091294927885,0.05211776025188039,31.90173,31.90173,0,202650,27826.57188551692,19185.23738317802,48229.72047314129,25211.51009171359,10561.66411504356,-119.0933547566484,-119.0933547566484,0,-39.30080706969399,-39.30080706969399,-40.49174061726047,-107.6057612822328,-120.3572823452529,-129.0163245869945,0,0,0,0,0,0,320,1,1,1,1,1,1,1,1,1,1,1,1,1,1,1,0.33,0.33,0.34,0.33,0.33,0.34,0,0,0,1,0.331450990275449,0.4765500178203502,0.1919989919042008,0.331450990275449,0.4765500178203502,0.1919989919042008,-0,-0,-0,1,0,-5.551115123125783e-17,31.346262,-39226.1121502141,202650,-119.0933547566484,320,0.33,0.33,0.34,0.33,0.33,0.34,0,0,0,-5.551115123125783e-17,31.346262,-39226.1121502141,202650,-119.0933547566484,320,0.33,0.33,0.34,0.33,0.33,0.34,0,0,0,-5.551115123125783e-17
0.138,94.11021079333733,94.11021079333733,0,31.05636956180132,31.05636956180132,31.99747166973469,85.82895410552248,121.5034017755449,75.56039221348554,46.09264127934038,68.6879274399803,33.73838646413164,0,0,0,31.346262,31.346262,0,10.34426646,10.34426646,10.65772908,10.34426646,10.34426646,10.65772908,0,0,0,999.9999868332601,999.9999868332601,0,331.45098591132,476.55001154574,191.9989893762,331.45098591132,476.55001154574,191.9989893762,0,0,0,-39226.1121502141,-39226.1121502141,0,-12944.61700957065,-12944.61700957065,-13336.87813107279,-35574.61662797526,-39671.78119609821,-42337.64961255837,990.4619246841606,1463.649193298381,735.9144097405178,0,0,0,0.2379951664107638,0.1244091294927885,0.05211776025188039,31.90173,31.90173,0,202650,27826.57188551692,19185.23738317802,48229.72047314129,25211.51009171359,10561.66411504356,-119.0933547566484,-119.0933547566484,0,-39.30080706969399,-39.30080706969399,-40.49174061726047,-107.6057612822328,-120.3572823452529,-129.0163245869945,0,0,0,0,0,0,320,1,1,1,1,1,1,1,1,1,1,1,1,1,1,1,0.33,0.33,0.34,0.33,0.33,0.34,0,0,0,1,0.331450990275449,0.4765500178203502,0.1919989919042008,0.331450990275449,0.4765500178203502,0.1919989919042008,-0,-0,-0,1,0,-5.551115123125783e-17,31.346262,-39226.1121502141,202650,-119.0933547566484,320,0.33,0.33,0.34,0.33,0.33,0.34,0,0,0,-5.551115123125783e-17,31.346262,-39226.1121502141,202650,-119.0933547566484,320,0.33,0.33,0.34,0.33,0.33,0.34,0,0,0,-5.551115123125783e-17
0.14,94.11021079333733,94.11021079333733,0,31.05636956180132,31.05636956180132,31.99747166973469,85.82895410552248,121.5034017755449,75.56039221348554,46.09264127934038,68.6879274399803,33.73838646413164,0,0,0,31.346262,31.346262,0,10.34426646,10.34426646,10.65772908,10.34426646,10.34426646,10.65772908,0,0,0,999.9999868332601,999.9999868332601,0,331.45098591132,476.55001154574,191.9989893762,331.45098591132,476.55001154574,191.9989893762,0,0,0,-39226.1121502141,-39226.1121502141,0,-12944.61700957065,-12944.61700957065,-13336.87813107279,-35574.61662797526,-39671.78119609821,-42337.64961255837,990.4619246841606,1463.649193298381,735.9144097405178,0,0,0,0.2379951664107638,0.1244091294927885,0.05211776025188039,31.90173,31.90173,0,202650,27826.57188551692,19185.23738317802,48229.72047314129,25211.51009171359,10561.66411504356,-119.0933547566484,-119.0933547566484,0,-39.30080706969399,-39.30080706969399,-40.49174061726047,-107.6057612822328,-120.3572823452529,-129.0163245869945,0,0,0,0,0,0,320,1,1,1,1,1,1,1,1,1,1,1,1,1,1,1,0.33,0.33,0.34,0.33,0.33,0.34,0,0,0,1,0.331450990275449,0.4765500178203502,0.1919989919042008,0.331450990275449,0.4765500178203502,0.1919989919042008,-0,-0,-0,1,0,-5.551115123125783e-17,31.346262,-39226.1121502141,202650,-119.0933547566484,320,0.33,0.33,0.34,0.33,0.33,0.34,0,0,0,-5.551115123125783e-17,31.346262,-39226.1121502141,202650,-119.0933547566484,320,0.33,0.33,0.34,0.33,0.33,0.34,0,0,0,-5.551115123125783e-17
0.142,94.11021079333733,94.11021079333733,0,31.05636956180132,31.05636956180132,31.99747166973469,85.82895410552248,121.5034017755449,75.56039221348554,46.09264127934038,68.6879274399803,33.73838646413164,0,0,0,31.346262,31.346262,0,10.34426646,10.34426646,10.65772908,10.34426646,10.34426646,10.65772908,0,0,0,999.9999868332601,999.9999868332601,0,331.45098591132,476.55001154574,191.9989893762,331.45098591132,476.55001154574,191.9989893762,0,0,0,-39226.1121502141,-39226.1121502141,0,-12944.61700957065,-12944.61700957065,-13336.87813107279,-35574.61662797526,-39671.78119609821,-42337.64961255837,990.4619246841606,1463.649193298381,735.9144097405178,0,0,0,0.2379951664107638,0.1244091294927885,0.05211776025188039,31.90173,31.90173,0,202650,27826.57188551692,19185.23738317802,48229.72047314129,25211.51009171359,10561.66411504356,-119.0933547566484,-119.0933547566484,0,-39.30080706969399,-39.30080706969399,-40.49174061726047,-107.6057612822328,-120.3572823452529,-129.0163245869945,0,0,0,0,0,0,320,1,1,1,1,1,1,1,1,1,1,1,1,1,1,1,0.33,0.33,0.34,0.33,0.33,0.34,0,0,0,1,0.331450990275449,0.4765500178203502,0.1919989919042008,0.331450990275449,0.4765500178203502,0.1919989919042008,-0,-0,-0,1,0,-5.551115123125783e-17,31.346262,-39226.1121502141,202650,-119.0933547566484,320,0.33,0.33,0.34,0.33,0.33,0.34,0,0,0,-5.551115123125783e-17,31.346262,-39226.1121502141,202650,-119.0933547566484,320,0.33,0.33,0.34,0.33,0.33,0.34,0,0,0,-5.551115123125783e-17
0.144,94.11021079333733,94.11021079333733,0,31.05636956180132,31.05636956180132,31.99747166973469,85.82895410552248,121.5034017755449,75.56039221348554,46.09264127934038,68.6879274399803,33.73838646413164,0,0,0,31.346262,31.346262,0,10.34426646,10.34426646,10.65772908,10.34426646,10.34426646,10.65772908,0,0,0,999.9999868332601,999.9999868332601,0,331.45098591132,476.55001154574,191.9989893762,331.45098591132,476.55001154574,191.9989893762,0,0,0,-39226.1121502141,-39226.1121502141,0,-12944.61700957065,-12944.61700957065,-13336.87813107279,-35574.61662797526,-39671.78119609821,-42337.64961255837,990.4619246841606,1463.649193298381,735.9144097405178,0,0,0,0.2379951664107638,0.1244091294927885,0.05211776025188039,31.90173,31.90173,0,202650,27826.57188551692,19185.23738317802,48229.72047314129,25211.51009171359,10561.66411504356,-119.0933547566484,-119.0933547566484,0,-39.30080706969399,-39.30080706969399,-40.49174061726047,-107.6057612822328,-120.3572823452529,-129.0163245869945,0,0,0,0,0,0,320,1,1,1,1,1,1,1,1,1,1,1,1,1,1,1,0.33,0.33,0.34,0.33,0.33,0.34,0,0,0,1,0.331450990275449,0.4765500178203502,0.1919989919042008,0.331450990275449,0.4765500178203502,0.1919989919042008,-0,-0,-0,1,0,-5.551115123125783e-17,31.346262,-39226.1121502141,202650,-119.0933547566484,320,0.33,0.33,0.34,0.33,0.33,0.34,0,0,0,-5.551115123125783e-17,31.346262,-39226.1121502141,202650,-119.0933547566484,320,0.33,0.33,0.34,0.33,0.33,0.34,0,0,0,-5.551115123125783e-17
0.146,94.11021079333733,94.11021079333733,0,31.05636956180132,31.05636956180132,31.99747166973469,85.82895410552248,121.5034017755449,75.56039221348554,46.09264127934038,68.6879274399803,33.73838646413164,0,0,0,31.346262,31.346262,0,10.34426646,10.34426646,10.65772908,10.34426646,10.34426646,10.65772908,0,0,0,999.9999868332601,999.9999868332601,0,331.45098591132,476.55001154574,191.9989893762,331.45098591132,476.55001154574,191.9989893762,0,0,0,-39226.1121502141,-39226.1121502141,0,-12944.61700957065,-12944.61700957065,-13336.87813107279,-35574.61662797526,-39671.78119609821,-42337.64961255837,990.4619246841606,1463.649193298381,735.9144097405178,0,0,0,0.2379951664107638,0.1244091294927885,0.05211776025188039,31.90173,31.90173,0,202650,27826.57188551692,19185.23738317802,48229.72047314129,25211.51009171359,10561.66411504356,-119.0933547566484,-119.0933547566484,0,-39.30080706969399,-39.30080706969399,-40.49174061726047,-107.6057612822328,-120.3572823452529,-129.0163245869945,0,0,0,0,0,0,320,1,1,1,1,1,1,1,1,1,1,1,1,1,1,1,0.33,0.33,0.34,0.33,0.33,0.34,0,0,0,1,0.331450990275449,0.4765500178203502,0.1919989919042008,0.331450990275449,0.4765500178203502,0.1919989919042008,-0,-0,-0,1,0,-5.551115123125783e-17,31.346262,-39226.1121502141,202650,-119.0933547566484,320,0.33,0.33,0.34,0.33,0.33,0.34,0,0,0,-5.551115123125783e-17,31.346262,-39226.1121502141,202650,-119.0933547566484,320,0.33,0.33,0.34,0.33,0.33,0.34,0,0,0,-5.551115123125783e-17
0.148,94.11021079333733,94.11021079333733,0,31.05636956180132,31.05636956180132,31.99747166973469,85.82895410552248,121.5034017755449,75.56039221348554,46.09264127934038,68.6879274399803,33.73838646413164,0,0,0,31.346262,31.346262,0,10.34426646,10.34426646,10.65772908,10.34426646,10.34426646,10.65772908,0,0,0,999.9999868332601,999.9999868332601,0,331.45098591132,476.55001154574,191.9989893762,331.45098591132,476.55001154574,191.9989893762,0,0,0,-39226.1121502141,-39226.1121502141,0,-12944.61700957065,-12944.61700957065,-13336.87813107279,-35574.61662797526,-39671.78119609821,-42337.64961255837,990.4619246841606,1463.649193298381,735.9144097405178,0,0,0,0.2379951664107638,0.1244091294927885,0.05211776025188039,31.90173,31.90173,0,202650,27826.57188551692,19185.23738317802,48229.72047314129,25211.51009171359,10561.66411504356,-119.0933547566484,-119.0933547566484,0,-39.30080706969399,-39.30080706969399,-40.49174061726047,-107.6057612822328,-120.3572823452529,-129.0163245869945,0,0,0,0,0,0,320,1,1,1,1,1,1,1,1,1,1,1,1,1,1,1,0.33,0.33,0.34,0.33,0.33,0.34,0,0,0,1,0.331450990275449,0.4765500178203502,0.1919989919042008,0.331450990275449,0.4765500178203502,0.1919989919042008,-0,-0,-0,1,0,-5.551115123125783e-17,31.346262,-39226.1121502141,202650,-119.0933547566484,320,0.33,0.33,0.34,0.33,0.33,0.34,0,0,0,-5.551115123125783e-17,31.346262,-39226.1121502141,202650,-119.0933547566484,320,0.33,0.33,0.34,0.33,0.33,0.34,0,0,0,-5.551115123125783e-17
0.15,94.11021079333733,94.11021079333733,0,31.05636956180132,31.05636956180132,31.99747166973469,85.82895410552248,121.5034017755449,75.56039221348554,46.09264127934038,68.6879274399803,33.73838646413164,0,0,0,31.346262,31.346262,0,10.34426646,10.34426646,10.65772908,10.34426646,10.34426646,10.65772908,0,0,0,999.9999868332601,999.9999868332601,0,331.45098591132,476.55001154574,191.9989893762,331.45098591132,476.55001154574,191.9989893762,0,0,0,-39226.1121502141,-39226.1121502141,0,-12944.61700957065,-12944.61700957065,-13336.87813107279,-35574.61662797526,-39671.78119609821,-42337.64961255837,990.4619246841606,1463.649193298381,735.9144097405178,0,0,0,0.2379951664107638,0.1244091294927885,0.05211776025188039,31.90173,31.90173,0,202650,27826.57188551692,19185.23738317802,48229.72047314129,25211.51009171359,10561.66411504356,-119.0933547566484,-119.0933547566484,0,-39.30080706969399,-39.30080706969399,-40.49174061726047,-107.6057612822328,-120.3572823452529,-129.0163245869945,0,0,0,0,0,0,320,1,1,1,1,1,1,1,1,1,1,1,1,1,1,1,0.33,0.33,0.34,0.33,0.33,0.34,0,0,0,1,0.331450990275449,0.4765500178203502,0.1919989919042008,0.331450990275449,0.4765500178203502,0.1919989919042008,-0,-0,-0,1,0,-5.551115123125783e-17,31.346262,-39226.1121502141,202650,-119.0933547566484,320,0.33,0.33,0.34,0.33,0.33,0.34,0,0,0,-5.551115123125783e-17,31.346262,-39226.1121502141,202650,-119.0933547566484,320,0.33,0.33,0.34,0.33,0.33,0.34,0,0,0,-5.551115123125783e-17
0.152,94.11021079333733,94.11021079333733,0,31.05636956180132,31.05636956180132,31.99747166973469,85.82895410552248,121.5034017755449,75.56039221348554,46.09264127934038,68.6879274399803,33.73838646413164,0,0,0,31.346262,31.346262,0,10.34426646,10.34426646,10.65772908,10.34426646,10.34426646,10.65772908,0,0,0,999.9999868332601,999.9999868332601,0,331.45098591132,476.55001154574,191.9989893762,331.45098591132,476.55001154574,191.9989893762,0,0,0,-39226.1121502141,-39226.1121502141,0,-12944.61700957065,-12944.61700957065,-13336.87813107279,-35574.61662797526,-39671.78119609821,-42337.64961255837,990.4619246841606,1463.649193298381,735.9144097405178,0,0,0,0.2379951664107638,0.1244091294927885,0.05211776025188039,31.90173,31.90173,0,202650,27826.57188551692,19185.23738317802,48229.72047314129,25211.51009171359,10561.66411504356,-119.0933547566484,-119.0933547566484,0,-39.30080706969399,-39.30080706969399,-40.49174061726047,-107.6057612822328,-120.3572823452529,-129.0163245869945,0,0,0,0,0,0,320,1,1,1,1,1,1,1,1,1,1,1,1,1,1,1,0.33,0.33,0.34,0.33,0.33,0.34,0,0,0,1,0.331450990275449,0.4765500178203502,0.1919989919042008,0.331450990275449,0.4765500178203502,0.1919989919042008,-0,-0,-0,1,0,-5.551115123125783e-17,31.346262,-39226.1121502141,202650,-119.0933547566484,320,0.33,0.33,0.34,0.33,0.33,0.34,0,0,0,-5.551115123125783e-17,31.346262,-39226.1121502141,202650,-119.0933547566484,320,0.33,0.33,0.34,0.33,0.33,0.34,0,0,0,-5.551115123125783e-17
0.154,94.11021079333733,94.11021079333733,0,31.05636956180132,31.05636956180132,31.99747166973469,85.82895410552248,121.5034017755449,75.56039221348554,46.09264127934038,68.6879274399803,33.73838646413164,0,0,0,31.346262,31.346262,0,10.34426646,10.34426646,10.65772908,10.34426646,10.34426646,10.65772908,0,0,0,999.9999868332601,999.9999868332601,0,331.45098591132,476.55001154574,191.9989893762,331.45098591132,476.55001154574,191.9989893762,0,0,0,-39226.1121502141,-39226.1121502141,0,-12944.61700957065,-12944.61700957065,-13336.87813107279,-35574.61662797526,-39671.78119609821,-42337.64961255837,990.4619246841606,1463.649193298381,735.9144097405178,0,0,0,0.2379951664107638,0.1244091294927885,0.05211776025188039,31.90173,31.90173,0,202650,27826.57188551692,19185.23738317802,48229.72047314129,25211.51009171359,10561.66411504356,-119.0933547566484,-119.0933547566484,0,-39.30080706969399,-39.30080706969399,-40.49174061726047,-107.6057612822328,-120.3572823452529,-129.0163245869945,0,0,0,0,0,0,320,1,1,1,1,1,1,1,1,1,1,1,1,1,1,1,0.33,0.33,0.34,0.33,0.33,0.34,0,0,0,1,0.331450990275449,0.4765500178203502,0.1919989919042008,0.331450990275449,0.4765500178203502,0.1919989919042008,-0,-0,-0,1,0,-5.551115123125783e-17,31.346262,-39226.1121502141,202650,-119.0933547566484,320,0.33,0.33,0.34,0.33,0.33,0.34,0,0,0,-5.551115123125783e-17,31.346262,-39226.1121502141,202650,-119.0933547566484,320,0.33,0.33,0.34,0.33,0.33,0.34,0,0,0,-5.551115123125783e-17
0.156,94.11021079333733,94.11021079333733,0,31.05636956180132,31.05636956180132,31.99747166973469,85.82895410552248,121.5034017755449,75.56039221348554,46.09264127934038,68.6879274399803,33.73838646413164,0,0,0,31.346262,31.346262,0,10.34426646,10.34426646,10.65772908,10.34426646,10.34426646,10.65772908,0,0,0,999.9999868332601,999.9999868332601,0,331.45098591132,476.55001154574,191.9989893762,331.45098591132,476.55001154574,191.9989893762,0,0,0,-39226.1121502141,-39226.1121502141,0,-12944.61700957065,-12944.61700957065,-13336.87813107279,-35574.61662797526,-39671.78119609821,-42337.64961255837,990.4619246841606,1463.649193298381,735.9144097405178,0,0,0,0.2379951664107638,0.1244091294927885,0.05211776025188039,31.90173,31.90173,0,202650,27826.57188551692,19185.23738317802,48229.72047314129,25211.51009171359,10561.66411504356,-119.0933547566484,-119.0933547566484,0,-39.30080706969399,-39.30080706969399,-40.49174061726047,-107.6057612822328,-120.3572823452529,-129.0163245869945,0,0,0,0,0,0,320,1,1,1,1,1,1,1,1,1,1,1,1,1,1,1,0.33,0.33,0.34,0.33,0.33,0.34,0,0,0,1,0.331450990275449,0.4765500178203502,0.1919989919042008,0.331450990275449,0.4765500178203502,0.1919989919042008,-0,-0,-0,1,0,-5.551115123125783e-17,31.346262,-39226.1121502141,202650,-119.0933547566484,320,0.33,0.33,0.34,0.33,0.33,0.34,0,0,0,-5.551115123125783e-17,31.346262,-39226.1121502141,202650,-119.0933547566484,320,0.33,0.33,0.34,0.33,0.33,0.34,0,0,0,-5.551115123125783e-17
0.158,94.11021079333733,94.11021079333733,0,31.05636956180132,31.05636956180132,31.99747166973469,85.82895410552248,121.5034017755449,75.56039221348554,46.09264127934038,68.6879274399803,33.73838646413164,0,0,0,31.346262,31.346262,0,10.34426646,10.34426646,10.65772908,10.34426646,10.34426646,10.65772908,0,0,0,999.9999868332601,999.9999868332601,0,331.45098591132,476.55001154574,191.9989893762,331.45098591132,476.55001154574,191.9989893762,0,0,0,-39226.1121502141,-39226.1121502141,0,-12944.61700957065,-12944.61700957065,-13336.87813107279,-35574.61662797526,-39671.78119609821,-42337.64961255837,990.4619246841606,1463.649193298381,735.9144097405178,0,0,0,0.2379951664107638,0.1244091294927885,0.05211776025188039,31.90173,31.90173,0,202650,27826.57188551692,19185.23738317802,48229.72047314129,25211.51009171359,10561.66411504356,-119.0933547566484,-119.0933547566484,0,-39.30080706969399,-39.30080706969399,-40.49174061726047,-107.6057612822328,-120.3572823452529,-129.0163245869945,0,0,0,0,0,0,320,1,1,1,1,1,1,1,1,1,1,1,1,1,1,1,0.33,0.33,0.34,0.33,0.33,0.34,0,0,0,1,0.331450990275449,0.4765500178203502,0.1919989919042008,0.331450990275449,0.4765500178203502,0.1919989919042008,-0,-0,-0,1,0,-5.551115123125783e-17,31.346262,-39226.1121502141,202650,-119.0933547566484,320,0.33,0.33,0.34,0.33,0.33,0.34,0,0,0,-5.551115123125783e-17,31.346262,-39226.1121502141,202650,-119.0933547566484,320,0.33,0.33,0.34,0.33,0.33,0.34,0,0,0,-5.551115123125783e-17
0.16,94.11021079333733,94.11021079333733,0,31.05636956180132,31.05636956180132,31.99747166973469,85.82895410552248,121.5034017755449,75.56039221348554,46.09264127934038,68.6879274399803,33.73838646413164,0,0,0,31.346262,31.346262,0,10.34426646,10.34426646,10.65772908,10.34426646,10.34426646,10.65772908,0,0,0,999.9999868332601,999.9999868332601,0,331.45098591132,476.55001154574,191.9989893762,331.45098591132,476.55001154574,191.9989893762,0,0,0,-39226.1121502141,-39226.1121502141,0,-12944.61700957065,-12944.61700957065,-13336.87813107279,-35574.61662797526,-39671.78119609821,-42337.64961255837,990.4619246841606,1463.649193298381,735.9144097405178,0,0,0,0.2379951664107638,0.1244091294927885,0.05211776025188039,31.90173,31.90173,0,202650,27826.57188551692,19185.23738317802,48229.72047314129,25211.51009171359,10561.66411504356,-119.0933547566484,-119.0933547566484,0,-39.30080706969399,-39.30080706969399,-40.49174061726047,-107.6057612822328,-120.3572823452529,-129.0163245869945,0,0,0,0,0,0,320,1,1,1,1,1,1,1,1,1,1,1,1,1,1,1,0.33,0.33,0.34,0.33,0.33,0.34,0,0,0,1,0.331450990275449,0.4765500178203502,0.1919989919042008,0.331450990275449,0.4765500178203502,0.1919989919042008,-0,-0,-0,1,0,-5.551115123125783e-17,31.346262,-39226.1121502141,202650,-119.0933547566484,320,0.33,0.33,0.34,0.33,0.33,0.34,0,0,0,-5.551115123125783e-17,31.346262,-39226.1121502141,202650,-119.0933547566484,320,0.33,0.33,0.34,0.33,0.33,0.34,0,0,0,-5.551115123125783e-17
0.162,94.11021079333733,94.11021079333733,0,31.05636956180132,31.05636956180132,31.99747166973469,85.82895410552248,121.5034017755449,75.56039221348554,46.09264127934038,68.6879274399803,33.73838646413164,0,0,0,31.346262,31.346262,0,10.34426646,10.34426646,10.65772908,10.34426646,10.34426646,10.65772908,0,0,0,999.9999868332601,999.9999868332601,0,331.45098591132,476.55001154574,191.9989893762,331.45098591132,476.55001154574,191.9989893762,0,0,0,-39226.1121502141,-39226.1121502141,0,-12944.61700957065,-12944.61700957065,-13336.87813107279,-35574.61662797526,-39671.78119609821,-42337.64961255837,990.4619246841606,1463.649193298381,735.9144097405178,0,0,0,0.2379951664107638,0.1244091294927885,0.05211776025188039,31.90173,31.90173,0,202650,27826.57188551692,19185.23738317802,48229.72047314129,25211.51009171359,10561.66411504356,-119.0933547566484,-119.0933547566484,0,-39.30080706969399,-39.30080706969399,-40.49174061726047,-107.6057612822328,-120.3572823452529,-129.0163245869945,0,0,0,0,0,0,320,1,1,1,1,1,1,1,1,1,1,1,1,1,1,1,0.33,0.33,0.34,0.33,0.33,0.34,0,0,0,1,0.331450990275449,0.4765500178203502,0.1919989919042008,0.331450990275449,0.4765500178203502,0.1919989919042008,-0,-0,-0,1,0,-5.551115123125783e-17,31.346262,-39226.1121502141,202650,-119.0933547566484,320,0.33,0.33,0.34,0.33,0.33,0.34,0,0,0,-5.551115123125783e-17,31.346262,-39226.1121502141,202650,-119.0933547566484,320,0.33,0.33,0.34,0.33,0.33,0.34,0,0,0,-5.551115123125783e-17
0.164,94.11021079333733,94.11021079333733,0,31.05636956180132,31.05636956180132,31.99747166973469,85.82895410552248,121.5034017755449,75.56039221348554,46.09264127934038,68.6879274399803,33.73838646413164,0,0,0,31.346262,31.346262,0,10.34426646,10.34426646,10.65772908,10.34426646,10.34426646,10.65772908,0,0,0,999.9999868332601,999.9999868332601,0,331.45098591132,476.55001154574,191.9989893762,331.45098591132,476.55001154574,191.9989893762,0,0,0,-39226.1121502141,-39226.1121502141,0,-12944.61700957065,-12944.61700957065,-13336.87813107279,-35574.61662797526,-39671.78119609821,-42337.64961255837,990.4619246841606,1463.649193298381,735.9144097405178,0,0,0,0.2379951664107638,0.1244091294927885,0.05211776025188039,31.90173,31.90173,0,202650,27826.57188551692,19185.23738317802,48229.72047314129,25211.51009171359,10561.66411504356,-119.0933547566484,-119.0933547566484,0,-39.30080706969399,-39.30080706969399,-40.49174061726047,-107.6057612822328,-120.3572823452529,-129.0163245869945,0,0,0,0,0,0,320,1,1,1,1,1,1,1,1,1,1,1,1,1,1,1,0.33,0.33,0.34,0.33,0.33,0.34,0,0,0,1,0.331450990275449,0.4765500178203502,0.1919989919042008,0.331450990275449,0.4765500178203502,0.1919989919042008,-0,-0,-0,1,0,-5.551115123125783e-17,31.346262,-39226.1121502141,202650,-119.0933547566484,320,0.33,0.33,0.34,0.33,0.33,0.34,0,0,0,-5.551115123125783e-17,31.346262,-39226.1121502141,202650,-119.0933547566484,320,0.33,0.33,0.34,0.33,0.33,0.34,0,0,0,-5.551115123125783e-17
0.166,94.11021079333733,94.11021079333733,0,31.05636956180132,31.05636956180132,31.99747166973469,85.82895410552248,121.5034017755449,75.56039221348554,46.09264127934038,68.6879274399803,33.73838646413164,0,0,0,31.346262,31.346262,0,10.34426646,10.34426646,10.65772908,10.34426646,10.34426646,10.65772908,0,0,0,999.9999868332601,999.9999868332601,0,331.45098591132,476.55001154574,191.9989893762,331.45098591132,476.55001154574,191.9989893762,0,0,0,-39226.1121502141,-39226.1121502141,0,-12944.61700957065,-12944.61700957065,-13336.87813107279,-35574.61662797526,-39671.78119609821,-42337.64961255837,990.4619246841606,1463.649193298381,735.9144097405178,0,0,0,0.2379951664107638,0.1244091294927885,0.05211776025188039,31.90173,31.90173,0,202650,27826.57188551692,19185.23738317802,48229.72047314129,25211.51009171359,10561.66411504356,-119.0933547566484,-119.0933547566484,0,-39.30080706969399,-39.30080706969399,-40.49174061726047,-107.6057612822328,-120.3572823452529,-129.0163245869945,0,0,0,0,0,0,320,1,1,1,1,1,1,1,1,1,1,1,1,1,1,1,0.33,0.33,0.34,0.33,0.33,0.34,0,0,0,1,0.331450990275449,0.4765500178203502,0.1919989919042008,0.331450990275449,0.4765500178203502,0.1919989919042008,-0,-0,-0,1,0,-5.551115123125783e-17,31.346262,-39226.1121502141,202650,-119.0933547566484,320,0.33,0.33,0.34,0.33,0.33,0.34,0,0,0,-5.551115123125783e-17,31.346262,-39226.1121502141,202650,-119.0933547566484,320,0.33,0.33,0.34,0.33,0.33,0.34,0,0,0,-5.551115123125783e-17
0.168,94.11021079333733,94.11021079333733,0,31.05636956180132,31.05636956180132,31.99747166973469,85.82895410552248,121.5034017755449,75.56039221348554,46.09264127934038,68.6879274399803,33.73838646413164,0,0,0,31.346262,31.346262,0,10.34426646,10.34426646,10.65772908,10.34426646,10.34426646,10.65772908,0,0,0,999.9999868332601,999.9999868332601,0,331.45098591132,476.55001154574,191.9989893762,331.45098591132,476.55001154574,191.9989893762,0,0,0,-39226.1121502141,-39226.1121502141,0,-12944.61700957065,-12944.61700957065,-13336.87813107279,-35574.61662797526,-39671.78119609821,-42337.64961255837,990.4619246841606,1463.649193298381,735.9144097405178,0,0,0,0.2379951664107638,0.1244091294927885,0.05211776025188039,31.90173,31.90173,0,202650,27826.57188551692,19185.23738317802,48229.72047314129,25211.51009171359,10561.66411504356,-119.0933547566484,-119.0933547566484,0,-39.30080706969399,-39.30080706969399,-40.49174061726047,-107.6057612822328,-120.3572823452529,-129.0163245869945,0,0,0,0,0,0,320,1,1,1,1,1,1,1,1,1,1,1,1,1,1,1,0.33,0.33,0.34,0.33,0.33,0.34,0,0,0,1,0.331450990275449,0.4765500178203502,0.1919989919042008,0.331450990275449,0.4765500178203502,0.1919989919042008,-0,-0,-0,1,0,-5.551115123125783e-17,31.346262,-39226.1121502141,202650,-119.0933547566484,320,0.33,0.33,0.34,0.33,0.33,0.34,0,0,0,-5.551115123125783e-17,31.346262,-39226.1121502141,202650,-119.0933547566484,320,0.33,0.33,0.34,0.33,0.33,0.34,0,0,0,-5.551115123125783e-17
0.17,94.11021079333733,94.11021079333733,0,31.05636956180132,31.05636956180132,31.99747166973469,85.82895410552248,121.5034017755449,75.56039221348554,46.09264127934038,68.6879274399803,33.73838646413164,0,0,0,31.346262,31.346262,0,10.34426646,10.34426646,10.65772908,10.34426646,10.34426646,10.65772908,0,0,0,999.9999868332601,999.9999868332601,0,331.45098591132,476.55001154574,191.9989893762,331.45098591132,476.55001154574,191.9989893762,0,0,0,-39226.1121502141,-39226.1121502141,0,-12944.61700957065,-12944.61700957065,-13336.87813107279,-35574.61662797526,-39671.78119609821,-42337.64961255837,990.4619246841606,1463.649193298381,735.9144097405178,0,0,0,0.2379951664107638,0.1244091294927885,0.05211776025188039,31.90173,31.90173,0,202650,27826.57188551692,19185.23738317802,48229.72047314129,25211.51009171359,10561.66411504356,-119.0933547566484,-119.0933547566484,0,-39.30080706969399,-39.30080706969399,-40.49174061726047,-107.6057612822328,-120.3572823452529,-129.0163245869945,0,0,0,0,0,0,320,1,1,1,1,1,1,1,1,1,1,1,1,1,1,1,0.33,0.33,0.34,0.33,0.33,0.34,0,0,0,1,0.331450990275449,0.4765500178203502,0.1919989919042008,0.331450990275449,0.4765500178203502,0.1919989919042008,-0,-0,-0,1,0,-5.551115123125783e-17,31.346262,-39226.1121502141,202650,-119.0933547566484,320,0.33,0.33,0.34,0.33,0.33,0.34,0,0,0,-5.551115123125783e-17,31.346262,-39226.1121502141,202650,-119.0933547566484,320,0.33,0.33,0.34,0.33,0.33,0.34,0,0,0,-5.551115123125783e-17
0.172,94.11021079333733,94.11021079333733,0,31.05636956180132,31.05636956180132,31.99747166973469,85.82895410552248,121.5034017755449,75.56039221348554,46.09264127934038,68.6879274399803,33.73838646413164,0,0,0,31.346262,31.346262,0,10.34426646,10.34426646,10.65772908,10.34426646,10.34426646,10.65772908,0,0,0,999.9999868332601,999.9999868332601,0,331.45098591132,476.55001154574,191.9989893762,331.45098591132,476.55001154574,191.9989893762,0,0,0,-39226.1121502141,-39226.1121502141,0,-12944.61700957065,-12944.61700957065,-13336.87813107279,-35574.61662797526,-39671.78119609821,-42337.64961255837,990.4619246841606,1463.649193298381,735.9144097405178,0,0,0,0.2379951664107638,0.1244091294927885,0.05211776025188039,31.90173,31.90173,0,202650,27826.57188551692,19185.23738317802,48229.72047314129,25211.51009171359,10561.66411504356,-119.0933547566484,-119.0933547566484,0,-39.30080706969399,-39.30080706969399,-40.49174061726047,-107.6057612822328,-120.3572823452529,-129.0163245869945,0,0,0,0,0,0,320,1,1,1,1,1,1,1,1,1,1,1,1,1,1,1,0.33,0.33,0.34,0.33,0.33,0.34,0,0,0,1,0.331450990275449,0.4765500178203502,0.1919989919042008,0.331450990275449,0.4765500178203502,0.1919989919042008,-0,-0,-0,1,0,-5.551115123125783e-17,31.346262,-39226.1121502141,202650,-119.0933547566484,320,0.33,0.33,0.34,0.33,0.33,0.34,0,0,0,-5.551115123125783e-17,31.346262,-39226.1121502141,202650,-119.0933547566484,320,0.33,0.33,0.34,0.33,0.33,0.34,0,0,0,-5.551115123125783e-17
0.174,94.11021079333733,94.11021079333733,0,31.05636956180132,31.05636956180132,31.99747166973469,85.82895410552248,121.5034017755449,75.56039221348554,46.09264127934038,68.6879274399803,33.73838646413164,0,0,0,31.346262,31.346262,0,10.34426646,10.34426646,10.65772908,10.34426646,10.34426646,10.65772908,0,0,0,999.9999868332601,999.9999868332601,0,331.45098591132,476.55001154574,191.9989893762,331.45098591132,476.55001154574,191.9989893762,0,0,0,-39226.1121502141,-39226.1121502141,0,-12944.61700957065,-12944.61700957065,-13336.87813107279,-35574.61662797526,-39671.78119609821,-42337.64961255837,990.4619246841606,1463.649193298381,735.9144097405178,0,0,0,0.2379951664107638,0.1244091294927885,0.05211776025188039,31.90173,31.90173,0,202650,27826.57188551692,19185.23738317802,48229.72047314129,25211.51009171359,10561.66411504356,-119.0933547566484,-119.0933547566484,0,-39.30080706969399,-39.30080706969399,-40.49174061726047,-107.6057612822328,-120.3572823452529,-129.0163245869945,0,0,0,0,0,0,320,1,1,1,1,1,1,1,1,1,1,1,1,1,1,1,0.33,0.33,0.34,0.33,0.33,0.34,0,0,0,1,0.331450990275449,0.4765500178203502,0.1919989919042008,0.331450990275449,0.4765500178203502,0.1919989919042008,-0,-0,-0,1,0,-5.551115123125783e-17,31.346262,-39226.1121502141,202650,-119.0933547566484,320,0.33,0.33,0.34,0.33,0.33,0.34,0,0,0,-5.551115123125783e-17,31.346262,-39226.1121502141,202650,-119.0933547566484,320,0.33,0.33,0.34,0.33,0.33,0.34,0,0,0,-5.551115123125783e-17
0.176,94.11021079333733,94.11021079333733,0,31.05636956180132,31.05636956180132,31.99747166973469,85.82895410552248,121.5034017755449,75.56039221348554,46.09264127934038,68.6879274399803,33.73838646413164,0,0,0,31.346262,31.346262,0,10.34426646,10.34426646,10.65772908,10.34426646,10.34426646,10.65772908,0,0,0,999.9999868332601,999.9999868332601,0,331.45098591132,476.55001154574,191.9989893762,331.45098591132,476.55001154574,191.9989893762,0,0,0,-39226.1121502141,-39226.1121502141,0,-12944.61700957065,-12944.61700957065,-13336.87813107279,-35574.61662797526,-39671.78119609821,-42337.64961255837,990.4619246841606,1463.649193298381,735.9144097405178,0,0,0,0.2379951664107638,0.1244091294927885,0.05211776025188039,31.90173,31.90173,0,202650,27826.57188551692,19185.23738317802,48229.72047314129,25211.51009171359,10561.66411504356,-119.0933547566484,-119.0933547566484,0,-39.30080706969399,-39.30080706969399,-40.49174061726047,-107.6057612822328,-120.3572823452529,-129.0163245869945,0,0,0,0,0,0,320,1,1,1,1,1,1,1,1,1,1,1,1,1,1,1,0.33,0.33,0.34,0.33,0.33,0.34,0,0,0,1,0.331450990275449,0.4765500178203502,0.1919989919042008,0.331450990275449,0.4765500178203502,0.1919989919042008,-0,-0,-0,1,0,-5.551115123125783e-17,31.346262,-39226.1121502141,202650,-119.0933547566484,320,0.33,0.33,0.34,0.33,0.33,0.34,0,0,0,-5.551115123125783e-17,31.346262,-39226.1121502141,202650,-119.0933547566484,320,0.33,0.33,0.34,0.33,0.33,0.34,0,0,0,-5.551115123125783e-17
0.178,94.11021079333733,94.11021079333733,0,31.05636956180132,31.05636956180132,31.99747166973469,85.82895410552248,121.5034017755449,75.56039221348554,46.09264127934038,68.6879274399803,33.73838646413164,0,0,0,31.346262,31.346262,0,10.34426646,10.34426646,10.65772908,10.34426646,10.34426646,10.65772908,0,0,0,999.9999868332601,999.9999868332601,0,331.45098591132,476.55001154574,191.9989893762,331.45098591132,476.55001154574,191.9989893762,0,0,0,-39226.1121502141,-39226.1121502141,0,-12944.61700957065,-12944.61700957065,-13336.87813107279,-35574.61662797526,-39671.78119609821,-42337.64961255837,990.4619246841606,1463.649193298381,735.9144097405178,0,0,0,0.2379951664107638,0.1244091294927885,0.05211776025188039,31.90173,31.90173,0,202650,27826.57188551692,19185.23738317802,48229.72047314129,25211.51009171359,10561.66411504356,-119.0933547566484,-119.0933547566484,0,-39.30080706969399,-39.30080706969399,-40.49174061726047,-107.6057612822328,-120.3572823452529,-129.0163245869945,0,0,0,0,0,0,320,1,1,1,1,1,1,1,1,1,1,1,1,1,1,1,0.33,0.33,0.34,0.33,0.33,0.34,0,0,0,1,0.331450990275449,0.4765500178203502,0.1919989919042008,0.331450990275449,0.4765500178203502,0.1919989919042008,-0,-0,-0,1,0,-5.551115123125783e-17,31.346262,-39226.1121502141,202650,-119.0933547566484,320,0.33,0.33,0.34,0.33,0.33,0.34,0,0,0,-5.551115123125783e-17,31.346262,-39226.1121502141,202650,-119.0933547566484,320,0.33,0.33,0.34,0.33,0.33,0.34,0,0,0,-5.551115123125783e-17
0.18,94.11021079333733,94.11021079333733,0,31.05636956180132,31.05636956180132,31.99747166973469,85.82895410552248,121.5034017755449,75.56039221348554,46.09264127934038,68.6879274399803,33.73838646413164,0,0,0,31.346262,31.346262,0,10.34426646,10.34426646,10.65772908,10.34426646,10.34426646,10.65772908,0,0,0,999.9999868332601,999.9999868332601,0,331.45098591132,476.55001154574,191.9989893762,331.45098591132,476.55001154574,191.9989893762,0,0,0,-39226.1121502141,-39226.1121502141,0,-12944.61700957065,-12944.61700957065,-13336.87813107279,-35574.61662797526,-39671.78119609821,-42337.64961255837,990.4619246841606,1463.649193298381,735.9144097405178,0,0,0,0.2379951664107638,0.1244091294927885,0.05211776025188039,31.90173,31.90173,0,202650,27826.57188551692,19185.23738317802,48229.72047314129,25211.51009171359,10561.66411504356,-119.0933547566484,-119.0933547566484,0,-39.30080706969399,-39.30080706969399,-40.49174061726047,-107.6057612822328,-120.3572823452529,-129.0163245869945,0,0,0,0,0,0,320,1,1,1,1,1,1,1,1,1,1,1,1,1,1,1,0.33,0.33,0.34,0.33,0.33,0.34,0,0,0,1,0.331450990275449,0.4765500178203502,0.1919989919042008,0.331450990275449,0.4765500178203502,0.1919989919042008,-0,-0,-0,1,0,-5.551115123125783e-17,31.346262,-39226.1121502141,202650,-119.0933547566484,320,0.33,0.33,0.34,0.33,0.33,0.34,0,0,0,-5.551115123125783e-17,31.346262,-39226.1121502141,202650,-119.0933547566484,320,0.33,0.33,0.34,0.33,0.33,0.34,0,0,0,-5.551115123125783e-17
0.182,94.11021079333733,94.11021079333733,0,31.05636956180132,31.05636956180132,31.99747166973469,85.82895410552248,121.5034017755449,75.56039221348554,46.09264127934038,68.6879274399803,33.73838646413164,0,0,0,31.346262,31.346262,0,10.34426646,10.34426646,10.65772908,10.34426646,10.34426646,10.65772908,0,0,0,999.9999868332601,999.9999868332601,0,331.45098591132,476.55001154574,191.9989893762,331.45098591132,476.55001154574,191.9989893762,0,0,0,-39226.1121502141,-39226.1121502141,0,-12944.61700957065,-12944.61700957065,-13336.87813107279,-35574.61662797526,-39671.78119609821,-42337.64961255837,990.4619246841606,1463.649193298381,735.9144097405178,0,0,0,0.2379951664107638,0.1244091294927885,0.05211776025188039,31.90173,31.90173,0,202650,27826.57188551692,19185.23738317802,48229.72047314129,25211.51009171359,10561.66411504356,-119.0933547566484,-119.0933547566484,0,-39.30080706969399,-39.30080706969399,-40.49174061726047,-107.6057612822328,-120.3572823452529,-129.0163245869945,0,0,0,0,0,0,320,1,1,1,1,1,1,1,1,1,1,1,1,1,1,1,0.33,0.33,0.34,0.33,0.33,0.34,0,0,0,1,0.331450990275449,0.4765500178203502,0.1919989919042008,0.331450990275449,0.4765500178203502,0.1919989919042008,-0,-0,-0,1,0,-5.551115123125783e-17,31.346262,-39226.1121502141,202650,-119.0933547566484,320,0.33,0.33,0.34,0.33,0.33,0.34,0,0,0,-5.551115123125783e-17,31.346262,-39226.1121502141,202650,-119.0933547566484,320,0.33,0.33,0.34,0.33,0.33,0.34,0,0,0,-5.551115123125783e-17
0.184,94.11021079333733,94.11021079333733,0,31.05636956180132,31.05636956180132,31.99747166973469,85.82895410552248,121.5034017755449,75.56039221348554,46.09264127934038,68.6879274399803,33.73838646413164,0,0,0,31.346262,31.346262,0,10.34426646,10.34426646,10.65772908,10.34426646,10.34426646,10.65772908,0,0,0,999.9999868332601,999.9999868332601,0,331.45098591132,476.55001154574,191.9989893762,331.45098591132,476.55001154574,191.9989893762,0,0,0,-39226.1121502141,-39226.1121502141,0,-12944.61700957065,-12944.61700957065,-13336.87813107279,-35574.61662797526,-39671.78119609821,-42337.64961255837,990.4619246841606,1463.649193298381,735.9144097405178,0,0,0,0.2379951664107638,0.1244091294927885,0.05211776025188039,31.90173,31.90173,0,202650,27826.57188551692,19185.23738317802,48229.72047314129,25211.51009171359,10561.66411504356,-119.0933547566484,-119.0933547566484,0,-39.30080706969399,-39.30080706969399,-40.49174061726047,-107.6057612822328,-120.3572823452529,-129.0163245869945,0,0,0,0,0,0,320,1,1,1,1,1,1,1,1,1,1,1,1,1,1,1,0.33,0.33,0.34,0.33,0.33,0.34,0,0,0,1,0.331450990275449,0.4765500178203502,0.1919989919042008,0.331450990275449,0.4765500178203502,0.1919989919042008,-0,-0,-0,1,0,-5.551115123125783e-17,31.346262,-39226.1121502141,202650,-119.0933547566484,320,0.33,0.33,0.34,0.33,0.33,0.34,0,0,0,-5.551115123125783e-17,31.346262,-39226.1121502141,202650,-119.0933547566484,320,0.33,0.33,0.34,0.33,0.33,0.34,0,0,0,-5.551115123125783e-17
0.186,94.11021079333733,94.11021079333733,0,31.05636956180132,31.05636956180132,31.99747166973469,85.82895410552248,121.5034017755449,75.56039221348554,46.09264127934038,68.6879274399803,33.73838646413164,0,0,0,31.346262,31.346262,0,10.34426646,10.34426646,10.65772908,10.34426646,10.34426646,10.65772908,0,0,0,999.9999868332601,999.9999868332601,0,331.45098591132,476.55001154574,191.9989893762,331.45098591132,476.55001154574,191.9989893762,0,0,0,-39226.1121502141,-39226.1121502141,0,-12944.61700957065,-12944.61700957065,-13336.87813107279,-35574.61662797526,-39671.78119609821,-42337.64961255837,990.4619246841606,1463.649193298381,735.9144097405178,0,0,0,0.2379951664107638,0.1244091294927885,0.05211776025188039,31.90173,31.90173,0,202650,27826.57188551692,19185.23738317802,48229.72047314129,25211.51009171359,10561.66411504356,-119.0933547566484,-119.0933547566484,0,-39.30080706969399,-39.30080706969399,-40.49174061726047,-107.6057612822328,-120.3572823452529,-129.0163245869945,0,0,0,0,0,0,320,1,1,1,1,1,1,1,1,1,1,1,1,1,1,1,0.33,0.33,0.34,0.33,0.33,0.34,0,0,0,1,0.331450990275449,0.4765500178203502,0.1919989919042008,0.331450990275449,0.4765500178203502,0.1919989919042008,-0,-0,-0,1,0,-5.551115123125783e-17,31.346262,-39226.1121502141,202650,-119.0933547566484,320,0.33,0.33,0.34,0.33,0.33,0.34,0,0,0,-5.551115123125783e-17,31.346262,-39226.1121502141,202650,-119.0933547566484,320,0.33,0.33,0.34,0.33,0.33,0.34,0,0,0,-5.551115123125783e-17
0.188,94.11021079333733,94.11021079333733,0,31.05636956180132,31.05636956180132,31.99747166973469,85.82895410552248,121.5034017755449,75.56039221348554,46.09264127934038,68.6879274399803,33.73838646413164,0,0,0,31.346262,31.346262,0,10.34426646,10.34426646,10.65772908,10.34426646,10.34426646,10.65772908,0,0,0,999.9999868332601,999.9999868332601,0,331.45098591132,476.55001154574,191.9989893762,331.45098591132,476.55001154574,191.9989893762,0,0,0,-39226.1121502141,-39226.1121502141,0,-12944.61700957065,-12944.61700957065,-13336.87813107279,-35574.61662797526,-39671.78119609821,-42337.64961255837,990.4619246841606,1463.649193298381,735.9144097405178,0,0,0,0.2379951664107638,0.1244091294927885,0.05211776025188039,31.90173,31.90173,0,202650,27826.57188551692,19185.23738317802,48229.72047314129,25211.51009171359,10561.66411504356,-119.0933547566484,-119.0933547566484,0,-39.30080706969399,-39.30080706969399,-40.49174061726047,-107.6057612822328,-120.3572823452529,-129.0163245869945,0,0,0,0,0,0,320,1,1,1,1,1,1,1,1,1,1,1,1,1,1,1,0.33,0.33,0.34,0.33,0.33,0.34,0,0,0,1,0.331450990275449,0.4765500178203502,0.1919989919042008,0.331450990275449,0.4765500178203502,0.1919989919042008,-0,-0,-0,1,0,-5.551115123125783e-17,31.346262,-39226.1121502141,202650,-119.0933547566484,320,0.33,0.33,0.34,0.33,0.33,0.34,0,0,0,-5.551115123125783e-17,31.346262,-39226.1121502141,202650,-119.0933547566484,320,0.33,0.33,0.34,0.33,0.33,0.34,0,0,0,-5.551115123125783e-17
0.19,94.11021079333733,94.11021079333733,0,31.05636956180132,31.05636956180132,31.99747166973469,85.82895410552248,121.5034017755449,75.56039221348554,46.09264127934038,68.6879274399803,33.73838646413164,0,0,0,31.346262,31.346262,0,10.34426646,10.34426646,10.65772908,10.34426646,10.34426646,10.65772908,0,0,0,999.9999868332601,999.9999868332601,0,331.45098591132,476.55001154574,191.9989893762,331.45098591132,476.55001154574,191.9989893762,0,0,0,-39226.1121502141,-39226.1121502141,0,-12944.61700957065,-12944.61700957065,-13336.87813107279,-35574.61662797526,-39671.78119609821,-42337.64961255837,990.4619246841606,1463.649193298381,735.9144097405178,0,0,0,0.2379951664107638,0.1244091294927885,0.05211776025188039,31.90173,31.90173,0,202650,27826.57188551692,19185.23738317802,48229.72047314129,25211.51009171359,10561.66411504356,-119.0933547566484,-119.0933547566484,0,-39.30080706969399,-39.30080706969399,-40.49174061726047,-107.6057612822328,-120.3572823452529,-129.0163245869945,0,0,0,0,0,0,320,1,1,1,1,1,1,1,1,1,1,1,1,1,1,1,0.33,0.33,0.34,0.33,0.33,0.34,0,0,0,1,0.331450990275449,0.4765500178203502,0.1919989919042008,0.331450990275449,0.4765500178203502,0.1919989919042008,-0,-0,-0,1,0,-5.551115123125783e-17,31.346262,-39226.1121502141,202650,-119.0933547566484,320,0.33,0.33,0.34,0.33,0.33,0.34,0,0,0,-5.551115123125783e-17,31.346262,-39226.1121502141,202650,-119.0933547566484,320,0.33,0.33,0.34,0.33,0.33,0.34,0,0,0,-5.551115123125783e-17
0.192,94.11021079333733,94.11021079333733,0,31.05636956180132,31.05636956180132,31.99747166973469,85.82895410552248,121.5034017755449,75.56039221348554,46.09264127934038,68.6879274399803,33.73838646413164,0,0,0,31.346262,31.346262,0,10.34426646,10.34426646,10.65772908,10.34426646,10.34426646,10.65772908,0,0,0,999.9999868332601,999.9999868332601,0,331.45098591132,476.55001154574,191.9989893762,331.45098591132,476.55001154574,191.9989893762,0,0,0,-39226.1121502141,-39226.1121502141,0,-12944.61700957065,-12944.61700957065,-13336.87813107279,-35574.61662797526,-39671.78119609821,-42337.64961255837,990.4619246841606,1463.649193298381,735.9144097405178,0,0,0,0.2379951664107638,0.1244091294927885,0.05211776025188039,31.90173,31.90173,0,202650,27826.57188551692,19185.23738317802,48229.72047314129,25211.51009171359,10561.66411504356,-119.0933547566484,-119.0933547566484,0,-39.30080706969399,-39.30080706969399,-40.49174061726047,-107.6057612822328,-120.3572823452529,-129.0163245869945,0,0,0,0,0,0,320,1,1,1,1,1,1,1,1,1,1,1,1,1,1,1,0.33,0.33,0.34,0.33,0.33,0.34,0,0,0,1,0.331450990275449,0.4765500178203502,0.1919989919042008,0.331450990275449,0.4765500178203502,0.1919989919042008,-0,-0,-0,1,0,-5.551115123125783e-17,31.346262,-39226.1121502141,202650,-119.0933547566484,320,0.33,0.33,0.34,0.33,0.33,0.34,0,0,0,-5.551115123125783e-17,31.346262,-39226.1121502141,202650,-119.0933547566484,320,0.33,0.33,0.34,0.33,0.33,0.34,0,0,0,-5.551115123125783e-17
0.194,94.11021079333733,94.11021079333733,0,31.05636956180132,31.05636956180132,31.99747166973469,85.82895410552248,121.5034017755449,75.56039221348554,46.09264127934038,68.6879274399803,33.73838646413164,0,0,0,31.346262,31.346262,0,10.34426646,10.34426646,10.65772908,10.34426646,10.34426646,10.65772908,0,0,0,999.9999868332601,999.9999868332601,0,331.45098591132,476.55001154574,191.9989893762,331.45098591132,476.55001154574,191.9989893762,0,0,0,-39226.1121502141,-39226.1121502141,0,-12944.61700957065,-12944.61700957065,-13336.87813107279,-35574.61662797526,-39671.78119609821,-42337.64961255837,990.4619246841606,1463.649193298381,735.9144097405178,0,0,0,0.2379951664107638,0.1244091294927885,0.05211776025188039,31.90173,31.90173,0,202650,27826.57188551692,19185.23738317802,48229.72047314129,25211.51009171359,10561.66411504356,-119.0933547566484,-119.0933547566484,0,-39.30080706969399,-39.30080706969399,-40.49174061726047,-107.6057612822328,-120.3572823452529,-129.0163245869945,0,0,0,0,0,0,320,1,1,1,1,1,1,1,1,1,1,1,1,1,1,1,0.33,0.33,0.34,0.33,0.33,0.34,0,0,0,1,0.331450990275449,0.4765500178203502,0.1919989919042008,0.331450990275449,0.4765500178203502,0.1919989919042008,-0,-0,-0,1,0,-5.551115123125783e-17,31.346262,-39226.1121502141,202650,-119.0933547566484,320,0.33,0.33,0.34,0.33,0.33,0.34,0,0,0,-5.551115123125783e-17,31.346262,-39226.1121502141,202650,-119.0933547566484,320,0.33,0.33,0.34,0.33,0.33,0.34,0,0,0,-5.551115123125783e-17
0.196,94.11021079333733,94.11021079333733,0,31.05636956180132,31.05636956180132,31.99747166973469,85.82895410552248,121.5034017755449,75.56039221348554,46.09264127934038,68.6879274399803,33.73838646413164,0,0,0,31.346262,31.346262,0,10.34426646,10.34426646,10.65772908,10.34426646,10.34426646,10.65772908,0,0,0,999.9999868332601,999.9999868332601,0,331.45098591132,476.55001154574,191.9989893762,331.45098591132,476.55001154574,191.9989893762,0,0,0,-39226.1121502141,-39226.1121502141,0,-12944.61700957065,-12944.61700957065,-13336.87813107279,-35574.61662797526,-39671.78119609821,-42337.64961255837,990.4619246841606,1463.649193298381,735.9144097405178,0,0,0,0.2379951664107638,0.1244091294927885,0.05211776025188039,31.90173,31.90173,0,202650,27826.57188551692,19185.23738317802,48229.72047314129,25211.51009171359,10561.66411504356,-119.0933547566484,-119.0933547566484,0,-39.30080706969399,-39.30080706969399,-40.49174061726047,-107.6057612822328,-120.3572823452529,-129.0163245869945,0,0,0,0,0,0,320,1,1,1,1,1,1,1,1,1,1,1,1,1,1,1,0.33,0.33,0.34,0.33,0.33,0.34,0,0,0,1,0.331450990275449,0.4765500178203502,0.1919989919042008,0.331450990275449,0.4765500178203502,0.1919989919042008,-0,-0,-0,1,0,-5.551115123125783e-17,31.346262,-39226.1121502141,202650,-119.0933547566484,320,0.33,0.33,0.34,0.33,0.33,0.34,0,0,0,-5.551115123125783e-17,31.346262,-39226.1121502141,202650,-119.0933547566484,320,0.33,0.33,0.34,0.33,0.33,0.34,0,0,0,-5.551115123125783e-17
0.198,94.11021079333733,94.11021079333733,0,31.05636956180132,31.05636956180132,31.99747166973469,85.82895410552248,121.5034017755449,75.56039221348554,46.09264127934038,68.6879274399803,33.73838646413164,0,0,0,31.346262,31.346262,0,10.34426646,10.34426646,10.65772908,10.34426646,10.34426646,10.65772908,0,0,0,999.9999868332601,999.9999868332601,0,331.45098591132,476.55001154574,191.9989893762,331.45098591132,476.55001154574,191.9989893762,0,0,0,-39226.1121502141,-39226.1121502141,0,-12944.61700957065,-12944.61700957065,-13336.87813107279,-35574.61662797526,-39671.78119609821,-42337.64961255837,990.4619246841606,1463.649193298381,735.9144097405178,0,0,0,0.2379951664107638,0.1244091294927885,0.05211776025188039,31.90173,31.90173,0,202650,27826.57188551692,19185.23738317802,48229.72047314129,25211.51009171359,10561.66411504356,-119.0933547566484,-119.0933547566484,0,-39.30080706969399,-39.30080706969399,-40.49174061726047,-107.6057612822328,-120.3572823452529,-129.0163245869945,0,0,0,0,0,0,320,1,1,1,1,1,1,1,1,1,1,1,1,1,1,1,0.33,0.33,0.34,0.33,0.33,0.34,0,0,0,1,0.331450990275449,0.4765500178203502,0.1919989919042008,0.331450990275449,0.4765500178203502,0.1919989919042008,-0,-0,-0,1,0,-5.551115123125783e-17,31.346262,-39226.1121502141,202650,-119.0933547566484,320,0.33,0.33,0.34,0.33,0.33,0.34,0,0,0,-5.551115123125783e-17,31.346262,-39226.1121502141,202650,-119.0933547566484,320,0.33,0.33,0.34,0.33,0.33,0.34,0,0,0,-5.551115123125783e-17
0.2,94.11021079333733,94.11021079333733,0,31.05636956180132,31.05636956180132,31.99747166973469,85.82895410552248,121.5034017755449,75.56039221348554,46.09264127934038,68.6879274399803,33.73838646413164,0,0,0,31.346262,31.346262,0,10.34426646,10.34426646,10.65772908,10.34426646,10.34426646,10.65772908,0,0,0,999.9999868332601,999.9999868332601,0,331.45098591132,476.55001154574,191.9989893762,331.45098591132,476.55001154574,191.9989893762,0,0,0,-39226.1121502141,-39226.1121502141,0,-12944.61700957065,-12944.61700957065,-13336.87813107279,-35574.61662797526,-39671.78119609821,-42337.64961255837,990.4619246841606,1463.649193298381,735.9144097405178,0,0,0,0.2379951664107638,0.1244091294927885,0.05211776025188039,31.90173,31.90173,0,202650,27826.57188551692,19185.23738317802,48229.72047314129,25211.51009171359,10561.66411504356,-119.0933547566484,-119.0933547566484,0,-39.30080706969399,-39.30080706969399,-40.49174061726047,-107.6057612822328,-120.3572823452529,-129.0163245869945,0,0,0,0,0,0,320,1,1,1,1,1,1,1,1,1,1,1,1,1,1,1,0.33,0.33,0.34,0.33,0.33,0.34,0,0,0,1,0.331450990275449,0.4765500178203502,0.1919989919042008,0.331450990275449,0.4765500178203502,0.1919989919042008,-0,-0,-0,1,0,-5.551115123125783e-17,31.346262,-39226.1121502141,202650,-119.0933547566484,320,0.33,0.33,0.34,0.33,0.33,0.34,0,0,0,-5.551115123125783e-17,31.346262,-39226.1121502141,202650,-119.0933547566484,320,0.33,0.33,0.34,0.33,0.33,0.34,0,0,0,-5.551115123125783e-17
0.202,94.11021079333733,94.11021079333733,0,31.05636956180132,31.05636956180132,31.99747166973469,85.82895410552248,121.5034017755449,75.56039221348554,46.09264127934038,68.6879274399803,33.73838646413164,0,0,0,31.346262,31.346262,0,10.34426646,10.34426646,10.65772908,10.34426646,10.34426646,10.65772908,0,0,0,999.9999868332601,999.9999868332601,0,331.45098591132,476.55001154574,191.9989893762,331.45098591132,476.55001154574,191.9989893762,0,0,0,-39226.1121502141,-39226.1121502141,0,-12944.61700957065,-12944.61700957065,-13336.87813107279,-35574.61662797526,-39671.78119609821,-42337.64961255837,990.4619246841606,1463.649193298381,735.9144097405178,0,0,0,0.2379951664107638,0.1244091294927885,0.05211776025188039,31.90173,31.90173,0,202650,27826.57188551692,19185.23738317802,48229.72047314129,25211.51009171359,10561.66411504356,-119.0933547566484,-119.0933547566484,0,-39.30080706969399,-39.30080706969399,-40.49174061726047,-107.6057612822328,-120.3572823452529,-129.0163245869945,0,0,0,0,0,0,320,1,1,1,1,1,1,1,1,1,1,1,1,1,1,1,0.33,0.33,0.34,0.33,0.33,0.34,0,0,0,1,0.331450990275449,0.4765500178203502,0.1919989919042008,0.331450990275449,0.4765500178203502,0.1919989919042008,-0,-0,-0,1,0,-5.551115123125783e-17,31.346262,-39226.1121502141,202650,-119.0933547566484,320,0.33,0.33,0.34,0.33,0.33,0.34,0,0,0,-5.551115123125783e-17,31.346262,-39226.1121502141,202650,-119.0933547566484,320,0.33,0.33,0.34,0.33,0.33,0.34,0,0,0,-5.551115123125783e-17
0.204,94.11021079333733,94.11021079333733,0,31.05636956180132,31.05636956180132,31.99747166973469,85.82895410552248,121.5034017755449,75.56039221348554,46.09264127934038,68.6879274399803,33.73838646413164,0,0,0,31.346262,31.346262,0,10.34426646,10.34426646,10.65772908,10.34426646,10.34426646,10.65772908,0,0,0,999.9999868332601,999.9999868332601,0,331.45098591132,476.55001154574,191.9989893762,331.45098591132,476.55001154574,191.9989893762,0,0,0,-39226.1121502141,-39226.1121502141,0,-12944.61700957065,-12944.61700957065,-13336.87813107279,-35574.61662797526,-39671.78119609821,-42337.64961255837,990.4619246841606,1463.649193298381,735.9144097405178,0,0,0,0.2379951664107638,0.1244091294927885,0.05211776025188039,31.90173,31.90173,0,202650,27826.57188551692,19185.23738317802,48229.72047314129,25211.51009171359,10561.66411504356,-119.0933547566484,-119.0933547566484,0,-39.30080706969399,-39.30080706969399,-40.49174061726047,-107.6057612822328,-120.3572823452529,-129.0163245869945,0,0,0,0,0,0,320,1,1,1,1,1,1,1,1,1,1,1,1,1,1,1,0.33,0.33,0.34,0.33,0.33,0.34,0,0,0,1,0.331450990275449,0.4765500178203502,0.1919989919042008,0.331450990275449,0.4765500178203502,0.1919989919042008,-0,-0,-0,1,0,-5.551115123125783e-17,31.346262,-39226.1121502141,202650,-119.0933547566484,320,0.33,0.33,0.34,0.33,0.33,0.34,0,0,0,-5.551115123125783e-17,31.346262,-39226.1121502141,202650,-119.0933547566484,320,0.33,0.33,0.34,0.33,0.33,0.34,0,0,0,-5.551115123125783e-17
0.206,94.11021079333733,94.11021079333733,0,31.05636956180132,31.05636956180132,31.99747166973469,85.82895410552248,121.5034017755449,75.56039221348554,46.09264127934038,68.6879274399803,33.73838646413164,0,0,0,31.346262,31.346262,0,10.34426646,10.34426646,10.65772908,10.34426646,10.34426646,10.65772908,0,0,0,999.9999868332601,999.9999868332601,0,331.45098591132,476.55001154574,191.9989893762,331.45098591132,476.55001154574,191.9989893762,0,0,0,-39226.1121502141,-39226.1121502141,0,-12944.61700957065,-12944.61700957065,-13336.87813107279,-35574.61662797526,-39671.78119609821,-42337.64961255837,990.4619246841606,1463.649193298381,735.9144097405178,0,0,0,0.2379951664107638,0.1244091294927885,0.05211776025188039,31.90173,31.90173,0,202650,27826.57188551692,19185.23738317802,48229.72047314129,25211.51009171359,10561.66411504356,-119.0933547566484,-119.0933547566484,0,-39.30080706969399,-39.30080706969399,-40.49174061726047,-107.6057612822328,-120.3572823452529,-129.0163245869945,0,0,0,0,0,0,320,1,1,1,1,1,1,1,1,1,1,1,1,1,1,1,0.33,0.33,0.34,0.33,0.33,0.34,0,0,0,1,0.331450990275449,0.4765500178203502,0.1919989919042008,0.331450990275449,0.4765500178203502,0.1919989919042008,-0,-0,-0,1,0,-5.551115123125783e-17,31.346262,-39226.1121502141,202650,-119.0933547566484,320,0.33,0.33,0.34,0.33,0.33,0.34,0,0,0,-5.551115123125783e-17,31.346262,-39226.1121502141,202650,-119.0933547566484,320,0.33,0.33,0.34,0.33,0.33,0.34,0,0,0,-5.551115123125783e-17
0.208,94.11021079333733,94.11021079333733,0,31.05636956180132,31.05636956180132,31.99747166973469,85.82895410552248,121.5034017755449,75.56039221348554,46.09264127934038,68.6879274399803,33.73838646413164,0,0,0,31.346262,31.346262,0,10.34426646,10.34426646,10.65772908,10.34426646,10.34426646,10.65772908,0,0,0,999.9999868332601,999.9999868332601,0,331.45098591132,476.55001154574,191.9989893762,331.45098591132,476.55001154574,191.9989893762,0,0,0,-39226.1121502141,-39226.1121502141,0,-12944.61700957065,-12944.61700957065,-13336.87813107279,-35574.61662797526,-39671.78119609821,-42337.64961255837,990.4619246841606,1463.649193298381,735.9144097405178,0,0,0,0.2379951664107638,0.1244091294927885,0.05211776025188039,31.90173,31.90173,0,202650,27826.57188551692,19185.23738317802,48229.72047314129,25211.51009171359,10561.66411504356,-119.0933547566484,-119.0933547566484,0,-39.30080706969399,-39.30080706969399,-40.49174061726047,-107.6057612822328,-120.3572823452529,-129.0163245869945,0,0,0,0,0,0,320,1,1,1,1,1,1,1,1,1,1,1,1,1,1,1,0.33,0.33,0.34,0.33,0.33,0.34,0,0,0,1,0.331450990275449,0.4765500178203502,0.1919989919042008,0.331450990275449,0.4765500178203502,0.1919989919042008,-0,-0,-0,1,0,-5.551115123125783e-17,31.346262,-39226.1121502141,202650,-119.0933547566484,320,0.33,0.33,0.34,0.33,0.33,0.34,0,0,0,-5.551115123125783e-17,31.346262,-39226.1121502141,202650,-119.0933547566484,320,0.33,0.33,0.34,0.33,0.33,0.34,0,0,0,-5.551115123125783e-17
0.21,94.11021079333733,94.11021079333733,0,31.05636956180132,31.05636956180132,31.99747166973469,85.82895410552248,121.5034017755449,75.56039221348554,46.09264127934038,68.6879274399803,33.73838646413164,0,0,0,31.346262,31.346262,0,10.34426646,10.34426646,10.65772908,10.34426646,10.34426646,10.65772908,0,0,0,999.9999868332601,999.9999868332601,0,331.45098591132,476.55001154574,191.9989893762,331.45098591132,476.55001154574,191.9989893762,0,0,0,-39226.1121502141,-39226.1121502141,0,-12944.61700957065,-12944.61700957065,-13336.87813107279,-35574.61662797526,-39671.78119609821,-42337.64961255837,990.4619246841606,1463.649193298381,735.9144097405178,0,0,0,0.2379951664107638,0.1244091294927885,0.05211776025188039,31.90173,31.90173,0,202650,27826.57188551692,19185.23738317802,48229.72047314129,25211.51009171359,10561.66411504356,-119.0933547566484,-119.0933547566484,0,-39.30080706969399,-39.30080706969399,-40.49174061726047,-107.6057612822328,-120.3572823452529,-129.0163245869945,0,0,0,0,0,0,320,1,1,1,1,1,1,1,1,1,1,1,1,1,1,1,0.33,0.33,0.34,0.33,0.33,0.34,0,0,0,1,0.331450990275449,0.4765500178203502,0.1919989919042008,0.331450990275449,0.4765500178203502,0.1919989919042008,-0,-0,-0,1,0,-5.551115123125783e-17,31.346262,-39226.1121502141,202650,-119.0933547566484,320,0.33,0.33,0.34,0.33,0.33,0.34,0,0,0,-5.551115123125783e-17,31.346262,-39226.1121502141,202650,-119.0933547566484,320,0.33,0.33,0.34,0.33,0.33,0.34,0,0,0,-5.551115123125783e-17
0.212,94.11021079333733,94.11021079333733,0,31.05636956180132,31.05636956180132,31.99747166973469,85.82895410552248,121.5034017755449,75.56039221348554,46.09264127934038,68.6879274399803,33.73838646413164,0,0,0,31.346262,31.346262,0,10.34426646,10.34426646,10.65772908,10.34426646,10.34426646,10.65772908,0,0,0,999.9999868332601,999.9999868332601,0,331.45098591132,476.55001154574,191.9989893762,331.45098591132,476.55001154574,191.9989893762,0,0,0,-39226.1121502141,-39226.1121502141,0,-12944.61700957065,-12944.61700957065,-13336.87813107279,-35574.61662797526,-39671.78119609821,-42337.64961255837,990.4619246841606,1463.649193298381,735.9144097405178,0,0,0,0.2379951664107638,0.1244091294927885,0.05211776025188039,31.90173,31.90173,0,202650,27826.57188551692,19185.23738317802,48229.72047314129,25211.51009171359,10561.66411504356,-119.0933547566484,-119.0933547566484,0,-39.30080706969399,-39.30080706969399,-40.49174061726047,-107.6057612822328,-120.3572823452529,-129.0163245869945,0,0,0,0,0,0,320,1,1,1,1,1,1,1,1,1,1,1,1,1,1,1,0.33,0.33,0.34,0.33,0.33,0.34,0,0,0,1,0.331450990275449,0.4765500178203502,0.1919989919042008,0.331450990275449,0.4765500178203502,0.1919989919042008,-0,-0,-0,1,0,-5.551115123125783e-17,31.346262,-39226.1121502141,202650,-119.0933547566484,320,0.33,0.33,0.34,0.33,0.33,0.34,0,0,0,-5.551115123125783e-17,31.346262,-39226.1121502141,202650,-119.0933547566484,320,0.33,0.33,0.34,0.33,0.33,0.34,0,0,0,-5.551115123125783e-17
0.214,94.11021079333733,94.11021079333733,0,31.05636956180132,31.05636956180132,31.99747166973469,85.82895410552248,121.5034017755449,75.56039221348554,46.09264127934038,68.6879274399803,33.73838646413164,0,0,0,31.346262,31.346262,0,10.34426646,10.34426646,10.65772908,10.34426646,10.34426646,10.65772908,0,0,0,999.9999868332601,999.9999868332601,0,331.45098591132,476.55001154574,191.9989893762,331.45098591132,476.55001154574,191.9989893762,0,0,0,-39226.1121502141,-39226.1121502141,0,-12944.61700957065,-12944.61700957065,-13336.87813107279,-35574.61662797526,-39671.78119609821,-42337.64961255837,990.4619246841606,1463.649193298381,735.9144097405178,0,0,0,0.2379951664107638,0.1244091294927885,0.05211776025188039,31.90173,31.90173,0,202650,27826.57188551692,19185.23738317802,48229.72047314129,25211.51009171359,10561.66411504356,-119.0933547566484,-119.0933547566484,0,-39.30080706969399,-39.30080706969399,-40.49174061726047,-107.6057612822328,-120.3572823452529,-129.0163245869945,0,0,0,0,0,0,320,1,1,1,1,1,1,1,1,1,1,1,1,1,1,1,0.33,0.33,0.34,0.33,0.33,0.34,0,0,0,1,0.331450990275449,0.4765500178203502,0.1919989919042008,0.331450990275449,0.4765500178203502,0.1919989919042008,-0,-0,-0,1,0,-5.551115123125783e-17,31.346262,-39226.1121502141,202650,-119.0933547566484,320,0.33,0.33,0.34,0.33,0.33,0.34,0,0,0,-5.551115123125783e-17,31.346262,-39226.1121502141,202650,-119.0933547566484,320,0.33,0.33,0.34,0.33,0.33,0.34,0,0,0,-5.551115123125783e-17
0.216,94.11021079333733,94.11021079333733,0,31.05636956180132,31.05636956180132,31.99747166973469,85.82895410552248,121.5034017755449,75.56039221348554,46.09264127934038,68.6879274399803,33.73838646413164,0,0,0,31.346262,31.346262,0,10.34426646,10.34426646,10.65772908,10.34426646,10.34426646,10.65772908,0,0,0,999.9999868332601,999.9999868332601,0,331.45098591132,476.55001154574,191.9989893762,331.45098591132,476.55001154574,191.9989893762,0,0,0,-39226.1121502141,-39226.1121502141,0,-12944.61700957065,-12944.61700957065,-13336.87813107279,-35574.61662797526,-39671.78119609821,-42337.64961255837,990.4619246841606,1463.649193298381,735.9144097405178,0,0,0,0.2379951664107638,0.1244091294927885,0.05211776025188039,31.90173,31.90173,0,202650,27826.57188551692,19185.23738317802,48229.72047314129,25211.51009171359,10561.66411504356,-119.0933547566484,-119.0933547566484,0,-39.30080706969399,-39.30080706969399,-40.49174061726047,-107.6057612822328,-120.3572823452529,-129.0163245869945,0,0,0,0,0,0,320,1,1,1,1,1,1,1,1,1,1,1,1,1,1,1,0.33,0.33,0.34,0.33,0.33,0.34,0,0,0,1,0.331450990275449,0.4765500178203502,0.1919989919042008,0.331450990275449,0.4765500178203502,0.1919989919042008,-0,-0,-0,1,0,-5.551115123125783e-17,31.346262,-39226.1121502141,202650,-119.0933547566484,320,0.33,0.33,0.34,0.33,0.33,0.34,0,0,0,-5.551115123125783e-17,31.346262,-39226.1121502141,202650,-119.0933547566484,320,0.33,0.33,0.34,0.33,0.33,0.34,0,0,0,-5.551115123125783e-17
0.218,94.11021079333733,94.11021079333733,0,31.05636956180132,31.05636956180132,31.99747166973469,85.82895410552248,121.5034017755449,75.56039221348554,46.09264127934038,68.6879274399803,33.73838646413164,0,0,0,31.346262,31.346262,0,10.34426646,10.34426646,10.65772908,10.34426646,10.34426646,10.65772908,0,0,0,999.9999868332601,999.9999868332601,0,331.45098591132,476.55001154574,191.9989893762,331.45098591132,476.55001154574,191.9989893762,0,0,0,-39226.1121502141,-39226.1121502141,0,-12944.61700957065,-12944.61700957065,-13336.87813107279,-35574.61662797526,-39671.78119609821,-42337.64961255837,990.4619246841606,1463.649193298381,735.9144097405178,0,0,0,0.2379951664107638,0.1244091294927885,0.05211776025188039,31.90173,31.90173,0,202650,27826.57188551692,19185.23738317802,48229.72047314129,25211.51009171359,10561.66411504356,-119.0933547566484,-119.0933547566484,0,-39.30080706969399,-39.30080706969399,-40.49174061726047,-107.6057612822328,-120.3572823452529,-129.0163245869945,0,0,0,0,0,0,320,1,1,1,1,1,1,1,1,1,1,1,1,1,1,1,0.33,0.33,0.34,0.33,0.33,0.34,0,0,0,1,0.331450990275449,0.4765500178203502,0.1919989919042008,0.331450990275449,0.4765500178203502,0.1919989919042008,-0,-0,-0,1,0,-5.551115123125783e-17,31.346262,-39226.1121502141,202650,-119.0933547566484,320,0.33,0.33,0.34,0.33,0.33,0.34,0,0,0,-5.551115123125783e-17,31.346262,-39226.1121502141,202650,-119.0933547566484,320,0.33,0.33,0.34,0.33,0.33,0.34,0,0,0,-5.551115123125783e-17
0.22,94.11021079333733,94.11021079333733,0,31.05636956180132,31.05636956180132,31.99747166973469,85.82895410552248,121.5034017755449,75.56039221348554,46.09264127934038,68.6879274399803,33.73838646413164,0,0,0,31.346262,31.346262,0,10.34426646,10.34426646,10.65772908,10.34426646,10.34426646,10.65772908,0,0,0,999.9999868332601,999.9999868332601,0,331.45098591132,476.55001154574,191.9989893762,331.45098591132,476.55001154574,191.9989893762,0,0,0,-39226.1121502141,-39226.1121502141,0,-12944.61700957065,-12944.61700957065,-13336.87813107279,-35574.61662797526,-39671.78119609821,-42337.64961255837,990.4619246841606,1463.649193298381,735.9144097405178,0,0,0,0.2379951664107638,0.1244091294927885,0.05211776025188039,31.90173,31.90173,0,202650,27826.57188551692,19185.23738317802,48229.72047314129,25211.51009171359,10561.66411504356,-119.0933547566484,-119.0933547566484,0,-39.30080706969399,-39.30080706969399,-40.49174061726047,-107.6057612822328,-120.3572823452529,-129.0163245869945,0,0,0,0,0,0,320,1,1,1,1,1,1,1,1,1,1,1,1,1,1,1,0.33,0.33,0.34,0.33,0.33,0.34,0,0,0,1,0.331450990275449,0.4765500178203502,0.1919989919042008,0.331450990275449,0.4765500178203502,0.1919989919042008,-0,-0,-0,1,0,-5.551115123125783e-17,31.346262,-39226.1121502141,202650,-119.0933547566484,320,0.33,0.33,0.34,0.33,0.33,0.34,0,0,0,-5.551115123125783e-17,31.346262,-39226.1121502141,202650,-119.0933547566484,320,0.33,0.33,0.34,0.33,0.33,0.34,0,0,0,-5.551115123125783e-17
0.222,94.11021079333733,94.11021079333733,0,31.05636956180132,31.05636956180132,31.99747166973469,85.82895410552248,121.5034017755449,75.56039221348554,46.09264127934038,68.6879274399803,33.73838646413164,0,0,0,31.346262,31.346262,0,10.34426646,10.34426646,10.65772908,10.34426646,10.34426646,10.65772908,0,0,0,999.9999868332601,999.9999868332601,0,331.45098591132,476.55001154574,191.9989893762,331.45098591132,476.55001154574,191.9989893762,0,0,0,-39226.1121502141,-39226.1121502141,0,-12944.61700957065,-12944.61700957065,-13336.87813107279,-35574.61662797526,-39671.78119609821,-42337.64961255837,990.4619246841606,1463.649193298381,735.9144097405178,0,0,0,0.2379951664107638,0.1244091294927885,0.05211776025188039,31.90173,31.90173,0,202650,27826.57188551692,19185.23738317802,48229.72047314129,25211.51009171359,10561.66411504356,-119.0933547566484,-119.0933547566484,0,-39.30080706969399,-39.30080706969399,-40.49174061726047,-107.6057612822328,-120.3572823452529,-129.0163245869945,0,0,0,0,0,0,320,1,1,1,1,1,1,1,1,1,1,1,1,1,1,1,0.33,0.33,0.34,0.33,0.33,0.34,0,0,0,1,0.331450990275449,0.4765500178203502,0.1919989919042008,0.331450990275449,0.4765500178203502,0.1919989919042008,-0,-0,-0,1,0,-5.551115123125783e-17,31.346262,-39226.1121502141,202650,-119.0933547566484,320,0.33,0.33,0.34,0.33,0.33,0.34,0,0,0,-5.551115123125783e-17,31.346262,-39226.1121502141,202650,-119.0933547566484,320,0.33,0.33,0.34,0.33,0.33,0.34,0,0,0,-5.551115123125783e-17
0.224,94.11021079333733,94.11021079333733,0,31.05636956180132,31.05636956180132,31.99747166973469,85.82895410552248,121.5034017755449,75.56039221348554,46.09264127934038,68.6879274399803,33.73838646413164,0,0,0,31.346262,31.346262,0,10.34426646,10.34426646,10.65772908,10.34426646,10.34426646,10.65772908,0,0,0,999.9999868332601,999.9999868332601,0,331.45098591132,476.55001154574,191.9989893762,331.45098591132,476.55001154574,191.9989893762,0,0,0,-39226.1121502141,-39226.1121502141,0,-12944.61700957065,-12944.61700957065,-13336.87813107279,-35574.61662797526,-39671.78119609821,-42337.64961255837,990.4619246841606,1463.649193298381,735.9144097405178,0,0,0,0.2379951664107638,0.1244091294927885,0.05211776025188039,31.90173,31.90173,0,202650,27826.57188551692,19185.23738317802,48229.72047314129,25211.51009171359,10561.66411504356,-119.0933547566484,-119.0933547566484,0,-39.30080706969399,-39.30080706969399,-40.49174061726047,-107.6057612822328,-120.3572823452529,-129.0163245869945,0,0,0,0,0,0,320,1,1,1,1,1,1,1,1,1,1,1,1,1,1,1,0.33,0.33,0.34,0.33,0.33,0.34,0,0,0,1,0.331450990275449,0.4765500178203502,0.1919989919042008,0.331450990275449,0.4765500178203502,0.1919989919042008,-0,-0,-0,1,0,-5.551115123125783e-17,31.346262,-39226.1121502141,202650,-119.0933547566484,320,0.33,0.33,0.34,0.33,0.33,0.34,0,0,0,-5.551115123125783e-17,31.346262,-39226.1121502141,202650,-119.0933547566484,320,0.33,0.33,0.34,0.33,0.33,0.34,0,0,0,-5.551115123125783e-17
0.226,94.11021079333733,94.11021079333733,0,31.05636956180132,31.05636956180132,31.99747166973469,85.82895410552248,121.5034017755449,75.56039221348554,46.09264127934038,68.6879274399803,33.73838646413164,0,0,0,31.346262,31.346262,0,10.34426646,10.34426646,10.65772908,10.34426646,10.34426646,10.65772908,0,0,0,999.9999868332601,999.9999868332601,0,331.45098591132,476.55001154574,191.9989893762,331.45098591132,476.55001154574,191.9989893762,0,0,0,-39226.1121502141,-39226.1121502141,0,-12944.61700957065,-12944.61700957065,-13336.87813107279,-35574.61662797526,-39671.78119609821,-42337.64961255837,990.4619246841606,1463.649193298381,735.9144097405178,0,0,0,0.2379951664107638,0.1244091294927885,0.05211776025188039,31.90173,31.90173,0,202650,27826.57188551692,19185.23738317802,48229.72047314129,25211.51009171359,10561.66411504356,-119.0933547566484,-119.0933547566484,0,-39.30080706969399,-39.30080706969399,-40.49174061726047,-107.6057612822328,-120.3572823452529,-129.0163245869945,0,0,0,0,0,0,320,1,1,1,1,1,1,1,1,1,1,1,1,1,1,1,0.33,0.33,0.34,0.33,0.33,0.34,0,0,0,1,0.331450990275449,0.4765500178203502,0.1919989919042008,0.331450990275449,0.4765500178203502,0.1919989919042008,-0,-0,-0,1,0,-5.551115123125783e-17,31.346262,-39226.1121502141,202650,-119.0933547566484,320,0.33,0.33,0.34,0.33,0.33,0.34,0,0,0,-5.551115123125783e-17,31.346262,-39226.1121502141,202650,-119.0933547566484,320,0.33,0.33,0.34,0.33,0.33,0.34,0,0,0,-5.551115123125783e-17
0.228,94.11021079333733,94.11021079333733,0,31.05636956180132,31.05636956180132,31.99747166973469,85.82895410552248,121.5034017755449,75.56039221348554,46.09264127934038,68.6879274399803,33.73838646413164,0,0,0,31.346262,31.346262,0,10.34426646,10.34426646,10.65772908,10.34426646,10.34426646,10.65772908,0,0,0,999.9999868332601,999.9999868332601,0,331.45098591132,476.55001154574,191.9989893762,331.45098591132,476.55001154574,191.9989893762,0,0,0,-39226.1121502141,-39226.1121502141,0,-12944.61700957065,-12944.61700957065,-13336.87813107279,-35574.61662797526,-39671.78119609821,-42337.64961255837,990.4619246841606,1463.649193298381,735.9144097405178,0,0,0,0.2379951664107638,0.1244091294927885,0.05211776025188039,31.90173,31.90173,0,202650,27826.57188551692,19185.23738317802,48229.72047314129,25211.51009171359,10561.66411504356,-119.0933547566484,-119.0933547566484,0,-39.30080706969399,-39.30080706969399,-40.49174061726047,-107.6057612822328,-120.3572823452529,-129.0163245869945,0,0,0,0,0,0,320,1,1,1,1,1,1,1,1,1,1,1,1,1,1,1,0.33,0.33,0.34,0.33,0.33,0.34,0,0,0,1,0.331450990275449,0.4765500178203502,0.1919989919042008,0.331450990275449,0.4765500178203502,0.1919989919042008,-0,-0,-0,1,0,-5.551115123125783e-17,31.346262,-39226.1121502141,202650,-119.0933547566484,320,0.33,0.33,0.34,0.33,0.33,0.34,0,0,0,-5.551115123125783e-17,31.346262,-39226.1121502141,202650,-119.0933547566484,320,0.33,0.33,0.34,0.33,0.33,0.34,0,0,0,-5.551115123125783e-17
0.23,94.11021079333733,94.11021079333733,0,31.05636956180132,31.05636956180132,31.99747166973469,85.82895410552248,121.5034017755449,75.56039221348554,46.09264127934038,68.6879274399803,33.73838646413164,0,0,0,31.346262,31.346262,0,10.34426646,10.34426646,10.65772908,10.34426646,10.34426646,10.65772908,0,0,0,999.9999868332601,999.9999868332601,0,331.45098591132,476.55001154574,191.9989893762,331.45098591132,476.55001154574,191.9989893762,0,0,0,-39226.1121502141,-39226.1121502141,0,-12944.61700957065,-12944.61700957065,-13336.87813107279,-35574.61662797526,-39671.78119609821,-42337.64961255837,990.4619246841606,1463.649193298381,735.9144097405178,0,0,0,0.2379951664107638,0.1244091294927885,0.05211776025188039,31.90173,31.90173,0,202650,27826.57188551692,19185.23738317802,48229.72047314129,25211.51009171359,10561.66411504356,-119.0933547566484,-119.0933547566484,0,-39.30080706969399,-39.30080706969399,-40.49174061726047,-107.6057612822328,-120.3572823452529,-129.0163245869945,0,0,0,0,0,0,320,1,1,1,1,1,1,1,1,1,1,1,1,1,1,1,0.33,0.33,0.34,0.33,0.33,0.34,0,0,0,1,0.331450990275449,0.4765500178203502,0.1919989919042008,0.331450990275449,0.4765500178203502,0.1919989919042008,-0,-0,-0,1,0,-5.551115123125783e-17,31.346262,-39226.1121502141,202650,-119.0933547566484,320,0.33,0.33,0.34,0.33,0.33,0.34,0,0,0,-5.551115123125783e-17,31.346262,-39226.1121502141,202650,-119.0933547566484,320,0.33,0.33,0.34,0.33,0.33,0.34,0,0,0,-5.551115123125783e-17
0.232,94.11021079333733,94.11021079333733,0,31.05636956180132,31.05636956180132,31.99747166973469,85.82895410552248,121.5034017755449,75.56039221348554,46.09264127934038,68.6879274399803,33.73838646413164,0,0,0,31.346262,31.346262,0,10.34426646,10.34426646,10.65772908,10.34426646,10.34426646,10.65772908,0,0,0,999.9999868332601,999.9999868332601,0,331.45098591132,476.55001154574,191.9989893762,331.45098591132,476.55001154574,191.9989893762,0,0,0,-39226.1121502141,-39226.1121502141,0,-12944.61700957065,-12944.61700957065,-13336.87813107279,-35574.61662797526,-39671.78119609821,-42337.64961255837,990.4619246841606,1463.649193298381,735.9144097405178,0,0,0,0.2379951664107638,0.1244091294927885,0.05211776025188039,31.90173,31.90173,0,202650,27826.57188551692,19185.23738317802,48229.72047314129,25211.51009171359,10561.66411504356,-119.0933547566484,-119.0933547566484,0,-39.30080706969399,-39.30080706969399,-40.49174061726047,-107.6057612822328,-120.3572823452529,-129.0163245869945,0,0,0,0,0,0,320,1,1,1,1,1,1,1,1,1,1,1,1,1,1,1,0.33,0.33,0.34,0.33,0.33,0.34,0,0,0,1,0.331450990275449,0.4765500178203502,0.1919989919042008,0.331450990275449,0.4765500178203502,0.1919989919042008,-0,-0,-0,1,0,-5.551115123125783e-17,31.346262,-39226.1121502141,202650,-119.0933547566484,320,0.33,0.33,0.34,0.33,0.33,0.34,0,0,0,-5.551115123125783e-17,31.346262,-39226.1121502141,202650,-119.0933547566484,320,0.33,0.33,0.34,0.33,0.33,0.34,0,0,0,-5.551115123125783e-17
0.234,94.11021079333733,94.11021079333733,0,31.05636956180132,31.05636956180132,31.99747166973469,85.82895410552248,121.5034017755449,75.56039221348554,46.09264127934038,68.6879274399803,33.73838646413164,0,0,0,31.346262,31.346262,0,10.34426646,10.34426646,10.65772908,10.34426646,10.34426646,10.65772908,0,0,0,999.9999868332601,999.9999868332601,0,331.45098591132,476.55001154574,191.9989893762,331.45098591132,476.55001154574,191.9989893762,0,0,0,-39226.1121502141,-39226.1121502141,0,-12944.61700957065,-12944.61700957065,-13336.87813107279,-35574.61662797526,-39671.78119609821,-42337.64961255837,990.4619246841606,1463.649193298381,735.9144097405178,0,0,0,0.2379951664107638,0.1244091294927885,0.05211776025188039,31.90173,31.90173,0,202650,27826.57188551692,19185.23738317802,48229.72047314129,25211.51009171359,10561.66411504356,-119.0933547566484,-119.0933547566484,0,-39.30080706969399,-39.30080706969399,-40.49174061726047,-107.6057612822328,-120.3572823452529,-129.0163245869945,0,0,0,0,0,0,320,1,1,1,1,1,1,1,1,1,1,1,1,1,1,1,0.33,0.33,0.34,0.33,0.33,0.34,0,0,0,1,0.331450990275449,0.4765500178203502,0.1919989919042008,0.331450990275449,0.4765500178203502,0.1919989919042008,-0,-0,-0,1,0,-5.551115123125783e-17,31.346262,-39226.1121502141,202650,-119.0933547566484,320,0.33,0.33,0.34,0.33,0.33,0.34,0,0,0,-5.551115123125783e-17,31.346262,-39226.1121502141,202650,-119.0933547566484,320,0.33,0.33,0.34,0.33,0.33,0.34,0,0,0,-5.551115123125783e-17
0.236,94.11021079333733,94.11021079333733,0,31.05636956180132,31.05636956180132,31.99747166973469,85.82895410552248,121.5034017755449,75.56039221348554,46.09264127934038,68.6879274399803,33.73838646413164,0,0,0,31.346262,31.346262,0,10.34426646,10.34426646,10.65772908,10.34426646,10.34426646,10.65772908,0,0,0,999.9999868332601,999.9999868332601,0,331.45098591132,476.55001154574,191.9989893762,331.45098591132,476.55001154574,191.9989893762,0,0,0,-39226.1121502141,-39226.1121502141,0,-12944.61700957065,-12944.61700957065,-13336.87813107279,-35574.61662797526,-39671.78119609821,-42337.64961255837,990.4619246841606,1463.649193298381,735.9144097405178,0,0,0,0.2379951664107638,0.1244091294927885,0.05211776025188039,31.90173,31.90173,0,202650,27826.57188551692,19185.23738317802,48229.72047314129,25211.51009171359,10561.66411504356,-119.0933547566484,-119.0933547566484,0,-39.30080706969399,-39.30080706969399,-40.49174061726047,-107.6057612822328,-120.3572823452529,-129.0163245869945,0,0,0,0,0,0,320,1,1,1,1,1,1,1,1,1,1,1,1,1,1,1,0.33,0.33,0.34,0.33,0.33,0.34,0,0,0,1,0.331450990275449,0.4765500178203502,0.1919989919042008,0.331450990275449,0.4765500178203502,0.1919989919042008,-0,-0,-0,1,0,-5.551115123125783e-17,31.346262,-39226.1121502141,202650,-119.0933547566484,320,0.33,0.33,0.34,0.33,0.33,0.34,0,0,0,-5.551115123125783e-17,31.346262,-39226.1121502141,202650,-119.0933547566484,320,0.33,0.33,0.34,0.33,0.33,0.34,0,0,0,-5.551115123125783e-17
0.238,94.11021079333733,94.11021079333733,0,31.05636956180132,31.05636956180132,31.99747166973469,85.82895410552248,121.5034017755449,75.56039221348554,46.09264127934038,68.6879274399803,33.73838646413164,0,0,0,31.346262,31.346262,0,10.34426646,10.34426646,10.65772908,10.34426646,10.34426646,10.65772908,0,0,0,999.9999868332601,999.9999868332601,0,331.45098591132,476.55001154574,191.9989893762,331.45098591132,476.55001154574,191.9989893762,0,0,0,-39226.1121502141,-39226.1121502141,0,-12944.61700957065,-12944.61700957065,-13336.87813107279,-35574.61662797526,-39671.78119609821,-42337.64961255837,990.4619246841606,1463.649193298381,735.9144097405178,0,0,0,0.2379951664107638,0.1244091294927885,0.05211776025188039,31.90173,31.90173,0,202650,27826.57188551692,19185.23738317802,48229.72047314129,25211.51009171359,10561.66411504356,-119.0933547566484,-119.0933547566484,0,-39.30080706969399,-39.30080706969399,-40.49174061726047,-107.6057612822328,-120.3572823452529,-129.0163245869945,0,0,0,0,0,0,320,1,1,1,1,1,1,1,1,1,1,1,1,1,1,1,0.33,0.33,0.34,0.33,0.33,0.34,0,0,0,1,0.331450990275449,0.4765500178203502,0.1919989919042008,0.331450990275449,0.4765500178203502,0.1919989919042008,-0,-0,-0,1,0,-5.551115123125783e-17,31.346262,-39226.1121502141,202650,-119.0933547566484,320,0.33,0.33,0.34,0.33,0.33,0.34,0,0,0,-5.551115123125783e-17,31.346262,-39226.1121502141,202650,-119.0933547566484,320,0.33,0.33,0.34,0.33,0.33,0.34,0,0,0,-5.551115123125783e-17
0.24,94.11021079333733,94.11021079333733,0,31.05636956180132,31.05636956180132,31.99747166973469,85.82895410552248,121.5034017755449,75.56039221348554,46.09264127934038,68.6879274399803,33.73838646413164,0,0,0,31.346262,31.346262,0,10.34426646,10.34426646,10.65772908,10.34426646,10.34426646,10.65772908,0,0,0,999.9999868332601,999.9999868332601,0,331.45098591132,476.55001154574,191.9989893762,331.45098591132,476.55001154574,191.9989893762,0,0,0,-39226.1121502141,-39226.1121502141,0,-12944.61700957065,-12944.61700957065,-13336.87813107279,-35574.61662797526,-39671.78119609821,-42337.64961255837,990.4619246841606,1463.649193298381,735.9144097405178,0,0,0,0.2379951664107638,0.1244091294927885,0.05211776025188039,31.90173,31.90173,0,202650,27826.57188551692,19185.23738317802,48229.72047314129,25211.51009171359,10561.66411504356,-119.0933547566484,-119.0933547566484,0,-39.30080706969399,-39.30080706969399,-40.49174061726047,-107.6057612822328,-120.3572823452529,-129.0163245869945,0,0,0,0,0,0,320,1,1,1,1,1,1,1,1,1,1,1,1,1,1,1,0.33,0.33,0.34,0.33,0.33,0.34,0,0,0,1,0.331450990275449,0.4765500178203502,0.1919989919042008,0.331450990275449,0.4765500178203502,0.1919989919042008,-0,-0,-0,1,0,-5.551115123125783e-17,31.346262,-39226.1121502141,202650,-119.0933547566484,320,0.33,0.33,0.34,0.33,0.33,0.34,0,0,0,-5.551115123125783e-17,31.346262,-39226.1121502141,202650,-119.0933547566484,320,0.33,0.33,0.34,0.33,0.33,0.34,0,0,0,-5.551115123125783e-17
0.242,94.11021079333733,94.11021079333733,0,31.05636956180132,31.05636956180132,31.99747166973469,85.82895410552248,121.5034017755449,75.56039221348554,46.09264127934038,68.6879274399803,33.73838646413164,0,0,0,31.346262,31.346262,0,10.34426646,10.34426646,10.65772908,10.34426646,10.34426646,10.65772908,0,0,0,999.9999868332601,999.9999868332601,0,331.45098591132,476.55001154574,191.9989893762,331.45098591132,476.55001154574,191.9989893762,0,0,0,-39226.1121502141,-39226.1121502141,0,-12944.61700957065,-12944.61700957065,-13336.87813107279,-35574.61662797526,-39671.78119609821,-42337.64961255837,990.4619246841606,1463.649193298381,735.9144097405178,0,0,0,0.2379951664107638,0.1244091294927885,0.05211776025188039,31.90173,31.90173,0,202650,27826.57188551692,19185.23738317802,48229.72047314129,25211.51009171359,10561.66411504356,-119.0933547566484,-119.0933547566484,0,-39.30080706969399,-39.30080706969399,-40.49174061726047,-107.6057612822328,-120.3572823452529,-129.0163245869945,0,0,0,0,0,0,320,1,1,1,1,1,1,1,1,1,1,1,1,1,1,1,0.33,0.33,0.34,0.33,0.33,0.34,0,0,0,1,0.331450990275449,0.4765500178203502,0.1919989919042008,0.331450990275449,0.4765500178203502,0.1919989919042008,-0,-0,-0,1,0,-5.551115123125783e-17,31.346262,-39226.1121502141,202650,-119.0933547566484,320,0.33,0.33,0.34,0.33,0.33,0.34,0,0,0,-5.551115123125783e-17,31.346262,-39226.1121502141,202650,-119.0933547566484,320,0.33,0.33,0.34,0.33,0.33,0.34,0,0,0,-5.551115123125783e-17
0.244,94.11021079333733,94.11021079333733,0,31.05636956180132,31.05636956180132,31.99747166973469,85.82895410552248,121.5034017755449,75.56039221348554,46.09264127934038,68.6879274399803,33.73838646413164,0,0,0,31.346262,31.346262,0,10.34426646,10.34426646,10.65772908,10.34426646,10.34426646,10.65772908,0,0,0,999.9999868332601,999.9999868332601,0,331.45098591132,476.55001154574,191.9989893762,331.45098591132,476.55001154574,191.9989893762,0,0,0,-39226.1121502141,-39226.1121502141,0,-12944.61700957065,-12944.61700957065,-13336.87813107279,-35574.61662797526,-39671.78119609821,-42337.64961255837,990.4619246841606,1463.649193298381,735.9144097405178,0,0,0,0.2379951664107638,0.1244091294927885,0.05211776025188039,31.90173,31.90173,0,202650,27826.57188551692,19185.23738317802,48229.72047314129,25211.51009171359,10561.66411504356,-119.0933547566484,-119.0933547566484,0,-39.30080706969399,-39.30080706969399,-40.49174061726047,-107.6057612822328,-120.3572823452529,-129.0163245869945,0,0,0,0,0,0,320,1,1,1,1,1,1,1,1,1,1,1,1,1,1,1,0.33,0.33,0.34,0.33,0.33,0.34,0,0,0,1,0.331450990275449,0.4765500178203502,0.1919989919042008,0.331450990275449,0.4765500178203502,0.1919989919042008,-0,-0,-0,1,0,-5.551115123125783e-17,31.346262,-39226.1121502141,202650,-119.0933547566484,320,0.33,0.33,0.34,0.33,0.33,0.34,0,0,0,-5.551115123125783e-17,31.346262,-39226.1121502141,202650,-119.0933547566484,320,0.33,0.33,0.34,0.33,0.33,0.34,0,0,0,-5.551115123125783e-17
0.246,94.11021079333733,94.11021079333733,0,31.05636956180132,31.05636956180132,31.99747166973469,85.82895410552248,121.5034017755449,75.56039221348554,46.09264127934038,68.6879274399803,33.73838646413164,0,0,0,31.346262,31.346262,0,10.34426646,10.34426646,10.65772908,10.34426646,10.34426646,10.65772908,0,0,0,999.9999868332601,999.9999868332601,0,331.45098591132,476.55001154574,191.9989893762,331.45098591132,476.55001154574,191.9989893762,0,0,0,-39226.1121502141,-39226.1121502141,0,-12944.61700957065,-12944.61700957065,-13336.87813107279,-35574.61662797526,-39671.78119609821,-42337.64961255837,990.4619246841606,1463.649193298381,735.9144097405178,0,0,0,0.2379951664107638,0.1244091294927885,0.05211776025188039,31.90173,31.90173,0,202650,27826.57188551692,19185.23738317802,48229.72047314129,25211.51009171359,10561.66411504356,-119.0933547566484,-119.0933547566484,0,-39.30080706969399,-39.30080706969399,-40.49174061726047,-107.6057612822328,-120.3572823452529,-129.0163245869945,0,0,0,0,0,0,320,1,1,1,1,1,1,1,1,1,1,1,1,1,1,1,0.33,0.33,0.34,0.33,0.33,0.34,0,0,0,1,0.331450990275449,0.4765500178203502,0.1919989919042008,0.331450990275449,0.4765500178203502,0.1919989919042008,-0,-0,-0,1,0,-5.551115123125783e-17,31.346262,-39226.1121502141,202650,-119.0933547566484,320,0.33,0.33,0.34,0.33,0.33,0.34,0,0,0,-5.551115123125783e-17,31.346262,-39226.1121502141,202650,-119.0933547566484,320,0.33,0.33,0.34,0.33,0.33,0.34,0,0,0,-5.551115123125783e-17
0.248,94.11021079333733,94.11021079333733,0,31.05636956180132,31.05636956180132,31.99747166973469,85.82895410552248,121.5034017755449,75.56039221348554,46.09264127934038,68.6879274399803,33.73838646413164,0,0,0,31.346262,31.346262,0,10.34426646,10.34426646,10.65772908,10.34426646,10.34426646,10.65772908,0,0,0,999.9999868332601,999.9999868332601,0,331.45098591132,476.55001154574,191.9989893762,331.45098591132,476.55001154574,191.9989893762,0,0,0,-39226.1121502141,-39226.1121502141,0,-12944.61700957065,-12944.61700957065,-13336.87813107279,-35574.61662797526,-39671.78119609821,-42337.64961255837,990.4619246841606,1463.649193298381,735.9144097405178,0,0,0,0.2379951664107638,0.1244091294927885,0.05211776025188039,31.90173,31.90173,0,202650,27826.57188551692,19185.23738317802,48229.72047314129,25211.51009171359,10561.66411504356,-119.0933547566484,-119.0933547566484,0,-39.30080706969399,-39.30080706969399,-40.49174061726047,-107.6057612822328,-120.3572823452529,-129.0163245869945,0,0,0,0,0,0,320,1,1,1,1,1,1,1,1,1,1,1,1,1,1,1,0.33,0.33,0.34,0.33,0.33,0.34,0,0,0,1,0.331450990275449,0.4765500178203502,0.1919989919042008,0.331450990275449,0.4765500178203502,0.1919989919042008,-0,-0,-0,1,0,-5.551115123125783e-17,31.346262,-39226.1121502141,202650,-119.0933547566484,320,0.33,0.33,0.34,0.33,0.33,0.34,0,0,0,-5.551115123125783e-17,31.346262,-39226.1121502141,202650,-119.0933547566484,320,0.33,0.33,0.34,0.33,0.33,0.34,0,0,0,-5.551115123125783e-17
0.25,94.11021079333733,94.11021079333733,0,31.05636956180132,31.05636956180132,31.99747166973469,85.82895410552248,121.5034017755449,75.56039221348554,46.09264127934038,68.6879274399803,33.73838646413164,0,0,0,31.346262,31.346262,0,10.34426646,10.34426646,10.65772908,10.34426646,10.34426646,10.65772908,0,0,0,999.9999868332601,999.9999868332601,0,331.45098591132,476.55001154574,191.9989893762,331.45098591132,476.55001154574,191.9989893762,0,0,0,-39226.1121502141,-39226.1121502141,0,-12944.61700957065,-12944.61700957065,-13336.87813107279,-35574.61662797526,-39671.78119609821,-42337.64961255837,990.4619246841606,1463.649193298381,735.9144097405178,0,0,0,0.2379951664107638,0.1244091294927885,0.05211776025188039,31.90173,31.90173,0,202650,27826.57188551692,19185.23738317802,48229.72047314129,25211.51009171359,10561.66411504356,-119.0933547566484,-119.0933547566484,0,-39.30080706969399,-39.30080706969399,-40.49174061726047,-107.6057612822328,-120.3572823452529,-129.0163245869945,0,0,0,0,0,0,320,1,1,1,1,1,1,1,1,1,1,1,1,1,1,1,0.33,0.33,0.34,0.33,0.33,0.34,0,0,0,1,0.331450990275449,0.4765500178203502,0.1919989919042008,0.331450990275449,0.4765500178203502,0.1919989919042008,-0,-0,-0,1,0,-5.551115123125783e-17,31.346262,-39226.1121502141,202650,-119.0933547566484,320,0.33,0.33,0.34,0.33,0.33,0.34,0,0,0,-5.551115123125783e-17,31.346262,-39226.1121502141,202650,-119.0933547566484,320,0.33,0.33,0.34,0.33,0.33,0.34,0,0,0,-5.551115123125783e-17
0.252,94.11021079333733,94.11021079333733,0,31.05636956180132,31.05636956180132,31.99747166973469,85.82895410552248,121.5034017755449,75.56039221348554,46.09264127934038,68.6879274399803,33.73838646413164,0,0,0,31.346262,31.346262,0,10.34426646,10.34426646,10.65772908,10.34426646,10.34426646,10.65772908,0,0,0,999.9999868332601,999.9999868332601,0,331.45098591132,476.55001154574,191.9989893762,331.45098591132,476.55001154574,191.9989893762,0,0,0,-39226.1121502141,-39226.1121502141,0,-12944.61700957065,-12944.61700957065,-13336.87813107279,-35574.61662797526,-39671.78119609821,-42337.64961255837,990.4619246841606,1463.649193298381,735.9144097405178,0,0,0,0.2379951664107638,0.1244091294927885,0.05211776025188039,31.90173,31.90173,0,202650,27826.57188551692,19185.23738317802,48229.72047314129,25211.51009171359,10561.66411504356,-119.0933547566484,-119.0933547566484,0,-39.30080706969399,-39.30080706969399,-40.49174061726047,-107.6057612822328,-120.3572823452529,-129.0163245869945,0,0,0,0,0,0,320,1,1,1,1,1,1,1,1,1,1,1,1,1,1,1,0.33,0.33,0.34,0.33,0.33,0.34,0,0,0,1,0.331450990275449,0.4765500178203502,0.1919989919042008,0.331450990275449,0.4765500178203502,0.1919989919042008,-0,-0,-0,1,0,-5.551115123125783e-17,31.346262,-39226.1121502141,202650,-119.0933547566484,320,0.33,0.33,0.34,0.33,0.33,0.34,0,0,0,-5.551115123125783e-17,31.346262,-39226.1121502141,202650,-119.0933547566484,320,0.33,0.33,0.34,0.33,0.33,0.34,0,0,0,-5.551115123125783e-17
0.254,94.11021079333733,94.11021079333733,0,31.05636956180132,31.05636956180132,31.99747166973469,85.82895410552248,121.5034017755449,75.56039221348554,46.09264127934038,68.6879274399803,33.73838646413164,0,0,0,31.346262,31.346262,0,10.34426646,10.34426646,10.65772908,10.34426646,10.34426646,10.65772908,0,0,0,999.9999868332601,999.9999868332601,0,331.45098591132,476.55001154574,191.9989893762,331.45098591132,476.55001154574,191.9989893762,0,0,0,-39226.1121502141,-39226.1121502141,0,-12944.61700957065,-12944.61700957065,-13336.87813107279,-35574.61662797526,-39671.78119609821,-42337.64961255837,990.4619246841606,1463.649193298381,735.9144097405178,0,0,0,0.2379951664107638,0.1244091294927885,0.05211776025188039,31.90173,31.90173,0,202650,27826.57188551692,19185.23738317802,48229.72047314129,25211.51009171359,10561.66411504356,-119.0933547566484,-119.0933547566484,0,-39.30080706969399,-39.30080706969399,-40.49174061726047,-107.6057612822328,-120.3572823452529,-129.0163245869945,0,0,0,0,0,0,320,1,1,1,1,1,1,1,1,1,1,1,1,1,1,1,0.33,0.33,0.34,0.33,0.33,0.34,0,0,0,1,0.331450990275449,0.4765500178203502,0.1919989919042008,0.331450990275449,0.4765500178203502,0.1919989919042008,-0,-0,-0,1,0,-5.551115123125783e-17,31.346262,-39226.1121502141,202650,-119.0933547566484,320,0.33,0.33,0.34,0.33,0.33,0.34,0,0,0,-5.551115123125783e-17,31.346262,-39226.1121502141,202650,-119.0933547566484,320,0.33,0.33,0.34,0.33,0.33,0.34,0,0,0,-5.551115123125783e-17
0.256,94.11021079333733,94.11021079333733,0,31.05636956180132,31.05636956180132,31.99747166973469,85.82895410552248,121.5034017755449,75.56039221348554,46.09264127934038,68.6879274399803,33.73838646413164,0,0,0,31.346262,31.346262,0,10.34426646,10.34426646,10.65772908,10.34426646,10.34426646,10.65772908,0,0,0,999.9999868332601,999.9999868332601,0,331.45098591132,476.55001154574,191.9989893762,331.45098591132,476.55001154574,191.9989893762,0,0,0,-39226.1121502141,-39226.1121502141,0,-12944.61700957065,-12944.61700957065,-13336.87813107279,-35574.61662797526,-39671.78119609821,-42337.64961255837,990.4619246841606,1463.649193298381,735.9144097405178,0,0,0,0.2379951664107638,0.1244091294927885,0.05211776025188039,31.90173,31.90173,0,202650,27826.57188551692,19185.23738317802,48229.72047314129,25211.51009171359,10561.66411504356,-119.0933547566484,-119.0933547566484,0,-39.30080706969399,-39.30080706969399,-40.49174061726047,-107.6057612822328,-120.3572823452529,-129.0163245869945,0,0,0,0,0,0,320,1,1,1,1,1,1,1,1,1,1,1,1,1,1,1,0.33,0.33,0.34,0.33,0.33,0.34,0,0,0,1,0.331450990275449,0.4765500178203502,0.1919989919042008,0.331450990275449,0.4765500178203502,0.1919989919042008,-0,-0,-0,1,0,-5.551115123125783e-17,31.346262,-39226.1121502141,202650,-119.0933547566484,320,0.33,0.33,0.34,0.33,0.33,0.34,0,0,0,-5.551115123125783e-17,31.346262,-39226.1121502141,202650,-119.0933547566484,320,0.33,0.33,0.34,0.33,0.33,0.34,0,0,0,-5.551115123125783e-17
0.258,94.11021079333733,94.11021079333733,0,31.05636956180132,31.05636956180132,31.99747166973469,85.82895410552248,121.5034017755449,75.56039221348554,46.09264127934038,68.6879274399803,33.73838646413164,0,0,0,31.346262,31.346262,0,10.34426646,10.34426646,10.65772908,10.34426646,10.34426646,10.65772908,0,0,0,999.9999868332601,999.9999868332601,0,331.45098591132,476.55001154574,191.9989893762,331.45098591132,476.55001154574,191.9989893762,0,0,0,-39226.1121502141,-39226.1121502141,0,-12944.61700957065,-12944.61700957065,-13336.87813107279,-35574.61662797526,-39671.78119609821,-42337.64961255837,990.4619246841606,1463.649193298381,735.9144097405178,0,0,0,0.2379951664107638,0.1244091294927885,0.05211776025188039,31.90173,31.90173,0,202650,27826.57188551692,19185.23738317802,48229.72047314129,25211.51009171359,10561.66411504356,-119.0933547566484,-119.0933547566484,0,-39.30080706969399,-39.30080706969399,-40.49174061726047,-107.6057612822328,-120.3572823452529,-129.0163245869945,0,0,0,0,0,0,320,1,1,1,1,1,1,1,1,1,1,1,1,1,1,1,0.33,0.33,0.34,0.33,0.33,0.34,0,0,0,1,0.331450990275449,0.4765500178203502,0.1919989919042008,0.331450990275449,0.4765500178203502,0.1919989919042008,-0,-0,-0,1,0,-5.551115123125783e-17,31.346262,-39226.1121502141,202650,-119.0933547566484,320,0.33,0.33,0.34,0.33,0.33,0.34,0,0,0,-5.551115123125783e-17,31.346262,-39226.1121502141,202650,-119.0933547566484,320,0.33,0.33,0.34,0.33,0.33,0.34,0,0,0,-5.551115123125783e-17
0.26,94.11021079333733,94.11021079333733,0,31.05636956180132,31.05636956180132,31.99747166973469,85.82895410552248,121.5034017755449,75.56039221348554,46.09264127934038,68.6879274399803,33.73838646413164,0,0,0,31.346262,31.346262,0,10.34426646,10.34426646,10.65772908,10.34426646,10.34426646,10.65772908,0,0,0,999.9999868332601,999.9999868332601,0,331.45098591132,476.55001154574,191.9989893762,331.45098591132,476.55001154574,191.9989893762,0,0,0,-39226.1121502141,-39226.1121502141,0,-12944.61700957065,-12944.61700957065,-13336.87813107279,-35574.61662797526,-39671.78119609821,-42337.64961255837,990.4619246841606,1463.649193298381,735.9144097405178,0,0,0,0.2379951664107638,0.1244091294927885,0.05211776025188039,31.90173,31.90173,0,202650,27826.57188551692,19185.23738317802,48229.72047314129,25211.51009171359,10561.66411504356,-119.0933547566484,-119.0933547566484,0,-39.30080706969399,-39.30080706969399,-40.49174061726047,-107.6057612822328,-120.3572823452529,-129.0163245869945,0,0,0,0,0,0,320,1,1,1,1,1,1,1,1,1,1,1,1,1,1,1,0.33,0.33,0.34,0.33,0.33,0.34,0,0,0,1,0.331450990275449,0.4765500178203502,0.1919989919042008,0.331450990275449,0.4765500178203502,0.1919989919042008,-0,-0,-0,1,0,-5.551115123125783e-17,31.346262,-39226.1121502141,202650,-119.0933547566484,320,0.33,0.33,0.34,0.33,0.33,0.34,0,0,0,-5.551115123125783e-17,31.346262,-39226.1121502141,202650,-119.0933547566484,320,0.33,0.33,0.34,0.33,0.33,0.34,0,0,0,-5.551115123125783e-17
0.262,94.11021079333733,94.11021079333733,0,31.05636956180132,31.05636956180132,31.99747166973469,85.82895410552248,121.5034017755449,75.56039221348554,46.09264127934038,68.6879274399803,33.73838646413164,0,0,0,31.346262,31.346262,0,10.34426646,10.34426646,10.65772908,10.34426646,10.34426646,10.65772908,0,0,0,999.9999868332601,999.9999868332601,0,331.45098591132,476.55001154574,191.9989893762,331.45098591132,476.55001154574,191.9989893762,0,0,0,-39226.1121502141,-39226.1121502141,0,-12944.61700957065,-12944.61700957065,-13336.87813107279,-35574.61662797526,-39671.78119609821,-42337.64961255837,990.4619246841606,1463.649193298381,735.9144097405178,0,0,0,0.2379951664107638,0.1244091294927885,0.05211776025188039,31.90173,31.90173,0,202650,27826.57188551692,19185.23738317802,48229.72047314129,25211.51009171359,10561.66411504356,-119.0933547566484,-119.0933547566484,0,-39.30080706969399,-39.30080706969399,-40.49174061726047,-107.6057612822328,-120.3572823452529,-129.0163245869945,0,0,0,0,0,0,320,1,1,1,1,1,1,1,1,1,1,1,1,1,1,1,0.33,0.33,0.34,0.33,0.33,0.34,0,0,0,1,0.331450990275449,0.4765500178203502,0.1919989919042008,0.331450990275449,0.4765500178203502,0.1919989919042008,-0,-0,-0,1,0,-5.551115123125783e-17,31.346262,-39226.1121502141,202650,-119.0933547566484,320,0.33,0.33,0.34,0.33,0.33,0.34,0,0,0,-5.551115123125783e-17,31.346262,-39226.1121502141,202650,-119.0933547566484,320,0.33,0.33,0.34,0.33,0.33,0.34,0,0,0,-5.551115123125783e-17
0.264,94.11021079333733,94.11021079333733,0,31.05636956180132,31.05636956180132,31.99747166973469,85.82895410552248,121.5034017755449,75.56039221348554,46.09264127934038,68.6879274399803,33.73838646413164,0,0,0,31.346262,31.346262,0,10.34426646,10.34426646,10.65772908,10.34426646,10.34426646,10.65772908,0,0,0,999.9999868332601,999.9999868332601,0,331.45098591132,476.55001154574,191.9989893762,331.45098591132,476.55001154574,191.9989893762,0,0,0,-39226.1121502141,-39226.1121502141,0,-12944.61700957065,-12944.61700957065,-13336.87813107279,-35574.61662797526,-39671.78119609821,-42337.64961255837,990.4619246841606,1463.649193298381,735.9144097405178,0,0,0,0.2379951664107638,0.1244091294927885,0.05211776025188039,31.90173,31.90173,0,202650,27826.57188551692,19185.23738317802,48229.72047314129,25211.51009171359,10561.66411504356,-119.0933547566484,-119.0933547566484,0,-39.30080706969399,-39.30080706969399,-40.49174061726047,-107.6057612822328,-120.3572823452529,-129.0163245869945,0,0,0,0,0,0,320,1,1,1,1,1,1,1,1,1,1,1,1,1,1,1,0.33,0.33,0.34,0.33,0.33,0.34,0,0,0,1,0.331450990275449,0.4765500178203502,0.1919989919042008,0.331450990275449,0.4765500178203502,0.1919989919042008,-0,-0,-0,1,0,-5.551115123125783e-17,31.346262,-39226.1121502141,202650,-119.0933547566484,320,0.33,0.33,0.34,0.33,0.33,0.34,0,0,0,-5.551115123125783e-17,31.346262,-39226.1121502141,202650,-119.0933547566484,320,0.33,0.33,0.34,0.33,0.33,0.34,0,0,0,-5.551115123125783e-17
0.266,94.11021079333733,94.11021079333733,0,31.05636956180132,31.05636956180132,31.99747166973469,85.82895410552248,121.5034017755449,75.56039221348554,46.09264127934038,68.6879274399803,33.73838646413164,0,0,0,31.346262,31.346262,0,10.34426646,10.34426646,10.65772908,10.34426646,10.34426646,10.65772908,0,0,0,999.9999868332601,999.9999868332601,0,331.45098591132,476.55001154574,191.9989893762,331.45098591132,476.55001154574,191.9989893762,0,0,0,-39226.1121502141,-39226.1121502141,0,-12944.61700957065,-12944.61700957065,-13336.87813107279,-35574.61662797526,-39671.78119609821,-42337.64961255837,990.4619246841606,1463.649193298381,735.9144097405178,0,0,0,0.2379951664107638,0.1244091294927885,0.05211776025188039,31.90173,31.90173,0,202650,27826.57188551692,19185.23738317802,48229.72047314129,25211.51009171359,10561.66411504356,-119.0933547566484,-119.0933547566484,0,-39.30080706969399,-39.30080706969399,-40.49174061726047,-107.6057612822328,-120.3572823452529,-129.0163245869945,0,0,0,0,0,0,320,1,1,1,1,1,1,1,1,1,1,1,1,1,1,1,0.33,0.33,0.34,0.33,0.33,0.34,0,0,0,1,0.331450990275449,0.4765500178203502,0.1919989919042008,0.331450990275449,0.4765500178203502,0.1919989919042008,-0,-0,-0,1,0,-5.551115123125783e-17,31.346262,-39226.1121502141,202650,-119.0933547566484,320,0.33,0.33,0.34,0.33,0.33,0.34,0,0,0,-5.551115123125783e-17,31.346262,-39226.1121502141,202650,-119.0933547566484,320,0.33,0.33,0.34,0.33,0.33,0.34,0,0,0,-5.551115123125783e-17
0.268,94.11021079333733,94.11021079333733,0,31.05636956180132,31.05636956180132,31.99747166973469,85.82895410552248,121.5034017755449,75.56039221348554,46.09264127934038,68.6879274399803,33.73838646413164,0,0,0,31.346262,31.346262,0,10.34426646,10.34426646,10.65772908,10.34426646,10.34426646,10.65772908,0,0,0,999.9999868332601,999.9999868332601,0,331.45098591132,476.55001154574,191.9989893762,331.45098591132,476.55001154574,191.9989893762,0,0,0,-39226.1121502141,-39226.1121502141,0,-12944.61700957065,-12944.61700957065,-13336.87813107279,-35574.61662797526,-39671.78119609821,-42337.64961255837,990.4619246841606,1463.649193298381,735.9144097405178,0,0,0,0.2379951664107638,0.1244091294927885,0.05211776025188039,31.90173,31.90173,0,202650,27826.57188551692,19185.23738317802,48229.72047314129,25211.51009171359,10561.66411504356,-119.0933547566484,-119.0933547566484,0,-39.30080706969399,-39.30080706969399,-40.49174061726047,-107.6057612822328,-120.3572823452529,-129.0163245869945,0,0,0,0,0,0,320,1,1,1,1,1,1,1,1,1,1,1,1,1,1,1,0.33,0.33,0.34,0.33,0.33,0.34,0,0,0,1,0.331450990275449,0.4765500178203502,0.1919989919042008,0.331450990275449,0.4765500178203502,0.1919989919042008,-0,-0,-0,1,0,-5.551115123125783e-17,31.346262,-39226.1121502141,202650,-119.0933547566484,320,0.33,0.33,0.34,0.33,0.33,0.34,0,0,0,-5.551115123125783e-17,31.346262,-39226.1121502141,202650,-119.0933547566484,320,0.33,0.33,0.34,0.33,0.33,0.34,0,0,0,-5.551115123125783e-17
0.27,94.11021079333733,94.11021079333733,0,31.05636956180132,31.05636956180132,31.99747166973469,85.82895410552248,121.5034017755449,75.56039221348554,46.09264127934038,68.6879274399803,33.73838646413164,0,0,0,31.346262,31.346262,0,10.34426646,10.34426646,10.65772908,10.34426646,10.34426646,10.65772908,0,0,0,999.9999868332601,999.9999868332601,0,331.45098591132,476.55001154574,191.9989893762,331.45098591132,476.55001154574,191.9989893762,0,0,0,-39226.1121502141,-39226.1121502141,0,-12944.61700957065,-12944.61700957065,-13336.87813107279,-35574.61662797526,-39671.78119609821,-42337.64961255837,990.4619246841606,1463.649193298381,735.9144097405178,0,0,0,0.2379951664107638,0.1244091294927885,0.05211776025188039,31.90173,31.90173,0,202650,27826.57188551692,19185.23738317802,48229.72047314129,25211.51009171359,10561.66411504356,-119.0933547566484,-119.0933547566484,0,-39.30080706969399,-39.30080706969399,-40.49174061726047,-107.6057612822328,-120.3572823452529,-129.0163245869945,0,0,0,0,0,0,320,1,1,1,1,1,1,1,1,1,1,1,1,1,1,1,0.33,0.33,0.34,0.33,0.33,0.34,0,0,0,1,0.331450990275449,0.4765500178203502,0.1919989919042008,0.331450990275449,0.4765500178203502,0.1919989919042008,-0,-0,-0,1,0,-5.551115123125783e-17,31.346262,-39226.1121502141,202650,-119.0933547566484,320,0.33,0.33,0.34,0.33,0.33,0.34,0,0,0,-5.551115123125783e-17,31.346262,-39226.1121502141,202650,-119.0933547566484,320,0.33,0.33,0.34,0.33,0.33,0.34,0,0,0,-5.551115123125783e-17
0.272,94.11021079333733,94.11021079333733,0,31.05636956180132,31.05636956180132,31.99747166973469,85.82895410552248,121.5034017755449,75.56039221348554,46.09264127934038,68.6879274399803,33.73838646413164,0,0,0,31.346262,31.346262,0,10.34426646,10.34426646,10.65772908,10.34426646,10.34426646,10.65772908,0,0,0,999.9999868332601,999.9999868332601,0,331.45098591132,476.55001154574,191.9989893762,331.45098591132,476.55001154574,191.9989893762,0,0,0,-39226.1121502141,-39226.1121502141,0,-12944.61700957065,-12944.61700957065,-13336.87813107279,-35574.61662797526,-39671.78119609821,-42337.64961255837,990.4619246841606,1463.649193298381,735.9144097405178,0,0,0,0.2379951664107638,0.1244091294927885,0.05211776025188039,31.90173,31.90173,0,202650,27826.57188551692,19185.23738317802,48229.72047314129,25211.51009171359,10561.66411504356,-119.0933547566484,-119.0933547566484,0,-39.30080706969399,-39.30080706969399,-40.49174061726047,-107.6057612822328,-120.3572823452529,-129.0163245869945,0,0,0,0,0,0,320,1,1,1,1,1,1,1,1,1,1,1,1,1,1,1,0.33,0.33,0.34,0.33,0.33,0.34,0,0,0,1,0.331450990275449,0.4765500178203502,0.1919989919042008,0.331450990275449,0.4765500178203502,0.1919989919042008,-0,-0,-0,1,0,-5.551115123125783e-17,31.346262,-39226.1121502141,202650,-119.0933547566484,320,0.33,0.33,0.34,0.33,0.33,0.34,0,0,0,-5.551115123125783e-17,31.346262,-39226.1121502141,202650,-119.0933547566484,320,0.33,0.33,0.34,0.33,0.33,0.34,0,0,0,-5.551115123125783e-17
0.274,94.11021079333733,94.11021079333733,0,31.05636956180132,31.05636956180132,31.99747166973469,85.82895410552248,121.5034017755449,75.56039221348554,46.09264127934038,68.6879274399803,33.73838646413164,0,0,0,31.346262,31.346262,0,10.34426646,10.34426646,10.65772908,10.34426646,10.34426646,10.65772908,0,0,0,999.9999868332601,999.9999868332601,0,331.45098591132,476.55001154574,191.9989893762,331.45098591132,476.55001154574,191.9989893762,0,0,0,-39226.1121502141,-39226.1121502141,0,-12944.61700957065,-12944.61700957065,-13336.87813107279,-35574.61662797526,-39671.78119609821,-42337.64961255837,990.4619246841606,1463.649193298381,735.9144097405178,0,0,0,0.2379951664107638,0.1244091294927885,0.05211776025188039,31.90173,31.90173,0,202650,27826.57188551692,19185.23738317802,48229.72047314129,25211.51009171359,10561.66411504356,-119.0933547566484,-119.0933547566484,0,-39.30080706969399,-39.30080706969399,-40.49174061726047,-107.6057612822328,-120.3572823452529,-129.0163245869945,0,0,0,0,0,0,320,1,1,1,1,1,1,1,1,1,1,1,1,1,1,1,0.33,0.33,0.34,0.33,0.33,0.34,0,0,0,1,0.331450990275449,0.4765500178203502,0.1919989919042008,0.331450990275449,0.4765500178203502,0.1919989919042008,-0,-0,-0,1,0,-5.551115123125783e-17,31.346262,-39226.1121502141,202650,-119.0933547566484,320,0.33,0.33,0.34,0.33,0.33,0.34,0,0,0,-5.551115123125783e-17,31.346262,-39226.1121502141,202650,-119.0933547566484,320,0.33,0.33,0.34,0.33,0.33,0.34,0,0,0,-5.551115123125783e-17
0.276,94.11021079333733,94.11021079333733,0,31.05636956180132,31.05636956180132,31.99747166973469,85.82895410552248,121.5034017755449,75.56039221348554,46.09264127934038,68.6879274399803,33.73838646413164,0,0,0,31.346262,31.346262,0,10.34426646,10.34426646,10.65772908,10.34426646,10.34426646,10.65772908,0,0,0,999.9999868332601,999.9999868332601,0,331.45098591132,476.55001154574,191.9989893762,331.45098591132,476.55001154574,191.9989893762,0,0,0,-39226.1121502141,-39226.1121502141,0,-12944.61700957065,-12944.61700957065,-13336.87813107279,-35574.61662797526,-39671.78119609821,-42337.64961255837,990.4619246841606,1463.649193298381,735.9144097405178,0,0,0,0.2379951664107638,0.1244091294927885,0.05211776025188039,31.90173,31.90173,0,202650,27826.57188551692,19185.23738317802,48229.72047314129,25211.51009171359,10561.66411504356,-119.0933547566484,-119.0933547566484,0,-39.30080706969399,-39.30080706969399,-40.49174061726047,-107.6057612822328,-120.3572823452529,-129.0163245869945,0,0,0,0,0,0,320,1,1,1,1,1,1,1,1,1,1,1,1,1,1,1,0.33,0.33,0.34,0.33,0.33,0.34,0,0,0,1,0.331450990275449,0.4765500178203502,0.1919989919042008,0.331450990275449,0.4765500178203502,0.1919989919042008,-0,-0,-0,1,0,-5.551115123125783e-17,31.346262,-39226.1121502141,202650,-119.0933547566484,320,0.33,0.33,0.34,0.33,0.33,0.34,0,0,0,-5.551115123125783e-17,31.346262,-39226.1121502141,202650,-119.0933547566484,320,0.33,0.33,0.34,0.33,0.33,0.34,0,0,0,-5.551115123125783e-17
0.278,94.11021079333733,94.11021079333733,0,31.05636956180132,31.05636956180132,31.99747166973469,85.82895410552248,121.5034017755449,75.56039221348554,46.09264127934038,68.6879274399803,33.73838646413164,0,0,0,31.346262,31.346262,0,10.34426646,10.34426646,10.65772908,10.34426646,10.34426646,10.65772908,0,0,0,999.9999868332601,999.9999868332601,0,331.45098591132,476.55001154574,191.9989893762,331.45098591132,476.55001154574,191.9989893762,0,0,0,-39226.1121502141,-39226.1121502141,0,-12944.61700957065,-12944.61700957065,-13336.87813107279,-35574.61662797526,-39671.78119609821,-42337.64961255837,990.4619246841606,1463.649193298381,735.9144097405178,0,0,0,0.2379951664107638,0.1244091294927885,0.05211776025188039,31.90173,31.90173,0,202650,27826.57188551692,19185.23738317802,48229.72047314129,25211.51009171359,10561.66411504356,-119.0933547566484,-119.0933547566484,0,-39.30080706969399,-39.30080706969399,-40.49174061726047,-107.6057612822328,-120.3572823452529,-129.0163245869945,0,0,0,0,0,0,320,1,1,1,1,1,1,1,1,1,1,1,1,1,1,1,0.33,0.33,0.34,0.33,0.33,0.34,0,0,0,1,0.331450990275449,0.4765500178203502,0.1919989919042008,0.331450990275449,0.4765500178203502,0.1919989919042008,-0,-0,-0,1,0,-5.551115123125783e-17,31.346262,-39226.1121502141,202650,-119.0933547566484,320,0.33,0.33,0.34,0.33,0.33,0.34,0,0,0,-5.551115123125783e-17,31.346262,-39226.1121502141,202650,-119.0933547566484,320,0.33,0.33,0.34,0.33,0.33,0.34,0,0,0,-5.551115123125783e-17
0.28,94.11021079333733,94.11021079333733,0,31.05636956180132,31.05636956180132,31.99747166973469,85.82895410552248,121.5034017755449,75.56039221348554,46.09264127934038,68.6879274399803,33.73838646413164,0,0,0,31.346262,31.346262,0,10.34426646,10.34426646,10.65772908,10.34426646,10.34426646,10.65772908,0,0,0,999.9999868332601,999.9999868332601,0,331.45098591132,476.55001154574,191.9989893762,331.45098591132,476.55001154574,191.9989893762,0,0,0,-39226.1121502141,-39226.1121502141,0,-12944.61700957065,-12944.61700957065,-13336.87813107279,-35574.61662797526,-39671.78119609821,-42337.64961255837,990.4619246841606,1463.649193298381,735.9144097405178,0,0,0,0.2379951664107638,0.1244091294927885,0.05211776025188039,31.90173,31.90173,0,202650,27826.57188551692,19185.23738317802,48229.72047314129,25211.51009171359,10561.66411504356,-119.0933547566484,-119.0933547566484,0,-39.30080706969399,-39.30080706969399,-40.49174061726047,-107.6057612822328,-120.3572823452529,-129.0163245869945,0,0,0,0,0,0,320,1,1,1,1,1,1,1,1,1,1,1,1,1,1,1,0.33,0.33,0.34,0.33,0.33,0.34,0,0,0,1,0.331450990275449,0.4765500178203502,0.1919989919042008,0.331450990275449,0.4765500178203502,0.1919989919042008,-0,-0,-0,1,0,-5.551115123125783e-17,31.346262,-39226.1121502141,202650,-119.0933547566484,320,0.33,0.33,0.34,0.33,0.33,0.34,0,0,0,-5.551115123125783e-17,31.346262,-39226.1121502141,202650,-119.0933547566484,320,0.33,0.33,0.34,0.33,0.33,0.34,0,0,0,-5.551115123125783e-17
0.282,94.11021079333733,94.11021079333733,0,31.05636956180132,31.05636956180132,31.99747166973469,85.82895410552248,121.5034017755449,75.56039221348554,46.09264127934038,68.6879274399803,33.73838646413164,0,0,0,31.346262,31.346262,0,10.34426646,10.34426646,10.65772908,10.34426646,10.34426646,10.65772908,0,0,0,999.9999868332601,999.9999868332601,0,331.45098591132,476.55001154574,191.9989893762,331.45098591132,476.55001154574,191.9989893762,0,0,0,-39226.1121502141,-39226.1121502141,0,-12944.61700957065,-12944.61700957065,-13336.87813107279,-35574.61662797526,-39671.78119609821,-42337.64961255837,990.4619246841606,1463.649193298381,735.9144097405178,0,0,0,0.2379951664107638,0.1244091294927885,0.05211776025188039,31.90173,31.90173,0,202650,27826.57188551692,19185.23738317802,48229.72047314129,25211.51009171359,10561.66411504356,-119.0933547566484,-119.0933547566484,0,-39.30080706969399,-39.30080706969399,-40.49174061726047,-107.6057612822328,-120.3572823452529,-129.0163245869945,0,0,0,0,0,0,320,1,1,1,1,1,1,1,1,1,1,1,1,1,1,1,0.33,0.33,0.34,0.33,0.33,0.34,0,0,0,1,0.331450990275449,0.4765500178203502,0.1919989919042008,0.331450990275449,0.4765500178203502,0.1919989919042008,-0,-0,-0,1,0,-5.551115123125783e-17,31.346262,-39226.1121502141,202650,-119.0933547566484,320,0.33,0.33,0.34,0.33,0.33,0.34,0,0,0,-5.551115123125783e-17,31.346262,-39226.1121502141,202650,-119.0933547566484,320,0.33,0.33,0.34,0.33,0.33,0.34,0,0,0,-5.551115123125783e-17
0.284,94.11021079333733,94.11021079333733,0,31.05636956180132,31.05636956180132,31.99747166973469,85.82895410552248,121.5034017755449,75.56039221348554,46.09264127934038,68.6879274399803,33.73838646413164,0,0,0,31.346262,31.346262,0,10.34426646,10.34426646,10.65772908,10.34426646,10.34426646,10.65772908,0,0,0,999.9999868332601,999.9999868332601,0,331.45098591132,476.55001154574,191.9989893762,331.45098591132,476.55001154574,191.9989893762,0,0,0,-39226.1121502141,-39226.1121502141,0,-12944.61700957065,-12944.61700957065,-13336.87813107279,-35574.61662797526,-39671.78119609821,-42337.64961255837,990.4619246841606,1463.649193298381,735.9144097405178,0,0,0,0.2379951664107638,0.1244091294927885,0.05211776025188039,31.90173,31.90173,0,202650,27826.57188551692,19185.23738317802,48229.72047314129,25211.51009171359,10561.66411504356,-119.0933547566484,-119.0933547566484,0,-39.30080706969399,-39.30080706969399,-40.49174061726047,-107.6057612822328,-120.3572823452529,-129.0163245869945,0,0,0,0,0,0,320,1,1,1,1,1,1,1,1,1,1,1,1,1,1,1,0.33,0.33,0.34,0.33,0.33,0.34,0,0,0,1,0.331450990275449,0.4765500178203502,0.1919989919042008,0.331450990275449,0.4765500178203502,0.1919989919042008,-0,-0,-0,1,0,-5.551115123125783e-17,31.346262,-39226.1121502141,202650,-119.0933547566484,320,0.33,0.33,0.34,0.33,0.33,0.34,0,0,0,-5.551115123125783e-17,31.346262,-39226.1121502141,202650,-119.0933547566484,320,0.33,0.33,0.34,0.33,0.33,0.34,0,0,0,-5.551115123125783e-17
0.286,94.11021079333733,94.11021079333733,0,31.05636956180132,31.05636956180132,31.99747166973469,85.82895410552248,121.5034017755449,75.56039221348554,46.09264127934038,68.6879274399803,33.73838646413164,0,0,0,31.346262,31.346262,0,10.34426646,10.34426646,10.65772908,10.34426646,10.34426646,10.65772908,0,0,0,999.9999868332601,999.9999868332601,0,331.45098591132,476.55001154574,191.9989893762,331.45098591132,476.55001154574,191.9989893762,0,0,0,-39226.1121502141,-39226.1121502141,0,-12944.61700957065,-12944.61700957065,-13336.87813107279,-35574.61662797526,-39671.78119609821,-42337.64961255837,990.4619246841606,1463.649193298381,735.9144097405178,0,0,0,0.2379951664107638,0.1244091294927885,0.05211776025188039,31.90173,31.90173,0,202650,27826.57188551692,19185.23738317802,48229.72047314129,25211.51009171359,10561.66411504356,-119.0933547566484,-119.0933547566484,0,-39.30080706969399,-39.30080706969399,-40.49174061726047,-107.6057612822328,-120.3572823452529,-129.0163245869945,0,0,0,0,0,0,320,1,1,1,1,1,1,1,1,1,1,1,1,1,1,1,0.33,0.33,0.34,0.33,0.33,0.34,0,0,0,1,0.331450990275449,0.4765500178203502,0.1919989919042008,0.331450990275449,0.4765500178203502,0.1919989919042008,-0,-0,-0,1,0,-5.551115123125783e-17,31.346262,-39226.1121502141,202650,-119.0933547566484,320,0.33,0.33,0.34,0.33,0.33,0.34,0,0,0,-5.551115123125783e-17,31.346262,-39226.1121502141,202650,-119.0933547566484,320,0.33,0.33,0.34,0.33,0.33,0.34,0,0,0,-5.551115123125783e-17
0.288,94.11021079333733,94.11021079333733,0,31.05636956180132,31.05636956180132,31.99747166973469,85.82895410552248,121.5034017755449,75.56039221348554,46.09264127934038,68.6879274399803,33.73838646413164,0,0,0,31.346262,31.346262,0,10.34426646,10.34426646,10.65772908,10.34426646,10.34426646,10.65772908,0,0,0,999.9999868332601,999.9999868332601,0,331.45098591132,476.55001154574,191.9989893762,331.45098591132,476.55001154574,191.9989893762,0,0,0,-39226.1121502141,-39226.1121502141,0,-12944.61700957065,-12944.61700957065,-13336.87813107279,-35574.61662797526,-39671.78119609821,-42337.64961255837,990.4619246841606,1463.649193298381,735.9144097405178,0,0,0,0.2379951664107638,0.1244091294927885,0.05211776025188039,31.90173,31.90173,0,202650,27826.57188551692,19185.23738317802,48229.72047314129,25211.51009171359,10561.66411504356,-119.0933547566484,-119.0933547566484,0,-39.30080706969399,-39.30080706969399,-40.49174061726047,-107.6057612822328,-120.3572823452529,-129.0163245869945,0,0,0,0,0,0,320,1,1,1,1,1,1,1,1,1,1,1,1,1,1,1,0.33,0.33,0.34,0.33,0.33,0.34,0,0,0,1,0.331450990275449,0.4765500178203502,0.1919989919042008,0.331450990275449,0.4765500178203502,0.1919989919042008,-0,-0,-0,1,0,-5.551115123125783e-17,31.346262,-39226.1121502141,202650,-119.0933547566484,320,0.33,0.33,0.34,0.33,0.33,0.34,0,0,0,-5.551115123125783e-17,31.346262,-39226.1121502141,202650,-119.0933547566484,320,0.33,0.33,0.34,0.33,0.33,0.34,0,0,0,-5.551115123125783e-17
0.29,94.11021079333733,94.11021079333733,0,31.05636956180132,31.05636956180132,31.99747166973469,85.82895410552248,121.5034017755449,75.56039221348554,46.09264127934038,68.6879274399803,33.73838646413164,0,0,0,31.346262,31.346262,0,10.34426646,10.34426646,10.65772908,10.34426646,10.34426646,10.65772908,0,0,0,999.9999868332601,999.9999868332601,0,331.45098591132,476.55001154574,191.9989893762,331.45098591132,476.55001154574,191.9989893762,0,0,0,-39226.1121502141,-39226.1121502141,0,-12944.61700957065,-12944.61700957065,-13336.87813107279,-35574.61662797526,-39671.78119609821,-42337.64961255837,990.4619246841606,1463.649193298381,735.9144097405178,0,0,0,0.2379951664107638,0.1244091294927885,0.05211776025188039,31.90173,31.90173,0,202650,27826.57188551692,19185.23738317802,48229.72047314129,25211.51009171359,10561.66411504356,-119.0933547566484,-119.0933547566484,0,-39.30080706969399,-39.30080706969399,-40.49174061726047,-107.6057612822328,-120.3572823452529,-129.0163245869945,0,0,0,0,0,0,320,1,1,1,1,1,1,1,1,1,1,1,1,1,1,1,0.33,0.33,0.34,0.33,0.33,0.34,0,0,0,1,0.331450990275449,0.4765500178203502,0.1919989919042008,0.331450990275449,0.4765500178203502,0.1919989919042008,-0,-0,-0,1,0,-5.551115123125783e-17,31.346262,-39226.1121502141,202650,-119.0933547566484,320,0.33,0.33,0.34,0.33,0.33,0.34,0,0,0,-5.551115123125783e-17,31.346262,-39226.1121502141,202650,-119.0933547566484,320,0.33,0.33,0.34,0.33,0.33,0.34,0,0,0,-5.551115123125783e-17
0.292,94.11021079333733,94.11021079333733,0,31.05636956180132,31.05636956180132,31.99747166973469,85.82895410552248,121.5034017755449,75.56039221348554,46.09264127934038,68.6879274399803,33.73838646413164,0,0,0,31.346262,31.346262,0,10.34426646,10.34426646,10.65772908,10.34426646,10.34426646,10.65772908,0,0,0,999.9999868332601,999.9999868332601,0,331.45098591132,476.55001154574,191.9989893762,331.45098591132,476.55001154574,191.9989893762,0,0,0,-39226.1121502141,-39226.1121502141,0,-12944.61700957065,-12944.61700957065,-13336.87813107279,-35574.61662797526,-39671.78119609821,-42337.64961255837,990.4619246841606,1463.649193298381,735.9144097405178,0,0,0,0.2379951664107638,0.1244091294927885,0.05211776025188039,31.90173,31.90173,0,202650,27826.57188551692,19185.23738317802,48229.72047314129,25211.51009171359,10561.66411504356,-119.0933547566484,-119.0933547566484,0,-39.30080706969399,-39.30080706969399,-40.49174061726047,-107.6057612822328,-120.3572823452529,-129.0163245869945,0,0,0,0,0,0,320,1,1,1,1,1,1,1,1,1,1,1,1,1,1,1,0.33,0.33,0.34,0.33,0.33,0.34,0,0,0,1,0.331450990275449,0.4765500178203502,0.1919989919042008,0.331450990275449,0.4765500178203502,0.1919989919042008,-0,-0,-0,1,0,-5.551115123125783e-17,31.346262,-39226.1121502141,202650,-119.0933547566484,320,0.33,0.33,0.34,0.33,0.33,0.34,0,0,0,-5.551115123125783e-17,31.346262,-39226.1121502141,202650,-119.0933547566484,320,0.33,0.33,0.34,0.33,0.33,0.34,0,0,0,-5.551115123125783e-17
0.294,94.11021079333733,94.11021079333733,0,31.05636956180132,31.05636956180132,31.99747166973469,85.82895410552248,121.5034017755449,75.56039221348554,46.09264127934038,68.6879274399803,33.73838646413164,0,0,0,31.346262,31.346262,0,10.34426646,10.34426646,10.65772908,10.34426646,10.34426646,10.65772908,0,0,0,999.9999868332601,999.9999868332601,0,331.45098591132,476.55001154574,191.9989893762,331.45098591132,476.55001154574,191.9989893762,0,0,0,-39226.1121502141,-39226.1121502141,0,-12944.61700957065,-12944.61700957065,-13336.87813107279,-35574.61662797526,-39671.78119609821,-42337.64961255837,990.4619246841606,1463.649193298381,735.9144097405178,0,0,0,0.2379951664107638,0.1244091294927885,0.05211776025188039,31.90173,31.90173,0,202650,27826.57188551692,19185.23738317802,48229.72047314129,25211.51009171359,10561.66411504356,-119.0933547566484,-119.0933547566484,0,-39.30080706969399,-39.30080706969399,-40.49174061726047,-107.6057612822328,-120.3572823452529,-129.0163245869945,0,0,0,0,0,0,320,1,1,1,1,1,1,1,1,1,1,1,1,1,1,1,0.33,0.33,0.34,0.33,0.33,0.34,0,0,0,1,0.331450990275449,0.4765500178203502,0.1919989919042008,0.331450990275449,0.4765500178203502,0.1919989919042008,-0,-0,-0,1,0,-5.551115123125783e-17,31.346262,-39226.1121502141,202650,-119.0933547566484,320,0.33,0.33,0.34,0.33,0.33,0.34,0,0,0,-5.551115123125783e-17,31.346262,-39226.1121502141,202650,-119.0933547566484,320,0.33,0.33,0.34,0.33,0.33,0.34,0,0,0,-5.551115123125783e-17
0.296,94.11021079333733,94.11021079333733,0,31.05636956180132,31.05636956180132,31.99747166973469,85.82895410552248,121.5034017755449,75.56039221348554,46.09264127934038,68.6879274399803,33.73838646413164,0,0,0,31.346262,31.346262,0,10.34426646,10.34426646,10.65772908,10.34426646,10.34426646,10.65772908,0,0,0,999.9999868332601,999.9999868332601,0,331.45098591132,476.55001154574,191.9989893762,331.45098591132,476.55001154574,191.9989893762,0,0,0,-39226.1121502141,-39226.1121502141,0,-12944.61700957065,-12944.61700957065,-13336.87813107279,-35574.61662797526,-39671.78119609821,-42337.64961255837,990.4619246841606,1463.649193298381,735.9144097405178,0,0,0,0.2379951664107638,0.1244091294927885,0.05211776025188039,31.90173,31.90173,0,202650,27826.57188551692,19185.23738317802,48229.72047314129,25211.51009171359,10561.66411504356,-119.0933547566484,-119.0933547566484,0,-39.30080706969399,-39.30080706969399,-40.49174061726047,-107.6057612822328,-120.3572823452529,-129.0163245869945,0,0,0,0,0,0,320,1,1,1,1,1,1,1,1,1,1,1,1,1,1,1,0.33,0.33,0.34,0.33,0.33,0.34,0,0,0,1,0.331450990275449,0.4765500178203502,0.1919989919042008,0.331450990275449,0.4765500178203502,0.1919989919042008,-0,-0,-0,1,0,-5.551115123125783e-17,31.346262,-39226.1121502141,202650,-119.0933547566484,320,0.33,0.33,0.34,0.33,0.33,0.34,0,0,0,-5.551115123125783e-17,31.346262,-39226.1121502141,202650,-119.0933547566484,320,0.33,0.33,0.34,0.33,0.33,0.34,0,0,0,-5.551115123125783e-17
0.298,94.11021079333733,94.11021079333733,0,31.05636956180132,31.05636956180132,31.99747166973469,85.82895410552248,121.5034017755449,75.56039221348554,46.09264127934038,68.6879274399803,33.73838646413164,0,0,0,31.346262,31.346262,0,10.34426646,10.34426646,10.65772908,10.34426646,10.34426646,10.65772908,0,0,0,999.9999868332601,999.9999868332601,0,331.45098591132,476.55001154574,191.9989893762,331.45098591132,476.55001154574,191.9989893762,0,0,0,-39226.1121502141,-39226.1121502141,0,-12944.61700957065,-12944.61700957065,-13336.87813107279,-35574.61662797526,-39671.78119609821,-42337.64961255837,990.4619246841606,1463.649193298381,735.9144097405178,0,0,0,0.2379951664107638,0.1244091294927885,0.05211776025188039,31.90173,31.90173,0,202650,27826.57188551692,19185.23738317802,48229.72047314129,25211.51009171359,10561.66411504356,-119.0933547566484,-119.0933547566484,0,-39.30080706969399,-39.30080706969399,-40.49174061726047,-107.6057612822328,-120.3572823452529,-129.0163245869945,0,0,0,0,0,0,320,1,1,1,1,1,1,1,1,1,1,1,1,1,1,1,0.33,0.33,0.34,0.33,0.33,0.34,0,0,0,1,0.331450990275449,0.4765500178203502,0.1919989919042008,0.331450990275449,0.4765500178203502,0.1919989919042008,-0,-0,-0,1,0,-5.551115123125783e-17,31.346262,-39226.1121502141,202650,-119.0933547566484,320,0.33,0.33,0.34,0.33,0.33,0.34,0,0,0,-5.551115123125783e-17,31.346262,-39226.1121502141,202650,-119.0933547566484,320,0.33,0.33,0.34,0.33,0.33,0.34,0,0,0,-5.551115123125783e-17
0.3,94.11021079333733,94.11021079333733,0,31.05636956180132,31.05636956180132,31.99747166973469,85.82895410552248,121.5034017755449,75.56039221348554,46.09264127934038,68.6879274399803,33.73838646413164,0,0,0,31.346262,31.346262,0,10.34426646,10.34426646,10.65772908,10.34426646,10.34426646,10.65772908,0,0,0,999.9999868332601,999.9999868332601,0,331.45098591132,476.55001154574,191.9989893762,331.45098591132,476.55001154574,191.9989893762,0,0,0,-39226.1121502141,-39226.1121502141,0,-12944.61700957065,-12944.61700957065,-13336.87813107279,-35574.61662797526,-39671.78119609821,-42337.64961255837,990.4619246841606,1463.649193298381,735.9144097405178,0,0,0,0.2379951664107638,0.1244091294927885,0.05211776025188039,31.90173,31.90173,0,202650,27826.57188551692,19185.23738317802,48229.72047314129,25211.51009171359,10561.66411504356,-119.0933547566484,-119.0933547566484,0,-39.30080706969399,-39.30080706969399,-40.49174061726047,-107.6057612822328,-120.3572823452529,-129.0163245869945,0,0,0,0,0,0,320,1,1,1,1,1,1,1,1,1,1,1,1,1,1,1,0.33,0.33,0.34,0.33,0.33,0.34,0,0,0,1,0.331450990275449,0.4765500178203502,0.1919989919042008,0.331450990275449,0.4765500178203502,0.1919989919042008,-0,-0,-0,1,0,-5.551115123125783e-17,31.346262,-39226.1121502141,202650,-119.0933547566484,320,0.33,0.33,0.34,0.33,0.33,0.34,0,0,0,-5.551115123125783e-17,31.346262,-39226.1121502141,202650,-119.0933547566484,320,0.33,0.33,0.34,0.33,0.33,0.34,0,0,0,-5.551115123125783e-17
0.302,94.11021079333733,94.11021079333733,0,31.05636956180132,31.05636956180132,31.99747166973469,85.82895410552248,121.5034017755449,75.56039221348554,46.09264127934038,68.6879274399803,33.73838646413164,0,0,0,31.346262,31.346262,0,10.34426646,10.34426646,10.65772908,10.34426646,10.34426646,10.65772908,0,0,0,999.9999868332601,999.9999868332601,0,331.45098591132,476.55001154574,191.9989893762,331.45098591132,476.55001154574,191.9989893762,0,0,0,-39226.1121502141,-39226.1121502141,0,-12944.61700957065,-12944.61700957065,-13336.87813107279,-35574.61662797526,-39671.78119609821,-42337.64961255837,990.4619246841606,1463.649193298381,735.9144097405178,0,0,0,0.2379951664107638,0.1244091294927885,0.05211776025188039,31.90173,31.90173,0,202650,27826.57188551692,19185.23738317802,48229.72047314129,25211.51009171359,10561.66411504356,-119.0933547566484,-119.0933547566484,0,-39.30080706969399,-39.30080706969399,-40.49174061726047,-107.6057612822328,-120.3572823452529,-129.0163245869945,0,0,0,0,0,0,320,1,1,1,1,1,1,1,1,1,1,1,1,1,1,1,0.33,0.33,0.34,0.33,0.33,0.34,0,0,0,1,0.331450990275449,0.4765500178203502,0.1919989919042008,0.331450990275449,0.4765500178203502,0.1919989919042008,-0,-0,-0,1,0,-5.551115123125783e-17,31.346262,-39226.1121502141,202650,-119.0933547566484,320,0.33,0.33,0.34,0.33,0.33,0.34,0,0,0,-5.551115123125783e-17,31.346262,-39226.1121502141,202650,-119.0933547566484,320,0.33,0.33,0.34,0.33,0.33,0.34,0,0,0,-5.551115123125783e-17
0.304,94.11021079333733,94.11021079333733,0,31.05636956180132,31.05636956180132,31.99747166973469,85.82895410552248,121.5034017755449,75.56039221348554,46.09264127934038,68.6879274399803,33.73838646413164,0,0,0,31.346262,31.346262,0,10.34426646,10.34426646,10.65772908,10.34426646,10.34426646,10.65772908,0,0,0,999.9999868332601,999.9999868332601,0,331.45098591132,476.55001154574,191.9989893762,331.45098591132,476.55001154574,191.9989893762,0,0,0,-39226.1121502141,-39226.1121502141,0,-12944.61700957065,-12944.61700957065,-13336.87813107279,-35574.61662797526,-39671.78119609821,-42337.64961255837,990.4619246841606,1463.649193298381,735.9144097405178,0,0,0,0.2379951664107638,0.1244091294927885,0.05211776025188039,31.90173,31.90173,0,202650,27826.57188551692,19185.23738317802,48229.72047314129,25211.51009171359,10561.66411504356,-119.0933547566484,-119.0933547566484,0,-39.30080706969399,-39.30080706969399,-40.49174061726047,-107.6057612822328,-120.3572823452529,-129.0163245869945,0,0,0,0,0,0,320,1,1,1,1,1,1,1,1,1,1,1,1,1,1,1,0.33,0.33,0.34,0.33,0.33,0.34,0,0,0,1,0.331450990275449,0.4765500178203502,0.1919989919042008,0.331450990275449,0.4765500178203502,0.1919989919042008,-0,-0,-0,1,0,-5.551115123125783e-17,31.346262,-39226.1121502141,202650,-119.0933547566484,320,0.33,0.33,0.34,0.33,0.33,0.34,0,0,0,-5.551115123125783e-17,31.346262,-39226.1121502141,202650,-119.0933547566484,320,0.33,0.33,0.34,0.33,0.33,0.34,0,0,0,-5.551115123125783e-17
0.306,94.11021079333733,94.11021079333733,0,31.05636956180132,31.05636956180132,31.99747166973469,85.82895410552248,121.5034017755449,75.56039221348554,46.09264127934038,68.6879274399803,33.73838646413164,0,0,0,31.346262,31.346262,0,10.34426646,10.34426646,10.65772908,10.34426646,10.34426646,10.65772908,0,0,0,999.9999868332601,999.9999868332601,0,331.45098591132,476.55001154574,191.9989893762,331.45098591132,476.55001154574,191.9989893762,0,0,0,-39226.1121502141,-39226.1121502141,0,-12944.61700957065,-12944.61700957065,-13336.87813107279,-35574.61662797526,-39671.78119609821,-42337.64961255837,990.4619246841606,1463.649193298381,735.9144097405178,0,0,0,0.2379951664107638,0.1244091294927885,0.05211776025188039,31.90173,31.90173,0,202650,27826.57188551692,19185.23738317802,48229.72047314129,25211.51009171359,10561.66411504356,-119.0933547566484,-119.0933547566484,0,-39.30080706969399,-39.30080706969399,-40.49174061726047,-107.6057612822328,-120.3572823452529,-129.0163245869945,0,0,0,0,0,0,320,1,1,1,1,1,1,1,1,1,1,1,1,1,1,1,0.33,0.33,0.34,0.33,0.33,0.34,0,0,0,1,0.331450990275449,0.4765500178203502,0.1919989919042008,0.331450990275449,0.4765500178203502,0.1919989919042008,-0,-0,-0,1,0,-5.551115123125783e-17,31.346262,-39226.1121502141,202650,-119.0933547566484,320,0.33,0.33,0.34,0.33,0.33,0.34,0,0,0,-5.551115123125783e-17,31.346262,-39226.1121502141,202650,-119.0933547566484,320,0.33,0.33,0.34,0.33,0.33,0.34,0,0,0,-5.551115123125783e-17
0.308,94.11021079333733,94.11021079333733,0,31.05636956180132,31.05636956180132,31.99747166973469,85.82895410552248,121.5034017755449,75.56039221348554,46.09264127934038,68.6879274399803,33.73838646413164,0,0,0,31.346262,31.346262,0,10.34426646,10.34426646,10.65772908,10.34426646,10.34426646,10.65772908,0,0,0,999.9999868332601,999.9999868332601,0,331.45098591132,476.55001154574,191.9989893762,331.45098591132,476.55001154574,191.9989893762,0,0,0,-39226.1121502141,-39226.1121502141,0,-12944.61700957065,-12944.61700957065,-13336.87813107279,-35574.61662797526,-39671.78119609821,-42337.64961255837,990.4619246841606,1463.649193298381,735.9144097405178,0,0,0,0.2379951664107638,0.1244091294927885,0.05211776025188039,31.90173,31.90173,0,202650,27826.57188551692,19185.23738317802,48229.72047314129,25211.51009171359,10561.66411504356,-119.0933547566484,-119.0933547566484,0,-39.30080706969399,-39.30080706969399,-40.49174061726047,-107.6057612822328,-120.3572823452529,-129.0163245869945,0,0,0,0,0,0,320,1,1,1,1,1,1,1,1,1,1,1,1,1,1,1,0.33,0.33,0.34,0.33,0.33,0.34,0,0,0,1,0.331450990275449,0.4765500178203502,0.1919989919042008,0.331450990275449,0.4765500178203502,0.1919989919042008,-0,-0,-0,1,0,-5.551115123125783e-17,31.346262,-39226.1121502141,202650,-119.0933547566484,320,0.33,0.33,0.34,0.33,0.33,0.34,0,0,0,-5.551115123125783e-17,31.346262,-39226.1121502141,202650,-119.0933547566484,320,0.33,0.33,0.34,0.33,0.33,0.34,0,0,0,-5.551115123125783e-17
0.31,94.11021079333733,94.11021079333733,0,31.05636956180132,31.05636956180132,31.99747166973469,85.82895410552248,121.5034017755449,75.56039221348554,46.09264127934038,68.6879274399803,33.73838646413164,0,0,0,31.346262,31.346262,0,10.34426646,10.34426646,10.65772908,10.34426646,10.34426646,10.65772908,0,0,0,999.9999868332601,999.9999868332601,0,331.45098591132,476.55001154574,191.9989893762,331.45098591132,476.55001154574,191.9989893762,0,0,0,-39226.1121502141,-39226.1121502141,0,-12944.61700957065,-12944.61700957065,-13336.87813107279,-35574.61662797526,-39671.78119609821,-42337.64961255837,990.4619246841606,1463.649193298381,735.9144097405178,0,0,0,0.2379951664107638,0.1244091294927885,0.05211776025188039,31.90173,31.90173,0,202650,27826.57188551692,19185.23738317802,48229.72047314129,25211.51009171359,10561.66411504356,-119.0933547566484,-119.0933547566484,0,-39.30080706969399,-39.30080706969399,-40.49174061726047,-107.6057612822328,-120.3572823452529,-129.0163245869945,0,0,0,0,0,0,320,1,1,1,1,1,1,1,1,1,1,1,1,1,1,1,0.33,0.33,0.34,0.33,0.33,0.34,0,0,0,1,0.331450990275449,0.4765500178203502,0.1919989919042008,0.331450990275449,0.4765500178203502,0.1919989919042008,-0,-0,-0,1,0,-5.551115123125783e-17,31.346262,-39226.1121502141,202650,-119.0933547566484,320,0.33,0.33,0.34,0.33,0.33,0.34,0,0,0,-5.551115123125783e-17,31.346262,-39226.1121502141,202650,-119.0933547566484,320,0.33,0.33,0.34,0.33,0.33,0.34,0,0,0,-5.551115123125783e-17
0.312,94.11021079333733,94.11021079333733,0,31.05636956180132,31.05636956180132,31.99747166973469,85.82895410552248,121.5034017755449,75.56039221348554,46.09264127934038,68.6879274399803,33.73838646413164,0,0,0,31.346262,31.346262,0,10.34426646,10.34426646,10.65772908,10.34426646,10.34426646,10.65772908,0,0,0,999.9999868332601,999.9999868332601,0,331.45098591132,476.55001154574,191.9989893762,331.45098591132,476.55001154574,191.9989893762,0,0,0,-39226.1121502141,-39226.1121502141,0,-12944.61700957065,-12944.61700957065,-13336.87813107279,-35574.61662797526,-39671.78119609821,-42337.64961255837,990.4619246841606,1463.649193298381,735.9144097405178,0,0,0,0.2379951664107638,0.1244091294927885,0.05211776025188039,31.90173,31.90173,0,202650,27826.57188551692,19185.23738317802,48229.72047314129,25211.51009171359,10561.66411504356,-119.0933547566484,-119.0933547566484,0,-39.30080706969399,-39.30080706969399,-40.49174061726047,-107.6057612822328,-120.3572823452529,-129.0163245869945,0,0,0,0,0,0,320,1,1,1,1,1,1,1,1,1,1,1,1,1,1,1,0.33,0.33,0.34,0.33,0.33,0.34,0,0,0,1,0.331450990275449,0.4765500178203502,0.1919989919042008,0.331450990275449,0.4765500178203502,0.1919989919042008,-0,-0,-0,1,0,-5.551115123125783e-17,31.346262,-39226.1121502141,202650,-119.0933547566484,320,0.33,0.33,0.34,0.33,0.33,0.34,0,0,0,-5.551115123125783e-17,31.346262,-39226.1121502141,202650,-119.0933547566484,320,0.33,0.33,0.34,0.33,0.33,0.34,0,0,0,-5.551115123125783e-17
0.314,94.11021079333733,94.11021079333733,0,31.05636956180132,31.05636956180132,31.99747166973469,85.82895410552248,121.5034017755449,75.56039221348554,46.09264127934038,68.6879274399803,33.73838646413164,0,0,0,31.346262,31.346262,0,10.34426646,10.34426646,10.65772908,10.34426646,10.34426646,10.65772908,0,0,0,999.9999868332601,999.9999868332601,0,331.45098591132,476.55001154574,191.9989893762,331.45098591132,476.55001154574,191.9989893762,0,0,0,-39226.1121502141,-39226.1121502141,0,-12944.61700957065,-12944.61700957065,-13336.87813107279,-35574.61662797526,-39671.78119609821,-42337.64961255837,990.4619246841606,1463.649193298381,735.9144097405178,0,0,0,0.2379951664107638,0.1244091294927885,0.05211776025188039,31.90173,31.90173,0,202650,27826.57188551692,19185.23738317802,48229.72047314129,25211.51009171359,10561.66411504356,-119.0933547566484,-119.0933547566484,0,-39.30080706969399,-39.30080706969399,-40.49174061726047,-107.6057612822328,-120.3572823452529,-129.0163245869945,0,0,0,0,0,0,320,1,1,1,1,1,1,1,1,1,1,1,1,1,1,1,0.33,0.33,0.34,0.33,0.33,0.34,0,0,0,1,0.331450990275449,0.4765500178203502,0.1919989919042008,0.331450990275449,0.4765500178203502,0.1919989919042008,-0,-0,-0,1,0,-5.551115123125783e-17,31.346262,-39226.1121502141,202650,-119.0933547566484,320,0.33,0.33,0.34,0.33,0.33,0.34,0,0,0,-5.551115123125783e-17,31.346262,-39226.1121502141,202650,-119.0933547566484,320,0.33,0.33,0.34,0.33,0.33,0.34,0,0,0,-5.551115123125783e-17
0.316,94.11021079333733,94.11021079333733,0,31.05636956180132,31.05636956180132,31.99747166973469,85.82895410552248,121.5034017755449,75.56039221348554,46.09264127934038,68.6879274399803,33.73838646413164,0,0,0,31.346262,31.346262,0,10.34426646,10.34426646,10.65772908,10.34426646,10.34426646,10.65772908,0,0,0,999.9999868332601,999.9999868332601,0,331.45098591132,476.55001154574,191.9989893762,331.45098591132,476.55001154574,191.9989893762,0,0,0,-39226.1121502141,-39226.1121502141,0,-12944.61700957065,-12944.61700957065,-13336.87813107279,-35574.61662797526,-39671.78119609821,-42337.64961255837,990.4619246841606,1463.649193298381,735.9144097405178,0,0,0,0.2379951664107638,0.1244091294927885,0.05211776025188039,31.90173,31.90173,0,202650,27826.57188551692,19185.23738317802,48229.72047314129,25211.51009171359,10561.66411504356,-119.0933547566484,-119.0933547566484,0,-39.30080706969399,-39.30080706969399,-40.49174061726047,-107.6057612822328,-120.3572823452529,-129.0163245869945,0,0,0,0,0,0,320,1,1,1,1,1,1,1,1,1,1,1,1,1,1,1,0.33,0.33,0.34,0.33,0.33,0.34,0,0,0,1,0.331450990275449,0.4765500178203502,0.1919989919042008,0.331450990275449,0.4765500178203502,0.1919989919042008,-0,-0,-0,1,0,-5.551115123125783e-17,31.346262,-39226.1121502141,202650,-119.0933547566484,320,0.33,0.33,0.34,0.33,0.33,0.34,0,0,0,-5.551115123125783e-17,31.346262,-39226.1121502141,202650,-119.0933547566484,320,0.33,0.33,0.34,0.33,0.33,0.34,0,0,0,-5.551115123125783e-17
0.318,94.11021079333733,94.11021079333733,0,31.05636956180132,31.05636956180132,31.99747166973469,85.82895410552248,121.5034017755449,75.56039221348554,46.09264127934038,68.6879274399803,33.73838646413164,0,0,0,31.346262,31.346262,0,10.34426646,10.34426646,10.65772908,10.34426646,10.34426646,10.65772908,0,0,0,999.9999868332601,999.9999868332601,0,331.45098591132,476.55001154574,191.9989893762,331.45098591132,476.55001154574,191.9989893762,0,0,0,-39226.1121502141,-39226.1121502141,0,-12944.61700957065,-12944.61700957065,-13336.87813107279,-35574.61662797526,-39671.78119609821,-42337.64961255837,990.4619246841606,1463.649193298381,735.9144097405178,0,0,0,0.2379951664107638,0.1244091294927885,0.05211776025188039,31.90173,31.90173,0,202650,27826.57188551692,19185.23738317802,48229.72047314129,25211.51009171359,10561.66411504356,-119.0933547566484,-119.0933547566484,0,-39.30080706969399,-39.30080706969399,-40.49174061726047,-107.6057612822328,-120.3572823452529,-129.0163245869945,0,0,0,0,0,0,320,1,1,1,1,1,1,1,1,1,1,1,1,1,1,1,0.33,0.33,0.34,0.33,0.33,0.34,0,0,0,1,0.331450990275449,0.4765500178203502,0.1919989919042008,0.331450990275449,0.4765500178203502,0.1919989919042008,-0,-0,-0,1,0,-5.551115123125783e-17,31.346262,-39226.1121502141,202650,-119.0933547566484,320,0.33,0.33,0.34,0.33,0.33,0.34,0,0,0,-5.551115123125783e-17,31.346262,-39226.1121502141,202650,-119.0933547566484,320,0.33,0.33,0.34,0.33,0.33,0.34,0,0,0,-5.551115123125783e-17
0.32,94.11021079333733,94.11021079333733,0,31.05636956180132,31.05636956180132,31.99747166973469,85.82895410552248,121.5034017755449,75.56039221348554,46.09264127934038,68.6879274399803,33.73838646413164,0,0,0,31.346262,31.346262,0,10.34426646,10.34426646,10.65772908,10.34426646,10.34426646,10.65772908,0,0,0,999.9999868332601,999.9999868332601,0,331.45098591132,476.55001154574,191.9989893762,331.45098591132,476.55001154574,191.9989893762,0,0,0,-39226.1121502141,-39226.1121502141,0,-12944.61700957065,-12944.61700957065,-13336.87813107279,-35574.61662797526,-39671.78119609821,-42337.64961255837,990.4619246841606,1463.649193298381,735.9144097405178,0,0,0,0.2379951664107638,0.1244091294927885,0.05211776025188039,31.90173,31.90173,0,202650,27826.57188551692,19185.23738317802,48229.72047314129,25211.51009171359,10561.66411504356,-119.0933547566484,-119.0933547566484,0,-39.30080706969399,-39.30080706969399,-40.49174061726047,-107.6057612822328,-120.3572823452529,-129.0163245869945,0,0,0,0,0,0,320,1,1,1,1,1,1,1,1,1,1,1,1,1,1,1,0.33,0.33,0.34,0.33,0.33,0.34,0,0,0,1,0.331450990275449,0.4765500178203502,0.1919989919042008,0.331450990275449,0.4765500178203502,0.1919989919042008,-0,-0,-0,1,0,-5.551115123125783e-17,31.346262,-39226.1121502141,202650,-119.0933547566484,320,0.33,0.33,0.34,0.33,0.33,0.34,0,0,0,-5.551115123125783e-17,31.346262,-39226.1121502141,202650,-119.0933547566484,320,0.33,0.33,0.34,0.33,0.33,0.34,0,0,0,-5.551115123125783e-17
0.322,94.11021079333733,94.11021079333733,0,31.05636956180132,31.05636956180132,31.99747166973469,85.82895410552248,121.5034017755449,75.56039221348554,46.09264127934038,68.6879274399803,33.73838646413164,0,0,0,31.346262,31.346262,0,10.34426646,10.34426646,10.65772908,10.34426646,10.34426646,10.65772908,0,0,0,999.9999868332601,999.9999868332601,0,331.45098591132,476.55001154574,191.9989893762,331.45098591132,476.55001154574,191.9989893762,0,0,0,-39226.1121502141,-39226.1121502141,0,-12944.61700957065,-12944.61700957065,-13336.87813107279,-35574.61662797526,-39671.78119609821,-42337.64961255837,990.4619246841606,1463.649193298381,735.9144097405178,0,0,0,0.2379951664107638,0.1244091294927885,0.05211776025188039,31.90173,31.90173,0,202650,27826.57188551692,19185.23738317802,48229.72047314129,25211.51009171359,10561.66411504356,-119.0933547566484,-119.0933547566484,0,-39.30080706969399,-39.30080706969399,-40.49174061726047,-107.6057612822328,-120.3572823452529,-129.0163245869945,0,0,0,0,0,0,320,1,1,1,1,1,1,1,1,1,1,1,1,1,1,1,0.33,0.33,0.34,0.33,0.33,0.34,0,0,0,1,0.331450990275449,0.4765500178203502,0.1919989919042008,0.331450990275449,0.4765500178203502,0.1919989919042008,-0,-0,-0,1,0,-5.551115123125783e-17,31.346262,-39226.1121502141,202650,-119.0933547566484,320,0.33,0.33,0.34,0.33,0.33,0.34,0,0,0,-5.551115123125783e-17,31.346262,-39226.1121502141,202650,-119.0933547566484,320,0.33,0.33,0.34,0.33,0.33,0.34,0,0,0,-5.551115123125783e-17
0.324,94.11021079333733,94.11021079333733,0,31.05636956180132,31.05636956180132,31.99747166973469,85.82895410552248,121.5034017755449,75.56039221348554,46.09264127934038,68.6879274399803,33.73838646413164,0,0,0,31.346262,31.346262,0,10.34426646,10.34426646,10.65772908,10.34426646,10.34426646,10.65772908,0,0,0,999.9999868332601,999.9999868332601,0,331.45098591132,476.55001154574,191.9989893762,331.45098591132,476.55001154574,191.9989893762,0,0,0,-39226.1121502141,-39226.1121502141,0,-12944.61700957065,-12944.61700957065,-13336.87813107279,-35574.61662797526,-39671.78119609821,-42337.64961255837,990.4619246841606,1463.649193298381,735.9144097405178,0,0,0,0.2379951664107638,0.1244091294927885,0.05211776025188039,31.90173,31.90173,0,202650,27826.57188551692,19185.23738317802,48229.72047314129,25211.51009171359,10561.66411504356,-119.0933547566484,-119.0933547566484,0,-39.30080706969399,-39.30080706969399,-40.49174061726047,-107.6057612822328,-120.3572823452529,-129.0163245869945,0,0,0,0,0,0,320,1,1,1,1,1,1,1,1,1,1,1,1,1,1,1,0.33,0.33,0.34,0.33,0.33,0.34,0,0,0,1,0.331450990275449,0.4765500178203502,0.1919989919042008,0.331450990275449,0.4765500178203502,0.1919989919042008,-0,-0,-0,1,0,-5.551115123125783e-17,31.346262,-39226.1121502141,202650,-119.0933547566484,320,0.33,0.33,0.34,0.33,0.33,0.34,0,0,0,-5.551115123125783e-17,31.346262,-39226.1121502141,202650,-119.0933547566484,320,0.33,0.33,0.34,0.33,0.33,0.34,0,0,0,-5.551115123125783e-17
0.326,94.11021079333733,94.11021079333733,0,31.05636956180132,31.05636956180132,31.99747166973469,85.82895410552248,121.5034017755449,75.56039221348554,46.09264127934038,68.6879274399803,33.73838646413164,0,0,0,31.346262,31.346262,0,10.34426646,10.34426646,10.65772908,10.34426646,10.34426646,10.65772908,0,0,0,999.9999868332601,999.9999868332601,0,331.45098591132,476.55001154574,191.9989893762,331.45098591132,476.55001154574,191.9989893762,0,0,0,-39226.1121502141,-39226.1121502141,0,-12944.61700957065,-12944.61700957065,-13336.87813107279,-35574.61662797526,-39671.78119609821,-42337.64961255837,990.4619246841606,1463.649193298381,735.9144097405178,0,0,0,0.2379951664107638,0.1244091294927885,0.05211776025188039,31.90173,31.90173,0,202650,27826.57188551692,19185.23738317802,48229.72047314129,25211.51009171359,10561.66411504356,-119.0933547566484,-119.0933547566484,0,-39.30080706969399,-39.30080706969399,-40.49174061726047,-107.6057612822328,-120.3572823452529,-129.0163245869945,0,0,0,0,0,0,320,1,1,1,1,1,1,1,1,1,1,1,1,1,1,1,0.33,0.33,0.34,0.33,0.33,0.34,0,0,0,1,0.331450990275449,0.4765500178203502,0.1919989919042008,0.331450990275449,0.4765500178203502,0.1919989919042008,-0,-0,-0,1,0,-5.551115123125783e-17,31.346262,-39226.1121502141,202650,-119.0933547566484,320,0.33,0.33,0.34,0.33,0.33,0.34,0,0,0,-5.551115123125783e-17,31.346262,-39226.1121502141,202650,-119.0933547566484,320,0.33,0.33,0.34,0.33,0.33,0.34,0,0,0,-5.551115123125783e-17
0.328,94.11021079333733,94.11021079333733,0,31.05636956180132,31.05636956180132,31.99747166973469,85.82895410552248,121.5034017755449,75.56039221348554,46.09264127934038,68.6879274399803,33.73838646413164,0,0,0,31.346262,31.346262,0,10.34426646,10.34426646,10.65772908,10.34426646,10.34426646,10.65772908,0,0,0,999.9999868332601,999.9999868332601,0,331.45098591132,476.55001154574,191.9989893762,331.45098591132,476.55001154574,191.9989893762,0,0,0,-39226.1121502141,-39226.1121502141,0,-12944.61700957065,-12944.61700957065,-13336.87813107279,-35574.61662797526,-39671.78119609821,-42337.64961255837,990.4619246841606,1463.649193298381,735.9144097405178,0,0,0,0.2379951664107638,0.1244091294927885,0.05211776025188039,31.90173,31.90173,0,202650,27826.57188551692,19185.23738317802,48229.72047314129,25211.51009171359,10561.66411504356,-119.0933547566484,-119.0933547566484,0,-39.30080706969399,-39.30080706969399,-40.49174061726047,-107.6057612822328,-120.3572823452529,-129.0163245869945,0,0,0,0,0,0,320,1,1,1,1,1,1,1,1,1,1,1,1,1,1,1,0.33,0.33,0.34,0.33,0.33,0.34,0,0,0,1,0.331450990275449,0.4765500178203502,0.1919989919042008,0.331450990275449,0.4765500178203502,0.1919989919042008,-0,-0,-0,1,0,-5.551115123125783e-17,31.346262,-39226.1121502141,202650,-119.0933547566484,320,0.33,0.33,0.34,0.33,0.33,0.34,0,0,0,-5.551115123125783e-17,31.346262,-39226.1121502141,202650,-119.0933547566484,320,0.33,0.33,0.34,0.33,0.33,0.34,0,0,0,-5.551115123125783e-17
0.33,94.11021079333733,94.11021079333733,0,31.05636956180132,31.05636956180132,31.99747166973469,85.82895410552248,121.5034017755449,75.56039221348554,46.09264127934038,68.6879274399803,33.73838646413164,0,0,0,31.346262,31.346262,0,10.34426646,10.34426646,10.65772908,10.34426646,10.34426646,10.65772908,0,0,0,999.9999868332601,999.9999868332601,0,331.45098591132,476.55001154574,191.9989893762,331.45098591132,476.55001154574,191.9989893762,0,0,0,-39226.1121502141,-39226.1121502141,0,-12944.61700957065,-12944.61700957065,-13336.87813107279,-35574.61662797526,-39671.78119609821,-42337.64961255837,990.4619246841606,1463.649193298381,735.9144097405178,0,0,0,0.2379951664107638,0.1244091294927885,0.05211776025188039,31.90173,31.90173,0,202650,27826.57188551692,19185.23738317802,48229.72047314129,25211.51009171359,10561.66411504356,-119.0933547566484,-119.0933547566484,0,-39.30080706969399,-39.30080706969399,-40.49174061726047,-107.6057612822328,-120.3572823452529,-129.0163245869945,0,0,0,0,0,0,320,1,1,1,1,1,1,1,1,1,1,1,1,1,1,1,0.33,0.33,0.34,0.33,0.33,0.34,0,0,0,1,0.331450990275449,0.4765500178203502,0.1919989919042008,0.331450990275449,0.4765500178203502,0.1919989919042008,-0,-0,-0,1,0,-5.551115123125783e-17,31.346262,-39226.1121502141,202650,-119.0933547566484,320,0.33,0.33,0.34,0.33,0.33,0.34,0,0,0,-5.551115123125783e-17,31.346262,-39226.1121502141,202650,-119.0933547566484,320,0.33,0.33,0.34,0.33,0.33,0.34,0,0,0,-5.551115123125783e-17
0.332,94.11021079333733,94.11021079333733,0,31.05636956180132,31.05636956180132,31.99747166973469,85.82895410552248,121.5034017755449,75.56039221348554,46.09264127934038,68.6879274399803,33.73838646413164,0,0,0,31.346262,31.346262,0,10.34426646,10.34426646,10.65772908,10.34426646,10.34426646,10.65772908,0,0,0,999.9999868332601,999.9999868332601,0,331.45098591132,476.55001154574,191.9989893762,331.45098591132,476.55001154574,191.9989893762,0,0,0,-39226.1121502141,-39226.1121502141,0,-12944.61700957065,-12944.61700957065,-13336.87813107279,-35574.61662797526,-39671.78119609821,-42337.64961255837,990.4619246841606,1463.649193298381,735.9144097405178,0,0,0,0.2379951664107638,0.1244091294927885,0.05211776025188039,31.90173,31.90173,0,202650,27826.57188551692,19185.23738317802,48229.72047314129,25211.51009171359,10561.66411504356,-119.0933547566484,-119.0933547566484,0,-39.30080706969399,-39.30080706969399,-40.49174061726047,-107.6057612822328,-120.3572823452529,-129.0163245869945,0,0,0,0,0,0,320,1,1,1,1,1,1,1,1,1,1,1,1,1,1,1,0.33,0.33,0.34,0.33,0.33,0.34,0,0,0,1,0.331450990275449,0.4765500178203502,0.1919989919042008,0.331450990275449,0.4765500178203502,0.1919989919042008,-0,-0,-0,1,0,-5.551115123125783e-17,31.346262,-39226.1121502141,202650,-119.0933547566484,320,0.33,0.33,0.34,0.33,0.33,0.34,0,0,0,-5.551115123125783e-17,31.346262,-39226.1121502141,202650,-119.0933547566484,320,0.33,0.33,0.34,0.33,0.33,0.34,0,0,0,-5.551115123125783e-17
0.334,94.11021079333733,94.11021079333733,0,31.05636956180132,31.05636956180132,31.99747166973469,85.82895410552248,121.5034017755449,75.56039221348554,46.09264127934038,68.6879274399803,33.73838646413164,0,0,0,31.346262,31.346262,0,10.34426646,10.34426646,10.65772908,10.34426646,10.34426646,10.65772908,0,0,0,999.9999868332601,999.9999868332601,0,331.45098591132,476.55001154574,191.9989893762,331.45098591132,476.55001154574,191.9989893762,0,0,0,-39226.1121502141,-39226.1121502141,0,-12944.61700957065,-12944.61700957065,-13336.87813107279,-35574.61662797526,-39671.78119609821,-42337.64961255837,990.4619246841606,1463.649193298381,735.9144097405178,0,0,0,0.2379951664107638,0.1244091294927885,0.05211776025188039,31.90173,31.90173,0,202650,27826.57188551692,19185.23738317802,48229.72047314129,25211.51009171359,10561.66411504356,-119.0933547566484,-119.0933547566484,0,-39.30080706969399,-39.30080706969399,-40.49174061726047,-107.6057612822328,-120.3572823452529,-129.0163245869945,0,0,0,0,0,0,320,1,1,1,1,1,1,1,1,1,1,1,1,1,1,1,0.33,0.33,0.34,0.33,0.33,0.34,0,0,0,1,0.331450990275449,0.4765500178203502,0.1919989919042008,0.331450990275449,0.4765500178203502,0.1919989919042008,-0,-0,-0,1,0,-5.551115123125783e-17,31.346262,-39226.1121502141,202650,-119.0933547566484,320,0.33,0.33,0.34,0.33,0.33,0.34,0,0,0,-5.551115123125783e-17,31.346262,-39226.1121502141,202650,-119.0933547566484,320,0.33,0.33,0.34,0.33,0.33,0.34,0,0,0,-5.551115123125783e-17
0.336,94.11021079333733,94.11021079333733,0,31.05636956180132,31.05636956180132,31.99747166973469,85.82895410552248,121.5034017755449,75.56039221348554,46.09264127934038,68.6879274399803,33.73838646413164,0,0,0,31.346262,31.346262,0,10.34426646,10.34426646,10.65772908,10.34426646,10.34426646,10.65772908,0,0,0,999.9999868332601,999.9999868332601,0,331.45098591132,476.55001154574,191.9989893762,331.45098591132,476.55001154574,191.9989893762,0,0,0,-39226.1121502141,-39226.1121502141,0,-12944.61700957065,-12944.61700957065,-13336.87813107279,-35574.61662797526,-39671.78119609821,-42337.64961255837,990.4619246841606,1463.649193298381,735.9144097405178,0,0,0,0.2379951664107638,0.1244091294927885,0.05211776025188039,31.90173,31.90173,0,202650,27826.57188551692,19185.23738317802,48229.72047314129,25211.51009171359,10561.66411504356,-119.0933547566484,-119.0933547566484,0,-39.30080706969399,-39.30080706969399,-40.49174061726047,-107.6057612822328,-120.3572823452529,-129.0163245869945,0,0,0,0,0,0,320,1,1,1,1,1,1,1,1,1,1,1,1,1,1,1,0.33,0.33,0.34,0.33,0.33,0.34,0,0,0,1,0.331450990275449,0.4765500178203502,0.1919989919042008,0.331450990275449,0.4765500178203502,0.1919989919042008,-0,-0,-0,1,0,-5.551115123125783e-17,31.346262,-39226.1121502141,202650,-119.0933547566484,320,0.33,0.33,0.34,0.33,0.33,0.34,0,0,0,-5.551115123125783e-17,31.346262,-39226.1121502141,202650,-119.0933547566484,320,0.33,0.33,0.34,0.33,0.33,0.34,0,0,0,-5.551115123125783e-17
0.338,94.11021079333733,94.11021079333733,0,31.05636956180132,31.05636956180132,31.99747166973469,85.82895410552248,121.5034017755449,75.56039221348554,46.09264127934038,68.6879274399803,33.73838646413164,0,0,0,31.346262,31.346262,0,10.34426646,10.34426646,10.65772908,10.34426646,10.34426646,10.65772908,0,0,0,999.9999868332601,999.9999868332601,0,331.45098591132,476.55001154574,191.9989893762,331.45098591132,476.55001154574,191.9989893762,0,0,0,-39226.1121502141,-39226.1121502141,0,-12944.61700957065,-12944.61700957065,-13336.87813107279,-35574.61662797526,-39671.78119609821,-42337.64961255837,990.4619246841606,1463.649193298381,735.9144097405178,0,0,0,0.2379951664107638,0.1244091294927885,0.05211776025188039,31.90173,31.90173,0,202650,27826.57188551692,19185.23738317802,48229.72047314129,25211.51009171359,10561.66411504356,-119.0933547566484,-119.0933547566484,0,-39.30080706969399,-39.30080706969399,-40.49174061726047,-107.6057612822328,-120.3572823452529,-129.0163245869945,0,0,0,0,0,0,320,1,1,1,1,1,1,1,1,1,1,1,1,1,1,1,0.33,0.33,0.34,0.33,0.33,0.34,0,0,0,1,0.331450990275449,0.4765500178203502,0.1919989919042008,0.331450990275449,0.4765500178203502,0.1919989919042008,-0,-0,-0,1,0,-5.551115123125783e-17,31.346262,-39226.1121502141,202650,-119.0933547566484,320,0.33,0.33,0.34,0.33,0.33,0.34,0,0,0,-5.551115123125783e-17,31.346262,-39226.1121502141,202650,-119.0933547566484,320,0.33,0.33,0.34,0.33,0.33,0.34,0,0,0,-5.551115123125783e-17
0.34,94.11021079333733,94.11021079333733,0,31.05636956180132,31.05636956180132,31.99747166973469,85.82895410552248,121.5034017755449,75.56039221348554,46.09264127934038,68.6879274399803,33.73838646413164,0,0,0,31.346262,31.346262,0,10.34426646,10.34426646,10.65772908,10.34426646,10.34426646,10.65772908,0,0,0,999.9999868332601,999.9999868332601,0,331.45098591132,476.55001154574,191.9989893762,331.45098591132,476.55001154574,191.9989893762,0,0,0,-39226.1121502141,-39226.1121502141,0,-12944.61700957065,-12944.61700957065,-13336.87813107279,-35574.61662797526,-39671.78119609821,-42337.64961255837,990.4619246841606,1463.649193298381,735.9144097405178,0,0,0,0.2379951664107638,0.1244091294927885,0.05211776025188039,31.90173,31.90173,0,202650,27826.57188551692,19185.23738317802,48229.72047314129,25211.51009171359,10561.66411504356,-119.0933547566484,-119.0933547566484,0,-39.30080706969399,-39.30080706969399,-40.49174061726047,-107.6057612822328,-120.3572823452529,-129.0163245869945,0,0,0,0,0,0,320,1,1,1,1,1,1,1,1,1,1,1,1,1,1,1,0.33,0.33,0.34,0.33,0.33,0.34,0,0,0,1,0.331450990275449,0.4765500178203502,0.1919989919042008,0.331450990275449,0.4765500178203502,0.1919989919042008,-0,-0,-0,1,0,-5.551115123125783e-17,31.346262,-39226.1121502141,202650,-119.0933547566484,320,0.33,0.33,0.34,0.33,0.33,0.34,0,0,0,-5.551115123125783e-17,31.346262,-39226.1121502141,202650,-119.0933547566484,320,0.33,0.33,0.34,0.33,0.33,0.34,0,0,0,-5.551115123125783e-17
0.342,94.11021079333733,94.11021079333733,0,31.05636956180132,31.05636956180132,31.99747166973469,85.82895410552248,121.5034017755449,75.56039221348554,46.09264127934038,68.6879274399803,33.73838646413164,0,0,0,31.346262,31.346262,0,10.34426646,10.34426646,10.65772908,10.34426646,10.34426646,10.65772908,0,0,0,999.9999868332601,999.9999868332601,0,331.45098591132,476.55001154574,191.9989893762,331.45098591132,476.55001154574,191.9989893762,0,0,0,-39226.1121502141,-39226.1121502141,0,-12944.61700957065,-12944.61700957065,-13336.87813107279,-35574.61662797526,-39671.78119609821,-42337.64961255837,990.4619246841606,1463.649193298381,735.9144097405178,0,0,0,0.2379951664107638,0.1244091294927885,0.05211776025188039,31.90173,31.90173,0,202650,27826.57188551692,19185.23738317802,48229.72047314129,25211.51009171359,10561.66411504356,-119.0933547566484,-119.0933547566484,0,-39.30080706969399,-39.30080706969399,-40.49174061726047,-107.6057612822328,-120.3572823452529,-129.0163245869945,0,0,0,0,0,0,320,1,1,1,1,1,1,1,1,1,1,1,1,1,1,1,0.33,0.33,0.34,0.33,0.33,0.34,0,0,0,1,0.331450990275449,0.4765500178203502,0.1919989919042008,0.331450990275449,0.4765500178203502,0.1919989919042008,-0,-0,-0,1,0,-5.551115123125783e-17,31.346262,-39226.1121502141,202650,-119.0933547566484,320,0.33,0.33,0.34,0.33,0.33,0.34,0,0,0,-5.551115123125783e-17,31.346262,-39226.1121502141,202650,-119.0933547566484,320,0.33,0.33,0.34,0.33,0.33,0.34,0,0,0,-5.551115123125783e-17
0.344,94.11021079333733,94.11021079333733,0,31.05636956180132,31.05636956180132,31.99747166973469,85.82895410552248,121.5034017755449,75.56039221348554,46.09264127934038,68.6879274399803,33.73838646413164,0,0,0,31.346262,31.346262,0,10.34426646,10.34426646,10.65772908,10.34426646,10.34426646,10.65772908,0,0,0,999.9999868332601,999.9999868332601,0,331.45098591132,476.55001154574,191.9989893762,331.45098591132,476.55001154574,191.9989893762,0,0,0,-39226.1121502141,-39226.1121502141,0,-12944.61700957065,-12944.61700957065,-13336.87813107279,-35574.61662797526,-39671.78119609821,-42337.64961255837,990.4619246841606,1463.649193298381,735.9144097405178,0,0,0,0.2379951664107638,0.1244091294927885,0.05211776025188039,31.90173,31.90173,0,202650,27826.57188551692,19185.23738317802,48229.72047314129,25211.51009171359,10561.66411504356,-119.0933547566484,-119.0933547566484,0,-39.30080706969399,-39.30080706969399,-40.49174061726047,-107.6057612822328,-120.3572823452529,-129.0163245869945,0,0,0,0,0,0,320,1,1,1,1,1,1,1,1,1,1,1,1,1,1,1,0.33,0.33,0.34,0.33,0.33,0.34,0,0,0,1,0.331450990275449,0.4765500178203502,0.1919989919042008,0.331450990275449,0.4765500178203502,0.1919989919042008,-0,-0,-0,1,0,-5.551115123125783e-17,31.346262,-39226.1121502141,202650,-119.0933547566484,320,0.33,0.33,0.34,0.33,0.33,0.34,0,0,0,-5.551115123125783e-17,31.346262,-39226.1121502141,202650,-119.0933547566484,320,0.33,0.33,0.34,0.33,0.33,0.34,0,0,0,-5.551115123125783e-17
0.346,94.11021079333733,94.11021079333733,0,31.05636956180132,31.05636956180132,31.99747166973469,85.82895410552248,121.5034017755449,75.56039221348554,46.09264127934038,68.6879274399803,33.73838646413164,0,0,0,31.346262,31.346262,0,10.34426646,10.34426646,10.65772908,10.34426646,10.34426646,10.65772908,0,0,0,999.9999868332601,999.9999868332601,0,331.45098591132,476.55001154574,191.9989893762,331.45098591132,476.55001154574,191.9989893762,0,0,0,-39226.1121502141,-39226.1121502141,0,-12944.61700957065,-12944.61700957065,-13336.87813107279,-35574.61662797526,-39671.78119609821,-42337.64961255837,990.4619246841606,1463.649193298381,735.9144097405178,0,0,0,0.2379951664107638,0.1244091294927885,0.05211776025188039,31.90173,31.90173,0,202650,27826.57188551692,19185.23738317802,48229.72047314129,25211.51009171359,10561.66411504356,-119.0933547566484,-119.0933547566484,0,-39.30080706969399,-39.30080706969399,-40.49174061726047,-107.6057612822328,-120.3572823452529,-129.0163245869945,0,0,0,0,0,0,320,1,1,1,1,1,1,1,1,1,1,1,1,1,1,1,0.33,0.33,0.34,0.33,0.33,0.34,0,0,0,1,0.331450990275449,0.4765500178203502,0.1919989919042008,0.331450990275449,0.4765500178203502,0.1919989919042008,-0,-0,-0,1,0,-5.551115123125783e-17,31.346262,-39226.1121502141,202650,-119.0933547566484,320,0.33,0.33,0.34,0.33,0.33,0.34,0,0,0,-5.551115123125783e-17,31.346262,-39226.1121502141,202650,-119.0933547566484,320,0.33,0.33,0.34,0.33,0.33,0.34,0,0,0,-5.551115123125783e-17
0.348,94.11021079333733,94.11021079333733,0,31.05636956180132,31.05636956180132,31.99747166973469,85.82895410552248,121.5034017755449,75.56039221348554,46.09264127934038,68.6879274399803,33.73838646413164,0,0,0,31.346262,31.346262,0,10.34426646,10.34426646,10.65772908,10.34426646,10.34426646,10.65772908,0,0,0,999.9999868332601,999.9999868332601,0,331.45098591132,476.55001154574,191.9989893762,331.45098591132,476.55001154574,191.9989893762,0,0,0,-39226.1121502141,-39226.1121502141,0,-12944.61700957065,-12944.61700957065,-13336.87813107279,-35574.61662797526,-39671.78119609821,-42337.64961255837,990.4619246841606,1463.649193298381,735.9144097405178,0,0,0,0.2379951664107638,0.1244091294927885,0.05211776025188039,31.90173,31.90173,0,202650,27826.57188551692,19185.23738317802,48229.72047314129,25211.51009171359,10561.66411504356,-119.0933547566484,-119.0933547566484,0,-39.30080706969399,-39.30080706969399,-40.49174061726047,-107.6057612822328,-120.3572823452529,-129.0163245869945,0,0,0,0,0,0,320,1,1,1,1,1,1,1,1,1,1,1,1,1,1,1,0.33,0.33,0.34,0.33,0.33,0.34,0,0,0,1,0.331450990275449,0.4765500178203502,0.1919989919042008,0.331450990275449,0.4765500178203502,0.1919989919042008,-0,-0,-0,1,0,-5.551115123125783e-17,31.346262,-39226.1121502141,202650,-119.0933547566484,320,0.33,0.33,0.34,0.33,0.33,0.34,0,0,0,-5.551115123125783e-17,31.346262,-39226.1121502141,202650,-119.0933547566484,320,0.33,0.33,0.34,0.33,0.33,0.34,0,0,0,-5.551115123125783e-17
0.35,94.11021079333733,94.11021079333733,0,31.05636956180132,31.05636956180132,31.99747166973469,85.82895410552248,121.5034017755449,75.56039221348554,46.09264127934038,68.6879274399803,33.73838646413164,0,0,0,31.346262,31.346262,0,10.34426646,10.34426646,10.65772908,10.34426646,10.34426646,10.65772908,0,0,0,999.9999868332601,999.9999868332601,0,331.45098591132,476.55001154574,191.9989893762,331.45098591132,476.55001154574,191.9989893762,0,0,0,-39226.1121502141,-39226.1121502141,0,-12944.61700957065,-12944.61700957065,-13336.87813107279,-35574.61662797526,-39671.78119609821,-42337.64961255837,990.4619246841606,1463.649193298381,735.9144097405178,0,0,0,0.2379951664107638,0.1244091294927885,0.05211776025188039,31.90173,31.90173,0,202650,27826.57188551692,19185.23738317802,48229.72047314129,25211.51009171359,10561.66411504356,-119.0933547566484,-119.0933547566484,0,-39.30080706969399,-39.30080706969399,-40.49174061726047,-107.6057612822328,-120.3572823452529,-129.0163245869945,0,0,0,0,0,0,320,1,1,1,1,1,1,1,1,1,1,1,1,1,1,1,0.33,0.33,0.34,0.33,0.33,0.34,0,0,0,1,0.331450990275449,0.4765500178203502,0.1919989919042008,0.331450990275449,0.4765500178203502,0.1919989919042008,-0,-0,-0,1,0,-5.551115123125783e-17,31.346262,-39226.1121502141,202650,-119.0933547566484,320,0.33,0.33,0.34,0.33,0.33,0.34,0,0,0,-5.551115123125783e-17,31.346262,-39226.1121502141,202650,-119.0933547566484,320,0.33,0.33,0.34,0.33,0.33,0.34,0,0,0,-5.551115123125783e-17
0.352,94.11021079333733,94.11021079333733,0,31.05636956180132,31.05636956180132,31.99747166973469,85.82895410552248,121.5034017755449,75.56039221348554,46.09264127934038,68.6879274399803,33.73838646413164,0,0,0,31.346262,31.346262,0,10.34426646,10.34426646,10.65772908,10.34426646,10.34426646,10.65772908,0,0,0,999.9999868332601,999.9999868332601,0,331.45098591132,476.55001154574,191.9989893762,331.45098591132,476.55001154574,191.9989893762,0,0,0,-39226.1121502141,-39226.1121502141,0,-12944.61700957065,-12944.61700957065,-13336.87813107279,-35574.61662797526,-39671.78119609821,-42337.64961255837,990.4619246841606,1463.649193298381,735.9144097405178,0,0,0,0.2379951664107638,0.1244091294927885,0.05211776025188039,31.90173,31.90173,0,202650,27826.57188551692,19185.23738317802,48229.72047314129,25211.51009171359,10561.66411504356,-119.0933547566484,-119.0933547566484,0,-39.30080706969399,-39.30080706969399,-40.49174061726047,-107.6057612822328,-120.3572823452529,-129.0163245869945,0,0,0,0,0,0,320,1,1,1,1,1,1,1,1,1,1,1,1,1,1,1,0.33,0.33,0.34,0.33,0.33,0.34,0,0,0,1,0.331450990275449,0.4765500178203502,0.1919989919042008,0.331450990275449,0.4765500178203502,0.1919989919042008,-0,-0,-0,1,0,-5.551115123125783e-17,31.346262,-39226.1121502141,202650,-119.0933547566484,320,0.33,0.33,0.34,0.33,0.33,0.34,0,0,0,-5.551115123125783e-17,31.346262,-39226.1121502141,202650,-119.0933547566484,320,0.33,0.33,0.34,0.33,0.33,0.34,0,0,0,-5.551115123125783e-17
0.354,94.11021079333733,94.11021079333733,0,31.05636956180132,31.05636956180132,31.99747166973469,85.82895410552248,121.5034017755449,75.56039221348554,46.09264127934038,68.6879274399803,33.73838646413164,0,0,0,31.346262,31.346262,0,10.34426646,10.34426646,10.65772908,10.34426646,10.34426646,10.65772908,0,0,0,999.9999868332601,999.9999868332601,0,331.45098591132,476.55001154574,191.9989893762,331.45098591132,476.55001154574,191.9989893762,0,0,0,-39226.1121502141,-39226.1121502141,0,-12944.61700957065,-12944.61700957065,-13336.87813107279,-35574.61662797526,-39671.78119609821,-42337.64961255837,990.4619246841606,1463.649193298381,735.9144097405178,0,0,0,0.2379951664107638,0.1244091294927885,0.05211776025188039,31.90173,31.90173,0,202650,27826.57188551692,19185.23738317802,48229.72047314129,25211.51009171359,10561.66411504356,-119.0933547566484,-119.0933547566484,0,-39.30080706969399,-39.30080706969399,-40.49174061726047,-107.6057612822328,-120.3572823452529,-129.0163245869945,0,0,0,0,0,0,320,1,1,1,1,1,1,1,1,1,1,1,1,1,1,1,0.33,0.33,0.34,0.33,0.33,0.34,0,0,0,1,0.331450990275449,0.4765500178203502,0.1919989919042008,0.331450990275449,0.4765500178203502,0.1919989919042008,-0,-0,-0,1,0,-5.551115123125783e-17,31.346262,-39226.1121502141,202650,-119.0933547566484,320,0.33,0.33,0.34,0.33,0.33,0.34,0,0,0,-5.551115123125783e-17,31.346262,-39226.1121502141,202650,-119.0933547566484,320,0.33,0.33,0.34,0.33,0.33,0.34,0,0,0,-5.551115123125783e-17
0.356,94.11021079333733,94.11021079333733,0,31.05636956180132,31.05636956180132,31.99747166973469,85.82895410552248,121.5034017755449,75.56039221348554,46.09264127934038,68.6879274399803,33.73838646413164,0,0,0,31.346262,31.346262,0,10.34426646,10.34426646,10.65772908,10.34426646,10.34426646,10.65772908,0,0,0,999.9999868332601,999.9999868332601,0,331.45098591132,476.55001154574,191.9989893762,331.45098591132,476.55001154574,191.9989893762,0,0,0,-39226.1121502141,-39226.1121502141,0,-12944.61700957065,-12944.61700957065,-13336.87813107279,-35574.61662797526,-39671.78119609821,-42337.64961255837,990.4619246841606,1463.649193298381,735.9144097405178,0,0,0,0.2379951664107638,0.1244091294927885,0.05211776025188039,31.90173,31.90173,0,202650,27826.57188551692,19185.23738317802,48229.72047314129,25211.51009171359,10561.66411504356,-119.0933547566484,-119.0933547566484,0,-39.30080706969399,-39.30080706969399,-40.49174061726047,-107.6057612822328,-120.3572823452529,-129.0163245869945,0,0,0,0,0,0,320,1,1,1,1,1,1,1,1,1,1,1,1,1,1,1,0.33,0.33,0.34,0.33,0.33,0.34,0,0,0,1,0.331450990275449,0.4765500178203502,0.1919989919042008,0.331450990275449,0.4765500178203502,0.1919989919042008,-0,-0,-0,1,0,-5.551115123125783e-17,31.346262,-39226.1121502141,202650,-119.0933547566484,320,0.33,0.33,0.34,0.33,0.33,0.34,0,0,0,-5.551115123125783e-17,31.346262,-39226.1121502141,202650,-119.0933547566484,320,0.33,0.33,0.34,0.33,0.33,0.34,0,0,0,-5.551115123125783e-17
0.358,94.11021079333733,94.11021079333733,0,31.05636956180132,31.05636956180132,31.99747166973469,85.82895410552248,121.5034017755449,75.56039221348554,46.09264127934038,68.6879274399803,33.73838646413164,0,0,0,31.346262,31.346262,0,10.34426646,10.34426646,10.65772908,10.34426646,10.34426646,10.65772908,0,0,0,999.9999868332601,999.9999868332601,0,331.45098591132,476.55001154574,191.9989893762,331.45098591132,476.55001154574,191.9989893762,0,0,0,-39226.1121502141,-39226.1121502141,0,-12944.61700957065,-12944.61700957065,-13336.87813107279,-35574.61662797526,-39671.78119609821,-42337.64961255837,990.4619246841606,1463.649193298381,735.9144097405178,0,0,0,0.2379951664107638,0.1244091294927885,0.05211776025188039,31.90173,31.90173,0,202650,27826.57188551692,19185.23738317802,48229.72047314129,25211.51009171359,10561.66411504356,-119.0933547566484,-119.0933547566484,0,-39.30080706969399,-39.30080706969399,-40.49174061726047,-107.6057612822328,-120.3572823452529,-129.0163245869945,0,0,0,0,0,0,320,1,1,1,1,1,1,1,1,1,1,1,1,1,1,1,0.33,0.33,0.34,0.33,0.33,0.34,0,0,0,1,0.331450990275449,0.4765500178203502,0.1919989919042008,0.331450990275449,0.4765500178203502,0.1919989919042008,-0,-0,-0,1,0,-5.551115123125783e-17,31.346262,-39226.1121502141,202650,-119.0933547566484,320,0.33,0.33,0.34,0.33,0.33,0.34,0,0,0,-5.551115123125783e-17,31.346262,-39226.1121502141,202650,-119.0933547566484,320,0.33,0.33,0.34,0.33,0.33,0.34,0,0,0,-5.551115123125783e-17
0.36,94.11021079333733,94.11021079333733,0,31.05636956180132,31.05636956180132,31.99747166973469,85.82895410552248,121.5034017755449,75.56039221348554,46.09264127934038,68.6879274399803,33.73838646413164,0,0,0,31.346262,31.346262,0,10.34426646,10.34426646,10.65772908,10.34426646,10.34426646,10.65772908,0,0,0,999.9999868332601,999.9999868332601,0,331.45098591132,476.55001154574,191.9989893762,331.45098591132,476.55001154574,191.9989893762,0,0,0,-39226.1121502141,-39226.1121502141,0,-12944.61700957065,-12944.61700957065,-13336.87813107279,-35574.61662797526,-39671.78119609821,-42337.64961255837,990.4619246841606,1463.649193298381,735.9144097405178,0,0,0,0.2379951664107638,0.1244091294927885,0.05211776025188039,31.90173,31.90173,0,202650,27826.57188551692,19185.23738317802,48229.72047314129,25211.51009171359,10561.66411504356,-119.0933547566484,-119.0933547566484,0,-39.30080706969399,-39.30080706969399,-40.49174061726047,-107.6057612822328,-120.3572823452529,-129.0163245869945,0,0,0,0,0,0,320,1,1,1,1,1,1,1,1,1,1,1,1,1,1,1,0.33,0.33,0.34,0.33,0.33,0.34,0,0,0,1,0.331450990275449,0.4765500178203502,0.1919989919042008,0.331450990275449,0.4765500178203502,0.1919989919042008,-0,-0,-0,1,0,-5.551115123125783e-17,31.346262,-39226.1121502141,202650,-119.0933547566484,320,0.33,0.33,0.34,0.33,0.33,0.34,0,0,0,-5.551115123125783e-17,31.346262,-39226.1121502141,202650,-119.0933547566484,320,0.33,0.33,0.34,0.33,0.33,0.34,0,0,0,-5.551115123125783e-17
0.362,94.11021079333733,94.11021079333733,0,31.05636956180132,31.05636956180132,31.99747166973469,85.82895410552248,121.5034017755449,75.56039221348554,46.09264127934038,68.6879274399803,33.73838646413164,0,0,0,31.346262,31.346262,0,10.34426646,10.34426646,10.65772908,10.34426646,10.34426646,10.65772908,0,0,0,999.9999868332601,999.9999868332601,0,331.45098591132,476.55001154574,191.9989893762,331.45098591132,476.55001154574,191.9989893762,0,0,0,-39226.1121502141,-39226.1121502141,0,-12944.61700957065,-12944.61700957065,-13336.87813107279,-35574.61662797526,-39671.78119609821,-42337.64961255837,990.4619246841606,1463.649193298381,735.9144097405178,0,0,0,0.2379951664107638,0.1244091294927885,0.05211776025188039,31.90173,31.90173,0,202650,27826.57188551692,19185.23738317802,48229.72047314129,25211.51009171359,10561.66411504356,-119.0933547566484,-119.0933547566484,0,-39.30080706969399,-39.30080706969399,-40.49174061726047,-107.6057612822328,-120.3572823452529,-129.0163245869945,0,0,0,0,0,0,320,1,1,1,1,1,1,1,1,1,1,1,1,1,1,1,0.33,0.33,0.34,0.33,0.33,0.34,0,0,0,1,0.331450990275449,0.4765500178203502,0.1919989919042008,0.331450990275449,0.4765500178203502,0.1919989919042008,-0,-0,-0,1,0,-5.551115123125783e-17,31.346262,-39226.1121502141,202650,-119.0933547566484,320,0.33,0.33,0.34,0.33,0.33,0.34,0,0,0,-5.551115123125783e-17,31.346262,-39226.1121502141,202650,-119.0933547566484,320,0.33,0.33,0.34,0.33,0.33,0.34,0,0,0,-5.551115123125783e-17
0.364,94.11021079333733,94.11021079333733,0,31.05636956180132,31.05636956180132,31.99747166973469,85.82895410552248,121.5034017755449,75.56039221348554,46.09264127934038,68.6879274399803,33.73838646413164,0,0,0,31.346262,31.346262,0,10.34426646,10.34426646,10.65772908,10.34426646,10.34426646,10.65772908,0,0,0,999.9999868332601,999.9999868332601,0,331.45098591132,476.55001154574,191.9989893762,331.45098591132,476.55001154574,191.9989893762,0,0,0,-39226.1121502141,-39226.1121502141,0,-12944.61700957065,-12944.61700957065,-13336.87813107279,-35574.61662797526,-39671.78119609821,-42337.64961255837,990.4619246841606,1463.649193298381,735.9144097405178,0,0,0,0.2379951664107638,0.1244091294927885,0.05211776025188039,31.90173,31.90173,0,202650,27826.57188551692,19185.23738317802,48229.72047314129,25211.51009171359,10561.66411504356,-119.0933547566484,-119.0933547566484,0,-39.30080706969399,-39.30080706969399,-40.49174061726047,-107.6057612822328,-120.3572823452529,-129.0163245869945,0,0,0,0,0,0,320,1,1,1,1,1,1,1,1,1,1,1,1,1,1,1,0.33,0.33,0.34,0.33,0.33,0.34,0,0,0,1,0.331450990275449,0.4765500178203502,0.1919989919042008,0.331450990275449,0.4765500178203502,0.1919989919042008,-0,-0,-0,1,0,-5.551115123125783e-17,31.346262,-39226.1121502141,202650,-119.0933547566484,320,0.33,0.33,0.34,0.33,0.33,0.34,0,0,0,-5.551115123125783e-17,31.346262,-39226.1121502141,202650,-119.0933547566484,320,0.33,0.33,0.34,0.33,0.33,0.34,0,0,0,-5.551115123125783e-17
0.366,94.11021079333733,94.11021079333733,0,31.05636956180132,31.05636956180132,31.99747166973469,85.82895410552248,121.5034017755449,75.56039221348554,46.09264127934038,68.6879274399803,33.73838646413164,0,0,0,31.346262,31.346262,0,10.34426646,10.34426646,10.65772908,10.34426646,10.34426646,10.65772908,0,0,0,999.9999868332601,999.9999868332601,0,331.45098591132,476.55001154574,191.9989893762,331.45098591132,476.55001154574,191.9989893762,0,0,0,-39226.1121502141,-39226.1121502141,0,-12944.61700957065,-12944.61700957065,-13336.87813107279,-35574.61662797526,-39671.78119609821,-42337.64961255837,990.4619246841606,1463.649193298381,735.9144097405178,0,0,0,0.2379951664107638,0.1244091294927885,0.05211776025188039,31.90173,31.90173,0,202650,27826.57188551692,19185.23738317802,48229.72047314129,25211.51009171359,10561.66411504356,-119.0933547566484,-119.0933547566484,0,-39.30080706969399,-39.30080706969399,-40.49174061726047,-107.6057612822328,-120.3572823452529,-129.0163245869945,0,0,0,0,0,0,320,1,1,1,1,1,1,1,1,1,1,1,1,1,1,1,0.33,0.33,0.34,0.33,0.33,0.34,0,0,0,1,0.331450990275449,0.4765500178203502,0.1919989919042008,0.331450990275449,0.4765500178203502,0.1919989919042008,-0,-0,-0,1,0,-5.551115123125783e-17,31.346262,-39226.1121502141,202650,-119.0933547566484,320,0.33,0.33,0.34,0.33,0.33,0.34,0,0,0,-5.551115123125783e-17,31.346262,-39226.1121502141,202650,-119.0933547566484,320,0.33,0.33,0.34,0.33,0.33,0.34,0,0,0,-5.551115123125783e-17
0.368,94.11021079333733,94.11021079333733,0,31.05636956180132,31.05636956180132,31.99747166973469,85.82895410552248,121.5034017755449,75.56039221348554,46.09264127934038,68.6879274399803,33.73838646413164,0,0,0,31.346262,31.346262,0,10.34426646,10.34426646,10.65772908,10.34426646,10.34426646,10.65772908,0,0,0,999.9999868332601,999.9999868332601,0,331.45098591132,476.55001154574,191.9989893762,331.45098591132,476.55001154574,191.9989893762,0,0,0,-39226.1121502141,-39226.1121502141,0,-12944.61700957065,-12944.61700957065,-13336.87813107279,-35574.61662797526,-39671.78119609821,-42337.64961255837,990.4619246841606,1463.649193298381,735.9144097405178,0,0,0,0.2379951664107638,0.1244091294927885,0.05211776025188039,31.90173,31.90173,0,202650,27826.57188551692,19185.23738317802,48229.72047314129,25211.51009171359,10561.66411504356,-119.0933547566484,-119.0933547566484,0,-39.30080706969399,-39.30080706969399,-40.49174061726047,-107.6057612822328,-120.3572823452529,-129.0163245869945,0,0,0,0,0,0,320,1,1,1,1,1,1,1,1,1,1,1,1,1,1,1,0.33,0.33,0.34,0.33,0.33,0.34,0,0,0,1,0.331450990275449,0.4765500178203502,0.1919989919042008,0.331450990275449,0.4765500178203502,0.1919989919042008,-0,-0,-0,1,0,-5.551115123125783e-17,31.346262,-39226.1121502141,202650,-119.0933547566484,320,0.33,0.33,0.34,0.33,0.33,0.34,0,0,0,-5.551115123125783e-17,31.346262,-39226.1121502141,202650,-119.0933547566484,320,0.33,0.33,0.34,0.33,0.33,0.34,0,0,0,-5.551115123125783e-17
0.37,94.11021079333733,94.11021079333733,0,31.05636956180132,31.05636956180132,31.99747166973469,85.82895410552248,121.5034017755449,75.56039221348554,46.09264127934038,68.6879274399803,33.73838646413164,0,0,0,31.346262,31.346262,0,10.34426646,10.34426646,10.65772908,10.34426646,10.34426646,10.65772908,0,0,0,999.9999868332601,999.9999868332601,0,331.45098591132,476.55001154574,191.9989893762,331.45098591132,476.55001154574,191.9989893762,0,0,0,-39226.1121502141,-39226.1121502141,0,-12944.61700957065,-12944.61700957065,-13336.87813107279,-35574.61662797526,-39671.78119609821,-42337.64961255837,990.4619246841606,1463.649193298381,735.9144097405178,0,0,0,0.2379951664107638,0.1244091294927885,0.05211776025188039,31.90173,31.90173,0,202650,27826.57188551692,19185.23738317802,48229.72047314129,25211.51009171359,10561.66411504356,-119.0933547566484,-119.0933547566484,0,-39.30080706969399,-39.30080706969399,-40.49174061726047,-107.6057612822328,-120.3572823452529,-129.0163245869945,0,0,0,0,0,0,320,1,1,1,1,1,1,1,1,1,1,1,1,1,1,1,0.33,0.33,0.34,0.33,0.33,0.34,0,0,0,1,0.331450990275449,0.4765500178203502,0.1919989919042008,0.331450990275449,0.4765500178203502,0.1919989919042008,-0,-0,-0,1,0,-5.551115123125783e-17,31.346262,-39226.1121502141,202650,-119.0933547566484,320,0.33,0.33,0.34,0.33,0.33,0.34,0,0,0,-5.551115123125783e-17,31.346262,-39226.1121502141,202650,-119.0933547566484,320,0.33,0.33,0.34,0.33,0.33,0.34,0,0,0,-5.551115123125783e-17
0.372,94.11021079333733,94.11021079333733,0,31.05636956180132,31.05636956180132,31.99747166973469,85.82895410552248,121.5034017755449,75.56039221348554,46.09264127934038,68.6879274399803,33.73838646413164,0,0,0,31.346262,31.346262,0,10.34426646,10.34426646,10.65772908,10.34426646,10.34426646,10.65772908,0,0,0,999.9999868332601,999.9999868332601,0,331.45098591132,476.55001154574,191.9989893762,331.45098591132,476.55001154574,191.9989893762,0,0,0,-39226.1121502141,-39226.1121502141,0,-12944.61700957065,-12944.61700957065,-13336.87813107279,-35574.61662797526,-39671.78119609821,-42337.64961255837,990.4619246841606,1463.649193298381,735.9144097405178,0,0,0,0.2379951664107638,0.1244091294927885,0.05211776025188039,31.90173,31.90173,0,202650,27826.57188551692,19185.23738317802,48229.72047314129,25211.51009171359,10561.66411504356,-119.0933547566484,-119.0933547566484,0,-39.30080706969399,-39.30080706969399,-40.49174061726047,-107.6057612822328,-120.3572823452529,-129.0163245869945,0,0,0,0,0,0,320,1,1,1,1,1,1,1,1,1,1,1,1,1,1,1,0.33,0.33,0.34,0.33,0.33,0.34,0,0,0,1,0.331450990275449,0.4765500178203502,0.1919989919042008,0.331450990275449,0.4765500178203502,0.1919989919042008,-0,-0,-0,1,0,-5.551115123125783e-17,31.346262,-39226.1121502141,202650,-119.0933547566484,320,0.33,0.33,0.34,0.33,0.33,0.34,0,0,0,-5.551115123125783e-17,31.346262,-39226.1121502141,202650,-119.0933547566484,320,0.33,0.33,0.34,0.33,0.33,0.34,0,0,0,-5.551115123125783e-17
0.374,94.11021079333733,94.11021079333733,0,31.05636956180132,31.05636956180132,31.99747166973469,85.82895410552248,121.5034017755449,75.56039221348554,46.09264127934038,68.6879274399803,33.73838646413164,0,0,0,31.346262,31.346262,0,10.34426646,10.34426646,10.65772908,10.34426646,10.34426646,10.65772908,0,0,0,999.9999868332601,999.9999868332601,0,331.45098591132,476.55001154574,191.9989893762,331.45098591132,476.55001154574,191.9989893762,0,0,0,-39226.1121502141,-39226.1121502141,0,-12944.61700957065,-12944.61700957065,-13336.87813107279,-35574.61662797526,-39671.78119609821,-42337.64961255837,990.4619246841606,1463.649193298381,735.9144097405178,0,0,0,0.2379951664107638,0.1244091294927885,0.05211776025188039,31.90173,31.90173,0,202650,27826.57188551692,19185.23738317802,48229.72047314129,25211.51009171359,10561.66411504356,-119.0933547566484,-119.0933547566484,0,-39.30080706969399,-39.30080706969399,-40.49174061726047,-107.6057612822328,-120.3572823452529,-129.0163245869945,0,0,0,0,0,0,320,1,1,1,1,1,1,1,1,1,1,1,1,1,1,1,0.33,0.33,0.34,0.33,0.33,0.34,0,0,0,1,0.331450990275449,0.4765500178203502,0.1919989919042008,0.331450990275449,0.4765500178203502,0.1919989919042008,-0,-0,-0,1,0,-5.551115123125783e-17,31.346262,-39226.1121502141,202650,-119.0933547566484,320,0.33,0.33,0.34,0.33,0.33,0.34,0,0,0,-5.551115123125783e-17,31.346262,-39226.1121502141,202650,-119.0933547566484,320,0.33,0.33,0.34,0.33,0.33,0.34,0,0,0,-5.551115123125783e-17
0.376,94.11021079333733,94.11021079333733,0,31.05636956180132,31.05636956180132,31.99747166973469,85.82895410552248,121.5034017755449,75.56039221348554,46.09264127934038,68.6879274399803,33.73838646413164,0,0,0,31.346262,31.346262,0,10.34426646,10.34426646,10.65772908,10.34426646,10.34426646,10.65772908,0,0,0,999.9999868332601,999.9999868332601,0,331.45098591132,476.55001154574,191.9989893762,331.45098591132,476.55001154574,191.9989893762,0,0,0,-39226.1121502141,-39226.1121502141,0,-12944.61700957065,-12944.61700957065,-13336.87813107279,-35574.61662797526,-39671.78119609821,-42337.64961255837,990.4619246841606,1463.649193298381,735.9144097405178,0,0,0,0.2379951664107638,0.1244091294927885,0.05211776025188039,31.90173,31.90173,0,202650,27826.57188551692,19185.23738317802,48229.72047314129,25211.51009171359,10561.66411504356,-119.0933547566484,-119.0933547566484,0,-39.30080706969399,-39.30080706969399,-40.49174061726047,-107.6057612822328,-120.3572823452529,-129.0163245869945,0,0,0,0,0,0,320,1,1,1,1,1,1,1,1,1,1,1,1,1,1,1,0.33,0.33,0.34,0.33,0.33,0.34,0,0,0,1,0.331450990275449,0.4765500178203502,0.1919989919042008,0.331450990275449,0.4765500178203502,0.1919989919042008,-0,-0,-0,1,0,-5.551115123125783e-17,31.346262,-39226.1121502141,202650,-119.0933547566484,320,0.33,0.33,0.34,0.33,0.33,0.34,0,0,0,-5.551115123125783e-17,31.346262,-39226.1121502141,202650,-119.0933547566484,320,0.33,0.33,0.34,0.33,0.33,0.34,0,0,0,-5.551115123125783e-17
0.378,94.11021079333733,94.11021079333733,0,31.05636956180132,31.05636956180132,31.99747166973469,85.82895410552248,121.5034017755449,75.56039221348554,46.09264127934038,68.6879274399803,33.73838646413164,0,0,0,31.346262,31.346262,0,10.34426646,10.34426646,10.65772908,10.34426646,10.34426646,10.65772908,0,0,0,999.9999868332601,999.9999868332601,0,331.45098591132,476.55001154574,191.9989893762,331.45098591132,476.55001154574,191.9989893762,0,0,0,-39226.1121502141,-39226.1121502141,0,-12944.61700957065,-12944.61700957065,-13336.87813107279,-35574.61662797526,-39671.78119609821,-42337.64961255837,990.4619246841606,1463.649193298381,735.9144097405178,0,0,0,0.2379951664107638,0.1244091294927885,0.05211776025188039,31.90173,31.90173,0,202650,27826.57188551692,19185.23738317802,48229.72047314129,25211.51009171359,10561.66411504356,-119.0933547566484,-119.0933547566484,0,-39.30080706969399,-39.30080706969399,-40.49174061726047,-107.6057612822328,-120.3572823452529,-129.0163245869945,0,0,0,0,0,0,320,1,1,1,1,1,1,1,1,1,1,1,1,1,1,1,0.33,0.33,0.34,0.33,0.33,0.34,0,0,0,1,0.331450990275449,0.4765500178203502,0.1919989919042008,0.331450990275449,0.4765500178203502,0.1919989919042008,-0,-0,-0,1,0,-5.551115123125783e-17,31.346262,-39226.1121502141,202650,-119.0933547566484,320,0.33,0.33,0.34,0.33,0.33,0.34,0,0,0,-5.551115123125783e-17,31.346262,-39226.1121502141,202650,-119.0933547566484,320,0.33,0.33,0.34,0.33,0.33,0.34,0,0,0,-5.551115123125783e-17
0.38,94.11021079333733,94.11021079333733,0,31.05636956180132,31.05636956180132,31.99747166973469,85.82895410552248,121.5034017755449,75.56039221348554,46.09264127934038,68.6879274399803,33.73838646413164,0,0,0,31.346262,31.346262,0,10.34426646,10.34426646,10.65772908,10.34426646,10.34426646,10.65772908,0,0,0,999.9999868332601,999.9999868332601,0,331.45098591132,476.55001154574,191.9989893762,331.45098591132,476.55001154574,191.9989893762,0,0,0,-39226.1121502141,-39226.1121502141,0,-12944.61700957065,-12944.61700957065,-13336.87813107279,-35574.61662797526,-39671.78119609821,-42337.64961255837,990.4619246841606,1463.649193298381,735.9144097405178,0,0,0,0.2379951664107638,0.1244091294927885,0.05211776025188039,31.90173,31.90173,0,202650,27826.57188551692,19185.23738317802,48229.72047314129,25211.51009171359,10561.66411504356,-119.0933547566484,-119.0933547566484,0,-39.30080706969399,-39.30080706969399,-40.49174061726047,-107.6057612822328,-120.3572823452529,-129.0163245869945,0,0,0,0,0,0,320,1,1,1,1,1,1,1,1,1,1,1,1,1,1,1,0.33,0.33,0.34,0.33,0.33,0.34,0,0,0,1,0.331450990275449,0.4765500178203502,0.1919989919042008,0.331450990275449,0.4765500178203502,0.1919989919042008,-0,-0,-0,1,0,-5.551115123125783e-17,31.346262,-39226.1121502141,202650,-119.0933547566484,320,0.33,0.33,0.34,0.33,0.33,0.34,0,0,0,-5.551115123125783e-17,31.346262,-39226.1121502141,202650,-119.0933547566484,320,0.33,0.33,0.34,0.33,0.33,0.34,0,0,0,-5.551115123125783e-17
0.382,94.11021079333733,94.11021079333733,0,31.05636956180132,31.05636956180132,31.99747166973469,85.82895410552248,121.5034017755449,75.56039221348554,46.09264127934038,68.6879274399803,33.73838646413164,0,0,0,31.346262,31.346262,0,10.34426646,10.34426646,10.65772908,10.34426646,10.34426646,10.65772908,0,0,0,999.9999868332601,999.9999868332601,0,331.45098591132,476.55001154574,191.9989893762,331.45098591132,476.55001154574,191.9989893762,0,0,0,-39226.1121502141,-39226.1121502141,0,-12944.61700957065,-12944.61700957065,-13336.87813107279,-35574.61662797526,-39671.78119609821,-42337.64961255837,990.4619246841606,1463.649193298381,735.9144097405178,0,0,0,0.2379951664107638,0.1244091294927885,0.05211776025188039,31.90173,31.90173,0,202650,27826.57188551692,19185.23738317802,48229.72047314129,25211.51009171359,10561.66411504356,-119.0933547566484,-119.0933547566484,0,-39.30080706969399,-39.30080706969399,-40.49174061726047,-107.6057612822328,-120.3572823452529,-129.0163245869945,0,0,0,0,0,0,320,1,1,1,1,1,1,1,1,1,1,1,1,1,1,1,0.33,0.33,0.34,0.33,0.33,0.34,0,0,0,1,0.331450990275449,0.4765500178203502,0.1919989919042008,0.331450990275449,0.4765500178203502,0.1919989919042008,-0,-0,-0,1,0,-5.551115123125783e-17,31.346262,-39226.1121502141,202650,-119.0933547566484,320,0.33,0.33,0.34,0.33,0.33,0.34,0,0,0,-5.551115123125783e-17,31.346262,-39226.1121502141,202650,-119.0933547566484,320,0.33,0.33,0.34,0.33,0.33,0.34,0,0,0,-5.551115123125783e-17
0.384,94.11021079333733,94.11021079333733,0,31.05636956180132,31.05636956180132,31.99747166973469,85.82895410552248,121.5034017755449,75.56039221348554,46.09264127934038,68.6879274399803,33.73838646413164,0,0,0,31.346262,31.346262,0,10.34426646,10.34426646,10.65772908,10.34426646,10.34426646,10.65772908,0,0,0,999.9999868332601,999.9999868332601,0,331.45098591132,476.55001154574,191.9989893762,331.45098591132,476.55001154574,191.9989893762,0,0,0,-39226.1121502141,-39226.1121502141,0,-12944.61700957065,-12944.61700957065,-13336.87813107279,-35574.61662797526,-39671.78119609821,-42337.64961255837,990.4619246841606,1463.649193298381,735.9144097405178,0,0,0,0.2379951664107638,0.1244091294927885,0.05211776025188039,31.90173,31.90173,0,202650,27826.57188551692,19185.23738317802,48229.72047314129,25211.51009171359,10561.66411504356,-119.0933547566484,-119.0933547566484,0,-39.30080706969399,-39.30080706969399,-40.49174061726047,-107.6057612822328,-120.3572823452529,-129.0163245869945,0,0,0,0,0,0,320,1,1,1,1,1,1,1,1,1,1,1,1,1,1,1,0.33,0.33,0.34,0.33,0.33,0.34,0,0,0,1,0.331450990275449,0.4765500178203502,0.1919989919042008,0.331450990275449,0.4765500178203502,0.1919989919042008,-0,-0,-0,1,0,-5.551115123125783e-17,31.346262,-39226.1121502141,202650,-119.0933547566484,320,0.33,0.33,0.34,0.33,0.33,0.34,0,0,0,-5.551115123125783e-17,31.346262,-39226.1121502141,202650,-119.0933547566484,320,0.33,0.33,0.34,0.33,0.33,0.34,0,0,0,-5.551115123125783e-17
0.386,94.11021079333733,94.11021079333733,0,31.05636956180132,31.05636956180132,31.99747166973469,85.82895410552248,121.5034017755449,75.56039221348554,46.09264127934038,68.6879274399803,33.73838646413164,0,0,0,31.346262,31.346262,0,10.34426646,10.34426646,10.65772908,10.34426646,10.34426646,10.65772908,0,0,0,999.9999868332601,999.9999868332601,0,331.45098591132,476.55001154574,191.9989893762,331.45098591132,476.55001154574,191.9989893762,0,0,0,-39226.1121502141,-39226.1121502141,0,-12944.61700957065,-12944.61700957065,-13336.87813107279,-35574.61662797526,-39671.78119609821,-42337.64961255837,990.4619246841606,1463.649193298381,735.9144097405178,0,0,0,0.2379951664107638,0.1244091294927885,0.05211776025188039,31.90173,31.90173,0,202650,27826.57188551692,19185.23738317802,48229.72047314129,25211.51009171359,10561.66411504356,-119.0933547566484,-119.0933547566484,0,-39.30080706969399,-39.30080706969399,-40.49174061726047,-107.6057612822328,-120.3572823452529,-129.0163245869945,0,0,0,0,0,0,320,1,1,1,1,1,1,1,1,1,1,1,1,1,1,1,0.33,0.33,0.34,0.33,0.33,0.34,0,0,0,1,0.331450990275449,0.4765500178203502,0.1919989919042008,0.331450990275449,0.4765500178203502,0.1919989919042008,-0,-0,-0,1,0,-5.551115123125783e-17,31.346262,-39226.1121502141,202650,-119.0933547566484,320,0.33,0.33,0.34,0.33,0.33,0.34,0,0,0,-5.551115123125783e-17,31.346262,-39226.1121502141,202650,-119.0933547566484,320,0.33,0.33,0.34,0.33,0.33,0.34,0,0,0,-5.551115123125783e-17
0.388,94.11021079333733,94.11021079333733,0,31.05636956180132,31.05636956180132,31.99747166973469,85.82895410552248,121.5034017755449,75.56039221348554,46.09264127934038,68.6879274399803,33.73838646413164,0,0,0,31.346262,31.346262,0,10.34426646,10.34426646,10.65772908,10.34426646,10.34426646,10.65772908,0,0,0,999.9999868332601,999.9999868332601,0,331.45098591132,476.55001154574,191.9989893762,331.45098591132,476.55001154574,191.9989893762,0,0,0,-39226.1121502141,-39226.1121502141,0,-12944.61700957065,-12944.61700957065,-13336.87813107279,-35574.61662797526,-39671.78119609821,-42337.64961255837,990.4619246841606,1463.649193298381,735.9144097405178,0,0,0,0.2379951664107638,0.1244091294927885,0.05211776025188039,31.90173,31.90173,0,202650,27826.57188551692,19185.23738317802,48229.72047314129,25211.51009171359,10561.66411504356,-119.0933547566484,-119.0933547566484,0,-39.30080706969399,-39.30080706969399,-40.49174061726047,-107.6057612822328,-120.3572823452529,-129.0163245869945,0,0,0,0,0,0,320,1,1,1,1,1,1,1,1,1,1,1,1,1,1,1,0.33,0.33,0.34,0.33,0.33,0.34,0,0,0,1,0.331450990275449,0.4765500178203502,0.1919989919042008,0.331450990275449,0.4765500178203502,0.1919989919042008,-0,-0,-0,1,0,-5.551115123125783e-17,31.346262,-39226.1121502141,202650,-119.0933547566484,320,0.33,0.33,0.34,0.33,0.33,0.34,0,0,0,-5.551115123125783e-17,31.346262,-39226.1121502141,202650,-119.0933547566484,320,0.33,0.33,0.34,0.33,0.33,0.34,0,0,0,-5.551115123125783e-17
0.39,94.11021079333733,94.11021079333733,0,31.05636956180132,31.05636956180132,31.99747166973469,85.82895410552248,121.5034017755449,75.56039221348554,46.09264127934038,68.6879274399803,33.73838646413164,0,0,0,31.346262,31.346262,0,10.34426646,10.34426646,10.65772908,10.34426646,10.34426646,10.65772908,0,0,0,999.9999868332601,999.9999868332601,0,331.45098591132,476.55001154574,191.9989893762,331.45098591132,476.55001154574,191.9989893762,0,0,0,-39226.1121502141,-39226.1121502141,0,-12944.61700957065,-12944.61700957065,-13336.87813107279,-35574.61662797526,-39671.78119609821,-42337.64961255837,990.4619246841606,1463.649193298381,735.9144097405178,0,0,0,0.2379951664107638,0.1244091294927885,0.05211776025188039,31.90173,31.90173,0,202650,27826.57188551692,19185.23738317802,48229.72047314129,25211.51009171359,10561.66411504356,-119.0933547566484,-119.0933547566484,0,-39.30080706969399,-39.30080706969399,-40.49174061726047,-107.6057612822328,-120.3572823452529,-129.0163245869945,0,0,0,0,0,0,320,1,1,1,1,1,1,1,1,1,1,1,1,1,1,1,0.33,0.33,0.34,0.33,0.33,0.34,0,0,0,1,0.331450990275449,0.4765500178203502,0.1919989919042008,0.331450990275449,0.4765500178203502,0.1919989919042008,-0,-0,-0,1,0,-5.551115123125783e-17,31.346262,-39226.1121502141,202650,-119.0933547566484,320,0.33,0.33,0.34,0.33,0.33,0.34,0,0,0,-5.551115123125783e-17,31.346262,-39226.1121502141,202650,-119.0933547566484,320,0.33,0.33,0.34,0.33,0.33,0.34,0,0,0,-5.551115123125783e-17
0.392,94.11021079333733,94.11021079333733,0,31.05636956180132,31.05636956180132,31.99747166973469,85.82895410552248,121.5034017755449,75.56039221348554,46.09264127934038,68.6879274399803,33.73838646413164,0,0,0,31.346262,31.346262,0,10.34426646,10.34426646,10.65772908,10.34426646,10.34426646,10.65772908,0,0,0,999.9999868332601,999.9999868332601,0,331.45098591132,476.55001154574,191.9989893762,331.45098591132,476.55001154574,191.9989893762,0,0,0,-39226.1121502141,-39226.1121502141,0,-12944.61700957065,-12944.61700957065,-13336.87813107279,-35574.61662797526,-39671.78119609821,-42337.64961255837,990.4619246841606,1463.649193298381,735.9144097405178,0,0,0,0.2379951664107638,0.1244091294927885,0.05211776025188039,31.90173,31.90173,0,202650,27826.57188551692,19185.23738317802,48229.72047314129,25211.51009171359,10561.66411504356,-119.0933547566484,-119.0933547566484,0,-39.30080706969399,-39.30080706969399,-40.49174061726047,-107.6057612822328,-120.3572823452529,-129.0163245869945,0,0,0,0,0,0,320,1,1,1,1,1,1,1,1,1,1,1,1,1,1,1,0.33,0.33,0.34,0.33,0.33,0.34,0,0,0,1,0.331450990275449,0.4765500178203502,0.1919989919042008,0.331450990275449,0.4765500178203502,0.1919989919042008,-0,-0,-0,1,0,-5.551115123125783e-17,31.346262,-39226.1121502141,202650,-119.0933547566484,320,0.33,0.33,0.34,0.33,0.33,0.34,0,0,0,-5.551115123125783e-17,31.346262,-39226.1121502141,202650,-119.0933547566484,320,0.33,0.33,0.34,0.33,0.33,0.34,0,0,0,-5.551115123125783e-17
0.394,94.11021079333733,94.11021079333733,0,31.05636956180132,31.05636956180132,31.99747166973469,85.82895410552248,121.5034017755449,75.56039221348554,46.09264127934038,68.6879274399803,33.73838646413164,0,0,0,31.346262,31.346262,0,10.34426646,10.34426646,10.65772908,10.34426646,10.34426646,10.65772908,0,0,0,999.9999868332601,999.9999868332601,0,331.45098591132,476.55001154574,191.9989893762,331.45098591132,476.55001154574,191.9989893762,0,0,0,-39226.1121502141,-39226.1121502141,0,-12944.61700957065,-12944.61700957065,-13336.87813107279,-35574.61662797526,-39671.78119609821,-42337.64961255837,990.4619246841606,1463.649193298381,735.9144097405178,0,0,0,0.2379951664107638,0.1244091294927885,0.05211776025188039,31.90173,31.90173,0,202650,27826.57188551692,19185.23738317802,48229.72047314129,25211.51009171359,10561.66411504356,-119.0933547566484,-119.0933547566484,0,-39.30080706969399,-39.30080706969399,-40.49174061726047,-107.6057612822328,-120.3572823452529,-129.0163245869945,0,0,0,0,0,0,320,1,1,1,1,1,1,1,1,1,1,1,1,1,1,1,0.33,0.33,0.34,0.33,0.33,0.34,0,0,0,1,0.331450990275449,0.4765500178203502,0.1919989919042008,0.331450990275449,0.4765500178203502,0.1919989919042008,-0,-0,-0,1,0,-5.551115123125783e-17,31.346262,-39226.1121502141,202650,-119.0933547566484,320,0.33,0.33,0.34,0.33,0.33,0.34,0,0,0,-5.551115123125783e-17,31.346262,-39226.1121502141,202650,-119.0933547566484,320,0.33,0.33,0.34,0.33,0.33,0.34,0,0,0,-5.551115123125783e-17
0.396,94.11021079333733,94.11021079333733,0,31.05636956180132,31.05636956180132,31.99747166973469,85.82895410552248,121.5034017755449,75.56039221348554,46.09264127934038,68.6879274399803,33.73838646413164,0,0,0,31.346262,31.346262,0,10.34426646,10.34426646,10.65772908,10.34426646,10.34426646,10.65772908,0,0,0,999.9999868332601,999.9999868332601,0,331.45098591132,476.55001154574,191.9989893762,331.45098591132,476.55001154574,191.9989893762,0,0,0,-39226.1121502141,-39226.1121502141,0,-12944.61700957065,-12944.61700957065,-13336.87813107279,-35574.61662797526,-39671.78119609821,-42337.64961255837,990.4619246841606,1463.649193298381,735.9144097405178,0,0,0,0.2379951664107638,0.1244091294927885,0.05211776025188039,31.90173,31.90173,0,202650,27826.57188551692,19185.23738317802,48229.72047314129,25211.51009171359,10561.66411504356,-119.0933547566484,-119.0933547566484,0,-39.30080706969399,-39.30080706969399,-40.49174061726047,-107.6057612822328,-120.3572823452529,-129.0163245869945,0,0,0,0,0,0,320,1,1,1,1,1,1,1,1,1,1,1,1,1,1,1,0.33,0.33,0.34,0.33,0.33,0.34,0,0,0,1,0.331450990275449,0.4765500178203502,0.1919989919042008,0.331450990275449,0.4765500178203502,0.1919989919042008,-0,-0,-0,1,0,-5.551115123125783e-17,31.346262,-39226.1121502141,202650,-119.0933547566484,320,0.33,0.33,0.34,0.33,0.33,0.34,0,0,0,-5.551115123125783e-17,31.346262,-39226.1121502141,202650,-119.0933547566484,320,0.33,0.33,0.34,0.33,0.33,0.34,0,0,0,-5.551115123125783e-17
0.398,94.11021079333733,94.11021079333733,0,31.05636956180132,31.05636956180132,31.99747166973469,85.82895410552248,121.5034017755449,75.56039221348554,46.09264127934038,68.6879274399803,33.73838646413164,0,0,0,31.346262,31.346262,0,10.34426646,10.34426646,10.65772908,10.34426646,10.34426646,10.65772908,0,0,0,999.9999868332601,999.9999868332601,0,331.45098591132,476.55001154574,191.9989893762,331.45098591132,476.55001154574,191.9989893762,0,0,0,-39226.1121502141,-39226.1121502141,0,-12944.61700957065,-12944.61700957065,-13336.87813107279,-35574.61662797526,-39671.78119609821,-42337.64961255837,990.4619246841606,1463.649193298381,735.9144097405178,0,0,0,0.2379951664107638,0.1244091294927885,0.05211776025188039,31.90173,31.90173,0,202650,27826.57188551692,19185.23738317802,48229.72047314129,25211.51009171359,10561.66411504356,-119.0933547566484,-119.0933547566484,0,-39.30080706969399,-39.30080706969399,-40.49174061726047,-107.6057612822328,-120.3572823452529,-129.0163245869945,0,0,0,0,0,0,320,1,1,1,1,1,1,1,1,1,1,1,1,1,1,1,0.33,0.33,0.34,0.33,0.33,0.34,0,0,0,1,0.331450990275449,0.4765500178203502,0.1919989919042008,0.331450990275449,0.4765500178203502,0.1919989919042008,-0,-0,-0,1,0,-5.551115123125783e-17,31.346262,-39226.1121502141,202650,-119.0933547566484,320,0.33,0.33,0.34,0.33,0.33,0.34,0,0,0,-5.551115123125783e-17,31.346262,-39226.1121502141,202650,-119.0933547566484,320,0.33,0.33,0.34,0.33,0.33,0.34,0,0,0,-5.551115123125783e-17
0.4,94.11021079333733,94.11021079333733,0,31.05636956180132,31.05636956180132,31.99747166973469,85.82895410552248,121.5034017755449,75.56039221348554,46.09264127934038,68.6879274399803,33.73838646413164,0,0,0,31.346262,31.346262,0,10.34426646,10.34426646,10.65772908,10.34426646,10.34426646,10.65772908,0,0,0,999.9999868332601,999.9999868332601,0,331.45098591132,476.55001154574,191.9989893762,331.45098591132,476.55001154574,191.9989893762,0,0,0,-39226.1121502141,-39226.1121502141,0,-12944.61700957065,-12944.61700957065,-13336.87813107279,-35574.61662797526,-39671.78119609821,-42337.64961255837,990.4619246841606,1463.649193298381,735.9144097405178,0,0,0,0.2379951664107638,0.1244091294927885,0.05211776025188039,31.90173,31.90173,0,202650,27826.57188551692,19185.23738317802,48229.72047314129,25211.51009171359,10561.66411504356,-119.0933547566484,-119.0933547566484,0,-39.30080706969399,-39.30080706969399,-40.49174061726047,-107.6057612822328,-120.3572823452529,-129.0163245869945,0,0,0,0,0,0,320,1,1,1,1,1,1,1,1,1,1,1,1,1,1,1,0.33,0.33,0.34,0.33,0.33,0.34,0,0,0,1,0.331450990275449,0.4765500178203502,0.1919989919042008,0.331450990275449,0.4765500178203502,0.1919989919042008,-0,-0,-0,1,0,-5.551115123125783e-17,31.346262,-39226.1121502141,202650,-119.0933547566484,320,0.33,0.33,0.34,0.33,0.33,0.34,0,0,0,-5.551115123125783e-17,31.346262,-39226.1121502141,202650,-119.0933547566484,320,0.33,0.33,0.34,0.33,0.33,0.34,0,0,0,-5.551115123125783e-17
0.402,94.11021079333733,94.11021079333733,0,31.05636956180132,31.05636956180132,31.99747166973469,85.82895410552248,121.5034017755449,75.56039221348554,46.09264127934038,68.6879274399803,33.73838646413164,0,0,0,31.346262,31.346262,0,10.34426646,10.34426646,10.65772908,10.34426646,10.34426646,10.65772908,0,0,0,999.9999868332601,999.9999868332601,0,331.45098591132,476.55001154574,191.9989893762,331.45098591132,476.55001154574,191.9989893762,0,0,0,-39226.1121502141,-39226.1121502141,0,-12944.61700957065,-12944.61700957065,-13336.87813107279,-35574.61662797526,-39671.78119609821,-42337.64961255837,990.4619246841606,1463.649193298381,735.9144097405178,0,0,0,0.2379951664107638,0.1244091294927885,0.05211776025188039,31.90173,31.90173,0,202650,27826.57188551692,19185.23738317802,48229.72047314129,25211.51009171359,10561.66411504356,-119.0933547566484,-119.0933547566484,0,-39.30080706969399,-39.30080706969399,-40.49174061726047,-107.6057612822328,-120.3572823452529,-129.0163245869945,0,0,0,0,0,0,320,1,1,1,1,1,1,1,1,1,1,1,1,1,1,1,0.33,0.33,0.34,0.33,0.33,0.34,0,0,0,1,0.331450990275449,0.4765500178203502,0.1919989919042008,0.331450990275449,0.4765500178203502,0.1919989919042008,-0,-0,-0,1,0,-5.551115123125783e-17,31.346262,-39226.1121502141,202650,-119.0933547566484,320,0.33,0.33,0.34,0.33,0.33,0.34,0,0,0,-5.551115123125783e-17,31.346262,-39226.1121502141,202650,-119.0933547566484,320,0.33,0.33,0.34,0.33,0.33,0.34,0,0,0,-5.551115123125783e-17
0.404,94.11021079333733,94.11021079333733,0,31.05636956180132,31.05636956180132,31.99747166973469,85.82895410552248,121.5034017755449,75.56039221348554,46.09264127934038,68.6879274399803,33.73838646413164,0,0,0,31.346262,31.346262,0,10.34426646,10.34426646,10.65772908,10.34426646,10.34426646,10.65772908,0,0,0,999.9999868332601,999.9999868332601,0,331.45098591132,476.55001154574,191.9989893762,331.45098591132,476.55001154574,191.9989893762,0,0,0,-39226.1121502141,-39226.1121502141,0,-12944.61700957065,-12944.61700957065,-13336.87813107279,-35574.61662797526,-39671.78119609821,-42337.64961255837,990.4619246841606,1463.649193298381,735.9144097405178,0,0,0,0.2379951664107638,0.1244091294927885,0.05211776025188039,31.90173,31.90173,0,202650,27826.57188551692,19185.23738317802,48229.72047314129,25211.51009171359,10561.66411504356,-119.0933547566484,-119.0933547566484,0,-39.30080706969399,-39.30080706969399,-40.49174061726047,-107.6057612822328,-120.3572823452529,-129.0163245869945,0,0,0,0,0,0,320,1,1,1,1,1,1,1,1,1,1,1,1,1,1,1,0.33,0.33,0.34,0.33,0.33,0.34,0,0,0,1,0.331450990275449,0.4765500178203502,0.1919989919042008,0.331450990275449,0.4765500178203502,0.1919989919042008,-0,-0,-0,1,0,-5.551115123125783e-17,31.346262,-39226.1121502141,202650,-119.0933547566484,320,0.33,0.33,0.34,0.33,0.33,0.34,0,0,0,-5.551115123125783e-17,31.346262,-39226.1121502141,202650,-119.0933547566484,320,0.33,0.33,0.34,0.33,0.33,0.34,0,0,0,-5.551115123125783e-17
0.406,94.11021079333733,94.11021079333733,0,31.05636956180132,31.05636956180132,31.99747166973469,85.82895410552248,121.5034017755449,75.56039221348554,46.09264127934038,68.6879274399803,33.73838646413164,0,0,0,31.346262,31.346262,0,10.34426646,10.34426646,10.65772908,10.34426646,10.34426646,10.65772908,0,0,0,999.9999868332601,999.9999868332601,0,331.45098591132,476.55001154574,191.9989893762,331.45098591132,476.55001154574,191.9989893762,0,0,0,-39226.1121502141,-39226.1121502141,0,-12944.61700957065,-12944.61700957065,-13336.87813107279,-35574.61662797526,-39671.78119609821,-42337.64961255837,990.4619246841606,1463.649193298381,735.9144097405178,0,0,0,0.2379951664107638,0.1244091294927885,0.05211776025188039,31.90173,31.90173,0,202650,27826.57188551692,19185.23738317802,48229.72047314129,25211.51009171359,10561.66411504356,-119.0933547566484,-119.0933547566484,0,-39.30080706969399,-39.30080706969399,-40.49174061726047,-107.6057612822328,-120.3572823452529,-129.0163245869945,0,0,0,0,0,0,320,1,1,1,1,1,1,1,1,1,1,1,1,1,1,1,0.33,0.33,0.34,0.33,0.33,0.34,0,0,0,1,0.331450990275449,0.4765500178203502,0.1919989919042008,0.331450990275449,0.4765500178203502,0.1919989919042008,-0,-0,-0,1,0,-5.551115123125783e-17,31.346262,-39226.1121502141,202650,-119.0933547566484,320,0.33,0.33,0.34,0.33,0.33,0.34,0,0,0,-5.551115123125783e-17,31.346262,-39226.1121502141,202650,-119.0933547566484,320,0.33,0.33,0.34,0.33,0.33,0.34,0,0,0,-5.551115123125783e-17
0.408,94.11021079333733,94.11021079333733,0,31.05636956180132,31.05636956180132,31.99747166973469,85.82895410552248,121.5034017755449,75.56039221348554,46.09264127934038,68.6879274399803,33.73838646413164,0,0,0,31.346262,31.346262,0,10.34426646,10.34426646,10.65772908,10.34426646,10.34426646,10.65772908,0,0,0,999.9999868332601,999.9999868332601,0,331.45098591132,476.55001154574,191.9989893762,331.45098591132,476.55001154574,191.9989893762,0,0,0,-39226.1121502141,-39226.1121502141,0,-12944.61700957065,-12944.61700957065,-13336.87813107279,-35574.61662797526,-39671.78119609821,-42337.64961255837,990.4619246841606,1463.649193298381,735.9144097405178,0,0,0,0.2379951664107638,0.1244091294927885,0.05211776025188039,31.90173,31.90173,0,202650,27826.57188551692,19185.23738317802,48229.72047314129,25211.51009171359,10561.66411504356,-119.0933547566484,-119.0933547566484,0,-39.30080706969399,-39.30080706969399,-40.49174061726047,-107.6057612822328,-120.3572823452529,-129.0163245869945,0,0,0,0,0,0,320,1,1,1,1,1,1,1,1,1,1,1,1,1,1,1,0.33,0.33,0.34,0.33,0.33,0.34,0,0,0,1,0.331450990275449,0.4765500178203502,0.1919989919042008,0.331450990275449,0.4765500178203502,0.1919989919042008,-0,-0,-0,1,0,-5.551115123125783e-17,31.346262,-39226.1121502141,202650,-119.0933547566484,320,0.33,0.33,0.34,0.33,0.33,0.34,0,0,0,-5.551115123125783e-17,31.346262,-39226.1121502141,202650,-119.0933547566484,320,0.33,0.33,0.34,0.33,0.33,0.34,0,0,0,-5.551115123125783e-17
0.41,94.11021079333733,94.11021079333733,0,31.05636956180132,31.05636956180132,31.99747166973469,85.82895410552248,121.5034017755449,75.56039221348554,46.09264127934038,68.6879274399803,33.73838646413164,0,0,0,31.346262,31.346262,0,10.34426646,10.34426646,10.65772908,10.34426646,10.34426646,10.65772908,0,0,0,999.9999868332601,999.9999868332601,0,331.45098591132,476.55001154574,191.9989893762,331.45098591132,476.55001154574,191.9989893762,0,0,0,-39226.1121502141,-39226.1121502141,0,-12944.61700957065,-12944.61700957065,-13336.87813107279,-35574.61662797526,-39671.78119609821,-42337.64961255837,990.4619246841606,1463.649193298381,735.9144097405178,0,0,0,0.2379951664107638,0.1244091294927885,0.05211776025188039,31.90173,31.90173,0,202650,27826.57188551692,19185.23738317802,48229.72047314129,25211.51009171359,10561.66411504356,-119.0933547566484,-119.0933547566484,0,-39.30080706969399,-39.30080706969399,-40.49174061726047,-107.6057612822328,-120.3572823452529,-129.0163245869945,0,0,0,0,0,0,320,1,1,1,1,1,1,1,1,1,1,1,1,1,1,1,0.33,0.33,0.34,0.33,0.33,0.34,0,0,0,1,0.331450990275449,0.4765500178203502,0.1919989919042008,0.331450990275449,0.4765500178203502,0.1919989919042008,-0,-0,-0,1,0,-5.551115123125783e-17,31.346262,-39226.1121502141,202650,-119.0933547566484,320,0.33,0.33,0.34,0.33,0.33,0.34,0,0,0,-5.551115123125783e-17,31.346262,-39226.1121502141,202650,-119.0933547566484,320,0.33,0.33,0.34,0.33,0.33,0.34,0,0,0,-5.551115123125783e-17
0.412,94.11021079333733,94.11021079333733,0,31.05636956180132,31.05636956180132,31.99747166973469,85.82895410552248,121.5034017755449,75.56039221348554,46.09264127934038,68.6879274399803,33.73838646413164,0,0,0,31.346262,31.346262,0,10.34426646,10.34426646,10.65772908,10.34426646,10.34426646,10.65772908,0,0,0,999.9999868332601,999.9999868332601,0,331.45098591132,476.55001154574,191.9989893762,331.45098591132,476.55001154574,191.9989893762,0,0,0,-39226.1121502141,-39226.1121502141,0,-12944.61700957065,-12944.61700957065,-13336.87813107279,-35574.61662797526,-39671.78119609821,-42337.64961255837,990.4619246841606,1463.649193298381,735.9144097405178,0,0,0,0.2379951664107638,0.1244091294927885,0.05211776025188039,31.90173,31.90173,0,202650,27826.57188551692,19185.23738317802,48229.72047314129,25211.51009171359,10561.66411504356,-119.0933547566484,-119.0933547566484,0,-39.30080706969399,-39.30080706969399,-40.49174061726047,-107.6057612822328,-120.3572823452529,-129.0163245869945,0,0,0,0,0,0,320,1,1,1,1,1,1,1,1,1,1,1,1,1,1,1,0.33,0.33,0.34,0.33,0.33,0.34,0,0,0,1,0.331450990275449,0.4765500178203502,0.1919989919042008,0.331450990275449,0.4765500178203502,0.1919989919042008,-0,-0,-0,1,0,-5.551115123125783e-17,31.346262,-39226.1121502141,202650,-119.0933547566484,320,0.33,0.33,0.34,0.33,0.33,0.34,0,0,0,-5.551115123125783e-17,31.346262,-39226.1121502141,202650,-119.0933547566484,320,0.33,0.33,0.34,0.33,0.33,0.34,0,0,0,-5.551115123125783e-17
0.414,94.11021079333733,94.11021079333733,0,31.05636956180132,31.05636956180132,31.99747166973469,85.82895410552248,121.5034017755449,75.56039221348554,46.09264127934038,68.6879274399803,33.73838646413164,0,0,0,31.346262,31.346262,0,10.34426646,10.34426646,10.65772908,10.34426646,10.34426646,10.65772908,0,0,0,999.9999868332601,999.9999868332601,0,331.45098591132,476.55001154574,191.9989893762,331.45098591132,476.55001154574,191.9989893762,0,0,0,-39226.1121502141,-39226.1121502141,0,-12944.61700957065,-12944.61700957065,-13336.87813107279,-35574.61662797526,-39671.78119609821,-42337.64961255837,990.4619246841606,1463.649193298381,735.9144097405178,0,0,0,0.2379951664107638,0.1244091294927885,0.05211776025188039,31.90173,31.90173,0,202650,27826.57188551692,19185.23738317802,48229.72047314129,25211.51009171359,10561.66411504356,-119.0933547566484,-119.0933547566484,0,-39.30080706969399,-39.30080706969399,-40.49174061726047,-107.6057612822328,-120.3572823452529,-129.0163245869945,0,0,0,0,0,0,320,1,1,1,1,1,1,1,1,1,1,1,1,1,1,1,0.33,0.33,0.34,0.33,0.33,0.34,0,0,0,1,0.331450990275449,0.4765500178203502,0.1919989919042008,0.331450990275449,0.4765500178203502,0.1919989919042008,-0,-0,-0,1,0,-5.551115123125783e-17,31.346262,-39226.1121502141,202650,-119.0933547566484,320,0.33,0.33,0.34,0.33,0.33,0.34,0,0,0,-5.551115123125783e-17,31.346262,-39226.1121502141,202650,-119.0933547566484,320,0.33,0.33,0.34,0.33,0.33,0.34,0,0,0,-5.551115123125783e-17
0.416,94.11021079333733,94.11021079333733,0,31.05636956180132,31.05636956180132,31.99747166973469,85.82895410552248,121.5034017755449,75.56039221348554,46.09264127934038,68.6879274399803,33.73838646413164,0,0,0,31.346262,31.346262,0,10.34426646,10.34426646,10.65772908,10.34426646,10.34426646,10.65772908,0,0,0,999.9999868332601,999.9999868332601,0,331.45098591132,476.55001154574,191.9989893762,331.45098591132,476.55001154574,191.9989893762,0,0,0,-39226.1121502141,-39226.1121502141,0,-12944.61700957065,-12944.61700957065,-13336.87813107279,-35574.61662797526,-39671.78119609821,-42337.64961255837,990.4619246841606,1463.649193298381,735.9144097405178,0,0,0,0.2379951664107638,0.1244091294927885,0.05211776025188039,31.90173,31.90173,0,202650,27826.57188551692,19185.23738317802,48229.72047314129,25211.51009171359,10561.66411504356,-119.0933547566484,-119.0933547566484,0,-39.30080706969399,-39.30080706969399,-40.49174061726047,-107.6057612822328,-120.3572823452529,-129.0163245869945,0,0,0,0,0,0,320,1,1,1,1,1,1,1,1,1,1,1,1,1,1,1,0.33,0.33,0.34,0.33,0.33,0.34,0,0,0,1,0.331450990275449,0.4765500178203502,0.1919989919042008,0.331450990275449,0.4765500178203502,0.1919989919042008,-0,-0,-0,1,0,-5.551115123125783e-17,31.346262,-39226.1121502141,202650,-119.0933547566484,320,0.33,0.33,0.34,0.33,0.33,0.34,0,0,0,-5.551115123125783e-17,31.346262,-39226.1121502141,202650,-119.0933547566484,320,0.33,0.33,0.34,0.33,0.33,0.34,0,0,0,-5.551115123125783e-17
0.418,94.11021079333733,94.11021079333733,0,31.05636956180132,31.05636956180132,31.99747166973469,85.82895410552248,121.5034017755449,75.56039221348554,46.09264127934038,68.6879274399803,33.73838646413164,0,0,0,31.346262,31.346262,0,10.34426646,10.34426646,10.65772908,10.34426646,10.34426646,10.65772908,0,0,0,999.9999868332601,999.9999868332601,0,331.45098591132,476.55001154574,191.9989893762,331.45098591132,476.55001154574,191.9989893762,0,0,0,-39226.1121502141,-39226.1121502141,0,-12944.61700957065,-12944.61700957065,-13336.87813107279,-35574.61662797526,-39671.78119609821,-42337.64961255837,990.4619246841606,1463.649193298381,735.9144097405178,0,0,0,0.2379951664107638,0.1244091294927885,0.05211776025188039,31.90173,31.90173,0,202650,27826.57188551692,19185.23738317802,48229.72047314129,25211.51009171359,10561.66411504356,-119.0933547566484,-119.0933547566484,0,-39.30080706969399,-39.30080706969399,-40.49174061726047,-107.6057612822328,-120.3572823452529,-129.0163245869945,0,0,0,0,0,0,320,1,1,1,1,1,1,1,1,1,1,1,1,1,1,1,0.33,0.33,0.34,0.33,0.33,0.34,0,0,0,1,0.331450990275449,0.4765500178203502,0.1919989919042008,0.331450990275449,0.4765500178203502,0.1919989919042008,-0,-0,-0,1,0,-5.551115123125783e-17,31.346262,-39226.1121502141,202650,-119.0933547566484,320,0.33,0.33,0.34,0.33,0.33,0.34,0,0,0,-5.551115123125783e-17,31.346262,-39226.1121502141,202650,-119.0933547566484,320,0.33,0.33,0.34,0.33,0.33,0.34,0,0,0,-5.551115123125783e-17
0.42,94.11021079333733,94.11021079333733,0,31.05636956180132,31.05636956180132,31.99747166973469,85.82895410552248,121.5034017755449,75.56039221348554,46.09264127934038,68.6879274399803,33.73838646413164,0,0,0,31.346262,31.346262,0,10.34426646,10.34426646,10.65772908,10.34426646,10.34426646,10.65772908,0,0,0,999.9999868332601,999.9999868332601,0,331.45098591132,476.55001154574,191.9989893762,331.45098591132,476.55001154574,191.9989893762,0,0,0,-39226.1121502141,-39226.1121502141,0,-12944.61700957065,-12944.61700957065,-13336.87813107279,-35574.61662797526,-39671.78119609821,-42337.64961255837,990.4619246841606,1463.649193298381,735.9144097405178,0,0,0,0.2379951664107638,0.1244091294927885,0.05211776025188039,31.90173,31.90173,0,202650,27826.57188551692,19185.23738317802,48229.72047314129,25211.51009171359,10561.66411504356,-119.0933547566484,-119.0933547566484,0,-39.30080706969399,-39.30080706969399,-40.49174061726047,-107.6057612822328,-120.3572823452529,-129.0163245869945,0,0,0,0,0,0,320,1,1,1,1,1,1,1,1,1,1,1,1,1,1,1,0.33,0.33,0.34,0.33,0.33,0.34,0,0,0,1,0.331450990275449,0.4765500178203502,0.1919989919042008,0.331450990275449,0.4765500178203502,0.1919989919042008,-0,-0,-0,1,0,-5.551115123125783e-17,31.346262,-39226.1121502141,202650,-119.0933547566484,320,0.33,0.33,0.34,0.33,0.33,0.34,0,0,0,-5.551115123125783e-17,31.346262,-39226.1121502141,202650,-119.0933547566484,320,0.33,0.33,0.34,0.33,0.33,0.34,0,0,0,-5.551115123125783e-17
0.422,94.11021079333733,94.11021079333733,0,31.05636956180132,31.05636956180132,31.99747166973469,85.82895410552248,121.5034017755449,75.56039221348554,46.09264127934038,68.6879274399803,33.73838646413164,0,0,0,31.346262,31.346262,0,10.34426646,10.34426646,10.65772908,10.34426646,10.34426646,10.65772908,0,0,0,999.9999868332601,999.9999868332601,0,331.45098591132,476.55001154574,191.9989893762,331.45098591132,476.55001154574,191.9989893762,0,0,0,-39226.1121502141,-39226.1121502141,0,-12944.61700957065,-12944.61700957065,-13336.87813107279,-35574.61662797526,-39671.78119609821,-42337.64961255837,990.4619246841606,1463.649193298381,735.9144097405178,0,0,0,0.2379951664107638,0.1244091294927885,0.05211776025188039,31.90173,31.90173,0,202650,27826.57188551692,19185.23738317802,48229.72047314129,25211.51009171359,10561.66411504356,-119.0933547566484,-119.0933547566484,0,-39.30080706969399,-39.30080706969399,-40.49174061726047,-107.6057612822328,-120.3572823452529,-129.0163245869945,0,0,0,0,0,0,320,1,1,1,1,1,1,1,1,1,1,1,1,1,1,1,0.33,0.33,0.34,0.33,0.33,0.34,0,0,0,1,0.331450990275449,0.4765500178203502,0.1919989919042008,0.331450990275449,0.4765500178203502,0.1919989919042008,-0,-0,-0,1,0,-5.551115123125783e-17,31.346262,-39226.1121502141,202650,-119.0933547566484,320,0.33,0.33,0.34,0.33,0.33,0.34,0,0,0,-5.551115123125783e-17,31.346262,-39226.1121502141,202650,-119.0933547566484,320,0.33,0.33,0.34,0.33,0.33,0.34,0,0,0,-5.551115123125783e-17
0.424,94.11021079333733,94.11021079333733,0,31.05636956180132,31.05636956180132,31.99747166973469,85.82895410552248,121.5034017755449,75.56039221348554,46.09264127934038,68.6879274399803,33.73838646413164,0,0,0,31.346262,31.346262,0,10.34426646,10.34426646,10.65772908,10.34426646,10.34426646,10.65772908,0,0,0,999.9999868332601,999.9999868332601,0,331.45098591132,476.55001154574,191.9989893762,331.45098591132,476.55001154574,191.9989893762,0,0,0,-39226.1121502141,-39226.1121502141,0,-12944.61700957065,-12944.61700957065,-13336.87813107279,-35574.61662797526,-39671.78119609821,-42337.64961255837,990.4619246841606,1463.649193298381,735.9144097405178,0,0,0,0.2379951664107638,0.1244091294927885,0.05211776025188039,31.90173,31.90173,0,202650,27826.57188551692,19185.23738317802,48229.72047314129,25211.51009171359,10561.66411504356,-119.0933547566484,-119.0933547566484,0,-39.30080706969399,-39.30080706969399,-40.49174061726047,-107.6057612822328,-120.3572823452529,-129.0163245869945,0,0,0,0,0,0,320,1,1,1,1,1,1,1,1,1,1,1,1,1,1,1,0.33,0.33,0.34,0.33,0.33,0.34,0,0,0,1,0.331450990275449,0.4765500178203502,0.1919989919042008,0.331450990275449,0.4765500178203502,0.1919989919042008,-0,-0,-0,1,0,-5.551115123125783e-17,31.346262,-39226.1121502141,202650,-119.0933547566484,320,0.33,0.33,0.34,0.33,0.33,0.34,0,0,0,-5.551115123125783e-17,31.346262,-39226.1121502141,202650,-119.0933547566484,320,0.33,0.33,0.34,0.33,0.33,0.34,0,0,0,-5.551115123125783e-17
0.426,94.11021079333733,94.11021079333733,0,31.05636956180132,31.05636956180132,31.99747166973469,85.82895410552248,121.5034017755449,75.56039221348554,46.09264127934038,68.6879274399803,33.73838646413164,0,0,0,31.346262,31.346262,0,10.34426646,10.34426646,10.65772908,10.34426646,10.34426646,10.65772908,0,0,0,999.9999868332601,999.9999868332601,0,331.45098591132,476.55001154574,191.9989893762,331.45098591132,476.55001154574,191.9989893762,0,0,0,-39226.1121502141,-39226.1121502141,0,-12944.61700957065,-12944.61700957065,-13336.87813107279,-35574.61662797526,-39671.78119609821,-42337.64961255837,990.4619246841606,1463.649193298381,735.9144097405178,0,0,0,0.2379951664107638,0.1244091294927885,0.05211776025188039,31.90173,31.90173,0,202650,27826.57188551692,19185.23738317802,48229.72047314129,25211.51009171359,10561.66411504356,-119.0933547566484,-119.0933547566484,0,-39.30080706969399,-39.30080706969399,-40.49174061726047,-107.6057612822328,-120.3572823452529,-129.0163245869945,0,0,0,0,0,0,320,1,1,1,1,1,1,1,1,1,1,1,1,1,1,1,0.33,0.33,0.34,0.33,0.33,0.34,0,0,0,1,0.331450990275449,0.4765500178203502,0.1919989919042008,0.331450990275449,0.4765500178203502,0.1919989919042008,-0,-0,-0,1,0,-5.551115123125783e-17,31.346262,-39226.1121502141,202650,-119.0933547566484,320,0.33,0.33,0.34,0.33,0.33,0.34,0,0,0,-5.551115123125783e-17,31.346262,-39226.1121502141,202650,-119.0933547566484,320,0.33,0.33,0.34,0.33,0.33,0.34,0,0,0,-5.551115123125783e-17
0.428,94.11021079333733,94.11021079333733,0,31.05636956180132,31.05636956180132,31.99747166973469,85.82895410552248,121.5034017755449,75.56039221348554,46.09264127934038,68.6879274399803,33.73838646413164,0,0,0,31.346262,31.346262,0,10.34426646,10.34426646,10.65772908,10.34426646,10.34426646,10.65772908,0,0,0,999.9999868332601,999.9999868332601,0,331.45098591132,476.55001154574,191.9989893762,331.45098591132,476.55001154574,191.9989893762,0,0,0,-39226.1121502141,-39226.1121502141,0,-12944.61700957065,-12944.61700957065,-13336.87813107279,-35574.61662797526,-39671.78119609821,-42337.64961255837,990.4619246841606,1463.649193298381,735.9144097405178,0,0,0,0.2379951664107638,0.1244091294927885,0.05211776025188039,31.90173,31.90173,0,202650,27826.57188551692,19185.23738317802,48229.72047314129,25211.51009171359,10561.66411504356,-119.0933547566484,-119.0933547566484,0,-39.30080706969399,-39.30080706969399,-40.49174061726047,-107.6057612822328,-120.3572823452529,-129.0163245869945,0,0,0,0,0,0,320,1,1,1,1,1,1,1,1,1,1,1,1,1,1,1,0.33,0.33,0.34,0.33,0.33,0.34,0,0,0,1,0.331450990275449,0.4765500178203502,0.1919989919042008,0.331450990275449,0.4765500178203502,0.1919989919042008,-0,-0,-0,1,0,-5.551115123125783e-17,31.346262,-39226.1121502141,202650,-119.0933547566484,320,0.33,0.33,0.34,0.33,0.33,0.34,0,0,0,-5.551115123125783e-17,31.346262,-39226.1121502141,202650,-119.0933547566484,320,0.33,0.33,0.34,0.33,0.33,0.34,0,0,0,-5.551115123125783e-17
0.43,94.11021079333733,94.11021079333733,0,31.05636956180132,31.05636956180132,31.99747166973469,85.82895410552248,121.5034017755449,75.56039221348554,46.09264127934038,68.6879274399803,33.73838646413164,0,0,0,31.346262,31.346262,0,10.34426646,10.34426646,10.65772908,10.34426646,10.34426646,10.65772908,0,0,0,999.9999868332601,999.9999868332601,0,331.45098591132,476.55001154574,191.9989893762,331.45098591132,476.55001154574,191.9989893762,0,0,0,-39226.1121502141,-39226.1121502141,0,-12944.61700957065,-12944.61700957065,-13336.87813107279,-35574.61662797526,-39671.78119609821,-42337.64961255837,990.4619246841606,1463.649193298381,735.9144097405178,0,0,0,0.2379951664107638,0.1244091294927885,0.05211776025188039,31.90173,31.90173,0,202650,27826.57188551692,19185.23738317802,48229.72047314129,25211.51009171359,10561.66411504356,-119.0933547566484,-119.0933547566484,0,-39.30080706969399,-39.30080706969399,-40.49174061726047,-107.6057612822328,-120.3572823452529,-129.0163245869945,0,0,0,0,0,0,320,1,1,1,1,1,1,1,1,1,1,1,1,1,1,1,0.33,0.33,0.34,0.33,0.33,0.34,0,0,0,1,0.331450990275449,0.4765500178203502,0.1919989919042008,0.331450990275449,0.4765500178203502,0.1919989919042008,-0,-0,-0,1,0,-5.551115123125783e-17,31.346262,-39226.1121502141,202650,-119.0933547566484,320,0.33,0.33,0.34,0.33,0.33,0.34,0,0,0,-5.551115123125783e-17,31.346262,-39226.1121502141,202650,-119.0933547566484,320,0.33,0.33,0.34,0.33,0.33,0.34,0,0,0,-5.551115123125783e-17
0.432,94.11021079333733,94.11021079333733,0,31.05636956180132,31.05636956180132,31.99747166973469,85.82895410552248,121.5034017755449,75.56039221348554,46.09264127934038,68.6879274399803,33.73838646413164,0,0,0,31.346262,31.346262,0,10.34426646,10.34426646,10.65772908,10.34426646,10.34426646,10.65772908,0,0,0,999.9999868332601,999.9999868332601,0,331.45098591132,476.55001154574,191.9989893762,331.45098591132,476.55001154574,191.9989893762,0,0,0,-39226.1121502141,-39226.1121502141,0,-12944.61700957065,-12944.61700957065,-13336.87813107279,-35574.61662797526,-39671.78119609821,-42337.64961255837,990.4619246841606,1463.649193298381,735.9144097405178,0,0,0,0.2379951664107638,0.1244091294927885,0.05211776025188039,31.90173,31.90173,0,202650,27826.57188551692,19185.23738317802,48229.72047314129,25211.51009171359,10561.66411504356,-119.0933547566484,-119.0933547566484,0,-39.30080706969399,-39.30080706969399,-40.49174061726047,-107.6057612822328,-120.3572823452529,-129.0163245869945,0,0,0,0,0,0,320,1,1,1,1,1,1,1,1,1,1,1,1,1,1,1,0.33,0.33,0.34,0.33,0.33,0.34,0,0,0,1,0.331450990275449,0.4765500178203502,0.1919989919042008,0.331450990275449,0.4765500178203502,0.1919989919042008,-0,-0,-0,1,0,-5.551115123125783e-17,31.346262,-39226.1121502141,202650,-119.0933547566484,320,0.33,0.33,0.34,0.33,0.33,0.34,0,0,0,-5.551115123125783e-17,31.346262,-39226.1121502141,202650,-119.0933547566484,320,0.33,0.33,0.34,0.33,0.33,0.34,0,0,0,-5.551115123125783e-17
0.434,94.11021079333733,94.11021079333733,0,31.05636956180132,31.05636956180132,31.99747166973469,85.82895410552248,121.5034017755449,75.56039221348554,46.09264127934038,68.6879274399803,33.73838646413164,0,0,0,31.346262,31.346262,0,10.34426646,10.34426646,10.65772908,10.34426646,10.34426646,10.65772908,0,0,0,999.9999868332601,999.9999868332601,0,331.45098591132,476.55001154574,191.9989893762,331.45098591132,476.55001154574,191.9989893762,0,0,0,-39226.1121502141,-39226.1121502141,0,-12944.61700957065,-12944.61700957065,-13336.87813107279,-35574.61662797526,-39671.78119609821,-42337.64961255837,990.4619246841606,1463.649193298381,735.9144097405178,0,0,0,0.2379951664107638,0.1244091294927885,0.05211776025188039,31.90173,31.90173,0,202650,27826.57188551692,19185.23738317802,48229.72047314129,25211.51009171359,10561.66411504356,-119.0933547566484,-119.0933547566484,0,-39.30080706969399,-39.30080706969399,-40.49174061726047,-107.6057612822328,-120.3572823452529,-129.0163245869945,0,0,0,0,0,0,320,1,1,1,1,1,1,1,1,1,1,1,1,1,1,1,0.33,0.33,0.34,0.33,0.33,0.34,0,0,0,1,0.331450990275449,0.4765500178203502,0.1919989919042008,0.331450990275449,0.4765500178203502,0.1919989919042008,-0,-0,-0,1,0,-5.551115123125783e-17,31.346262,-39226.1121502141,202650,-119.0933547566484,320,0.33,0.33,0.34,0.33,0.33,0.34,0,0,0,-5.551115123125783e-17,31.346262,-39226.1121502141,202650,-119.0933547566484,320,0.33,0.33,0.34,0.33,0.33,0.34,0,0,0,-5.551115123125783e-17
0.436,94.11021079333733,94.11021079333733,0,31.05636956180132,31.05636956180132,31.99747166973469,85.82895410552248,121.5034017755449,75.56039221348554,46.09264127934038,68.6879274399803,33.73838646413164,0,0,0,31.346262,31.346262,0,10.34426646,10.34426646,10.65772908,10.34426646,10.34426646,10.65772908,0,0,0,999.9999868332601,999.9999868332601,0,331.45098591132,476.55001154574,191.9989893762,331.45098591132,476.55001154574,191.9989893762,0,0,0,-39226.1121502141,-39226.1121502141,0,-12944.61700957065,-12944.61700957065,-13336.87813107279,-35574.61662797526,-39671.78119609821,-42337.64961255837,990.4619246841606,1463.649193298381,735.9144097405178,0,0,0,0.2379951664107638,0.1244091294927885,0.05211776025188039,31.90173,31.90173,0,202650,27826.57188551692,19185.23738317802,48229.72047314129,25211.51009171359,10561.66411504356,-119.0933547566484,-119.0933547566484,0,-39.30080706969399,-39.30080706969399,-40.49174061726047,-107.6057612822328,-120.3572823452529,-129.0163245869945,0,0,0,0,0,0,320,1,1,1,1,1,1,1,1,1,1,1,1,1,1,1,0.33,0.33,0.34,0.33,0.33,0.34,0,0,0,1,0.331450990275449,0.4765500178203502,0.1919989919042008,0.331450990275449,0.4765500178203502,0.1919989919042008,-0,-0,-0,1,0,-5.551115123125783e-17,31.346262,-39226.1121502141,202650,-119.0933547566484,320,0.33,0.33,0.34,0.33,0.33,0.34,0,0,0,-5.551115123125783e-17,31.346262,-39226.1121502141,202650,-119.0933547566484,320,0.33,0.33,0.34,0.33,0.33,0.34,0,0,0,-5.551115123125783e-17
0.438,94.11021079333733,94.11021079333733,0,31.05636956180132,31.05636956180132,31.99747166973469,85.82895410552248,121.5034017755449,75.56039221348554,46.09264127934038,68.6879274399803,33.73838646413164,0,0,0,31.346262,31.346262,0,10.34426646,10.34426646,10.65772908,10.34426646,10.34426646,10.65772908,0,0,0,999.9999868332601,999.9999868332601,0,331.45098591132,476.55001154574,191.9989893762,331.45098591132,476.55001154574,191.9989893762,0,0,0,-39226.1121502141,-39226.1121502141,0,-12944.61700957065,-12944.61700957065,-13336.87813107279,-35574.61662797526,-39671.78119609821,-42337.64961255837,990.4619246841606,1463.649193298381,735.9144097405178,0,0,0,0.2379951664107638,0.1244091294927885,0.05211776025188039,31.90173,31.90173,0,202650,27826.57188551692,19185.23738317802,48229.72047314129,25211.51009171359,10561.66411504356,-119.0933547566484,-119.0933547566484,0,-39.30080706969399,-39.30080706969399,-40.49174061726047,-107.6057612822328,-120.3572823452529,-129.0163245869945,0,0,0,0,0,0,320,1,1,1,1,1,1,1,1,1,1,1,1,1,1,1,0.33,0.33,0.34,0.33,0.33,0.34,0,0,0,1,0.331450990275449,0.4765500178203502,0.1919989919042008,0.331450990275449,0.4765500178203502,0.1919989919042008,-0,-0,-0,1,0,-5.551115123125783e-17,31.346262,-39226.1121502141,202650,-119.0933547566484,320,0.33,0.33,0.34,0.33,0.33,0.34,0,0,0,-5.551115123125783e-17,31.346262,-39226.1121502141,202650,-119.0933547566484,320,0.33,0.33,0.34,0.33,0.33,0.34,0,0,0,-5.551115123125783e-17
0.44,94.11021079333733,94.11021079333733,0,31.05636956180132,31.05636956180132,31.99747166973469,85.82895410552248,121.5034017755449,75.56039221348554,46.09264127934038,68.6879274399803,33.73838646413164,0,0,0,31.346262,31.346262,0,10.34426646,10.34426646,10.65772908,10.34426646,10.34426646,10.65772908,0,0,0,999.9999868332601,999.9999868332601,0,331.45098591132,476.55001154574,191.9989893762,331.45098591132,476.55001154574,191.9989893762,0,0,0,-39226.1121502141,-39226.1121502141,0,-12944.61700957065,-12944.61700957065,-13336.87813107279,-35574.61662797526,-39671.78119609821,-42337.64961255837,990.4619246841606,1463.649193298381,735.9144097405178,0,0,0,0.2379951664107638,0.1244091294927885,0.05211776025188039,31.90173,31.90173,0,202650,27826.57188551692,19185.23738317802,48229.72047314129,25211.51009171359,10561.66411504356,-119.0933547566484,-119.0933547566484,0,-39.30080706969399,-39.30080706969399,-40.49174061726047,-107.6057612822328,-120.3572823452529,-129.0163245869945,0,0,0,0,0,0,320,1,1,1,1,1,1,1,1,1,1,1,1,1,1,1,0.33,0.33,0.34,0.33,0.33,0.34,0,0,0,1,0.331450990275449,0.4765500178203502,0.1919989919042008,0.331450990275449,0.4765500178203502,0.1919989919042008,-0,-0,-0,1,0,-5.551115123125783e-17,31.346262,-39226.1121502141,202650,-119.0933547566484,320,0.33,0.33,0.34,0.33,0.33,0.34,0,0,0,-5.551115123125783e-17,31.346262,-39226.1121502141,202650,-119.0933547566484,320,0.33,0.33,0.34,0.33,0.33,0.34,0,0,0,-5.551115123125783e-17
0.442,94.11021079333733,94.11021079333733,0,31.05636956180132,31.05636956180132,31.99747166973469,85.82895410552248,121.5034017755449,75.56039221348554,46.09264127934038,68.6879274399803,33.73838646413164,0,0,0,31.346262,31.346262,0,10.34426646,10.34426646,10.65772908,10.34426646,10.34426646,10.65772908,0,0,0,999.9999868332601,999.9999868332601,0,331.45098591132,476.55001154574,191.9989893762,331.45098591132,476.55001154574,191.9989893762,0,0,0,-39226.1121502141,-39226.1121502141,0,-12944.61700957065,-12944.61700957065,-13336.87813107279,-35574.61662797526,-39671.78119609821,-42337.64961255837,990.4619246841606,1463.649193298381,735.9144097405178,0,0,0,0.2379951664107638,0.1244091294927885,0.05211776025188039,31.90173,31.90173,0,202650,27826.57188551692,19185.23738317802,48229.72047314129,25211.51009171359,10561.66411504356,-119.0933547566484,-119.0933547566484,0,-39.30080706969399,-39.30080706969399,-40.49174061726047,-107.6057612822328,-120.3572823452529,-129.0163245869945,0,0,0,0,0,0,320,1,1,1,1,1,1,1,1,1,1,1,1,1,1,1,0.33,0.33,0.34,0.33,0.33,0.34,0,0,0,1,0.331450990275449,0.4765500178203502,0.1919989919042008,0.331450990275449,0.4765500178203502,0.1919989919042008,-0,-0,-0,1,0,-5.551115123125783e-17,31.346262,-39226.1121502141,202650,-119.0933547566484,320,0.33,0.33,0.34,0.33,0.33,0.34,0,0,0,-5.551115123125783e-17,31.346262,-39226.1121502141,202650,-119.0933547566484,320,0.33,0.33,0.34,0.33,0.33,0.34,0,0,0,-5.551115123125783e-17
0.444,94.11021079333733,94.11021079333733,0,31.05636956180132,31.05636956180132,31.99747166973469,85.82895410552248,121.5034017755449,75.56039221348554,46.09264127934038,68.6879274399803,33.73838646413164,0,0,0,31.346262,31.346262,0,10.34426646,10.34426646,10.65772908,10.34426646,10.34426646,10.65772908,0,0,0,999.9999868332601,999.9999868332601,0,331.45098591132,476.55001154574,191.9989893762,331.45098591132,476.55001154574,191.9989893762,0,0,0,-39226.1121502141,-39226.1121502141,0,-12944.61700957065,-12944.61700957065,-13336.87813107279,-35574.61662797526,-39671.78119609821,-42337.64961255837,990.4619246841606,1463.649193298381,735.9144097405178,0,0,0,0.2379951664107638,0.1244091294927885,0.05211776025188039,31.90173,31.90173,0,202650,27826.57188551692,19185.23738317802,48229.72047314129,25211.51009171359,10561.66411504356,-119.0933547566484,-119.0933547566484,0,-39.30080706969399,-39.30080706969399,-40.49174061726047,-107.6057612822328,-120.3572823452529,-129.0163245869945,0,0,0,0,0,0,320,1,1,1,1,1,1,1,1,1,1,1,1,1,1,1,0.33,0.33,0.34,0.33,0.33,0.34,0,0,0,1,0.331450990275449,0.4765500178203502,0.1919989919042008,0.331450990275449,0.4765500178203502,0.1919989919042008,-0,-0,-0,1,0,-5.551115123125783e-17,31.346262,-39226.1121502141,202650,-119.0933547566484,320,0.33,0.33,0.34,0.33,0.33,0.34,0,0,0,-5.551115123125783e-17,31.346262,-39226.1121502141,202650,-119.0933547566484,320,0.33,0.33,0.34,0.33,0.33,0.34,0,0,0,-5.551115123125783e-17
0.446,94.11021079333733,94.11021079333733,0,31.05636956180132,31.05636956180132,31.99747166973469,85.82895410552248,121.5034017755449,75.56039221348554,46.09264127934038,68.6879274399803,33.73838646413164,0,0,0,31.346262,31.346262,0,10.34426646,10.34426646,10.65772908,10.34426646,10.34426646,10.65772908,0,0,0,999.9999868332601,999.9999868332601,0,331.45098591132,476.55001154574,191.9989893762,331.45098591132,476.55001154574,191.9989893762,0,0,0,-39226.1121502141,-39226.1121502141,0,-12944.61700957065,-12944.61700957065,-13336.87813107279,-35574.61662797526,-39671.78119609821,-42337.64961255837,990.4619246841606,1463.649193298381,735.9144097405178,0,0,0,0.2379951664107638,0.1244091294927885,0.05211776025188039,31.90173,31.90173,0,202650,27826.57188551692,19185.23738317802,48229.72047314129,25211.51009171359,10561.66411504356,-119.0933547566484,-119.0933547566484,0,-39.30080706969399,-39.30080706969399,-40.49174061726047,-107.6057612822328,-120.3572823452529,-129.0163245869945,0,0,0,0,0,0,320,1,1,1,1,1,1,1,1,1,1,1,1,1,1,1,0.33,0.33,0.34,0.33,0.33,0.34,0,0,0,1,0.331450990275449,0.4765500178203502,0.1919989919042008,0.331450990275449,0.4765500178203502,0.1919989919042008,-0,-0,-0,1,0,-5.551115123125783e-17,31.346262,-39226.1121502141,202650,-119.0933547566484,320,0.33,0.33,0.34,0.33,0.33,0.34,0,0,0,-5.551115123125783e-17,31.346262,-39226.1121502141,202650,-119.0933547566484,320,0.33,0.33,0.34,0.33,0.33,0.34,0,0,0,-5.551115123125783e-17
0.448,94.11021079333733,94.11021079333733,0,31.05636956180132,31.05636956180132,31.99747166973469,85.82895410552248,121.5034017755449,75.56039221348554,46.09264127934038,68.6879274399803,33.73838646413164,0,0,0,31.346262,31.346262,0,10.34426646,10.34426646,10.65772908,10.34426646,10.34426646,10.65772908,0,0,0,999.9999868332601,999.9999868332601,0,331.45098591132,476.55001154574,191.9989893762,331.45098591132,476.55001154574,191.9989893762,0,0,0,-39226.1121502141,-39226.1121502141,0,-12944.61700957065,-12944.61700957065,-13336.87813107279,-35574.61662797526,-39671.78119609821,-42337.64961255837,990.4619246841606,1463.649193298381,735.9144097405178,0,0,0,0.2379951664107638,0.1244091294927885,0.05211776025188039,31.90173,31.90173,0,202650,27826.57188551692,19185.23738317802,48229.72047314129,25211.51009171359,10561.66411504356,-119.0933547566484,-119.0933547566484,0,-39.30080706969399,-39.30080706969399,-40.49174061726047,-107.6057612822328,-120.3572823452529,-129.0163245869945,0,0,0,0,0,0,320,1,1,1,1,1,1,1,1,1,1,1,1,1,1,1,0.33,0.33,0.34,0.33,0.33,0.34,0,0,0,1,0.331450990275449,0.4765500178203502,0.1919989919042008,0.331450990275449,0.4765500178203502,0.1919989919042008,-0,-0,-0,1,0,-5.551115123125783e-17,31.346262,-39226.1121502141,202650,-119.0933547566484,320,0.33,0.33,0.34,0.33,0.33,0.34,0,0,0,-5.551115123125783e-17,31.346262,-39226.1121502141,202650,-119.0933547566484,320,0.33,0.33,0.34,0.33,0.33,0.34,0,0,0,-5.551115123125783e-17
0.45,94.11021079333733,94.11021079333733,0,31.05636956180132,31.05636956180132,31.99747166973469,85.82895410552248,121.5034017755449,75.56039221348554,46.09264127934038,68.6879274399803,33.73838646413164,0,0,0,31.346262,31.346262,0,10.34426646,10.34426646,10.65772908,10.34426646,10.34426646,10.65772908,0,0,0,999.9999868332601,999.9999868332601,0,331.45098591132,476.55001154574,191.9989893762,331.45098591132,476.55001154574,191.9989893762,0,0,0,-39226.1121502141,-39226.1121502141,0,-12944.61700957065,-12944.61700957065,-13336.87813107279,-35574.61662797526,-39671.78119609821,-42337.64961255837,990.4619246841606,1463.649193298381,735.9144097405178,0,0,0,0.2379951664107638,0.1244091294927885,0.05211776025188039,31.90173,31.90173,0,202650,27826.57188551692,19185.23738317802,48229.72047314129,25211.51009171359,10561.66411504356,-119.0933547566484,-119.0933547566484,0,-39.30080706969399,-39.30080706969399,-40.49174061726047,-107.6057612822328,-120.3572823452529,-129.0163245869945,0,0,0,0,0,0,320,1,1,1,1,1,1,1,1,1,1,1,1,1,1,1,0.33,0.33,0.34,0.33,0.33,0.34,0,0,0,1,0.331450990275449,0.4765500178203502,0.1919989919042008,0.331450990275449,0.4765500178203502,0.1919989919042008,-0,-0,-0,1,0,-5.551115123125783e-17,31.346262,-39226.1121502141,202650,-119.0933547566484,320,0.33,0.33,0.34,0.33,0.33,0.34,0,0,0,-5.551115123125783e-17,31.346262,-39226.1121502141,202650,-119.0933547566484,320,0.33,0.33,0.34,0.33,0.33,0.34,0,0,0,-5.551115123125783e-17
0.452,94.11021079333733,94.11021079333733,0,31.05636956180132,31.05636956180132,31.99747166973469,85.82895410552248,121.5034017755449,75.56039221348554,46.09264127934038,68.6879274399803,33.73838646413164,0,0,0,31.346262,31.346262,0,10.34426646,10.34426646,10.65772908,10.34426646,10.34426646,10.65772908,0,0,0,999.9999868332601,999.9999868332601,0,331.45098591132,476.55001154574,191.9989893762,331.45098591132,476.55001154574,191.9989893762,0,0,0,-39226.1121502141,-39226.1121502141,0,-12944.61700957065,-12944.61700957065,-13336.87813107279,-35574.61662797526,-39671.78119609821,-42337.64961255837,990.4619246841606,1463.649193298381,735.9144097405178,0,0,0,0.2379951664107638,0.1244091294927885,0.05211776025188039,31.90173,31.90173,0,202650,27826.57188551692,19185.23738317802,48229.72047314129,25211.51009171359,10561.66411504356,-119.0933547566484,-119.0933547566484,0,-39.30080706969399,-39.30080706969399,-40.49174061726047,-107.6057612822328,-120.3572823452529,-129.0163245869945,0,0,0,0,0,0,320,1,1,1,1,1,1,1,1,1,1,1,1,1,1,1,0.33,0.33,0.34,0.33,0.33,0.34,0,0,0,1,0.331450990275449,0.4765500178203502,0.1919989919042008,0.331450990275449,0.4765500178203502,0.1919989919042008,-0,-0,-0,1,0,-5.551115123125783e-17,31.346262,-39226.1121502141,202650,-119.0933547566484,320,0.33,0.33,0.34,0.33,0.33,0.34,0,0,0,-5.551115123125783e-17,31.346262,-39226.1121502141,202650,-119.0933547566484,320,0.33,0.33,0.34,0.33,0.33,0.34,0,0,0,-5.551115123125783e-17
0.454,94.11021079333733,94.11021079333733,0,31.05636956180132,31.05636956180132,31.99747166973469,85.82895410552248,121.5034017755449,75.56039221348554,46.09264127934038,68.6879274399803,33.73838646413164,0,0,0,31.346262,31.346262,0,10.34426646,10.34426646,10.65772908,10.34426646,10.34426646,10.65772908,0,0,0,999.9999868332601,999.9999868332601,0,331.45098591132,476.55001154574,191.9989893762,331.45098591132,476.55001154574,191.9989893762,0,0,0,-39226.1121502141,-39226.1121502141,0,-12944.61700957065,-12944.61700957065,-13336.87813107279,-35574.61662797526,-39671.78119609821,-42337.64961255837,990.4619246841606,1463.649193298381,735.9144097405178,0,0,0,0.2379951664107638,0.1244091294927885,0.05211776025188039,31.90173,31.90173,0,202650,27826.57188551692,19185.23738317802,48229.72047314129,25211.51009171359,10561.66411504356,-119.0933547566484,-119.0933547566484,0,-39.30080706969399,-39.30080706969399,-40.49174061726047,-107.6057612822328,-120.3572823452529,-129.0163245869945,0,0,0,0,0,0,320,1,1,1,1,1,1,1,1,1,1,1,1,1,1,1,0.33,0.33,0.34,0.33,0.33,0.34,0,0,0,1,0.331450990275449,0.4765500178203502,0.1919989919042008,0.331450990275449,0.4765500178203502,0.1919989919042008,-0,-0,-0,1,0,-5.551115123125783e-17,31.346262,-39226.1121502141,202650,-119.0933547566484,320,0.33,0.33,0.34,0.33,0.33,0.34,0,0,0,-5.551115123125783e-17,31.346262,-39226.1121502141,202650,-119.0933547566484,320,0.33,0.33,0.34,0.33,0.33,0.34,0,0,0,-5.551115123125783e-17
0.456,94.11021079333733,94.11021079333733,0,31.05636956180132,31.05636956180132,31.99747166973469,85.82895410552248,121.5034017755449,75.56039221348554,46.09264127934038,68.6879274399803,33.73838646413164,0,0,0,31.346262,31.346262,0,10.34426646,10.34426646,10.65772908,10.34426646,10.34426646,10.65772908,0,0,0,999.9999868332601,999.9999868332601,0,331.45098591132,476.55001154574,191.9989893762,331.45098591132,476.55001154574,191.9989893762,0,0,0,-39226.1121502141,-39226.1121502141,0,-12944.61700957065,-12944.61700957065,-13336.87813107279,-35574.61662797526,-39671.78119609821,-42337.64961255837,990.4619246841606,1463.649193298381,735.9144097405178,0,0,0,0.2379951664107638,0.1244091294927885,0.05211776025188039,31.90173,31.90173,0,202650,27826.57188551692,19185.23738317802,48229.72047314129,25211.51009171359,10561.66411504356,-119.0933547566484,-119.0933547566484,0,-39.30080706969399,-39.30080706969399,-40.49174061726047,-107.6057612822328,-120.3572823452529,-129.0163245869945,0,0,0,0,0,0,320,1,1,1,1,1,1,1,1,1,1,1,1,1,1,1,0.33,0.33,0.34,0.33,0.33,0.34,0,0,0,1,0.331450990275449,0.4765500178203502,0.1919989919042008,0.331450990275449,0.4765500178203502,0.1919989919042008,-0,-0,-0,1,0,-5.551115123125783e-17,31.346262,-39226.1121502141,202650,-119.0933547566484,320,0.33,0.33,0.34,0.33,0.33,0.34,0,0,0,-5.551115123125783e-17,31.346262,-39226.1121502141,202650,-119.0933547566484,320,0.33,0.33,0.34,0.33,0.33,0.34,0,0,0,-5.551115123125783e-17
0.458,94.11021079333733,94.11021079333733,0,31.05636956180132,31.05636956180132,31.99747166973469,85.82895410552248,121.5034017755449,75.56039221348554,46.09264127934038,68.6879274399803,33.73838646413164,0,0,0,31.346262,31.346262,0,10.34426646,10.34426646,10.65772908,10.34426646,10.34426646,10.65772908,0,0,0,999.9999868332601,999.9999868332601,0,331.45098591132,476.55001154574,191.9989893762,331.45098591132,476.55001154574,191.9989893762,0,0,0,-39226.1121502141,-39226.1121502141,0,-12944.61700957065,-12944.61700957065,-13336.87813107279,-35574.61662797526,-39671.78119609821,-42337.64961255837,990.4619246841606,1463.649193298381,735.9144097405178,0,0,0,0.2379951664107638,0.1244091294927885,0.05211776025188039,31.90173,31.90173,0,202650,27826.57188551692,19185.23738317802,48229.72047314129,25211.51009171359,10561.66411504356,-119.0933547566484,-119.0933547566484,0,-39.30080706969399,-39.30080706969399,-40.49174061726047,-107.6057612822328,-120.3572823452529,-129.0163245869945,0,0,0,0,0,0,320,1,1,1,1,1,1,1,1,1,1,1,1,1,1,1,0.33,0.33,0.34,0.33,0.33,0.34,0,0,0,1,0.331450990275449,0.4765500178203502,0.1919989919042008,0.331450990275449,0.4765500178203502,0.1919989919042008,-0,-0,-0,1,0,-5.551115123125783e-17,31.346262,-39226.1121502141,202650,-119.0933547566484,320,0.33,0.33,0.34,0.33,0.33,0.34,0,0,0,-5.551115123125783e-17,31.346262,-39226.1121502141,202650,-119.0933547566484,320,0.33,0.33,0.34,0.33,0.33,0.34,0,0,0,-5.551115123125783e-17
0.46,94.11021079333733,94.11021079333733,0,31.05636956180132,31.05636956180132,31.99747166973469,85.82895410552248,121.5034017755449,75.56039221348554,46.09264127934038,68.6879274399803,33.73838646413164,0,0,0,31.346262,31.346262,0,10.34426646,10.34426646,10.65772908,10.34426646,10.34426646,10.65772908,0,0,0,999.9999868332601,999.9999868332601,0,331.45098591132,476.55001154574,191.9989893762,331.45098591132,476.55001154574,191.9989893762,0,0,0,-39226.1121502141,-39226.1121502141,0,-12944.61700957065,-12944.61700957065,-13336.87813107279,-35574.61662797526,-39671.78119609821,-42337.64961255837,990.4619246841606,1463.649193298381,735.9144097405178,0,0,0,0.2379951664107638,0.1244091294927885,0.05211776025188039,31.90173,31.90173,0,202650,27826.57188551692,19185.23738317802,48229.72047314129,25211.51009171359,10561.66411504356,-119.0933547566484,-119.0933547566484,0,-39.30080706969399,-39.30080706969399,-40.49174061726047,-107.6057612822328,-120.3572823452529,-129.0163245869945,0,0,0,0,0,0,320,1,1,1,1,1,1,1,1,1,1,1,1,1,1,1,0.33,0.33,0.34,0.33,0.33,0.34,0,0,0,1,0.331450990275449,0.4765500178203502,0.1919989919042008,0.331450990275449,0.4765500178203502,0.1919989919042008,-0,-0,-0,1,0,-5.551115123125783e-17,31.346262,-39226.1121502141,202650,-119.0933547566484,320,0.33,0.33,0.34,0.33,0.33,0.34,0,0,0,-5.551115123125783e-17,31.346262,-39226.1121502141,202650,-119.0933547566484,320,0.33,0.33,0.34,0.33,0.33,0.34,0,0,0,-5.551115123125783e-17
0.462,94.11021079333733,94.11021079333733,0,31.05636956180132,31.05636956180132,31.99747166973469,85.82895410552248,121.5034017755449,75.56039221348554,46.09264127934038,68.6879274399803,33.73838646413164,0,0,0,31.346262,31.346262,0,10.34426646,10.34426646,10.65772908,10.34426646,10.34426646,10.65772908,0,0,0,999.9999868332601,999.9999868332601,0,331.45098591132,476.55001154574,191.9989893762,331.45098591132,476.55001154574,191.9989893762,0,0,0,-39226.1121502141,-39226.1121502141,0,-12944.61700957065,-12944.61700957065,-13336.87813107279,-35574.61662797526,-39671.78119609821,-42337.64961255837,990.4619246841606,1463.649193298381,735.9144097405178,0,0,0,0.2379951664107638,0.1244091294927885,0.05211776025188039,31.90173,31.90173,0,202650,27826.57188551692,19185.23738317802,48229.72047314129,25211.51009171359,10561.66411504356,-119.0933547566484,-119.0933547566484,0,-39.30080706969399,-39.30080706969399,-40.49174061726047,-107.6057612822328,-120.3572823452529,-129.0163245869945,0,0,0,0,0,0,320,1,1,1,1,1,1,1,1,1,1,1,1,1,1,1,0.33,0.33,0.34,0.33,0.33,0.34,0,0,0,1,0.331450990275449,0.4765500178203502,0.1919989919042008,0.331450990275449,0.4765500178203502,0.1919989919042008,-0,-0,-0,1,0,-5.551115123125783e-17,31.346262,-39226.1121502141,202650,-119.0933547566484,320,0.33,0.33,0.34,0.33,0.33,0.34,0,0,0,-5.551115123125783e-17,31.346262,-39226.1121502141,202650,-119.0933547566484,320,0.33,0.33,0.34,0.33,0.33,0.34,0,0,0,-5.551115123125783e-17
0.464,94.11021079333733,94.11021079333733,0,31.05636956180132,31.05636956180132,31.99747166973469,85.82895410552248,121.5034017755449,75.56039221348554,46.09264127934038,68.6879274399803,33.73838646413164,0,0,0,31.346262,31.346262,0,10.34426646,10.34426646,10.65772908,10.34426646,10.34426646,10.65772908,0,0,0,999.9999868332601,999.9999868332601,0,331.45098591132,476.55001154574,191.9989893762,331.45098591132,476.55001154574,191.9989893762,0,0,0,-39226.1121502141,-39226.1121502141,0,-12944.61700957065,-12944.61700957065,-13336.87813107279,-35574.61662797526,-39671.78119609821,-42337.64961255837,990.4619246841606,1463.649193298381,735.9144097405178,0,0,0,0.2379951664107638,0.1244091294927885,0.05211776025188039,31.90173,31.90173,0,202650,27826.57188551692,19185.23738317802,48229.72047314129,25211.51009171359,10561.66411504356,-119.0933547566484,-119.0933547566484,0,-39.30080706969399,-39.30080706969399,-40.49174061726047,-107.6057612822328,-120.3572823452529,-129.0163245869945,0,0,0,0,0,0,320,1,1,1,1,1,1,1,1,1,1,1,1,1,1,1,0.33,0.33,0.34,0.33,0.33,0.34,0,0,0,1,0.331450990275449,0.4765500178203502,0.1919989919042008,0.331450990275449,0.4765500178203502,0.1919989919042008,-0,-0,-0,1,0,-5.551115123125783e-17,31.346262,-39226.1121502141,202650,-119.0933547566484,320,0.33,0.33,0.34,0.33,0.33,0.34,0,0,0,-5.551115123125783e-17,31.346262,-39226.1121502141,202650,-119.0933547566484,320,0.33,0.33,0.34,0.33,0.33,0.34,0,0,0,-5.551115123125783e-17
0.466,94.11021079333733,94.11021079333733,0,31.05636956180132,31.05636956180132,31.99747166973469,85.82895410552248,121.5034017755449,75.56039221348554,46.09264127934038,68.6879274399803,33.73838646413164,0,0,0,31.346262,31.346262,0,10.34426646,10.34426646,10.65772908,10.34426646,10.34426646,10.65772908,0,0,0,999.9999868332601,999.9999868332601,0,331.45098591132,476.55001154574,191.9989893762,331.45098591132,476.55001154574,191.9989893762,0,0,0,-39226.1121502141,-39226.1121502141,0,-12944.61700957065,-12944.61700957065,-13336.87813107279,-35574.61662797526,-39671.78119609821,-42337.64961255837,990.4619246841606,1463.649193298381,735.9144097405178,0,0,0,0.2379951664107638,0.1244091294927885,0.05211776025188039,31.90173,31.90173,0,202650,27826.57188551692,19185.23738317802,48229.72047314129,25211.51009171359,10561.66411504356,-119.0933547566484,-119.0933547566484,0,-39.30080706969399,-39.30080706969399,-40.49174061726047,-107.6057612822328,-120.3572823452529,-129.0163245869945,0,0,0,0,0,0,320,1,1,1,1,1,1,1,1,1,1,1,1,1,1,1,0.33,0.33,0.34,0.33,0.33,0.34,0,0,0,1,0.331450990275449,0.4765500178203502,0.1919989919042008,0.331450990275449,0.4765500178203502,0.1919989919042008,-0,-0,-0,1,0,-5.551115123125783e-17,31.346262,-39226.1121502141,202650,-119.0933547566484,320,0.33,0.33,0.34,0.33,0.33,0.34,0,0,0,-5.551115123125783e-17,31.346262,-39226.1121502141,202650,-119.0933547566484,320,0.33,0.33,0.34,0.33,0.33,0.34,0,0,0,-5.551115123125783e-17
0.468,94.11021079333733,94.11021079333733,0,31.05636956180132,31.05636956180132,31.99747166973469,85.82895410552248,121.5034017755449,75.56039221348554,46.09264127934038,68.6879274399803,33.73838646413164,0,0,0,31.346262,31.346262,0,10.34426646,10.34426646,10.65772908,10.34426646,10.34426646,10.65772908,0,0,0,999.9999868332601,999.9999868332601,0,331.45098591132,476.55001154574,191.9989893762,331.45098591132,476.55001154574,191.9989893762,0,0,0,-39226.1121502141,-39226.1121502141,0,-12944.61700957065,-12944.61700957065,-13336.87813107279,-35574.61662797526,-39671.78119609821,-42337.64961255837,990.4619246841606,1463.649193298381,735.9144097405178,0,0,0,0.2379951664107638,0.1244091294927885,0.05211776025188039,31.90173,31.90173,0,202650,27826.57188551692,19185.23738317802,48229.72047314129,25211.51009171359,10561.66411504356,-119.0933547566484,-119.0933547566484,0,-39.30080706969399,-39.30080706969399,-40.49174061726047,-107.6057612822328,-120.3572823452529,-129.0163245869945,0,0,0,0,0,0,320,1,1,1,1,1,1,1,1,1,1,1,1,1,1,1,0.33,0.33,0.34,0.33,0.33,0.34,0,0,0,1,0.331450990275449,0.4765500178203502,0.1919989919042008,0.331450990275449,0.4765500178203502,0.1919989919042008,-0,-0,-0,1,0,-5.551115123125783e-17,31.346262,-39226.1121502141,202650,-119.0933547566484,320,0.33,0.33,0.34,0.33,0.33,0.34,0,0,0,-5.551115123125783e-17,31.346262,-39226.1121502141,202650,-119.0933547566484,320,0.33,0.33,0.34,0.33,0.33,0.34,0,0,0,-5.551115123125783e-17
0.47,94.11021079333733,94.11021079333733,0,31.05636956180132,31.05636956180132,31.99747166973469,85.82895410552248,121.5034017755449,75.56039221348554,46.09264127934038,68.6879274399803,33.73838646413164,0,0,0,31.346262,31.346262,0,10.34426646,10.34426646,10.65772908,10.34426646,10.34426646,10.65772908,0,0,0,999.9999868332601,999.9999868332601,0,331.45098591132,476.55001154574,191.9989893762,331.45098591132,476.55001154574,191.9989893762,0,0,0,-39226.1121502141,-39226.1121502141,0,-12944.61700957065,-12944.61700957065,-13336.87813107279,-35574.61662797526,-39671.78119609821,-42337.64961255837,990.4619246841606,1463.649193298381,735.9144097405178,0,0,0,0.2379951664107638,0.1244091294927885,0.05211776025188039,31.90173,31.90173,0,202650,27826.57188551692,19185.23738317802,48229.72047314129,25211.51009171359,10561.66411504356,-119.0933547566484,-119.0933547566484,0,-39.30080706969399,-39.30080706969399,-40.49174061726047,-107.6057612822328,-120.3572823452529,-129.0163245869945,0,0,0,0,0,0,320,1,1,1,1,1,1,1,1,1,1,1,1,1,1,1,0.33,0.33,0.34,0.33,0.33,0.34,0,0,0,1,0.331450990275449,0.4765500178203502,0.1919989919042008,0.331450990275449,0.4765500178203502,0.1919989919042008,-0,-0,-0,1,0,-5.551115123125783e-17,31.346262,-39226.1121502141,202650,-119.0933547566484,320,0.33,0.33,0.34,0.33,0.33,0.34,0,0,0,-5.551115123125783e-17,31.346262,-39226.1121502141,202650,-119.0933547566484,320,0.33,0.33,0.34,0.33,0.33,0.34,0,0,0,-5.551115123125783e-17
0.472,94.11021079333733,94.11021079333733,0,31.05636956180132,31.05636956180132,31.99747166973469,85.82895410552248,121.5034017755449,75.56039221348554,46.09264127934038,68.6879274399803,33.73838646413164,0,0,0,31.346262,31.346262,0,10.34426646,10.34426646,10.65772908,10.34426646,10.34426646,10.65772908,0,0,0,999.9999868332601,999.9999868332601,0,331.45098591132,476.55001154574,191.9989893762,331.45098591132,476.55001154574,191.9989893762,0,0,0,-39226.1121502141,-39226.1121502141,0,-12944.61700957065,-12944.61700957065,-13336.87813107279,-35574.61662797526,-39671.78119609821,-42337.64961255837,990.4619246841606,1463.649193298381,735.9144097405178,0,0,0,0.2379951664107638,0.1244091294927885,0.05211776025188039,31.90173,31.90173,0,202650,27826.57188551692,19185.23738317802,48229.72047314129,25211.51009171359,10561.66411504356,-119.0933547566484,-119.0933547566484,0,-39.30080706969399,-39.30080706969399,-40.49174061726047,-107.6057612822328,-120.3572823452529,-129.0163245869945,0,0,0,0,0,0,320,1,1,1,1,1,1,1,1,1,1,1,1,1,1,1,0.33,0.33,0.34,0.33,0.33,0.34,0,0,0,1,0.331450990275449,0.4765500178203502,0.1919989919042008,0.331450990275449,0.4765500178203502,0.1919989919042008,-0,-0,-0,1,0,-5.551115123125783e-17,31.346262,-39226.1121502141,202650,-119.0933547566484,320,0.33,0.33,0.34,0.33,0.33,0.34,0,0,0,-5.551115123125783e-17,31.346262,-39226.1121502141,202650,-119.0933547566484,320,0.33,0.33,0.34,0.33,0.33,0.34,0,0,0,-5.551115123125783e-17
0.474,94.11021079333733,94.11021079333733,0,31.05636956180132,31.05636956180132,31.99747166973469,85.82895410552248,121.5034017755449,75.56039221348554,46.09264127934038,68.6879274399803,33.73838646413164,0,0,0,31.346262,31.346262,0,10.34426646,10.34426646,10.65772908,10.34426646,10.34426646,10.65772908,0,0,0,999.9999868332601,999.9999868332601,0,331.45098591132,476.55001154574,191.9989893762,331.45098591132,476.55001154574,191.9989893762,0,0,0,-39226.1121502141,-39226.1121502141,0,-12944.61700957065,-12944.61700957065,-13336.87813107279,-35574.61662797526,-39671.78119609821,-42337.64961255837,990.4619246841606,1463.649193298381,735.9144097405178,0,0,0,0.2379951664107638,0.1244091294927885,0.05211776025188039,31.90173,31.90173,0,202650,27826.57188551692,19185.23738317802,48229.72047314129,25211.51009171359,10561.66411504356,-119.0933547566484,-119.0933547566484,0,-39.30080706969399,-39.30080706969399,-40.49174061726047,-107.6057612822328,-120.3572823452529,-129.0163245869945,0,0,0,0,0,0,320,1,1,1,1,1,1,1,1,1,1,1,1,1,1,1,0.33,0.33,0.34,0.33,0.33,0.34,0,0,0,1,0.331450990275449,0.4765500178203502,0.1919989919042008,0.331450990275449,0.4765500178203502,0.1919989919042008,-0,-0,-0,1,0,-5.551115123125783e-17,31.346262,-39226.1121502141,202650,-119.0933547566484,320,0.33,0.33,0.34,0.33,0.33,0.34,0,0,0,-5.551115123125783e-17,31.346262,-39226.1121502141,202650,-119.0933547566484,320,0.33,0.33,0.34,0.33,0.33,0.34,0,0,0,-5.551115123125783e-17
0.476,94.11021079333733,94.11021079333733,0,31.05636956180132,31.05636956180132,31.99747166973469,85.82895410552248,121.5034017755449,75.56039221348554,46.09264127934038,68.6879274399803,33.73838646413164,0,0,0,31.346262,31.346262,0,10.34426646,10.34426646,10.65772908,10.34426646,10.34426646,10.65772908,0,0,0,999.9999868332601,999.9999868332601,0,331.45098591132,476.55001154574,191.9989893762,331.45098591132,476.55001154574,191.9989893762,0,0,0,-39226.1121502141,-39226.1121502141,0,-12944.61700957065,-12944.61700957065,-13336.87813107279,-35574.61662797526,-39671.78119609821,-42337.64961255837,990.4619246841606,1463.649193298381,735.9144097405178,0,0,0,0.2379951664107638,0.1244091294927885,0.05211776025188039,31.90173,31.90173,0,202650,27826.57188551692,19185.23738317802,48229.72047314129,25211.51009171359,10561.66411504356,-119.0933547566484,-119.0933547566484,0,-39.30080706969399,-39.30080706969399,-40.49174061726047,-107.6057612822328,-120.3572823452529,-129.0163245869945,0,0,0,0,0,0,320,1,1,1,1,1,1,1,1,1,1,1,1,1,1,1,0.33,0.33,0.34,0.33,0.33,0.34,0,0,0,1,0.331450990275449,0.4765500178203502,0.1919989919042008,0.331450990275449,0.4765500178203502,0.1919989919042008,-0,-0,-0,1,0,-5.551115123125783e-17,31.346262,-39226.1121502141,202650,-119.0933547566484,320,0.33,0.33,0.34,0.33,0.33,0.34,0,0,0,-5.551115123125783e-17,31.346262,-39226.1121502141,202650,-119.0933547566484,320,0.33,0.33,0.34,0.33,0.33,0.34,0,0,0,-5.551115123125783e-17
0.478,94.11021079333733,94.11021079333733,0,31.05636956180132,31.05636956180132,31.99747166973469,85.82895410552248,121.5034017755449,75.56039221348554,46.09264127934038,68.6879274399803,33.73838646413164,0,0,0,31.346262,31.346262,0,10.34426646,10.34426646,10.65772908,10.34426646,10.34426646,10.65772908,0,0,0,999.9999868332601,999.9999868332601,0,331.45098591132,476.55001154574,191.9989893762,331.45098591132,476.55001154574,191.9989893762,0,0,0,-39226.1121502141,-39226.1121502141,0,-12944.61700957065,-12944.61700957065,-13336.87813107279,-35574.61662797526,-39671.78119609821,-42337.64961255837,990.4619246841606,1463.649193298381,735.9144097405178,0,0,0,0.2379951664107638,0.1244091294927885,0.05211776025188039,31.90173,31.90173,0,202650,27826.57188551692,19185.23738317802,48229.72047314129,25211.51009171359,10561.66411504356,-119.0933547566484,-119.0933547566484,0,-39.30080706969399,-39.30080706969399,-40.49174061726047,-107.6057612822328,-120.3572823452529,-129.0163245869945,0,0,0,0,0,0,320,1,1,1,1,1,1,1,1,1,1,1,1,1,1,1,0.33,0.33,0.34,0.33,0.33,0.34,0,0,0,1,0.331450990275449,0.4765500178203502,0.1919989919042008,0.331450990275449,0.4765500178203502,0.1919989919042008,-0,-0,-0,1,0,-5.551115123125783e-17,31.346262,-39226.1121502141,202650,-119.0933547566484,320,0.33,0.33,0.34,0.33,0.33,0.34,0,0,0,-5.551115123125783e-17,31.346262,-39226.1121502141,202650,-119.0933547566484,320,0.33,0.33,0.34,0.33,0.33,0.34,0,0,0,-5.551115123125783e-17
0.48,94.11021079333733,94.11021079333733,0,31.05636956180132,31.05636956180132,31.99747166973469,85.82895410552248,121.5034017755449,75.56039221348554,46.09264127934038,68.6879274399803,33.73838646413164,0,0,0,31.346262,31.346262,0,10.34426646,10.34426646,10.65772908,10.34426646,10.34426646,10.65772908,0,0,0,999.9999868332601,999.9999868332601,0,331.45098591132,476.55001154574,191.9989893762,331.45098591132,476.55001154574,191.9989893762,0,0,0,-39226.1121502141,-39226.1121502141,0,-12944.61700957065,-12944.61700957065,-13336.87813107279,-35574.61662797526,-39671.78119609821,-42337.64961255837,990.4619246841606,1463.649193298381,735.9144097405178,0,0,0,0.2379951664107638,0.1244091294927885,0.05211776025188039,31.90173,31.90173,0,202650,27826.57188551692,19185.23738317802,48229.72047314129,25211.51009171359,10561.66411504356,-119.0933547566484,-119.0933547566484,0,-39.30080706969399,-39.30080706969399,-40.49174061726047,-107.6057612822328,-120.3572823452529,-129.0163245869945,0,0,0,0,0,0,320,1,1,1,1,1,1,1,1,1,1,1,1,1,1,1,0.33,0.33,0.34,0.33,0.33,0.34,0,0,0,1,0.331450990275449,0.4765500178203502,0.1919989919042008,0.331450990275449,0.4765500178203502,0.1919989919042008,-0,-0,-0,1,0,-5.551115123125783e-17,31.346262,-39226.1121502141,202650,-119.0933547566484,320,0.33,0.33,0.34,0.33,0.33,0.34,0,0,0,-5.551115123125783e-17,31.346262,-39226.1121502141,202650,-119.0933547566484,320,0.33,0.33,0.34,0.33,0.33,0.34,0,0,0,-5.551115123125783e-17
0.482,94.11021079333733,94.11021079333733,0,31.05636956180132,31.05636956180132,31.99747166973469,85.82895410552248,121.5034017755449,75.56039221348554,46.09264127934038,68.6879274399803,33.73838646413164,0,0,0,31.346262,31.346262,0,10.34426646,10.34426646,10.65772908,10.34426646,10.34426646,10.65772908,0,0,0,999.9999868332601,999.9999868332601,0,331.45098591132,476.55001154574,191.9989893762,331.45098591132,476.55001154574,191.9989893762,0,0,0,-39226.1121502141,-39226.1121502141,0,-12944.61700957065,-12944.61700957065,-13336.87813107279,-35574.61662797526,-39671.78119609821,-42337.64961255837,990.4619246841606,1463.649193298381,735.9144097405178,0,0,0,0.2379951664107638,0.1244091294927885,0.05211776025188039,31.90173,31.90173,0,202650,27826.57188551692,19185.23738317802,48229.72047314129,25211.51009171359,10561.66411504356,-119.0933547566484,-119.0933547566484,0,-39.30080706969399,-39.30080706969399,-40.49174061726047,-107.6057612822328,-120.3572823452529,-129.0163245869945,0,0,0,0,0,0,320,1,1,1,1,1,1,1,1,1,1,1,1,1,1,1,0.33,0.33,0.34,0.33,0.33,0.34,0,0,0,1,0.331450990275449,0.4765500178203502,0.1919989919042008,0.331450990275449,0.4765500178203502,0.1919989919042008,-0,-0,-0,1,0,-5.551115123125783e-17,31.346262,-39226.1121502141,202650,-119.0933547566484,320,0.33,0.33,0.34,0.33,0.33,0.34,0,0,0,-5.551115123125783e-17,31.346262,-39226.1121502141,202650,-119.0933547566484,320,0.33,0.33,0.34,0.33,0.33,0.34,0,0,0,-5.551115123125783e-17
0.484,94.11021079333733,94.11021079333733,0,31.05636956180132,31.05636956180132,31.99747166973469,85.82895410552248,121.5034017755449,75.56039221348554,46.09264127934038,68.6879274399803,33.73838646413164,0,0,0,31.346262,31.346262,0,10.34426646,10.34426646,10.65772908,10.34426646,10.34426646,10.65772908,0,0,0,999.9999868332601,999.9999868332601,0,331.45098591132,476.55001154574,191.9989893762,331.45098591132,476.55001154574,191.9989893762,0,0,0,-39226.1121502141,-39226.1121502141,0,-12944.61700957065,-12944.61700957065,-13336.87813107279,-35574.61662797526,-39671.78119609821,-42337.64961255837,990.4619246841606,1463.649193298381,735.9144097405178,0,0,0,0.2379951664107638,0.1244091294927885,0.05211776025188039,31.90173,31.90173,0,202650,27826.57188551692,19185.23738317802,48229.72047314129,25211.51009171359,10561.66411504356,-119.0933547566484,-119.0933547566484,0,-39.30080706969399,-39.30080706969399,-40.49174061726047,-107.6057612822328,-120.3572823452529,-129.0163245869945,0,0,0,0,0,0,320,1,1,1,1,1,1,1,1,1,1,1,1,1,1,1,0.33,0.33,0.34,0.33,0.33,0.34,0,0,0,1,0.331450990275449,0.4765500178203502,0.1919989919042008,0.331450990275449,0.4765500178203502,0.1919989919042008,-0,-0,-0,1,0,-5.551115123125783e-17,31.346262,-39226.1121502141,202650,-119.0933547566484,320,0.33,0.33,0.34,0.33,0.33,0.34,0,0,0,-5.551115123125783e-17,31.346262,-39226.1121502141,202650,-119.0933547566484,320,0.33,0.33,0.34,0.33,0.33,0.34,0,0,0,-5.551115123125783e-17
0.486,94.11021079333733,94.11021079333733,0,31.05636956180132,31.05636956180132,31.99747166973469,85.82895410552248,121.5034017755449,75.56039221348554,46.09264127934038,68.6879274399803,33.73838646413164,0,0,0,31.346262,31.346262,0,10.34426646,10.34426646,10.65772908,10.34426646,10.34426646,10.65772908,0,0,0,999.9999868332601,999.9999868332601,0,331.45098591132,476.55001154574,191.9989893762,331.45098591132,476.55001154574,191.9989893762,0,0,0,-39226.1121502141,-39226.1121502141,0,-12944.61700957065,-12944.61700957065,-13336.87813107279,-35574.61662797526,-39671.78119609821,-42337.64961255837,990.4619246841606,1463.649193298381,735.9144097405178,0,0,0,0.2379951664107638,0.1244091294927885,0.05211776025188039,31.90173,31.90173,0,202650,27826.57188551692,19185.23738317802,48229.72047314129,25211.51009171359,10561.66411504356,-119.0933547566484,-119.0933547566484,0,-39.30080706969399,-39.30080706969399,-40.49174061726047,-107.6057612822328,-120.3572823452529,-129.0163245869945,0,0,0,0,0,0,320,1,1,1,1,1,1,1,1,1,1,1,1,1,1,1,0.33,0.33,0.34,0.33,0.33,0.34,0,0,0,1,0.331450990275449,0.4765500178203502,0.1919989919042008,0.331450990275449,0.4765500178203502,0.1919989919042008,-0,-0,-0,1,0,-5.551115123125783e-17,31.346262,-39226.1121502141,202650,-119.0933547566484,320,0.33,0.33,0.34,0.33,0.33,0.34,0,0,0,-5.551115123125783e-17,31.346262,-39226.1121502141,202650,-119.0933547566484,320,0.33,0.33,0.34,0.33,0.33,0.34,0,0,0,-5.551115123125783e-17
0.488,94.11021079333733,94.11021079333733,0,31.05636956180132,31.05636956180132,31.99747166973469,85.82895410552248,121.5034017755449,75.56039221348554,46.09264127934038,68.6879274399803,33.73838646413164,0,0,0,31.346262,31.346262,0,10.34426646,10.34426646,10.65772908,10.34426646,10.34426646,10.65772908,0,0,0,999.9999868332601,999.9999868332601,0,331.45098591132,476.55001154574,191.9989893762,331.45098591132,476.55001154574,191.9989893762,0,0,0,-39226.1121502141,-39226.1121502141,0,-12944.61700957065,-12944.61700957065,-13336.87813107279,-35574.61662797526,-39671.78119609821,-42337.64961255837,990.4619246841606,1463.649193298381,735.9144097405178,0,0,0,0.2379951664107638,0.1244091294927885,0.05211776025188039,31.90173,31.90173,0,202650,27826.57188551692,19185.23738317802,48229.72047314129,25211.51009171359,10561.66411504356,-119.0933547566484,-119.0933547566484,0,-39.30080706969399,-39.30080706969399,-40.49174061726047,-107.6057612822328,-120.3572823452529,-129.0163245869945,0,0,0,0,0,0,320,1,1,1,1,1,1,1,1,1,1,1,1,1,1,1,0.33,0.33,0.34,0.33,0.33,0.34,0,0,0,1,0.331450990275449,0.4765500178203502,0.1919989919042008,0.331450990275449,0.4765500178203502,0.1919989919042008,-0,-0,-0,1,0,-5.551115123125783e-17,31.346262,-39226.1121502141,202650,-119.0933547566484,320,0.33,0.33,0.34,0.33,0.33,0.34,0,0,0,-5.551115123125783e-17,31.346262,-39226.1121502141,202650,-119.0933547566484,320,0.33,0.33,0.34,0.33,0.33,0.34,0,0,0,-5.551115123125783e-17
0.49,94.11021079333733,94.11021079333733,0,31.05636956180132,31.05636956180132,31.99747166973469,85.82895410552248,121.5034017755449,75.56039221348554,46.09264127934038,68.6879274399803,33.73838646413164,0,0,0,31.346262,31.346262,0,10.34426646,10.34426646,10.65772908,10.34426646,10.34426646,10.65772908,0,0,0,999.9999868332601,999.9999868332601,0,331.45098591132,476.55001154574,191.9989893762,331.45098591132,476.55001154574,191.9989893762,0,0,0,-39226.1121502141,-39226.1121502141,0,-12944.61700957065,-12944.61700957065,-13336.87813107279,-35574.61662797526,-39671.78119609821,-42337.64961255837,990.4619246841606,1463.649193298381,735.9144097405178,0,0,0,0.2379951664107638,0.1244091294927885,0.05211776025188039,31.90173,31.90173,0,202650,27826.57188551692,19185.23738317802,48229.72047314129,25211.51009171359,10561.66411504356,-119.0933547566484,-119.0933547566484,0,-39.30080706969399,-39.30080706969399,-40.49174061726047,-107.6057612822328,-120.3572823452529,-129.0163245869945,0,0,0,0,0,0,320,1,1,1,1,1,1,1,1,1,1,1,1,1,1,1,0.33,0.33,0.34,0.33,0.33,0.34,0,0,0,1,0.331450990275449,0.4765500178203502,0.1919989919042008,0.331450990275449,0.4765500178203502,0.1919989919042008,-0,-0,-0,1,0,-5.551115123125783e-17,31.346262,-39226.1121502141,202650,-119.0933547566484,320,0.33,0.33,0.34,0.33,0.33,0.34,0,0,0,-5.551115123125783e-17,31.346262,-39226.1121502141,202650,-119.0933547566484,320,0.33,0.33,0.34,0.33,0.33,0.34,0,0,0,-5.551115123125783e-17
0.492,94.11021079333733,94.11021079333733,0,31.05636956180132,31.05636956180132,31.99747166973469,85.82895410552248,121.5034017755449,75.56039221348554,46.09264127934038,68.6879274399803,33.73838646413164,0,0,0,31.346262,31.346262,0,10.34426646,10.34426646,10.65772908,10.34426646,10.34426646,10.65772908,0,0,0,999.9999868332601,999.9999868332601,0,331.45098591132,476.55001154574,191.9989893762,331.45098591132,476.55001154574,191.9989893762,0,0,0,-39226.1121502141,-39226.1121502141,0,-12944.61700957065,-12944.61700957065,-13336.87813107279,-35574.61662797526,-39671.78119609821,-42337.64961255837,990.4619246841606,1463.649193298381,735.9144097405178,0,0,0,0.2379951664107638,0.1244091294927885,0.05211776025188039,31.90173,31.90173,0,202650,27826.57188551692,19185.23738317802,48229.72047314129,25211.51009171359,10561.66411504356,-119.0933547566484,-119.0933547566484,0,-39.30080706969399,-39.30080706969399,-40.49174061726047,-107.6057612822328,-120.3572823452529,-129.0163245869945,0,0,0,0,0,0,320,1,1,1,1,1,1,1,1,1,1,1,1,1,1,1,0.33,0.33,0.34,0.33,0.33,0.34,0,0,0,1,0.331450990275449,0.4765500178203502,0.1919989919042008,0.331450990275449,0.4765500178203502,0.1919989919042008,-0,-0,-0,1,0,-5.551115123125783e-17,31.346262,-39226.1121502141,202650,-119.0933547566484,320,0.33,0.33,0.34,0.33,0.33,0.34,0,0,0,-5.551115123125783e-17,31.346262,-39226.1121502141,202650,-119.0933547566484,320,0.33,0.33,0.34,0.33,0.33,0.34,0,0,0,-5.551115123125783e-17
0.494,94.11021079333733,94.11021079333733,0,31.05636956180132,31.05636956180132,31.99747166973469,85.82895410552248,121.5034017755449,75.56039221348554,46.09264127934038,68.6879274399803,33.73838646413164,0,0,0,31.346262,31.346262,0,10.34426646,10.34426646,10.65772908,10.34426646,10.34426646,10.65772908,0,0,0,999.9999868332601,999.9999868332601,0,331.45098591132,476.55001154574,191.9989893762,331.45098591132,476.55001154574,191.9989893762,0,0,0,-39226.1121502141,-39226.1121502141,0,-12944.61700957065,-12944.61700957065,-13336.87813107279,-35574.61662797526,-39671.78119609821,-42337.64961255837,990.4619246841606,1463.649193298381,735.9144097405178,0,0,0,0.2379951664107638,0.1244091294927885,0.05211776025188039,31.90173,31.90173,0,202650,27826.57188551692,19185.23738317802,48229.72047314129,25211.51009171359,10561.66411504356,-119.0933547566484,-119.0933547566484,0,-39.30080706969399,-39.30080706969399,-40.49174061726047,-107.6057612822328,-120.3572823452529,-129.0163245869945,0,0,0,0,0,0,320,1,1,1,1,1,1,1,1,1,1,1,1,1,1,1,0.33,0.33,0.34,0.33,0.33,0.34,0,0,0,1,0.331450990275449,0.4765500178203502,0.1919989919042008,0.331450990275449,0.4765500178203502,0.1919989919042008,-0,-0,-0,1,0,-5.551115123125783e-17,31.346262,-39226.1121502141,202650,-119.0933547566484,320,0.33,0.33,0.34,0.33,0.33,0.34,0,0,0,-5.551115123125783e-17,31.346262,-39226.1121502141,202650,-119.0933547566484,320,0.33,0.33,0.34,0.33,0.33,0.34,0,0,0,-5.551115123125783e-17
0.496,94.11021079333733,94.11021079333733,0,31.05636956180132,31.05636956180132,31.99747166973469,85.82895410552248,121.5034017755449,75.56039221348554,46.09264127934038,68.6879274399803,33.73838646413164,0,0,0,31.346262,31.346262,0,10.34426646,10.34426646,10.65772908,10.34426646,10.34426646,10.65772908,0,0,0,999.9999868332601,999.9999868332601,0,331.45098591132,476.55001154574,191.9989893762,331.45098591132,476.55001154574,191.9989893762,0,0,0,-39226.1121502141,-39226.1121502141,0,-12944.61700957065,-12944.61700957065,-13336.87813107279,-35574.61662797526,-39671.78119609821,-42337.64961255837,990.4619246841606,1463.649193298381,735.9144097405178,0,0,0,0.2379951664107638,0.1244091294927885,0.05211776025188039,31.90173,31.90173,0,202650,27826.57188551692,19185.23738317802,48229.72047314129,25211.51009171359,10561.66411504356,-119.0933547566484,-119.0933547566484,0,-39.30080706969399,-39.30080706969399,-40.49174061726047,-107.6057612822328,-120.3572823452529,-129.0163245869945,0,0,0,0,0,0,320,1,1,1,1,1,1,1,1,1,1,1,1,1,1,1,0.33,0.33,0.34,0.33,0.33,0.34,0,0,0,1,0.331450990275449,0.4765500178203502,0.1919989919042008,0.331450990275449,0.4765500178203502,0.1919989919042008,-0,-0,-0,1,0,-5.551115123125783e-17,31.346262,-39226.1121502141,202650,-119.0933547566484,320,0.33,0.33,0.34,0.33,0.33,0.34,0,0,0,-5.551115123125783e-17,31.346262,-39226.1121502141,202650,-119.0933547566484,320,0.33,0.33,0.34,0.33,0.33,0.34,0,0,0,-5.551115123125783e-17
0.498,94.11021079333733,94.11021079333733,0,31.05636956180132,31.05636956180132,31.99747166973469,85.82895410552248,121.5034017755449,75.56039221348554,46.09264127934038,68.6879274399803,33.73838646413164,0,0,0,31.346262,31.346262,0,10.34426646,10.34426646,10.65772908,10.34426646,10.34426646,10.65772908,0,0,0,999.9999868332601,999.9999868332601,0,331.45098591132,476.55001154574,191.9989893762,331.45098591132,476.55001154574,191.9989893762,0,0,0,-39226.1121502141,-39226.1121502141,0,-12944.61700957065,-12944.61700957065,-13336.87813107279,-35574.61662797526,-39671.78119609821,-42337.64961255837,990.4619246841606,1463.649193298381,735.9144097405178,0,0,0,0.2379951664107638,0.1244091294927885,0.05211776025188039,31.90173,31.90173,0,202650,27826.57188551692,19185.23738317802,48229.72047314129,25211.51009171359,10561.66411504356,-119.0933547566484,-119.0933547566484,0,-39.30080706969399,-39.30080706969399,-40.49174061726047,-107.6057612822328,-120.3572823452529,-129.0163245869945,0,0,0,0,0,0,320,1,1,1,1,1,1,1,1,1,1,1,1,1,1,1,0.33,0.33,0.34,0.33,0.33,0.34,0,0,0,1,0.331450990275449,0.4765500178203502,0.1919989919042008,0.331450990275449,0.4765500178203502,0.1919989919042008,-0,-0,-0,1,0,-5.551115123125783e-17,31.346262,-39226.1121502141,202650,-119.0933547566484,320,0.33,0.33,0.34,0.33,0.33,0.34,0,0,0,-5.551115123125783e-17,31.346262,-39226.1121502141,202650,-119.0933547566484,320,0.33,0.33,0.34,0.33,0.33,0.34,0,0,0,-5.551115123125783e-17
0.5,94.11021079333733,94.11021079333733,0,31.05636956180132,31.05636956180132,31.99747166973469,85.82895410552248,121.5034017755449,75.56039221348554,46.09264127934038,68.6879274399803,33.73838646413164,0,0,0,31.346262,31.346262,0,10.34426646,10.34426646,10.65772908,10.34426646,10.34426646,10.65772908,0,0,0,999.9999868332601,999.9999868332601,0,331.45098591132,476.55001154574,191.9989893762,331.45098591132,476.55001154574,191.9989893762,0,0,0,-39226.1121502141,-39226.1121502141,0,-12944.61700957065,-12944.61700957065,-13336.87813107279,-35574.61662797526,-39671.78119609821,-42337.64961255837,990.4619246841606,1463.649193298381,735.9144097405178,0,0,0,0.2379951664107638,0.1244091294927885,0.05211776025188039,31.90173,31.90173,0,202650,27826.57188551692,19185.23738317802,48229.72047314129,25211.51009171359,10561.66411504356,-119.0933547566484,-119.0933547566484,0,-39.30080706969399,-39.30080706969399,-40.49174061726047,-107.6057612822328,-120.3572823452529,-129.0163245869945,0,0,0,0,0,0,320,1,1,1,1,1,1,1,1,1,1,1,1,1,1,1,0.33,0.33,0.34,0.33,0.33,0.34,0,0,0,1,0.331450990275449,0.4765500178203502,0.1919989919042008,0.331450990275449,0.4765500178203502,0.1919989919042008,-0,-0,-0,1,0,-5.551115123125783e-17,31.346262,-39226.1121502141,202650,-119.0933547566484,320,0.33,0.33,0.34,0.33,0.33,0.34,0,0,0,-5.551115123125783e-17,31.346262,-39226.1121502141,202650,-119.0933547566484,320,0.33,0.33,0.34,0.33,0.33,0.34,0,0,0,-5.551115123125783e-17
0.502,94.11021079333733,94.11021079333733,0,31.05636956180132,31.05636956180132,31.99747166973469,85.82895410552248,121.5034017755449,75.56039221348554,46.09264127934038,68.6879274399803,33.73838646413164,0,0,0,31.346262,31.346262,0,10.34426646,10.34426646,10.65772908,10.34426646,10.34426646,10.65772908,0,0,0,999.9999868332601,999.9999868332601,0,331.45098591132,476.55001154574,191.9989893762,331.45098591132,476.55001154574,191.9989893762,0,0,0,-39226.1121502141,-39226.1121502141,0,-12944.61700957065,-12944.61700957065,-13336.87813107279,-35574.61662797526,-39671.78119609821,-42337.64961255837,990.4619246841606,1463.649193298381,735.9144097405178,0,0,0,0.2379951664107638,0.1244091294927885,0.05211776025188039,31.90173,31.90173,0,202650,27826.57188551692,19185.23738317802,48229.72047314129,25211.51009171359,10561.66411504356,-119.0933547566484,-119.0933547566484,0,-39.30080706969399,-39.30080706969399,-40.49174061726047,-107.6057612822328,-120.3572823452529,-129.0163245869945,0,0,0,0,0,0,320,1,1,1,1,1,1,1,1,1,1,1,1,1,1,1,0.33,0.33,0.34,0.33,0.33,0.34,0,0,0,1,0.331450990275449,0.4765500178203502,0.1919989919042008,0.331450990275449,0.4765500178203502,0.1919989919042008,-0,-0,-0,1,0,-5.551115123125783e-17,31.346262,-39226.1121502141,202650,-119.0933547566484,320,0.33,0.33,0.34,0.33,0.33,0.34,0,0,0,-5.551115123125783e-17,31.346262,-39226.1121502141,202650,-119.0933547566484,320,0.33,0.33,0.34,0.33,0.33,0.34,0,0,0,-5.551115123125783e-17
0.504,94.11021079333733,94.11021079333733,0,31.05636956180132,31.05636956180132,31.99747166973469,85.82895410552248,121.5034017755449,75.56039221348554,46.09264127934038,68.6879274399803,33.73838646413164,0,0,0,31.346262,31.346262,0,10.34426646,10.34426646,10.65772908,10.34426646,10.34426646,10.65772908,0,0,0,999.9999868332601,999.9999868332601,0,331.45098591132,476.55001154574,191.9989893762,331.45098591132,476.55001154574,191.9989893762,0,0,0,-39226.1121502141,-39226.1121502141,0,-12944.61700957065,-12944.61700957065,-13336.87813107279,-35574.61662797526,-39671.78119609821,-42337.64961255837,990.4619246841606,1463.649193298381,735.9144097405178,0,0,0,0.2379951664107638,0.1244091294927885,0.05211776025188039,31.90173,31.90173,0,202650,27826.57188551692,19185.23738317802,48229.72047314129,25211.51009171359,10561.66411504356,-119.0933547566484,-119.0933547566484,0,-39.30080706969399,-39.30080706969399,-40.49174061726047,-107.6057612822328,-120.3572823452529,-129.0163245869945,0,0,0,0,0,0,320,1,1,1,1,1,1,1,1,1,1,1,1,1,1,1,0.33,0.33,0.34,0.33,0.33,0.34,0,0,0,1,0.331450990275449,0.4765500178203502,0.1919989919042008,0.331450990275449,0.4765500178203502,0.1919989919042008,-0,-0,-0,1,0,-5.551115123125783e-17,31.346262,-39226.1121502141,202650,-119.0933547566484,320,0.33,0.33,0.34,0.33,0.33,0.34,0,0,0,-5.551115123125783e-17,31.346262,-39226.1121502141,202650,-119.0933547566484,320,0.33,0.33,0.34,0.33,0.33,0.34,0,0,0,-5.551115123125783e-17
0.506,94.11021079333733,94.11021079333733,0,31.05636956180132,31.05636956180132,31.99747166973469,85.82895410552248,121.5034017755449,75.56039221348554,46.09264127934038,68.6879274399803,33.73838646413164,0,0,0,31.346262,31.346262,0,10.34426646,10.34426646,10.65772908,10.34426646,10.34426646,10.65772908,0,0,0,999.9999868332601,999.9999868332601,0,331.45098591132,476.55001154574,191.9989893762,331.45098591132,476.55001154574,191.9989893762,0,0,0,-39226.1121502141,-39226.1121502141,0,-12944.61700957065,-12944.61700957065,-13336.87813107279,-35574.61662797526,-39671.78119609821,-42337.64961255837,990.4619246841606,1463.649193298381,735.9144097405178,0,0,0,0.2379951664107638,0.1244091294927885,0.05211776025188039,31.90173,31.90173,0,202650,27826.57188551692,19185.23738317802,48229.72047314129,25211.51009171359,10561.66411504356,-119.0933547566484,-119.0933547566484,0,-39.30080706969399,-39.30080706969399,-40.49174061726047,-107.6057612822328,-120.3572823452529,-129.0163245869945,0,0,0,0,0,0,320,1,1,1,1,1,1,1,1,1,1,1,1,1,1,1,0.33,0.33,0.34,0.33,0.33,0.34,0,0,0,1,0.331450990275449,0.4765500178203502,0.1919989919042008,0.331450990275449,0.4765500178203502,0.1919989919042008,-0,-0,-0,1,0,-5.551115123125783e-17,31.346262,-39226.1121502141,202650,-119.0933547566484,320,0.33,0.33,0.34,0.33,0.33,0.34,0,0,0,-5.551115123125783e-17,31.346262,-39226.1121502141,202650,-119.0933547566484,320,0.33,0.33,0.34,0.33,0.33,0.34,0,0,0,-5.551115123125783e-17
0.508,94.11021079333733,94.11021079333733,0,31.05636956180132,31.05636956180132,31.99747166973469,85.82895410552248,121.5034017755449,75.56039221348554,46.09264127934038,68.6879274399803,33.73838646413164,0,0,0,31.346262,31.346262,0,10.34426646,10.34426646,10.65772908,10.34426646,10.34426646,10.65772908,0,0,0,999.9999868332601,999.9999868332601,0,331.45098591132,476.55001154574,191.9989893762,331.45098591132,476.55001154574,191.9989893762,0,0,0,-39226.1121502141,-39226.1121502141,0,-12944.61700957065,-12944.61700957065,-13336.87813107279,-35574.61662797526,-39671.78119609821,-42337.64961255837,990.4619246841606,1463.649193298381,735.9144097405178,0,0,0,0.2379951664107638,0.1244091294927885,0.05211776025188039,31.90173,31.90173,0,202650,27826.57188551692,19185.23738317802,48229.72047314129,25211.51009171359,10561.66411504356,-119.0933547566484,-119.0933547566484,0,-39.30080706969399,-39.30080706969399,-40.49174061726047,-107.6057612822328,-120.3572823452529,-129.0163245869945,0,0,0,0,0,0,320,1,1,1,1,1,1,1,1,1,1,1,1,1,1,1,0.33,0.33,0.34,0.33,0.33,0.34,0,0,0,1,0.331450990275449,0.4765500178203502,0.1919989919042008,0.331450990275449,0.4765500178203502,0.1919989919042008,-0,-0,-0,1,0,-5.551115123125783e-17,31.346262,-39226.1121502141,202650,-119.0933547566484,320,0.33,0.33,0.34,0.33,0.33,0.34,0,0,0,-5.551115123125783e-17,31.346262,-39226.1121502141,202650,-119.0933547566484,320,0.33,0.33,0.34,0.33,0.33,0.34,0,0,0,-5.551115123125783e-17
0.51,94.11021079333733,94.11021079333733,0,31.05636956180132,31.05636956180132,31.99747166973469,85.82895410552248,121.5034017755449,75.56039221348554,46.09264127934038,68.6879274399803,33.73838646413164,0,0,0,31.346262,31.346262,0,10.34426646,10.34426646,10.65772908,10.34426646,10.34426646,10.65772908,0,0,0,999.9999868332601,999.9999868332601,0,331.45098591132,476.55001154574,191.9989893762,331.45098591132,476.55001154574,191.9989893762,0,0,0,-39226.1121502141,-39226.1121502141,0,-12944.61700957065,-12944.61700957065,-13336.87813107279,-35574.61662797526,-39671.78119609821,-42337.64961255837,990.4619246841606,1463.649193298381,735.9144097405178,0,0,0,0.2379951664107638,0.1244091294927885,0.05211776025188039,31.90173,31.90173,0,202650,27826.57188551692,19185.23738317802,48229.72047314129,25211.51009171359,10561.66411504356,-119.0933547566484,-119.0933547566484,0,-39.30080706969399,-39.30080706969399,-40.49174061726047,-107.6057612822328,-120.3572823452529,-129.0163245869945,0,0,0,0,0,0,320,1,1,1,1,1,1,1,1,1,1,1,1,1,1,1,0.33,0.33,0.34,0.33,0.33,0.34,0,0,0,1,0.331450990275449,0.4765500178203502,0.1919989919042008,0.331450990275449,0.4765500178203502,0.1919989919042008,-0,-0,-0,1,0,-5.551115123125783e-17,31.346262,-39226.1121502141,202650,-119.0933547566484,320,0.33,0.33,0.34,0.33,0.33,0.34,0,0,0,-5.551115123125783e-17,31.346262,-39226.1121502141,202650,-119.0933547566484,320,0.33,0.33,0.34,0.33,0.33,0.34,0,0,0,-5.551115123125783e-17
0.512,94.11021079333733,94.11021079333733,0,31.05636956180132,31.05636956180132,31.99747166973469,85.82895410552248,121.5034017755449,75.56039221348554,46.09264127934038,68.6879274399803,33.73838646413164,0,0,0,31.346262,31.346262,0,10.34426646,10.34426646,10.65772908,10.34426646,10.34426646,10.65772908,0,0,0,999.9999868332601,999.9999868332601,0,331.45098591132,476.55001154574,191.9989893762,331.45098591132,476.55001154574,191.9989893762,0,0,0,-39226.1121502141,-39226.1121502141,0,-12944.61700957065,-12944.61700957065,-13336.87813107279,-35574.61662797526,-39671.78119609821,-42337.64961255837,990.4619246841606,1463.649193298381,735.9144097405178,0,0,0,0.2379951664107638,0.1244091294927885,0.05211776025188039,31.90173,31.90173,0,202650,27826.57188551692,19185.23738317802,48229.72047314129,25211.51009171359,10561.66411504356,-119.0933547566484,-119.0933547566484,0,-39.30080706969399,-39.30080706969399,-40.49174061726047,-107.6057612822328,-120.3572823452529,-129.0163245869945,0,0,0,0,0,0,320,1,1,1,1,1,1,1,1,1,1,1,1,1,1,1,0.33,0.33,0.34,0.33,0.33,0.34,0,0,0,1,0.331450990275449,0.4765500178203502,0.1919989919042008,0.331450990275449,0.4765500178203502,0.1919989919042008,-0,-0,-0,1,0,-5.551115123125783e-17,31.346262,-39226.1121502141,202650,-119.0933547566484,320,0.33,0.33,0.34,0.33,0.33,0.34,0,0,0,-5.551115123125783e-17,31.346262,-39226.1121502141,202650,-119.0933547566484,320,0.33,0.33,0.34,0.33,0.33,0.34,0,0,0,-5.551115123125783e-17
0.514,94.11021079333733,94.11021079333733,0,31.05636956180132,31.05636956180132,31.99747166973469,85.82895410552248,121.5034017755449,75.56039221348554,46.09264127934038,68.6879274399803,33.73838646413164,0,0,0,31.346262,31.346262,0,10.34426646,10.34426646,10.65772908,10.34426646,10.34426646,10.65772908,0,0,0,999.9999868332601,999.9999868332601,0,331.45098591132,476.55001154574,191.9989893762,331.45098591132,476.55001154574,191.9989893762,0,0,0,-39226.1121502141,-39226.1121502141,0,-12944.61700957065,-12944.61700957065,-13336.87813107279,-35574.61662797526,-39671.78119609821,-42337.64961255837,990.4619246841606,1463.649193298381,735.9144097405178,0,0,0,0.2379951664107638,0.1244091294927885,0.05211776025188039,31.90173,31.90173,0,202650,27826.57188551692,19185.23738317802,48229.72047314129,25211.51009171359,10561.66411504356,-119.0933547566484,-119.0933547566484,0,-39.30080706969399,-39.30080706969399,-40.49174061726047,-107.6057612822328,-120.3572823452529,-129.0163245869945,0,0,0,0,0,0,320,1,1,1,1,1,1,1,1,1,1,1,1,1,1,1,0.33,0.33,0.34,0.33,0.33,0.34,0,0,0,1,0.331450990275449,0.4765500178203502,0.1919989919042008,0.331450990275449,0.4765500178203502,0.1919989919042008,-0,-0,-0,1,0,-5.551115123125783e-17,31.346262,-39226.1121502141,202650,-119.0933547566484,320,0.33,0.33,0.34,0.33,0.33,0.34,0,0,0,-5.551115123125783e-17,31.346262,-39226.1121502141,202650,-119.0933547566484,320,0.33,0.33,0.34,0.33,0.33,0.34,0,0,0,-5.551115123125783e-17
0.516,94.11021079333733,94.11021079333733,0,31.05636956180132,31.05636956180132,31.99747166973469,85.82895410552248,121.5034017755449,75.56039221348554,46.09264127934038,68.6879274399803,33.73838646413164,0,0,0,31.346262,31.346262,0,10.34426646,10.34426646,10.65772908,10.34426646,10.34426646,10.65772908,0,0,0,999.9999868332601,999.9999868332601,0,331.45098591132,476.55001154574,191.9989893762,331.45098591132,476.55001154574,191.9989893762,0,0,0,-39226.1121502141,-39226.1121502141,0,-12944.61700957065,-12944.61700957065,-13336.87813107279,-35574.61662797526,-39671.78119609821,-42337.64961255837,990.4619246841606,1463.649193298381,735.9144097405178,0,0,0,0.2379951664107638,0.1244091294927885,0.05211776025188039,31.90173,31.90173,0,202650,27826.57188551692,19185.23738317802,48229.72047314129,25211.51009171359,10561.66411504356,-119.0933547566484,-119.0933547566484,0,-39.30080706969399,-39.30080706969399,-40.49174061726047,-107.6057612822328,-120.3572823452529,-129.0163245869945,0,0,0,0,0,0,320,1,1,1,1,1,1,1,1,1,1,1,1,1,1,1,0.33,0.33,0.34,0.33,0.33,0.34,0,0,0,1,0.331450990275449,0.4765500178203502,0.1919989919042008,0.331450990275449,0.4765500178203502,0.1919989919042008,-0,-0,-0,1,0,-5.551115123125783e-17,31.346262,-39226.1121502141,202650,-119.0933547566484,320,0.33,0.33,0.34,0.33,0.33,0.34,0,0,0,-5.551115123125783e-17,31.346262,-39226.1121502141,202650,-119.0933547566484,320,0.33,0.33,0.34,0.33,0.33,0.34,0,0,0,-5.551115123125783e-17
0.518,94.11021079333733,94.11021079333733,0,31.05636956180132,31.05636956180132,31.99747166973469,85.82895410552248,121.5034017755449,75.56039221348554,46.09264127934038,68.6879274399803,33.73838646413164,0,0,0,31.346262,31.346262,0,10.34426646,10.34426646,10.65772908,10.34426646,10.34426646,10.65772908,0,0,0,999.9999868332601,999.9999868332601,0,331.45098591132,476.55001154574,191.9989893762,331.45098591132,476.55001154574,191.9989893762,0,0,0,-39226.1121502141,-39226.1121502141,0,-12944.61700957065,-12944.61700957065,-13336.87813107279,-35574.61662797526,-39671.78119609821,-42337.64961255837,990.4619246841606,1463.649193298381,735.9144097405178,0,0,0,0.2379951664107638,0.1244091294927885,0.05211776025188039,31.90173,31.90173,0,202650,27826.57188551692,19185.23738317802,48229.72047314129,25211.51009171359,10561.66411504356,-119.0933547566484,-119.0933547566484,0,-39.30080706969399,-39.30080706969399,-40.49174061726047,-107.6057612822328,-120.3572823452529,-129.0163245869945,0,0,0,0,0,0,320,1,1,1,1,1,1,1,1,1,1,1,1,1,1,1,0.33,0.33,0.34,0.33,0.33,0.34,0,0,0,1,0.331450990275449,0.4765500178203502,0.1919989919042008,0.331450990275449,0.4765500178203502,0.1919989919042008,-0,-0,-0,1,0,-5.551115123125783e-17,31.346262,-39226.1121502141,202650,-119.0933547566484,320,0.33,0.33,0.34,0.33,0.33,0.34,0,0,0,-5.551115123125783e-17,31.346262,-39226.1121502141,202650,-119.0933547566484,320,0.33,0.33,0.34,0.33,0.33,0.34,0,0,0,-5.551115123125783e-17
0.52,94.11021079333733,94.11021079333733,0,31.05636956180132,31.05636956180132,31.99747166973469,85.82895410552248,121.5034017755449,75.56039221348554,46.09264127934038,68.6879274399803,33.73838646413164,0,0,0,31.346262,31.346262,0,10.34426646,10.34426646,10.65772908,10.34426646,10.34426646,10.65772908,0,0,0,999.9999868332601,999.9999868332601,0,331.45098591132,476.55001154574,191.9989893762,331.45098591132,476.55001154574,191.9989893762,0,0,0,-39226.1121502141,-39226.1121502141,0,-12944.61700957065,-12944.61700957065,-13336.87813107279,-35574.61662797526,-39671.78119609821,-42337.64961255837,990.4619246841606,1463.649193298381,735.9144097405178,0,0,0,0.2379951664107638,0.1244091294927885,0.05211776025188039,31.90173,31.90173,0,202650,27826.57188551692,19185.23738317802,48229.72047314129,25211.51009171359,10561.66411504356,-119.0933547566484,-119.0933547566484,0,-39.30080706969399,-39.30080706969399,-40.49174061726047,-107.6057612822328,-120.3572823452529,-129.0163245869945,0,0,0,0,0,0,320,1,1,1,1,1,1,1,1,1,1,1,1,1,1,1,0.33,0.33,0.34,0.33,0.33,0.34,0,0,0,1,0.331450990275449,0.4765500178203502,0.1919989919042008,0.331450990275449,0.4765500178203502,0.1919989919042008,-0,-0,-0,1,0,-5.551115123125783e-17,31.346262,-39226.1121502141,202650,-119.0933547566484,320,0.33,0.33,0.34,0.33,0.33,0.34,0,0,0,-5.551115123125783e-17,31.346262,-39226.1121502141,202650,-119.0933547566484,320,0.33,0.33,0.34,0.33,0.33,0.34,0,0,0,-5.551115123125783e-17
0.522,94.11021079333733,94.11021079333733,0,31.05636956180132,31.05636956180132,31.99747166973469,85.82895410552248,121.5034017755449,75.56039221348554,46.09264127934038,68.6879274399803,33.73838646413164,0,0,0,31.346262,31.346262,0,10.34426646,10.34426646,10.65772908,10.34426646,10.34426646,10.65772908,0,0,0,999.9999868332601,999.9999868332601,0,331.45098591132,476.55001154574,191.9989893762,331.45098591132,476.55001154574,191.9989893762,0,0,0,-39226.1121502141,-39226.1121502141,0,-12944.61700957065,-12944.61700957065,-13336.87813107279,-35574.61662797526,-39671.78119609821,-42337.64961255837,990.4619246841606,1463.649193298381,735.9144097405178,0,0,0,0.2379951664107638,0.1244091294927885,0.05211776025188039,31.90173,31.90173,0,202650,27826.57188551692,19185.23738317802,48229.72047314129,25211.51009171359,10561.66411504356,-119.0933547566484,-119.0933547566484,0,-39.30080706969399,-39.30080706969399,-40.49174061726047,-107.6057612822328,-120.3572823452529,-129.0163245869945,0,0,0,0,0,0,320,1,1,1,1,1,1,1,1,1,1,1,1,1,1,1,0.33,0.33,0.34,0.33,0.33,0.34,0,0,0,1,0.331450990275449,0.4765500178203502,0.1919989919042008,0.331450990275449,0.4765500178203502,0.1919989919042008,-0,-0,-0,1,0,-5.551115123125783e-17,31.346262,-39226.1121502141,202650,-119.0933547566484,320,0.33,0.33,0.34,0.33,0.33,0.34,0,0,0,-5.551115123125783e-17,31.346262,-39226.1121502141,202650,-119.0933547566484,320,0.33,0.33,0.34,0.33,0.33,0.34,0,0,0,-5.551115123125783e-17
0.524,94.11021079333733,94.11021079333733,0,31.05636956180132,31.05636956180132,31.99747166973469,85.82895410552248,121.5034017755449,75.56039221348554,46.09264127934038,68.6879274399803,33.73838646413164,0,0,0,31.346262,31.346262,0,10.34426646,10.34426646,10.65772908,10.34426646,10.34426646,10.65772908,0,0,0,999.9999868332601,999.9999868332601,0,331.45098591132,476.55001154574,191.9989893762,331.45098591132,476.55001154574,191.9989893762,0,0,0,-39226.1121502141,-39226.1121502141,0,-12944.61700957065,-12944.61700957065,-13336.87813107279,-35574.61662797526,-39671.78119609821,-42337.64961255837,990.4619246841606,1463.649193298381,735.9144097405178,0,0,0,0.2379951664107638,0.1244091294927885,0.05211776025188039,31.90173,31.90173,0,202650,27826.57188551692,19185.23738317802,48229.72047314129,25211.51009171359,10561.66411504356,-119.0933547566484,-119.0933547566484,0,-39.30080706969399,-39.30080706969399,-40.49174061726047,-107.6057612822328,-120.3572823452529,-129.0163245869945,0,0,0,0,0,0,320,1,1,1,1,1,1,1,1,1,1,1,1,1,1,1,0.33,0.33,0.34,0.33,0.33,0.34,0,0,0,1,0.331450990275449,0.4765500178203502,0.1919989919042008,0.331450990275449,0.4765500178203502,0.1919989919042008,-0,-0,-0,1,0,-5.551115123125783e-17,31.346262,-39226.1121502141,202650,-119.0933547566484,320,0.33,0.33,0.34,0.33,0.33,0.34,0,0,0,-5.551115123125783e-17,31.346262,-39226.1121502141,202650,-119.0933547566484,320,0.33,0.33,0.34,0.33,0.33,0.34,0,0,0,-5.551115123125783e-17
0.526,94.11021079333733,94.11021079333733,0,31.05636956180132,31.05636956180132,31.99747166973469,85.82895410552248,121.5034017755449,75.56039221348554,46.09264127934038,68.6879274399803,33.73838646413164,0,0,0,31.346262,31.346262,0,10.34426646,10.34426646,10.65772908,10.34426646,10.34426646,10.65772908,0,0,0,999.9999868332601,999.9999868332601,0,331.45098591132,476.55001154574,191.9989893762,331.45098591132,476.55001154574,191.9989893762,0,0,0,-39226.1121502141,-39226.1121502141,0,-12944.61700957065,-12944.61700957065,-13336.87813107279,-35574.61662797526,-39671.78119609821,-42337.64961255837,990.4619246841606,1463.649193298381,735.9144097405178,0,0,0,0.2379951664107638,0.1244091294927885,0.05211776025188039,31.90173,31.90173,0,202650,27826.57188551692,19185.23738317802,48229.72047314129,25211.51009171359,10561.66411504356,-119.0933547566484,-119.0933547566484,0,-39.30080706969399,-39.30080706969399,-40.49174061726047,-107.6057612822328,-120.3572823452529,-129.0163245869945,0,0,0,0,0,0,320,1,1,1,1,1,1,1,1,1,1,1,1,1,1,1,0.33,0.33,0.34,0.33,0.33,0.34,0,0,0,1,0.331450990275449,0.4765500178203502,0.1919989919042008,0.331450990275449,0.4765500178203502,0.1919989919042008,-0,-0,-0,1,0,-5.551115123125783e-17,31.346262,-39226.1121502141,202650,-119.0933547566484,320,0.33,0.33,0.34,0.33,0.33,0.34,0,0,0,-5.551115123125783e-17,31.346262,-39226.1121502141,202650,-119.0933547566484,320,0.33,0.33,0.34,0.33,0.33,0.34,0,0,0,-5.551115123125783e-17
0.528,94.11021079333733,94.11021079333733,0,31.05636956180132,31.05636956180132,31.99747166973469,85.82895410552248,121.5034017755449,75.56039221348554,46.09264127934038,68.6879274399803,33.73838646413164,0,0,0,31.346262,31.346262,0,10.34426646,10.34426646,10.65772908,10.34426646,10.34426646,10.65772908,0,0,0,999.9999868332601,999.9999868332601,0,331.45098591132,476.55001154574,191.9989893762,331.45098591132,476.55001154574,191.9989893762,0,0,0,-39226.1121502141,-39226.1121502141,0,-12944.61700957065,-12944.61700957065,-13336.87813107279,-35574.61662797526,-39671.78119609821,-42337.64961255837,990.4619246841606,1463.649193298381,735.9144097405178,0,0,0,0.2379951664107638,0.1244091294927885,0.05211776025188039,31.90173,31.90173,0,202650,27826.57188551692,19185.23738317802,48229.72047314129,25211.51009171359,10561.66411504356,-119.0933547566484,-119.0933547566484,0,-39.30080706969399,-39.30080706969399,-40.49174061726047,-107.6057612822328,-120.3572823452529,-129.0163245869945,0,0,0,0,0,0,320,1,1,1,1,1,1,1,1,1,1,1,1,1,1,1,0.33,0.33,0.34,0.33,0.33,0.34,0,0,0,1,0.331450990275449,0.4765500178203502,0.1919989919042008,0.331450990275449,0.4765500178203502,0.1919989919042008,-0,-0,-0,1,0,-5.551115123125783e-17,31.346262,-39226.1121502141,202650,-119.0933547566484,320,0.33,0.33,0.34,0.33,0.33,0.34,0,0,0,-5.551115123125783e-17,31.346262,-39226.1121502141,202650,-119.0933547566484,320,0.33,0.33,0.34,0.33,0.33,0.34,0,0,0,-5.551115123125783e-17
0.53,94.11021079333733,94.11021079333733,0,31.05636956180132,31.05636956180132,31.99747166973469,85.82895410552248,121.5034017755449,75.56039221348554,46.09264127934038,68.6879274399803,33.73838646413164,0,0,0,31.346262,31.346262,0,10.34426646,10.34426646,10.65772908,10.34426646,10.34426646,10.65772908,0,0,0,999.9999868332601,999.9999868332601,0,331.45098591132,476.55001154574,191.9989893762,331.45098591132,476.55001154574,191.9989893762,0,0,0,-39226.1121502141,-39226.1121502141,0,-12944.61700957065,-12944.61700957065,-13336.87813107279,-35574.61662797526,-39671.78119609821,-42337.64961255837,990.4619246841606,1463.649193298381,735.9144097405178,0,0,0,0.2379951664107638,0.1244091294927885,0.05211776025188039,31.90173,31.90173,0,202650,27826.57188551692,19185.23738317802,48229.72047314129,25211.51009171359,10561.66411504356,-119.0933547566484,-119.0933547566484,0,-39.30080706969399,-39.30080706969399,-40.49174061726047,-107.6057612822328,-120.3572823452529,-129.0163245869945,0,0,0,0,0,0,320,1,1,1,1,1,1,1,1,1,1,1,1,1,1,1,0.33,0.33,0.34,0.33,0.33,0.34,0,0,0,1,0.331450990275449,0.4765500178203502,0.1919989919042008,0.331450990275449,0.4765500178203502,0.1919989919042008,-0,-0,-0,1,0,-5.551115123125783e-17,31.346262,-39226.1121502141,202650,-119.0933547566484,320,0.33,0.33,0.34,0.33,0.33,0.34,0,0,0,-5.551115123125783e-17,31.346262,-39226.1121502141,202650,-119.0933547566484,320,0.33,0.33,0.34,0.33,0.33,0.34,0,0,0,-5.551115123125783e-17
0.532,94.11021079333733,94.11021079333733,0,31.05636956180132,31.05636956180132,31.99747166973469,85.82895410552248,121.5034017755449,75.56039221348554,46.09264127934038,68.6879274399803,33.73838646413164,0,0,0,31.346262,31.346262,0,10.34426646,10.34426646,10.65772908,10.34426646,10.34426646,10.65772908,0,0,0,999.9999868332601,999.9999868332601,0,331.45098591132,476.55001154574,191.9989893762,331.45098591132,476.55001154574,191.9989893762,0,0,0,-39226.1121502141,-39226.1121502141,0,-12944.61700957065,-12944.61700957065,-13336.87813107279,-35574.61662797526,-39671.78119609821,-42337.64961255837,990.4619246841606,1463.649193298381,735.9144097405178,0,0,0,0.2379951664107638,0.1244091294927885,0.05211776025188039,31.90173,31.90173,0,202650,27826.57188551692,19185.23738317802,48229.72047314129,25211.51009171359,10561.66411504356,-119.0933547566484,-119.0933547566484,0,-39.30080706969399,-39.30080706969399,-40.49174061726047,-107.6057612822328,-120.3572823452529,-129.0163245869945,0,0,0,0,0,0,320,1,1,1,1,1,1,1,1,1,1,1,1,1,1,1,0.33,0.33,0.34,0.33,0.33,0.34,0,0,0,1,0.331450990275449,0.4765500178203502,0.1919989919042008,0.331450990275449,0.4765500178203502,0.1919989919042008,-0,-0,-0,1,0,-5.551115123125783e-17,31.346262,-39226.1121502141,202650,-119.0933547566484,320,0.33,0.33,0.34,0.33,0.33,0.34,0,0,0,-5.551115123125783e-17,31.346262,-39226.1121502141,202650,-119.0933547566484,320,0.33,0.33,0.34,0.33,0.33,0.34,0,0,0,-5.551115123125783e-17
0.534,94.11021079333733,94.11021079333733,0,31.05636956180132,31.05636956180132,31.99747166973469,85.82895410552248,121.5034017755449,75.56039221348554,46.09264127934038,68.6879274399803,33.73838646413164,0,0,0,31.346262,31.346262,0,10.34426646,10.34426646,10.65772908,10.34426646,10.34426646,10.65772908,0,0,0,999.9999868332601,999.9999868332601,0,331.45098591132,476.55001154574,191.9989893762,331.45098591132,476.55001154574,191.9989893762,0,0,0,-39226.1121502141,-39226.1121502141,0,-12944.61700957065,-12944.61700957065,-13336.87813107279,-35574.61662797526,-39671.78119609821,-42337.64961255837,990.4619246841606,1463.649193298381,735.9144097405178,0,0,0,0.2379951664107638,0.1244091294927885,0.05211776025188039,31.90173,31.90173,0,202650,27826.57188551692,19185.23738317802,48229.72047314129,25211.51009171359,10561.66411504356,-119.0933547566484,-119.0933547566484,0,-39.30080706969399,-39.30080706969399,-40.49174061726047,-107.6057612822328,-120.3572823452529,-129.0163245869945,0,0,0,0,0,0,320,1,1,1,1,1,1,1,1,1,1,1,1,1,1,1,0.33,0.33,0.34,0.33,0.33,0.34,0,0,0,1,0.331450990275449,0.4765500178203502,0.1919989919042008,0.331450990275449,0.4765500178203502,0.1919989919042008,-0,-0,-0,1,0,-5.551115123125783e-17,31.346262,-39226.1121502141,202650,-119.0933547566484,320,0.33,0.33,0.34,0.33,0.33,0.34,0,0,0,-5.551115123125783e-17,31.346262,-39226.1121502141,202650,-119.0933547566484,320,0.33,0.33,0.34,0.33,0.33,0.34,0,0,0,-5.551115123125783e-17
0.536,94.11021079333733,94.11021079333733,0,31.05636956180132,31.05636956180132,31.99747166973469,85.82895410552248,121.5034017755449,75.56039221348554,46.09264127934038,68.6879274399803,33.73838646413164,0,0,0,31.346262,31.346262,0,10.34426646,10.34426646,10.65772908,10.34426646,10.34426646,10.65772908,0,0,0,999.9999868332601,999.9999868332601,0,331.45098591132,476.55001154574,191.9989893762,331.45098591132,476.55001154574,191.9989893762,0,0,0,-39226.1121502141,-39226.1121502141,0,-12944.61700957065,-12944.61700957065,-13336.87813107279,-35574.61662797526,-39671.78119609821,-42337.64961255837,990.4619246841606,1463.649193298381,735.9144097405178,0,0,0,0.2379951664107638,0.1244091294927885,0.05211776025188039,31.90173,31.90173,0,202650,27826.57188551692,19185.23738317802,48229.72047314129,25211.51009171359,10561.66411504356,-119.0933547566484,-119.0933547566484,0,-39.30080706969399,-39.30080706969399,-40.49174061726047,-107.6057612822328,-120.3572823452529,-129.0163245869945,0,0,0,0,0,0,320,1,1,1,1,1,1,1,1,1,1,1,1,1,1,1,0.33,0.33,0.34,0.33,0.33,0.34,0,0,0,1,0.331450990275449,0.4765500178203502,0.1919989919042008,0.331450990275449,0.4765500178203502,0.1919989919042008,-0,-0,-0,1,0,-5.551115123125783e-17,31.346262,-39226.1121502141,202650,-119.0933547566484,320,0.33,0.33,0.34,0.33,0.33,0.34,0,0,0,-5.551115123125783e-17,31.346262,-39226.1121502141,202650,-119.0933547566484,320,0.33,0.33,0.34,0.33,0.33,0.34,0,0,0,-5.551115123125783e-17
0.538,94.11021079333733,94.11021079333733,0,31.05636956180132,31.05636956180132,31.99747166973469,85.82895410552248,121.5034017755449,75.56039221348554,46.09264127934038,68.6879274399803,33.73838646413164,0,0,0,31.346262,31.346262,0,10.34426646,10.34426646,10.65772908,10.34426646,10.34426646,10.65772908,0,0,0,999.9999868332601,999.9999868332601,0,331.45098591132,476.55001154574,191.9989893762,331.45098591132,476.55001154574,191.9989893762,0,0,0,-39226.1121502141,-39226.1121502141,0,-12944.61700957065,-12944.61700957065,-13336.87813107279,-35574.61662797526,-39671.78119609821,-42337.64961255837,990.4619246841606,1463.649193298381,735.9144097405178,0,0,0,0.2379951664107638,0.1244091294927885,0.05211776025188039,31.90173,31.90173,0,202650,27826.57188551692,19185.23738317802,48229.72047314129,25211.51009171359,10561.66411504356,-119.0933547566484,-119.0933547566484,0,-39.30080706969399,-39.30080706969399,-40.49174061726047,-107.6057612822328,-120.3572823452529,-129.0163245869945,0,0,0,0,0,0,320,1,1,1,1,1,1,1,1,1,1,1,1,1,1,1,0.33,0.33,0.34,0.33,0.33,0.34,0,0,0,1,0.331450990275449,0.4765500178203502,0.1919989919042008,0.331450990275449,0.4765500178203502,0.1919989919042008,-0,-0,-0,1,0,-5.551115123125783e-17,31.346262,-39226.1121502141,202650,-119.0933547566484,320,0.33,0.33,0.34,0.33,0.33,0.34,0,0,0,-5.551115123125783e-17,31.346262,-39226.1121502141,202650,-119.0933547566484,320,0.33,0.33,0.34,0.33,0.33,0.34,0,0,0,-5.551115123125783e-17
0.54,94.11021079333733,94.11021079333733,0,31.05636956180132,31.05636956180132,31.99747166973469,85.82895410552248,121.5034017755449,75.56039221348554,46.09264127934038,68.6879274399803,33.73838646413164,0,0,0,31.346262,31.346262,0,10.34426646,10.34426646,10.65772908,10.34426646,10.34426646,10.65772908,0,0,0,999.9999868332601,999.9999868332601,0,331.45098591132,476.55001154574,191.9989893762,331.45098591132,476.55001154574,191.9989893762,0,0,0,-39226.1121502141,-39226.1121502141,0,-12944.61700957065,-12944.61700957065,-13336.87813107279,-35574.61662797526,-39671.78119609821,-42337.64961255837,990.4619246841606,1463.649193298381,735.9144097405178,0,0,0,0.2379951664107638,0.1244091294927885,0.05211776025188039,31.90173,31.90173,0,202650,27826.57188551692,19185.23738317802,48229.72047314129,25211.51009171359,10561.66411504356,-119.0933547566484,-119.0933547566484,0,-39.30080706969399,-39.30080706969399,-40.49174061726047,-107.6057612822328,-120.3572823452529,-129.0163245869945,0,0,0,0,0,0,320,1,1,1,1,1,1,1,1,1,1,1,1,1,1,1,0.33,0.33,0.34,0.33,0.33,0.34,0,0,0,1,0.331450990275449,0.4765500178203502,0.1919989919042008,0.331450990275449,0.4765500178203502,0.1919989919042008,-0,-0,-0,1,0,-5.551115123125783e-17,31.346262,-39226.1121502141,202650,-119.0933547566484,320,0.33,0.33,0.34,0.33,0.33,0.34,0,0,0,-5.551115123125783e-17,31.346262,-39226.1121502141,202650,-119.0933547566484,320,0.33,0.33,0.34,0.33,0.33,0.34,0,0,0,-5.551115123125783e-17
0.542,94.11021079333733,94.11021079333733,0,31.05636956180132,31.05636956180132,31.99747166973469,85.82895410552248,121.5034017755449,75.56039221348554,46.09264127934038,68.6879274399803,33.73838646413164,0,0,0,31.346262,31.346262,0,10.34426646,10.34426646,10.65772908,10.34426646,10.34426646,10.65772908,0,0,0,999.9999868332601,999.9999868332601,0,331.45098591132,476.55001154574,191.9989893762,331.45098591132,476.55001154574,191.9989893762,0,0,0,-39226.1121502141,-39226.1121502141,0,-12944.61700957065,-12944.61700957065,-13336.87813107279,-35574.61662797526,-39671.78119609821,-42337.64961255837,990.4619246841606,1463.649193298381,735.9144097405178,0,0,0,0.2379951664107638,0.1244091294927885,0.05211776025188039,31.90173,31.90173,0,202650,27826.57188551692,19185.23738317802,48229.72047314129,25211.51009171359,10561.66411504356,-119.0933547566484,-119.0933547566484,0,-39.30080706969399,-39.30080706969399,-40.49174061726047,-107.6057612822328,-120.3572823452529,-129.0163245869945,0,0,0,0,0,0,320,1,1,1,1,1,1,1,1,1,1,1,1,1,1,1,0.33,0.33,0.34,0.33,0.33,0.34,0,0,0,1,0.331450990275449,0.4765500178203502,0.1919989919042008,0.331450990275449,0.4765500178203502,0.1919989919042008,-0,-0,-0,1,0,-5.551115123125783e-17,31.346262,-39226.1121502141,202650,-119.0933547566484,320,0.33,0.33,0.34,0.33,0.33,0.34,0,0,0,-5.551115123125783e-17,31.346262,-39226.1121502141,202650,-119.0933547566484,320,0.33,0.33,0.34,0.33,0.33,0.34,0,0,0,-5.551115123125783e-17
0.544,94.11021079333733,94.11021079333733,0,31.05636956180132,31.05636956180132,31.99747166973469,85.82895410552248,121.5034017755449,75.56039221348554,46.09264127934038,68.6879274399803,33.73838646413164,0,0,0,31.346262,31.346262,0,10.34426646,10.34426646,10.65772908,10.34426646,10.34426646,10.65772908,0,0,0,999.9999868332601,999.9999868332601,0,331.45098591132,476.55001154574,191.9989893762,331.45098591132,476.55001154574,191.9989893762,0,0,0,-39226.1121502141,-39226.1121502141,0,-12944.61700957065,-12944.61700957065,-13336.87813107279,-35574.61662797526,-39671.78119609821,-42337.64961255837,990.4619246841606,1463.649193298381,735.9144097405178,0,0,0,0.2379951664107638,0.1244091294927885,0.05211776025188039,31.90173,31.90173,0,202650,27826.57188551692,19185.23738317802,48229.72047314129,25211.51009171359,10561.66411504356,-119.0933547566484,-119.0933547566484,0,-39.30080706969399,-39.30080706969399,-40.49174061726047,-107.6057612822328,-120.3572823452529,-129.0163245869945,0,0,0,0,0,0,320,1,1,1,1,1,1,1,1,1,1,1,1,1,1,1,0.33,0.33,0.34,0.33,0.33,0.34,0,0,0,1,0.331450990275449,0.4765500178203502,0.1919989919042008,0.331450990275449,0.4765500178203502,0.1919989919042008,-0,-0,-0,1,0,-5.551115123125783e-17,31.346262,-39226.1121502141,202650,-119.0933547566484,320,0.33,0.33,0.34,0.33,0.33,0.34,0,0,0,-5.551115123125783e-17,31.346262,-39226.1121502141,202650,-119.0933547566484,320,0.33,0.33,0.34,0.33,0.33,0.34,0,0,0,-5.551115123125783e-17
0.546,94.11021079333733,94.11021079333733,0,31.05636956180132,31.05636956180132,31.99747166973469,85.82895410552248,121.5034017755449,75.56039221348554,46.09264127934038,68.6879274399803,33.73838646413164,0,0,0,31.346262,31.346262,0,10.34426646,10.34426646,10.65772908,10.34426646,10.34426646,10.65772908,0,0,0,999.9999868332601,999.9999868332601,0,331.45098591132,476.55001154574,191.9989893762,331.45098591132,476.55001154574,191.9989893762,0,0,0,-39226.1121502141,-39226.1121502141,0,-12944.61700957065,-12944.61700957065,-13336.87813107279,-35574.61662797526,-39671.78119609821,-42337.64961255837,990.4619246841606,1463.649193298381,735.9144097405178,0,0,0,0.2379951664107638,0.1244091294927885,0.05211776025188039,31.90173,31.90173,0,202650,27826.57188551692,19185.23738317802,48229.72047314129,25211.51009171359,10561.66411504356,-119.0933547566484,-119.0933547566484,0,-39.30080706969399,-39.30080706969399,-40.49174061726047,-107.6057612822328,-120.3572823452529,-129.0163245869945,0,0,0,0,0,0,320,1,1,1,1,1,1,1,1,1,1,1,1,1,1,1,0.33,0.33,0.34,0.33,0.33,0.34,0,0,0,1,0.331450990275449,0.4765500178203502,0.1919989919042008,0.331450990275449,0.4765500178203502,0.1919989919042008,-0,-0,-0,1,0,-5.551115123125783e-17,31.346262,-39226.1121502141,202650,-119.0933547566484,320,0.33,0.33,0.34,0.33,0.33,0.34,0,0,0,-5.551115123125783e-17,31.346262,-39226.1121502141,202650,-119.0933547566484,320,0.33,0.33,0.34,0.33,0.33,0.34,0,0,0,-5.551115123125783e-17
0.548,94.11021079333733,94.11021079333733,0,31.05636956180132,31.05636956180132,31.99747166973469,85.82895410552248,121.5034017755449,75.56039221348554,46.09264127934038,68.6879274399803,33.73838646413164,0,0,0,31.346262,31.346262,0,10.34426646,10.34426646,10.65772908,10.34426646,10.34426646,10.65772908,0,0,0,999.9999868332601,999.9999868332601,0,331.45098591132,476.55001154574,191.9989893762,331.45098591132,476.55001154574,191.9989893762,0,0,0,-39226.1121502141,-39226.1121502141,0,-12944.61700957065,-12944.61700957065,-13336.87813107279,-35574.61662797526,-39671.78119609821,-42337.64961255837,990.4619246841606,1463.649193298381,735.9144097405178,0,0,0,0.2379951664107638,0.1244091294927885,0.05211776025188039,31.90173,31.90173,0,202650,27826.57188551692,19185.23738317802,48229.72047314129,25211.51009171359,10561.66411504356,-119.0933547566484,-119.0933547566484,0,-39.30080706969399,-39.30080706969399,-40.49174061726047,-107.6057612822328,-120.3572823452529,-129.0163245869945,0,0,0,0,0,0,320,1,1,1,1,1,1,1,1,1,1,1,1,1,1,1,0.33,0.33,0.34,0.33,0.33,0.34,0,0,0,1,0.331450990275449,0.4765500178203502,0.1919989919042008,0.331450990275449,0.4765500178203502,0.1919989919042008,-0,-0,-0,1,0,-5.551115123125783e-17,31.346262,-39226.1121502141,202650,-119.0933547566484,320,0.33,0.33,0.34,0.33,0.33,0.34,0,0,0,-5.551115123125783e-17,31.346262,-39226.1121502141,202650,-119.0933547566484,320,0.33,0.33,0.34,0.33,0.33,0.34,0,0,0,-5.551115123125783e-17
0.55,94.11021079333733,94.11021079333733,0,31.05636956180132,31.05636956180132,31.99747166973469,85.82895410552248,121.5034017755449,75.56039221348554,46.09264127934038,68.6879274399803,33.73838646413164,0,0,0,31.346262,31.346262,0,10.34426646,10.34426646,10.65772908,10.34426646,10.34426646,10.65772908,0,0,0,999.9999868332601,999.9999868332601,0,331.45098591132,476.55001154574,191.9989893762,331.45098591132,476.55001154574,191.9989893762,0,0,0,-39226.1121502141,-39226.1121502141,0,-12944.61700957065,-12944.61700957065,-13336.87813107279,-35574.61662797526,-39671.78119609821,-42337.64961255837,990.4619246841606,1463.649193298381,735.9144097405178,0,0,0,0.2379951664107638,0.1244091294927885,0.05211776025188039,31.90173,31.90173,0,202650,27826.57188551692,19185.23738317802,48229.72047314129,25211.51009171359,10561.66411504356,-119.0933547566484,-119.0933547566484,0,-39.30080706969399,-39.30080706969399,-40.49174061726047,-107.6057612822328,-120.3572823452529,-129.0163245869945,0,0,0,0,0,0,320,1,1,1,1,1,1,1,1,1,1,1,1,1,1,1,0.33,0.33,0.34,0.33,0.33,0.34,0,0,0,1,0.331450990275449,0.4765500178203502,0.1919989919042008,0.331450990275449,0.4765500178203502,0.1919989919042008,-0,-0,-0,1,0,-5.551115123125783e-17,31.346262,-39226.1121502141,202650,-119.0933547566484,320,0.33,0.33,0.34,0.33,0.33,0.34,0,0,0,-5.551115123125783e-17,31.346262,-39226.1121502141,202650,-119.0933547566484,320,0.33,0.33,0.34,0.33,0.33,0.34,0,0,0,-5.551115123125783e-17
0.552,94.11021079333733,94.11021079333733,0,31.05636956180132,31.05636956180132,31.99747166973469,85.82895410552248,121.5034017755449,75.56039221348554,46.09264127934038,68.6879274399803,33.73838646413164,0,0,0,31.346262,31.346262,0,10.34426646,10.34426646,10.65772908,10.34426646,10.34426646,10.65772908,0,0,0,999.9999868332601,999.9999868332601,0,331.45098591132,476.55001154574,191.9989893762,331.45098591132,476.55001154574,191.9989893762,0,0,0,-39226.1121502141,-39226.1121502141,0,-12944.61700957065,-12944.61700957065,-13336.87813107279,-35574.61662797526,-39671.78119609821,-42337.64961255837,990.4619246841606,1463.649193298381,735.9144097405178,0,0,0,0.2379951664107638,0.1244091294927885,0.05211776025188039,31.90173,31.90173,0,202650,27826.57188551692,19185.23738317802,48229.72047314129,25211.51009171359,10561.66411504356,-119.0933547566484,-119.0933547566484,0,-39.30080706969399,-39.30080706969399,-40.49174061726047,-107.6057612822328,-120.3572823452529,-129.0163245869945,0,0,0,0,0,0,320,1,1,1,1,1,1,1,1,1,1,1,1,1,1,1,0.33,0.33,0.34,0.33,0.33,0.34,0,0,0,1,0.331450990275449,0.4765500178203502,0.1919989919042008,0.331450990275449,0.4765500178203502,0.1919989919042008,-0,-0,-0,1,0,-5.551115123125783e-17,31.346262,-39226.1121502141,202650,-119.0933547566484,320,0.33,0.33,0.34,0.33,0.33,0.34,0,0,0,-5.551115123125783e-17,31.346262,-39226.1121502141,202650,-119.0933547566484,320,0.33,0.33,0.34,0.33,0.33,0.34,0,0,0,-5.551115123125783e-17
0.554,94.11021079333733,94.11021079333733,0,31.05636956180132,31.05636956180132,31.99747166973469,85.82895410552248,121.5034017755449,75.56039221348554,46.09264127934038,68.6879274399803,33.73838646413164,0,0,0,31.346262,31.346262,0,10.34426646,10.34426646,10.65772908,10.34426646,10.34426646,10.65772908,0,0,0,999.9999868332601,999.9999868332601,0,331.45098591132,476.55001154574,191.9989893762,331.45098591132,476.55001154574,191.9989893762,0,0,0,-39226.1121502141,-39226.1121502141,0,-12944.61700957065,-12944.61700957065,-13336.87813107279,-35574.61662797526,-39671.78119609821,-42337.64961255837,990.4619246841606,1463.649193298381,735.9144097405178,0,0,0,0.2379951664107638,0.1244091294927885,0.05211776025188039,31.90173,31.90173,0,202650,27826.57188551692,19185.23738317802,48229.72047314129,25211.51009171359,10561.66411504356,-119.0933547566484,-119.0933547566484,0,-39.30080706969399,-39.30080706969399,-40.49174061726047,-107.6057612822328,-120.3572823452529,-129.0163245869945,0,0,0,0,0,0,320,1,1,1,1,1,1,1,1,1,1,1,1,1,1,1,0.33,0.33,0.34,0.33,0.33,0.34,0,0,0,1,0.331450990275449,0.4765500178203502,0.1919989919042008,0.331450990275449,0.4765500178203502,0.1919989919042008,-0,-0,-0,1,0,-5.551115123125783e-17,31.346262,-39226.1121502141,202650,-119.0933547566484,320,0.33,0.33,0.34,0.33,0.33,0.34,0,0,0,-5.551115123125783e-17,31.346262,-39226.1121502141,202650,-119.0933547566484,320,0.33,0.33,0.34,0.33,0.33,0.34,0,0,0,-5.551115123125783e-17
0.556,94.11021079333733,94.11021079333733,0,31.05636956180132,31.05636956180132,31.99747166973469,85.82895410552248,121.5034017755449,75.56039221348554,46.09264127934038,68.6879274399803,33.73838646413164,0,0,0,31.346262,31.346262,0,10.34426646,10.34426646,10.65772908,10.34426646,10.34426646,10.65772908,0,0,0,999.9999868332601,999.9999868332601,0,331.45098591132,476.55001154574,191.9989893762,331.45098591132,476.55001154574,191.9989893762,0,0,0,-39226.1121502141,-39226.1121502141,0,-12944.61700957065,-12944.61700957065,-13336.87813107279,-35574.61662797526,-39671.78119609821,-42337.64961255837,990.4619246841606,1463.649193298381,735.9144097405178,0,0,0,0.2379951664107638,0.1244091294927885,0.05211776025188039,31.90173,31.90173,0,202650,27826.57188551692,19185.23738317802,48229.72047314129,25211.51009171359,10561.66411504356,-119.0933547566484,-119.0933547566484,0,-39.30080706969399,-39.30080706969399,-40.49174061726047,-107.6057612822328,-120.3572823452529,-129.0163245869945,0,0,0,0,0,0,320,1,1,1,1,1,1,1,1,1,1,1,1,1,1,1,0.33,0.33,0.34,0.33,0.33,0.34,0,0,0,1,0.331450990275449,0.4765500178203502,0.1919989919042008,0.331450990275449,0.4765500178203502,0.1919989919042008,-0,-0,-0,1,0,-5.551115123125783e-17,31.346262,-39226.1121502141,202650,-119.0933547566484,320,0.33,0.33,0.34,0.33,0.33,0.34,0,0,0,-5.551115123125783e-17,31.346262,-39226.1121502141,202650,-119.0933547566484,320,0.33,0.33,0.34,0.33,0.33,0.34,0,0,0,-5.551115123125783e-17
0.5580000000000001,94.11021079333733,94.11021079333733,0,31.05636956180132,31.05636956180132,31.99747166973469,85.82895410552248,121.5034017755449,75.56039221348554,46.09264127934038,68.6879274399803,33.73838646413164,0,0,0,31.346262,31.346262,0,10.34426646,10.34426646,10.65772908,10.34426646,10.34426646,10.65772908,0,0,0,999.9999868332601,999.9999868332601,0,331.45098591132,476.55001154574,191.9989893762,331.45098591132,476.55001154574,191.9989893762,0,0,0,-39226.1121502141,-39226.1121502141,0,-12944.61700957065,-12944.61700957065,-13336.87813107279,-35574.61662797526,-39671.78119609821,-42337.64961255837,990.4619246841606,1463.649193298381,735.9144097405178,0,0,0,0.2379951664107638,0.1244091294927885,0.05211776025188039,31.90173,31.90173,0,202650,27826.57188551692,19185.23738317802,48229.72047314129,25211.51009171359,10561.66411504356,-119.0933547566484,-119.0933547566484,0,-39.30080706969399,-39.30080706969399,-40.49174061726047,-107.6057612822328,-120.3572823452529,-129.0163245869945,0,0,0,0,0,0,320,1,1,1,1,1,1,1,1,1,1,1,1,1,1,1,0.33,0.33,0.34,0.33,0.33,0.34,0,0,0,1,0.331450990275449,0.4765500178203502,0.1919989919042008,0.331450990275449,0.4765500178203502,0.1919989919042008,-0,-0,-0,1,0,-5.551115123125783e-17,31.346262,-39226.1121502141,202650,-119.0933547566484,320,0.33,0.33,0.34,0.33,0.33,0.34,0,0,0,-5.551115123125783e-17,31.346262,-39226.1121502141,202650,-119.0933547566484,320,0.33,0.33,0.34,0.33,0.33,0.34,0,0,0,-5.551115123125783e-17
0.5600000000000001,94.11021079333733,94.11021079333733,0,31.05636956180132,31.05636956180132,31.99747166973469,85.82895410552248,121.5034017755449,75.56039221348554,46.09264127934038,68.6879274399803,33.73838646413164,0,0,0,31.346262,31.346262,0,10.34426646,10.34426646,10.65772908,10.34426646,10.34426646,10.65772908,0,0,0,999.9999868332601,999.9999868332601,0,331.45098591132,476.55001154574,191.9989893762,331.45098591132,476.55001154574,191.9989893762,0,0,0,-39226.1121502141,-39226.1121502141,0,-12944.61700957065,-12944.61700957065,-13336.87813107279,-35574.61662797526,-39671.78119609821,-42337.64961255837,990.4619246841606,1463.649193298381,735.9144097405178,0,0,0,0.2379951664107638,0.1244091294927885,0.05211776025188039,31.90173,31.90173,0,202650,27826.57188551692,19185.23738317802,48229.72047314129,25211.51009171359,10561.66411504356,-119.0933547566484,-119.0933547566484,0,-39.30080706969399,-39.30080706969399,-40.49174061726047,-107.6057612822328,-120.3572823452529,-129.0163245869945,0,0,0,0,0,0,320,1,1,1,1,1,1,1,1,1,1,1,1,1,1,1,0.33,0.33,0.34,0.33,0.33,0.34,0,0,0,1,0.331450990275449,0.4765500178203502,0.1919989919042008,0.331450990275449,0.4765500178203502,0.1919989919042008,-0,-0,-0,1,0,-5.551115123125783e-17,31.346262,-39226.1121502141,202650,-119.0933547566484,320,0.33,0.33,0.34,0.33,0.33,0.34,0,0,0,-5.551115123125783e-17,31.346262,-39226.1121502141,202650,-119.0933547566484,320,0.33,0.33,0.34,0.33,0.33,0.34,0,0,0,-5.551115123125783e-17
0.5620000000000001,94.11021079333733,94.11021079333733,0,31.05636956180132,31.05636956180132,31.99747166973469,85.82895410552248,121.5034017755449,75.56039221348554,46.09264127934038,68.6879274399803,33.73838646413164,0,0,0,31.346262,31.346262,0,10.34426646,10.34426646,10.65772908,10.34426646,10.34426646,10.65772908,0,0,0,999.9999868332601,999.9999868332601,0,331.45098591132,476.55001154574,191.9989893762,331.45098591132,476.55001154574,191.9989893762,0,0,0,-39226.1121502141,-39226.1121502141,0,-12944.61700957065,-12944.61700957065,-13336.87813107279,-35574.61662797526,-39671.78119609821,-42337.64961255837,990.4619246841606,1463.649193298381,735.9144097405178,0,0,0,0.2379951664107638,0.1244091294927885,0.05211776025188039,31.90173,31.90173,0,202650,27826.57188551692,19185.23738317802,48229.72047314129,25211.51009171359,10561.66411504356,-119.0933547566484,-119.0933547566484,0,-39.30080706969399,-39.30080706969399,-40.49174061726047,-107.6057612822328,-120.3572823452529,-129.0163245869945,0,0,0,0,0,0,320,1,1,1,1,1,1,1,1,1,1,1,1,1,1,1,0.33,0.33,0.34,0.33,0.33,0.34,0,0,0,1,0.331450990275449,0.4765500178203502,0.1919989919042008,0.331450990275449,0.4765500178203502,0.1919989919042008,-0,-0,-0,1,0,-5.551115123125783e-17,31.346262,-39226.1121502141,202650,-119.0933547566484,320,0.33,0.33,0.34,0.33,0.33,0.34,0,0,0,-5.551115123125783e-17,31.346262,-39226.1121502141,202650,-119.0933547566484,320,0.33,0.33,0.34,0.33,0.33,0.34,0,0,0,-5.551115123125783e-17
0.5639999999999999,94.11021079333733,94.11021079333733,0,31.05636956180132,31.05636956180132,31.99747166973469,85.82895410552248,121.5034017755449,75.56039221348554,46.09264127934038,68.6879274399803,33.73838646413164,0,0,0,31.346262,31.346262,0,10.34426646,10.34426646,10.65772908,10.34426646,10.34426646,10.65772908,0,0,0,999.9999868332601,999.9999868332601,0,331.45098591132,476.55001154574,191.9989893762,331.45098591132,476.55001154574,191.9989893762,0,0,0,-39226.1121502141,-39226.1121502141,0,-12944.61700957065,-12944.61700957065,-13336.87813107279,-35574.61662797526,-39671.78119609821,-42337.64961255837,990.4619246841606,1463.649193298381,735.9144097405178,0,0,0,0.2379951664107638,0.1244091294927885,0.05211776025188039,31.90173,31.90173,0,202650,27826.57188551692,19185.23738317802,48229.72047314129,25211.51009171359,10561.66411504356,-119.0933547566484,-119.0933547566484,0,-39.30080706969399,-39.30080706969399,-40.49174061726047,-107.6057612822328,-120.3572823452529,-129.0163245869945,0,0,0,0,0,0,320,1,1,1,1,1,1,1,1,1,1,1,1,1,1,1,0.33,0.33,0.34,0.33,0.33,0.34,0,0,0,1,0.331450990275449,0.4765500178203502,0.1919989919042008,0.331450990275449,0.4765500178203502,0.1919989919042008,-0,-0,-0,1,0,-5.551115123125783e-17,31.346262,-39226.1121502141,202650,-119.0933547566484,320,0.33,0.33,0.34,0.33,0.33,0.34,0,0,0,-5.551115123125783e-17,31.346262,-39226.1121502141,202650,-119.0933547566484,320,0.33,0.33,0.34,0.33,0.33,0.34,0,0,0,-5.551115123125783e-17
0.5659999999999999,94.11021079333733,94.11021079333733,0,31.05636956180132,31.05636956180132,31.99747166973469,85.82895410552248,121.5034017755449,75.56039221348554,46.09264127934038,68.6879274399803,33.73838646413164,0,0,0,31.346262,31.346262,0,10.34426646,10.34426646,10.65772908,10.34426646,10.34426646,10.65772908,0,0,0,999.9999868332601,999.9999868332601,0,331.45098591132,476.55001154574,191.9989893762,331.45098591132,476.55001154574,191.9989893762,0,0,0,-39226.1121502141,-39226.1121502141,0,-12944.61700957065,-12944.61700957065,-13336.87813107279,-35574.61662797526,-39671.78119609821,-42337.64961255837,990.4619246841606,1463.649193298381,735.9144097405178,0,0,0,0.2379951664107638,0.1244091294927885,0.05211776025188039,31.90173,31.90173,0,202650,27826.57188551692,19185.23738317802,48229.72047314129,25211.51009171359,10561.66411504356,-119.0933547566484,-119.0933547566484,0,-39.30080706969399,-39.30080706969399,-40.49174061726047,-107.6057612822328,-120.3572823452529,-129.0163245869945,0,0,0,0,0,0,320,1,1,1,1,1,1,1,1,1,1,1,1,1,1,1,0.33,0.33,0.34,0.33,0.33,0.34,0,0,0,1,0.331450990275449,0.4765500178203502,0.1919989919042008,0.331450990275449,0.4765500178203502,0.1919989919042008,-0,-0,-0,1,0,-5.551115123125783e-17,31.346262,-39226.1121502141,202650,-119.0933547566484,320,0.33,0.33,0.34,0.33,0.33,0.34,0,0,0,-5.551115123125783e-17,31.346262,-39226.1121502141,202650,-119.0933547566484,320,0.33,0.33,0.34,0.33,0.33,0.34,0,0,0,-5.551115123125783e-17
0.5679999999999999,94.11021079333733,94.11021079333733,0,31.05636956180132,31.05636956180132,31.99747166973469,85.82895410552248,121.5034017755449,75.56039221348554,46.09264127934038,68.6879274399803,33.73838646413164,0,0,0,31.346262,31.346262,0,10.34426646,10.34426646,10.65772908,10.34426646,10.34426646,10.65772908,0,0,0,999.9999868332601,999.9999868332601,0,331.45098591132,476.55001154574,191.9989893762,331.45098591132,476.55001154574,191.9989893762,0,0,0,-39226.1121502141,-39226.1121502141,0,-12944.61700957065,-12944.61700957065,-13336.87813107279,-35574.61662797526,-39671.78119609821,-42337.64961255837,990.4619246841606,1463.649193298381,735.9144097405178,0,0,0,0.2379951664107638,0.1244091294927885,0.05211776025188039,31.90173,31.90173,0,202650,27826.57188551692,19185.23738317802,48229.72047314129,25211.51009171359,10561.66411504356,-119.0933547566484,-119.0933547566484,0,-39.30080706969399,-39.30080706969399,-40.49174061726047,-107.6057612822328,-120.3572823452529,-129.0163245869945,0,0,0,0,0,0,320,1,1,1,1,1,1,1,1,1,1,1,1,1,1,1,0.33,0.33,0.34,0.33,0.33,0.34,0,0,0,1,0.331450990275449,0.4765500178203502,0.1919989919042008,0.331450990275449,0.4765500178203502,0.1919989919042008,-0,-0,-0,1,0,-5.551115123125783e-17,31.346262,-39226.1121502141,202650,-119.0933547566484,320,0.33,0.33,0.34,0.33,0.33,0.34,0,0,0,-5.551115123125783e-17,31.346262,-39226.1121502141,202650,-119.0933547566484,320,0.33,0.33,0.34,0.33,0.33,0.34,0,0,0,-5.551115123125783e-17
0.57,94.11021079333733,94.11021079333733,0,31.05636956180132,31.05636956180132,31.99747166973469,85.82895410552248,121.5034017755449,75.56039221348554,46.09264127934038,68.6879274399803,33.73838646413164,0,0,0,31.346262,31.346262,0,10.34426646,10.34426646,10.65772908,10.34426646,10.34426646,10.65772908,0,0,0,999.9999868332601,999.9999868332601,0,331.45098591132,476.55001154574,191.9989893762,331.45098591132,476.55001154574,191.9989893762,0,0,0,-39226.1121502141,-39226.1121502141,0,-12944.61700957065,-12944.61700957065,-13336.87813107279,-35574.61662797526,-39671.78119609821,-42337.64961255837,990.4619246841606,1463.649193298381,735.9144097405178,0,0,0,0.2379951664107638,0.1244091294927885,0.05211776025188039,31.90173,31.90173,0,202650,27826.57188551692,19185.23738317802,48229.72047314129,25211.51009171359,10561.66411504356,-119.0933547566484,-119.0933547566484,0,-39.30080706969399,-39.30080706969399,-40.49174061726047,-107.6057612822328,-120.3572823452529,-129.0163245869945,0,0,0,0,0,0,320,1,1,1,1,1,1,1,1,1,1,1,1,1,1,1,0.33,0.33,0.34,0.33,0.33,0.34,0,0,0,1,0.331450990275449,0.4765500178203502,0.1919989919042008,0.331450990275449,0.4765500178203502,0.1919989919042008,-0,-0,-0,1,0,-5.551115123125783e-17,31.346262,-39226.1121502141,202650,-119.0933547566484,320,0.33,0.33,0.34,0.33,0.33,0.34,0,0,0,-5.551115123125783e-17,31.346262,-39226.1121502141,202650,-119.0933547566484,320,0.33,0.33,0.34,0.33,0.33,0.34,0,0,0,-5.551115123125783e-17
0.572,94.11021079333733,94.11021079333733,0,31.05636956180132,31.05636956180132,31.99747166973469,85.82895410552248,121.5034017755449,75.56039221348554,46.09264127934038,68.6879274399803,33.73838646413164,0,0,0,31.346262,31.346262,0,10.34426646,10.34426646,10.65772908,10.34426646,10.34426646,10.65772908,0,0,0,999.9999868332601,999.9999868332601,0,331.45098591132,476.55001154574,191.9989893762,331.45098591132,476.55001154574,191.9989893762,0,0,0,-39226.1121502141,-39226.1121502141,0,-12944.61700957065,-12944.61700957065,-13336.87813107279,-35574.61662797526,-39671.78119609821,-42337.64961255837,990.4619246841606,1463.649193298381,735.9144097405178,0,0,0,0.2379951664107638,0.1244091294927885,0.05211776025188039,31.90173,31.90173,0,202650,27826.57188551692,19185.23738317802,48229.72047314129,25211.51009171359,10561.66411504356,-119.0933547566484,-119.0933547566484,0,-39.30080706969399,-39.30080706969399,-40.49174061726047,-107.6057612822328,-120.3572823452529,-129.0163245869945,0,0,0,0,0,0,320,1,1,1,1,1,1,1,1,1,1,1,1,1,1,1,0.33,0.33,0.34,0.33,0.33,0.34,0,0,0,1,0.331450990275449,0.4765500178203502,0.1919989919042008,0.331450990275449,0.4765500178203502,0.1919989919042008,-0,-0,-0,1,0,-5.551115123125783e-17,31.346262,-39226.1121502141,202650,-119.0933547566484,320,0.33,0.33,0.34,0.33,0.33,0.34,0,0,0,-5.551115123125783e-17,31.346262,-39226.1121502141,202650,-119.0933547566484,320,0.33,0.33,0.34,0.33,0.33,0.34,0,0,0,-5.551115123125783e-17
0.574,94.11021079333733,94.11021079333733,0,31.05636956180132,31.05636956180132,31.99747166973469,85.82895410552248,121.5034017755449,75.56039221348554,46.09264127934038,68.6879274399803,33.73838646413164,0,0,0,31.346262,31.346262,0,10.34426646,10.34426646,10.65772908,10.34426646,10.34426646,10.65772908,0,0,0,999.9999868332601,999.9999868332601,0,331.45098591132,476.55001154574,191.9989893762,331.45098591132,476.55001154574,191.9989893762,0,0,0,-39226.1121502141,-39226.1121502141,0,-12944.61700957065,-12944.61700957065,-13336.87813107279,-35574.61662797526,-39671.78119609821,-42337.64961255837,990.4619246841606,1463.649193298381,735.9144097405178,0,0,0,0.2379951664107638,0.1244091294927885,0.05211776025188039,31.90173,31.90173,0,202650,27826.57188551692,19185.23738317802,48229.72047314129,25211.51009171359,10561.66411504356,-119.0933547566484,-119.0933547566484,0,-39.30080706969399,-39.30080706969399,-40.49174061726047,-107.6057612822328,-120.3572823452529,-129.0163245869945,0,0,0,0,0,0,320,1,1,1,1,1,1,1,1,1,1,1,1,1,1,1,0.33,0.33,0.34,0.33,0.33,0.34,0,0,0,1,0.331450990275449,0.4765500178203502,0.1919989919042008,0.331450990275449,0.4765500178203502,0.1919989919042008,-0,-0,-0,1,0,-5.551115123125783e-17,31.346262,-39226.1121502141,202650,-119.0933547566484,320,0.33,0.33,0.34,0.33,0.33,0.34,0,0,0,-5.551115123125783e-17,31.346262,-39226.1121502141,202650,-119.0933547566484,320,0.33,0.33,0.34,0.33,0.33,0.34,0,0,0,-5.551115123125783e-17
0.576,94.11021079333733,94.11021079333733,0,31.05636956180132,31.05636956180132,31.99747166973469,85.82895410552248,121.5034017755449,75.56039221348554,46.09264127934038,68.6879274399803,33.73838646413164,0,0,0,31.346262,31.346262,0,10.34426646,10.34426646,10.65772908,10.34426646,10.34426646,10.65772908,0,0,0,999.9999868332601,999.9999868332601,0,331.45098591132,476.55001154574,191.9989893762,331.45098591132,476.55001154574,191.9989893762,0,0,0,-39226.1121502141,-39226.1121502141,0,-12944.61700957065,-12944.61700957065,-13336.87813107279,-35574.61662797526,-39671.78119609821,-42337.64961255837,990.4619246841606,1463.649193298381,735.9144097405178,0,0,0,0.2379951664107638,0.1244091294927885,0.05211776025188039,31.90173,31.90173,0,202650,27826.57188551692,19185.23738317802,48229.72047314129,25211.51009171359,10561.66411504356,-119.0933547566484,-119.0933547566484,0,-39.30080706969399,-39.30080706969399,-40.49174061726047,-107.6057612822328,-120.3572823452529,-129.0163245869945,0,0,0,0,0,0,320,1,1,1,1,1,1,1,1,1,1,1,1,1,1,1,0.33,0.33,0.34,0.33,0.33,0.34,0,0,0,1,0.331450990275449,0.4765500178203502,0.1919989919042008,0.331450990275449,0.4765500178203502,0.1919989919042008,-0,-0,-0,1,0,-5.551115123125783e-17,31.346262,-39226.1121502141,202650,-119.0933547566484,320,0.33,0.33,0.34,0.33,0.33,0.34,0,0,0,-5.551115123125783e-17,31.346262,-39226.1121502141,202650,-119.0933547566484,320,0.33,0.33,0.34,0.33,0.33,0.34,0,0,0,-5.551115123125783e-17
0.578,94.11021079333733,94.11021079333733,0,31.05636956180132,31.05636956180132,31.99747166973469,85.82895410552248,121.5034017755449,75.56039221348554,46.09264127934038,68.6879274399803,33.73838646413164,0,0,0,31.346262,31.346262,0,10.34426646,10.34426646,10.65772908,10.34426646,10.34426646,10.65772908,0,0,0,999.9999868332601,999.9999868332601,0,331.45098591132,476.55001154574,191.9989893762,331.45098591132,476.55001154574,191.9989893762,0,0,0,-39226.1121502141,-39226.1121502141,0,-12944.61700957065,-12944.61700957065,-13336.87813107279,-35574.61662797526,-39671.78119609821,-42337.64961255837,990.4619246841606,1463.649193298381,735.9144097405178,0,0,0,0.2379951664107638,0.1244091294927885,0.05211776025188039,31.90173,31.90173,0,202650,27826.57188551692,19185.23738317802,48229.72047314129,25211.51009171359,10561.66411504356,-119.0933547566484,-119.0933547566484,0,-39.30080706969399,-39.30080706969399,-40.49174061726047,-107.6057612822328,-120.3572823452529,-129.0163245869945,0,0,0,0,0,0,320,1,1,1,1,1,1,1,1,1,1,1,1,1,1,1,0.33,0.33,0.34,0.33,0.33,0.34,0,0,0,1,0.331450990275449,0.4765500178203502,0.1919989919042008,0.331450990275449,0.4765500178203502,0.1919989919042008,-0,-0,-0,1,0,-5.551115123125783e-17,31.346262,-39226.1121502141,202650,-119.0933547566484,320,0.33,0.33,0.34,0.33,0.33,0.34,0,0,0,-5.551115123125783e-17,31.346262,-39226.1121502141,202650,-119.0933547566484,320,0.33,0.33,0.34,0.33,0.33,0.34,0,0,0,-5.551115123125783e-17
0.58,94.11021079333733,94.11021079333733,0,31.05636956180132,31.05636956180132,31.99747166973469,85.82895410552248,121.5034017755449,75.56039221348554,46.09264127934038,68.6879274399803,33.73838646413164,0,0,0,31.346262,31.346262,0,10.34426646,10.34426646,10.65772908,10.34426646,10.34426646,10.65772908,0,0,0,999.9999868332601,999.9999868332601,0,331.45098591132,476.55001154574,191.9989893762,331.45098591132,476.55001154574,191.9989893762,0,0,0,-39226.1121502141,-39226.1121502141,0,-12944.61700957065,-12944.61700957065,-13336.87813107279,-35574.61662797526,-39671.78119609821,-42337.64961255837,990.4619246841606,1463.649193298381,735.9144097405178,0,0,0,0.2379951664107638,0.1244091294927885,0.05211776025188039,31.90173,31.90173,0,202650,27826.57188551692,19185.23738317802,48229.72047314129,25211.51009171359,10561.66411504356,-119.0933547566484,-119.0933547566484,0,-39.30080706969399,-39.30080706969399,-40.49174061726047,-107.6057612822328,-120.3572823452529,-129.0163245869945,0,0,0,0,0,0,320,1,1,1,1,1,1,1,1,1,1,1,1,1,1,1,0.33,0.33,0.34,0.33,0.33,0.34,0,0,0,1,0.331450990275449,0.4765500178203502,0.1919989919042008,0.331450990275449,0.4765500178203502,0.1919989919042008,-0,-0,-0,1,0,-5.551115123125783e-17,31.346262,-39226.1121502141,202650,-119.0933547566484,320,0.33,0.33,0.34,0.33,0.33,0.34,0,0,0,-5.551115123125783e-17,31.346262,-39226.1121502141,202650,-119.0933547566484,320,0.33,0.33,0.34,0.33,0.33,0.34,0,0,0,-5.551115123125783e-17
0.582,94.11021079333733,94.11021079333733,0,31.05636956180132,31.05636956180132,31.99747166973469,85.82895410552248,121.5034017755449,75.56039221348554,46.09264127934038,68.6879274399803,33.73838646413164,0,0,0,31.346262,31.346262,0,10.34426646,10.34426646,10.65772908,10.34426646,10.34426646,10.65772908,0,0,0,999.9999868332601,999.9999868332601,0,331.45098591132,476.55001154574,191.9989893762,331.45098591132,476.55001154574,191.9989893762,0,0,0,-39226.1121502141,-39226.1121502141,0,-12944.61700957065,-12944.61700957065,-13336.87813107279,-35574.61662797526,-39671.78119609821,-42337.64961255837,990.4619246841606,1463.649193298381,735.9144097405178,0,0,0,0.2379951664107638,0.1244091294927885,0.05211776025188039,31.90173,31.90173,0,202650,27826.57188551692,19185.23738317802,48229.72047314129,25211.51009171359,10561.66411504356,-119.0933547566484,-119.0933547566484,0,-39.30080706969399,-39.30080706969399,-40.49174061726047,-107.6057612822328,-120.3572823452529,-129.0163245869945,0,0,0,0,0,0,320,1,1,1,1,1,1,1,1,1,1,1,1,1,1,1,0.33,0.33,0.34,0.33,0.33,0.34,0,0,0,1,0.331450990275449,0.4765500178203502,0.1919989919042008,0.331450990275449,0.4765500178203502,0.1919989919042008,-0,-0,-0,1,0,-5.551115123125783e-17,31.346262,-39226.1121502141,202650,-119.0933547566484,320,0.33,0.33,0.34,0.33,0.33,0.34,0,0,0,-5.551115123125783e-17,31.346262,-39226.1121502141,202650,-119.0933547566484,320,0.33,0.33,0.34,0.33,0.33,0.34,0,0,0,-5.551115123125783e-17
0.584,94.11021079333733,94.11021079333733,0,31.05636956180132,31.05636956180132,31.99747166973469,85.82895410552248,121.5034017755449,75.56039221348554,46.09264127934038,68.6879274399803,33.73838646413164,0,0,0,31.346262,31.346262,0,10.34426646,10.34426646,10.65772908,10.34426646,10.34426646,10.65772908,0,0,0,999.9999868332601,999.9999868332601,0,331.45098591132,476.55001154574,191.9989893762,331.45098591132,476.55001154574,191.9989893762,0,0,0,-39226.1121502141,-39226.1121502141,0,-12944.61700957065,-12944.61700957065,-13336.87813107279,-35574.61662797526,-39671.78119609821,-42337.64961255837,990.4619246841606,1463.649193298381,735.9144097405178,0,0,0,0.2379951664107638,0.1244091294927885,0.05211776025188039,31.90173,31.90173,0,202650,27826.57188551692,19185.23738317802,48229.72047314129,25211.51009171359,10561.66411504356,-119.0933547566484,-119.0933547566484,0,-39.30080706969399,-39.30080706969399,-40.49174061726047,-107.6057612822328,-120.3572823452529,-129.0163245869945,0,0,0,0,0,0,320,1,1,1,1,1,1,1,1,1,1,1,1,1,1,1,0.33,0.33,0.34,0.33,0.33,0.34,0,0,0,1,0.331450990275449,0.4765500178203502,0.1919989919042008,0.331450990275449,0.4765500178203502,0.1919989919042008,-0,-0,-0,1,0,-5.551115123125783e-17,31.346262,-39226.1121502141,202650,-119.0933547566484,320,0.33,0.33,0.34,0.33,0.33,0.34,0,0,0,-5.551115123125783e-17,31.346262,-39226.1121502141,202650,-119.0933547566484,320,0.33,0.33,0.34,0.33,0.33,0.34,0,0,0,-5.551115123125783e-17
0.586,94.11021079333733,94.11021079333733,0,31.05636956180132,31.05636956180132,31.99747166973469,85.82895410552248,121.5034017755449,75.56039221348554,46.09264127934038,68.6879274399803,33.73838646413164,0,0,0,31.346262,31.346262,0,10.34426646,10.34426646,10.65772908,10.34426646,10.34426646,10.65772908,0,0,0,999.9999868332601,999.9999868332601,0,331.45098591132,476.55001154574,191.9989893762,331.45098591132,476.55001154574,191.9989893762,0,0,0,-39226.1121502141,-39226.1121502141,0,-12944.61700957065,-12944.61700957065,-13336.87813107279,-35574.61662797526,-39671.78119609821,-42337.64961255837,990.4619246841606,1463.649193298381,735.9144097405178,0,0,0,0.2379951664107638,0.1244091294927885,0.05211776025188039,31.90173,31.90173,0,202650,27826.57188551692,19185.23738317802,48229.72047314129,25211.51009171359,10561.66411504356,-119.0933547566484,-119.0933547566484,0,-39.30080706969399,-39.30080706969399,-40.49174061726047,-107.6057612822328,-120.3572823452529,-129.0163245869945,0,0,0,0,0,0,320,1,1,1,1,1,1,1,1,1,1,1,1,1,1,1,0.33,0.33,0.34,0.33,0.33,0.34,0,0,0,1,0.331450990275449,0.4765500178203502,0.1919989919042008,0.331450990275449,0.4765500178203502,0.1919989919042008,-0,-0,-0,1,0,-5.551115123125783e-17,31.346262,-39226.1121502141,202650,-119.0933547566484,320,0.33,0.33,0.34,0.33,0.33,0.34,0,0,0,-5.551115123125783e-17,31.346262,-39226.1121502141,202650,-119.0933547566484,320,0.33,0.33,0.34,0.33,0.33,0.34,0,0,0,-5.551115123125783e-17
0.588,94.11021079333733,94.11021079333733,0,31.05636956180132,31.05636956180132,31.99747166973469,85.82895410552248,121.5034017755449,75.56039221348554,46.09264127934038,68.6879274399803,33.73838646413164,0,0,0,31.346262,31.346262,0,10.34426646,10.34426646,10.65772908,10.34426646,10.34426646,10.65772908,0,0,0,999.9999868332601,999.9999868332601,0,331.45098591132,476.55001154574,191.9989893762,331.45098591132,476.55001154574,191.9989893762,0,0,0,-39226.1121502141,-39226.1121502141,0,-12944.61700957065,-12944.61700957065,-13336.87813107279,-35574.61662797526,-39671.78119609821,-42337.64961255837,990.4619246841606,1463.649193298381,735.9144097405178,0,0,0,0.2379951664107638,0.1244091294927885,0.05211776025188039,31.90173,31.90173,0,202650,27826.57188551692,19185.23738317802,48229.72047314129,25211.51009171359,10561.66411504356,-119.0933547566484,-119.0933547566484,0,-39.30080706969399,-39.30080706969399,-40.49174061726047,-107.6057612822328,-120.3572823452529,-129.0163245869945,0,0,0,0,0,0,320,1,1,1,1,1,1,1,1,1,1,1,1,1,1,1,0.33,0.33,0.34,0.33,0.33,0.34,0,0,0,1,0.331450990275449,0.4765500178203502,0.1919989919042008,0.331450990275449,0.4765500178203502,0.1919989919042008,-0,-0,-0,1,0,-5.551115123125783e-17,31.346262,-39226.1121502141,202650,-119.0933547566484,320,0.33,0.33,0.34,0.33,0.33,0.34,0,0,0,-5.551115123125783e-17,31.346262,-39226.1121502141,202650,-119.0933547566484,320,0.33,0.33,0.34,0.33,0.33,0.34,0,0,0,-5.551115123125783e-17
0.59,94.11021079333733,94.11021079333733,0,31.05636956180132,31.05636956180132,31.99747166973469,85.82895410552248,121.5034017755449,75.56039221348554,46.09264127934038,68.6879274399803,33.73838646413164,0,0,0,31.346262,31.346262,0,10.34426646,10.34426646,10.65772908,10.34426646,10.34426646,10.65772908,0,0,0,999.9999868332601,999.9999868332601,0,331.45098591132,476.55001154574,191.9989893762,331.45098591132,476.55001154574,191.9989893762,0,0,0,-39226.1121502141,-39226.1121502141,0,-12944.61700957065,-12944.61700957065,-13336.87813107279,-35574.61662797526,-39671.78119609821,-42337.64961255837,990.4619246841606,1463.649193298381,735.9144097405178,0,0,0,0.2379951664107638,0.1244091294927885,0.05211776025188039,31.90173,31.90173,0,202650,27826.57188551692,19185.23738317802,48229.72047314129,25211.51009171359,10561.66411504356,-119.0933547566484,-119.0933547566484,0,-39.30080706969399,-39.30080706969399,-40.49174061726047,-107.6057612822328,-120.3572823452529,-129.0163245869945,0,0,0,0,0,0,320,1,1,1,1,1,1,1,1,1,1,1,1,1,1,1,0.33,0.33,0.34,0.33,0.33,0.34,0,0,0,1,0.331450990275449,0.4765500178203502,0.1919989919042008,0.331450990275449,0.4765500178203502,0.1919989919042008,-0,-0,-0,1,0,-5.551115123125783e-17,31.346262,-39226.1121502141,202650,-119.0933547566484,320,0.33,0.33,0.34,0.33,0.33,0.34,0,0,0,-5.551115123125783e-17,31.346262,-39226.1121502141,202650,-119.0933547566484,320,0.33,0.33,0.34,0.33,0.33,0.34,0,0,0,-5.551115123125783e-17
0.592,94.11021079333733,94.11021079333733,0,31.05636956180132,31.05636956180132,31.99747166973469,85.82895410552248,121.5034017755449,75.56039221348554,46.09264127934038,68.6879274399803,33.73838646413164,0,0,0,31.346262,31.346262,0,10.34426646,10.34426646,10.65772908,10.34426646,10.34426646,10.65772908,0,0,0,999.9999868332601,999.9999868332601,0,331.45098591132,476.55001154574,191.9989893762,331.45098591132,476.55001154574,191.9989893762,0,0,0,-39226.1121502141,-39226.1121502141,0,-12944.61700957065,-12944.61700957065,-13336.87813107279,-35574.61662797526,-39671.78119609821,-42337.64961255837,990.4619246841606,1463.649193298381,735.9144097405178,0,0,0,0.2379951664107638,0.1244091294927885,0.05211776025188039,31.90173,31.90173,0,202650,27826.57188551692,19185.23738317802,48229.72047314129,25211.51009171359,10561.66411504356,-119.0933547566484,-119.0933547566484,0,-39.30080706969399,-39.30080706969399,-40.49174061726047,-107.6057612822328,-120.3572823452529,-129.0163245869945,0,0,0,0,0,0,320,1,1,1,1,1,1,1,1,1,1,1,1,1,1,1,0.33,0.33,0.34,0.33,0.33,0.34,0,0,0,1,0.331450990275449,0.4765500178203502,0.1919989919042008,0.331450990275449,0.4765500178203502,0.1919989919042008,-0,-0,-0,1,0,-5.551115123125783e-17,31.346262,-39226.1121502141,202650,-119.0933547566484,320,0.33,0.33,0.34,0.33,0.33,0.34,0,0,0,-5.551115123125783e-17,31.346262,-39226.1121502141,202650,-119.0933547566484,320,0.33,0.33,0.34,0.33,0.33,0.34,0,0,0,-5.551115123125783e-17
0.594,94.11021079333733,94.11021079333733,0,31.05636956180132,31.05636956180132,31.99747166973469,85.82895410552248,121.5034017755449,75.56039221348554,46.09264127934038,68.6879274399803,33.73838646413164,0,0,0,31.346262,31.346262,0,10.34426646,10.34426646,10.65772908,10.34426646,10.34426646,10.65772908,0,0,0,999.9999868332601,999.9999868332601,0,331.45098591132,476.55001154574,191.9989893762,331.45098591132,476.55001154574,191.9989893762,0,0,0,-39226.1121502141,-39226.1121502141,0,-12944.61700957065,-12944.61700957065,-13336.87813107279,-35574.61662797526,-39671.78119609821,-42337.64961255837,990.4619246841606,1463.649193298381,735.9144097405178,0,0,0,0.2379951664107638,0.1244091294927885,0.05211776025188039,31.90173,31.90173,0,202650,27826.57188551692,19185.23738317802,48229.72047314129,25211.51009171359,10561.66411504356,-119.0933547566484,-119.0933547566484,0,-39.30080706969399,-39.30080706969399,-40.49174061726047,-107.6057612822328,-120.3572823452529,-129.0163245869945,0,0,0,0,0,0,320,1,1,1,1,1,1,1,1,1,1,1,1,1,1,1,0.33,0.33,0.34,0.33,0.33,0.34,0,0,0,1,0.331450990275449,0.4765500178203502,0.1919989919042008,0.331450990275449,0.4765500178203502,0.1919989919042008,-0,-0,-0,1,0,-5.551115123125783e-17,31.346262,-39226.1121502141,202650,-119.0933547566484,320,0.33,0.33,0.34,0.33,0.33,0.34,0,0,0,-5.551115123125783e-17,31.346262,-39226.1121502141,202650,-119.0933547566484,320,0.33,0.33,0.34,0.33,0.33,0.34,0,0,0,-5.551115123125783e-17
0.596,94.11021079333733,94.11021079333733,0,31.05636956180132,31.05636956180132,31.99747166973469,85.82895410552248,121.5034017755449,75.56039221348554,46.09264127934038,68.6879274399803,33.73838646413164,0,0,0,31.346262,31.346262,0,10.34426646,10.34426646,10.65772908,10.34426646,10.34426646,10.65772908,0,0,0,999.9999868332601,999.9999868332601,0,331.45098591132,476.55001154574,191.9989893762,331.45098591132,476.55001154574,191.9989893762,0,0,0,-39226.1121502141,-39226.1121502141,0,-12944.61700957065,-12944.61700957065,-13336.87813107279,-35574.61662797526,-39671.78119609821,-42337.64961255837,990.4619246841606,1463.649193298381,735.9144097405178,0,0,0,0.2379951664107638,0.1244091294927885,0.05211776025188039,31.90173,31.90173,0,202650,27826.57188551692,19185.23738317802,48229.72047314129,25211.51009171359,10561.66411504356,-119.0933547566484,-119.0933547566484,0,-39.30080706969399,-39.30080706969399,-40.49174061726047,-107.6057612822328,-120.3572823452529,-129.0163245869945,0,0,0,0,0,0,320,1,1,1,1,1,1,1,1,1,1,1,1,1,1,1,0.33,0.33,0.34,0.33,0.33,0.34,0,0,0,1,0.331450990275449,0.4765500178203502,0.1919989919042008,0.331450990275449,0.4765500178203502,0.1919989919042008,-0,-0,-0,1,0,-5.551115123125783e-17,31.346262,-39226.1121502141,202650,-119.0933547566484,320,0.33,0.33,0.34,0.33,0.33,0.34,0,0,0,-5.551115123125783e-17,31.346262,-39226.1121502141,202650,-119.0933547566484,320,0.33,0.33,0.34,0.33,0.33,0.34,0,0,0,-5.551115123125783e-17
0.598,94.11021079333733,94.11021079333733,0,31.05636956180132,31.05636956180132,31.99747166973469,85.82895410552248,121.5034017755449,75.56039221348554,46.09264127934038,68.6879274399803,33.73838646413164,0,0,0,31.346262,31.346262,0,10.34426646,10.34426646,10.65772908,10.34426646,10.34426646,10.65772908,0,0,0,999.9999868332601,999.9999868332601,0,331.45098591132,476.55001154574,191.9989893762,331.45098591132,476.55001154574,191.9989893762,0,0,0,-39226.1121502141,-39226.1121502141,0,-12944.61700957065,-12944.61700957065,-13336.87813107279,-35574.61662797526,-39671.78119609821,-42337.64961255837,990.4619246841606,1463.649193298381,735.9144097405178,0,0,0,0.2379951664107638,0.1244091294927885,0.05211776025188039,31.90173,31.90173,0,202650,27826.57188551692,19185.23738317802,48229.72047314129,25211.51009171359,10561.66411504356,-119.0933547566484,-119.0933547566484,0,-39.30080706969399,-39.30080706969399,-40.49174061726047,-107.6057612822328,-120.3572823452529,-129.0163245869945,0,0,0,0,0,0,320,1,1,1,1,1,1,1,1,1,1,1,1,1,1,1,0.33,0.33,0.34,0.33,0.33,0.34,0,0,0,1,0.331450990275449,0.4765500178203502,0.1919989919042008,0.331450990275449,0.4765500178203502,0.1919989919042008,-0,-0,-0,1,0,-5.551115123125783e-17,31.346262,-39226.1121502141,202650,-119.0933547566484,320,0.33,0.33,0.34,0.33,0.33,0.34,0,0,0,-5.551115123125783e-17,31.346262,-39226.1121502141,202650,-119.0933547566484,320,0.33,0.33,0.34,0.33,0.33,0.34,0,0,0,-5.551115123125783e-17
0.6,94.11021079333733,94.11021079333733,0,31.05636956180132,31.05636956180132,31.99747166973469,85.82895410552248,121.5034017755449,75.56039221348554,46.09264127934038,68.6879274399803,33.73838646413164,0,0,0,31.346262,31.346262,0,10.34426646,10.34426646,10.65772908,10.34426646,10.34426646,10.65772908,0,0,0,999.9999868332601,999.9999868332601,0,331.45098591132,476.55001154574,191.9989893762,331.45098591132,476.55001154574,191.9989893762,0,0,0,-39226.1121502141,-39226.1121502141,0,-12944.61700957065,-12944.61700957065,-13336.87813107279,-35574.61662797526,-39671.78119609821,-42337.64961255837,990.4619246841606,1463.649193298381,735.9144097405178,0,0,0,0.2379951664107638,0.1244091294927885,0.05211776025188039,31.90173,31.90173,0,202650,27826.57188551692,19185.23738317802,48229.72047314129,25211.51009171359,10561.66411504356,-119.0933547566484,-119.0933547566484,0,-39.30080706969399,-39.30080706969399,-40.49174061726047,-107.6057612822328,-120.3572823452529,-129.0163245869945,0,0,0,0,0,0,320,1,1,1,1,1,1,1,1,1,1,1,1,1,1,1,0.33,0.33,0.34,0.33,0.33,0.34,0,0,0,1,0.331450990275449,0.4765500178203502,0.1919989919042008,0.331450990275449,0.4765500178203502,0.1919989919042008,-0,-0,-0,1,0,-5.551115123125783e-17,31.346262,-39226.1121502141,202650,-119.0933547566484,320,0.33,0.33,0.34,0.33,0.33,0.34,0,0,0,-5.551115123125783e-17,31.346262,-39226.1121502141,202650,-119.0933547566484,320,0.33,0.33,0.34,0.33,0.33,0.34,0,0,0,-5.551115123125783e-17
0.602,94.11021079333733,94.11021079333733,0,31.05636956180132,31.05636956180132,31.99747166973469,85.82895410552248,121.5034017755449,75.56039221348554,46.09264127934038,68.6879274399803,33.73838646413164,0,0,0,31.346262,31.346262,0,10.34426646,10.34426646,10.65772908,10.34426646,10.34426646,10.65772908,0,0,0,999.9999868332601,999.9999868332601,0,331.45098591132,476.55001154574,191.9989893762,331.45098591132,476.55001154574,191.9989893762,0,0,0,-39226.1121502141,-39226.1121502141,0,-12944.61700957065,-12944.61700957065,-13336.87813107279,-35574.61662797526,-39671.78119609821,-42337.64961255837,990.4619246841606,1463.649193298381,735.9144097405178,0,0,0,0.2379951664107638,0.1244091294927885,0.05211776025188039,31.90173,31.90173,0,202650,27826.57188551692,19185.23738317802,48229.72047314129,25211.51009171359,10561.66411504356,-119.0933547566484,-119.0933547566484,0,-39.30080706969399,-39.30080706969399,-40.49174061726047,-107.6057612822328,-120.3572823452529,-129.0163245869945,0,0,0,0,0,0,320,1,1,1,1,1,1,1,1,1,1,1,1,1,1,1,0.33,0.33,0.34,0.33,0.33,0.34,0,0,0,1,0.331450990275449,0.4765500178203502,0.1919989919042008,0.331450990275449,0.4765500178203502,0.1919989919042008,-0,-0,-0,1,0,-5.551115123125783e-17,31.346262,-39226.1121502141,202650,-119.0933547566484,320,0.33,0.33,0.34,0.33,0.33,0.34,0,0,0,-5.551115123125783e-17,31.346262,-39226.1121502141,202650,-119.0933547566484,320,0.33,0.33,0.34,0.33,0.33,0.34,0,0,0,-5.551115123125783e-17
0.604,94.11021079333733,94.11021079333733,0,31.05636956180132,31.05636956180132,31.99747166973469,85.82895410552248,121.5034017755449,75.56039221348554,46.09264127934038,68.6879274399803,33.73838646413164,0,0,0,31.346262,31.346262,0,10.34426646,10.34426646,10.65772908,10.34426646,10.34426646,10.65772908,0,0,0,999.9999868332601,999.9999868332601,0,331.45098591132,476.55001154574,191.9989893762,331.45098591132,476.55001154574,191.9989893762,0,0,0,-39226.1121502141,-39226.1121502141,0,-12944.61700957065,-12944.61700957065,-13336.87813107279,-35574.61662797526,-39671.78119609821,-42337.64961255837,990.4619246841606,1463.649193298381,735.9144097405178,0,0,0,0.2379951664107638,0.1244091294927885,0.05211776025188039,31.90173,31.90173,0,202650,27826.57188551692,19185.23738317802,48229.72047314129,25211.51009171359,10561.66411504356,-119.0933547566484,-119.0933547566484,0,-39.30080706969399,-39.30080706969399,-40.49174061726047,-107.6057612822328,-120.3572823452529,-129.0163245869945,0,0,0,0,0,0,320,1,1,1,1,1,1,1,1,1,1,1,1,1,1,1,0.33,0.33,0.34,0.33,0.33,0.34,0,0,0,1,0.331450990275449,0.4765500178203502,0.1919989919042008,0.331450990275449,0.4765500178203502,0.1919989919042008,-0,-0,-0,1,0,-5.551115123125783e-17,31.346262,-39226.1121502141,202650,-119.0933547566484,320,0.33,0.33,0.34,0.33,0.33,0.34,0,0,0,-5.551115123125783e-17,31.346262,-39226.1121502141,202650,-119.0933547566484,320,0.33,0.33,0.34,0.33,0.33,0.34,0,0,0,-5.551115123125783e-17
0.606,94.11021079333733,94.11021079333733,0,31.05636956180132,31.05636956180132,31.99747166973469,85.82895410552248,121.5034017755449,75.56039221348554,46.09264127934038,68.6879274399803,33.73838646413164,0,0,0,31.346262,31.346262,0,10.34426646,10.34426646,10.65772908,10.34426646,10.34426646,10.65772908,0,0,0,999.9999868332601,999.9999868332601,0,331.45098591132,476.55001154574,191.9989893762,331.45098591132,476.55001154574,191.9989893762,0,0,0,-39226.1121502141,-39226.1121502141,0,-12944.61700957065,-12944.61700957065,-13336.87813107279,-35574.61662797526,-39671.78119609821,-42337.64961255837,990.4619246841606,1463.649193298381,735.9144097405178,0,0,0,0.2379951664107638,0.1244091294927885,0.05211776025188039,31.90173,31.90173,0,202650,27826.57188551692,19185.23738317802,48229.72047314129,25211.51009171359,10561.66411504356,-119.0933547566484,-119.0933547566484,0,-39.30080706969399,-39.30080706969399,-40.49174061726047,-107.6057612822328,-120.3572823452529,-129.0163245869945,0,0,0,0,0,0,320,1,1,1,1,1,1,1,1,1,1,1,1,1,1,1,0.33,0.33,0.34,0.33,0.33,0.34,0,0,0,1,0.331450990275449,0.4765500178203502,0.1919989919042008,0.331450990275449,0.4765500178203502,0.1919989919042008,-0,-0,-0,1,0,-5.551115123125783e-17,31.346262,-39226.1121502141,202650,-119.0933547566484,320,0.33,0.33,0.34,0.33,0.33,0.34,0,0,0,-5.551115123125783e-17,31.346262,-39226.1121502141,202650,-119.0933547566484,320,0.33,0.33,0.34,0.33,0.33,0.34,0,0,0,-5.551115123125783e-17
0.608,94.11021079333733,94.11021079333733,0,31.05636956180132,31.05636956180132,31.99747166973469,85.82895410552248,121.5034017755449,75.56039221348554,46.09264127934038,68.6879274399803,33.73838646413164,0,0,0,31.346262,31.346262,0,10.34426646,10.34426646,10.65772908,10.34426646,10.34426646,10.65772908,0,0,0,999.9999868332601,999.9999868332601,0,331.45098591132,476.55001154574,191.9989893762,331.45098591132,476.55001154574,191.9989893762,0,0,0,-39226.1121502141,-39226.1121502141,0,-12944.61700957065,-12944.61700957065,-13336.87813107279,-35574.61662797526,-39671.78119609821,-42337.64961255837,990.4619246841606,1463.649193298381,735.9144097405178,0,0,0,0.2379951664107638,0.1244091294927885,0.05211776025188039,31.90173,31.90173,0,202650,27826.57188551692,19185.23738317802,48229.72047314129,25211.51009171359,10561.66411504356,-119.0933547566484,-119.0933547566484,0,-39.30080706969399,-39.30080706969399,-40.49174061726047,-107.6057612822328,-120.3572823452529,-129.0163245869945,0,0,0,0,0,0,320,1,1,1,1,1,1,1,1,1,1,1,1,1,1,1,0.33,0.33,0.34,0.33,0.33,0.34,0,0,0,1,0.331450990275449,0.4765500178203502,0.1919989919042008,0.331450990275449,0.4765500178203502,0.1919989919042008,-0,-0,-0,1,0,-5.551115123125783e-17,31.346262,-39226.1121502141,202650,-119.0933547566484,320,0.33,0.33,0.34,0.33,0.33,0.34,0,0,0,-5.551115123125783e-17,31.346262,-39226.1121502141,202650,-119.0933547566484,320,0.33,0.33,0.34,0.33,0.33,0.34,0,0,0,-5.551115123125783e-17
0.61,94.11021079333733,94.11021079333733,0,31.05636956180132,31.05636956180132,31.99747166973469,85.82895410552248,121.5034017755449,75.56039221348554,46.09264127934038,68.6879274399803,33.73838646413164,0,0,0,31.346262,31.346262,0,10.34426646,10.34426646,10.65772908,10.34426646,10.34426646,10.65772908,0,0,0,999.9999868332601,999.9999868332601,0,331.45098591132,476.55001154574,191.9989893762,331.45098591132,476.55001154574,191.9989893762,0,0,0,-39226.1121502141,-39226.1121502141,0,-12944.61700957065,-12944.61700957065,-13336.87813107279,-35574.61662797526,-39671.78119609821,-42337.64961255837,990.4619246841606,1463.649193298381,735.9144097405178,0,0,0,0.2379951664107638,0.1244091294927885,0.05211776025188039,31.90173,31.90173,0,202650,27826.57188551692,19185.23738317802,48229.72047314129,25211.51009171359,10561.66411504356,-119.0933547566484,-119.0933547566484,0,-39.30080706969399,-39.30080706969399,-40.49174061726047,-107.6057612822328,-120.3572823452529,-129.0163245869945,0,0,0,0,0,0,320,1,1,1,1,1,1,1,1,1,1,1,1,1,1,1,0.33,0.33,0.34,0.33,0.33,0.34,0,0,0,1,0.331450990275449,0.4765500178203502,0.1919989919042008,0.331450990275449,0.4765500178203502,0.1919989919042008,-0,-0,-0,1,0,-5.551115123125783e-17,31.346262,-39226.1121502141,202650,-119.0933547566484,320,0.33,0.33,0.34,0.33,0.33,0.34,0,0,0,-5.551115123125783e-17,31.346262,-39226.1121502141,202650,-119.0933547566484,320,0.33,0.33,0.34,0.33,0.33,0.34,0,0,0,-5.551115123125783e-17
0.612,94.11021079333733,94.11021079333733,0,31.05636956180132,31.05636956180132,31.99747166973469,85.82895410552248,121.5034017755449,75.56039221348554,46.09264127934038,68.6879274399803,33.73838646413164,0,0,0,31.346262,31.346262,0,10.34426646,10.34426646,10.65772908,10.34426646,10.34426646,10.65772908,0,0,0,999.9999868332601,999.9999868332601,0,331.45098591132,476.55001154574,191.9989893762,331.45098591132,476.55001154574,191.9989893762,0,0,0,-39226.1121502141,-39226.1121502141,0,-12944.61700957065,-12944.61700957065,-13336.87813107279,-35574.61662797526,-39671.78119609821,-42337.64961255837,990.4619246841606,1463.649193298381,735.9144097405178,0,0,0,0.2379951664107638,0.1244091294927885,0.05211776025188039,31.90173,31.90173,0,202650,27826.57188551692,19185.23738317802,48229.72047314129,25211.51009171359,10561.66411504356,-119.0933547566484,-119.0933547566484,0,-39.30080706969399,-39.30080706969399,-40.49174061726047,-107.6057612822328,-120.3572823452529,-129.0163245869945,0,0,0,0,0,0,320,1,1,1,1,1,1,1,1,1,1,1,1,1,1,1,0.33,0.33,0.34,0.33,0.33,0.34,0,0,0,1,0.331450990275449,0.4765500178203502,0.1919989919042008,0.331450990275449,0.4765500178203502,0.1919989919042008,-0,-0,-0,1,0,-5.551115123125783e-17,31.346262,-39226.1121502141,202650,-119.0933547566484,320,0.33,0.33,0.34,0.33,0.33,0.34,0,0,0,-5.551115123125783e-17,31.346262,-39226.1121502141,202650,-119.0933547566484,320,0.33,0.33,0.34,0.33,0.33,0.34,0,0,0,-5.551115123125783e-17
0.614,94.11021079333733,94.11021079333733,0,31.05636956180132,31.05636956180132,31.99747166973469,85.82895410552248,121.5034017755449,75.56039221348554,46.09264127934038,68.6879274399803,33.73838646413164,0,0,0,31.346262,31.346262,0,10.34426646,10.34426646,10.65772908,10.34426646,10.34426646,10.65772908,0,0,0,999.9999868332601,999.9999868332601,0,331.45098591132,476.55001154574,191.9989893762,331.45098591132,476.55001154574,191.9989893762,0,0,0,-39226.1121502141,-39226.1121502141,0,-12944.61700957065,-12944.61700957065,-13336.87813107279,-35574.61662797526,-39671.78119609821,-42337.64961255837,990.4619246841606,1463.649193298381,735.9144097405178,0,0,0,0.2379951664107638,0.1244091294927885,0.05211776025188039,31.90173,31.90173,0,202650,27826.57188551692,19185.23738317802,48229.72047314129,25211.51009171359,10561.66411504356,-119.0933547566484,-119.0933547566484,0,-39.30080706969399,-39.30080706969399,-40.49174061726047,-107.6057612822328,-120.3572823452529,-129.0163245869945,0,0,0,0,0,0,320,1,1,1,1,1,1,1,1,1,1,1,1,1,1,1,0.33,0.33,0.34,0.33,0.33,0.34,0,0,0,1,0.331450990275449,0.4765500178203502,0.1919989919042008,0.331450990275449,0.4765500178203502,0.1919989919042008,-0,-0,-0,1,0,-5.551115123125783e-17,31.346262,-39226.1121502141,202650,-119.0933547566484,320,0.33,0.33,0.34,0.33,0.33,0.34,0,0,0,-5.551115123125783e-17,31.346262,-39226.1121502141,202650,-119.0933547566484,320,0.33,0.33,0.34,0.33,0.33,0.34,0,0,0,-5.551115123125783e-17
0.616,94.11021079333733,94.11021079333733,0,31.05636956180132,31.05636956180132,31.99747166973469,85.82895410552248,121.5034017755449,75.56039221348554,46.09264127934038,68.6879274399803,33.73838646413164,0,0,0,31.346262,31.346262,0,10.34426646,10.34426646,10.65772908,10.34426646,10.34426646,10.65772908,0,0,0,999.9999868332601,999.9999868332601,0,331.45098591132,476.55001154574,191.9989893762,331.45098591132,476.55001154574,191.9989893762,0,0,0,-39226.1121502141,-39226.1121502141,0,-12944.61700957065,-12944.61700957065,-13336.87813107279,-35574.61662797526,-39671.78119609821,-42337.64961255837,990.4619246841606,1463.649193298381,735.9144097405178,0,0,0,0.2379951664107638,0.1244091294927885,0.05211776025188039,31.90173,31.90173,0,202650,27826.57188551692,19185.23738317802,48229.72047314129,25211.51009171359,10561.66411504356,-119.0933547566484,-119.0933547566484,0,-39.30080706969399,-39.30080706969399,-40.49174061726047,-107.6057612822328,-120.3572823452529,-129.0163245869945,0,0,0,0,0,0,320,1,1,1,1,1,1,1,1,1,1,1,1,1,1,1,0.33,0.33,0.34,0.33,0.33,0.34,0,0,0,1,0.331450990275449,0.4765500178203502,0.1919989919042008,0.331450990275449,0.4765500178203502,0.1919989919042008,-0,-0,-0,1,0,-5.551115123125783e-17,31.346262,-39226.1121502141,202650,-119.0933547566484,320,0.33,0.33,0.34,0.33,0.33,0.34,0,0,0,-5.551115123125783e-17,31.346262,-39226.1121502141,202650,-119.0933547566484,320,0.33,0.33,0.34,0.33,0.33,0.34,0,0,0,-5.551115123125783e-17
0.618,94.11021079333733,94.11021079333733,0,31.05636956180132,31.05636956180132,31.99747166973469,85.82895410552248,121.5034017755449,75.56039221348554,46.09264127934038,68.6879274399803,33.73838646413164,0,0,0,31.346262,31.346262,0,10.34426646,10.34426646,10.65772908,10.34426646,10.34426646,10.65772908,0,0,0,999.9999868332601,999.9999868332601,0,331.45098591132,476.55001154574,191.9989893762,331.45098591132,476.55001154574,191.9989893762,0,0,0,-39226.1121502141,-39226.1121502141,0,-12944.61700957065,-12944.61700957065,-13336.87813107279,-35574.61662797526,-39671.78119609821,-42337.64961255837,990.4619246841606,1463.649193298381,735.9144097405178,0,0,0,0.2379951664107638,0.1244091294927885,0.05211776025188039,31.90173,31.90173,0,202650,27826.57188551692,19185.23738317802,48229.72047314129,25211.51009171359,10561.66411504356,-119.0933547566484,-119.0933547566484,0,-39.30080706969399,-39.30080706969399,-40.49174061726047,-107.6057612822328,-120.3572823452529,-129.0163245869945,0,0,0,0,0,0,320,1,1,1,1,1,1,1,1,1,1,1,1,1,1,1,0.33,0.33,0.34,0.33,0.33,0.34,0,0,0,1,0.331450990275449,0.4765500178203502,0.1919989919042008,0.331450990275449,0.4765500178203502,0.1919989919042008,-0,-0,-0,1,0,-5.551115123125783e-17,31.346262,-39226.1121502141,202650,-119.0933547566484,320,0.33,0.33,0.34,0.33,0.33,0.34,0,0,0,-5.551115123125783e-17,31.346262,-39226.1121502141,202650,-119.0933547566484,320,0.33,0.33,0.34,0.33,0.33,0.34,0,0,0,-5.551115123125783e-17
0.62,94.11021079333733,94.11021079333733,0,31.05636956180132,31.05636956180132,31.99747166973469,85.82895410552248,121.5034017755449,75.56039221348554,46.09264127934038,68.6879274399803,33.73838646413164,0,0,0,31.346262,31.346262,0,10.34426646,10.34426646,10.65772908,10.34426646,10.34426646,10.65772908,0,0,0,999.9999868332601,999.9999868332601,0,331.45098591132,476.55001154574,191.9989893762,331.45098591132,476.55001154574,191.9989893762,0,0,0,-39226.1121502141,-39226.1121502141,0,-12944.61700957065,-12944.61700957065,-13336.87813107279,-35574.61662797526,-39671.78119609821,-42337.64961255837,990.4619246841606,1463.649193298381,735.9144097405178,0,0,0,0.2379951664107638,0.1244091294927885,0.05211776025188039,31.90173,31.90173,0,202650,27826.57188551692,19185.23738317802,48229.72047314129,25211.51009171359,10561.66411504356,-119.0933547566484,-119.0933547566484,0,-39.30080706969399,-39.30080706969399,-40.49174061726047,-107.6057612822328,-120.3572823452529,-129.0163245869945,0,0,0,0,0,0,320,1,1,1,1,1,1,1,1,1,1,1,1,1,1,1,0.33,0.33,0.34,0.33,0.33,0.34,0,0,0,1,0.331450990275449,0.4765500178203502,0.1919989919042008,0.331450990275449,0.4765500178203502,0.1919989919042008,-0,-0,-0,1,0,-5.551115123125783e-17,31.346262,-39226.1121502141,202650,-119.0933547566484,320,0.33,0.33,0.34,0.33,0.33,0.34,0,0,0,-5.551115123125783e-17,31.346262,-39226.1121502141,202650,-119.0933547566484,320,0.33,0.33,0.34,0.33,0.33,0.34,0,0,0,-5.551115123125783e-17
0.622,94.11021079333733,94.11021079333733,0,31.05636956180132,31.05636956180132,31.99747166973469,85.82895410552248,121.5034017755449,75.56039221348554,46.09264127934038,68.6879274399803,33.73838646413164,0,0,0,31.346262,31.346262,0,10.34426646,10.34426646,10.65772908,10.34426646,10.34426646,10.65772908,0,0,0,999.9999868332601,999.9999868332601,0,331.45098591132,476.55001154574,191.9989893762,331.45098591132,476.55001154574,191.9989893762,0,0,0,-39226.1121502141,-39226.1121502141,0,-12944.61700957065,-12944.61700957065,-13336.87813107279,-35574.61662797526,-39671.78119609821,-42337.64961255837,990.4619246841606,1463.649193298381,735.9144097405178,0,0,0,0.2379951664107638,0.1244091294927885,0.05211776025188039,31.90173,31.90173,0,202650,27826.57188551692,19185.23738317802,48229.72047314129,25211.51009171359,10561.66411504356,-119.0933547566484,-119.0933547566484,0,-39.30080706969399,-39.30080706969399,-40.49174061726047,-107.6057612822328,-120.3572823452529,-129.0163245869945,0,0,0,0,0,0,320,1,1,1,1,1,1,1,1,1,1,1,1,1,1,1,0.33,0.33,0.34,0.33,0.33,0.34,0,0,0,1,0.331450990275449,0.4765500178203502,0.1919989919042008,0.331450990275449,0.4765500178203502,0.1919989919042008,-0,-0,-0,1,0,-5.551115123125783e-17,31.346262,-39226.1121502141,202650,-119.0933547566484,320,0.33,0.33,0.34,0.33,0.33,0.34,0,0,0,-5.551115123125783e-17,31.346262,-39226.1121502141,202650,-119.0933547566484,320,0.33,0.33,0.34,0.33,0.33,0.34,0,0,0,-5.551115123125783e-17
0.624,94.11021079333733,94.11021079333733,0,31.05636956180132,31.05636956180132,31.99747166973469,85.82895410552248,121.5034017755449,75.56039221348554,46.09264127934038,68.6879274399803,33.73838646413164,0,0,0,31.346262,31.346262,0,10.34426646,10.34426646,10.65772908,10.34426646,10.34426646,10.65772908,0,0,0,999.9999868332601,999.9999868332601,0,331.45098591132,476.55001154574,191.9989893762,331.45098591132,476.55001154574,191.9989893762,0,0,0,-39226.1121502141,-39226.1121502141,0,-12944.61700957065,-12944.61700957065,-13336.87813107279,-35574.61662797526,-39671.78119609821,-42337.64961255837,990.4619246841606,1463.649193298381,735.9144097405178,0,0,0,0.2379951664107638,0.1244091294927885,0.05211776025188039,31.90173,31.90173,0,202650,27826.57188551692,19185.23738317802,48229.72047314129,25211.51009171359,10561.66411504356,-119.0933547566484,-119.0933547566484,0,-39.30080706969399,-39.30080706969399,-40.49174061726047,-107.6057612822328,-120.3572823452529,-129.0163245869945,0,0,0,0,0,0,320,1,1,1,1,1,1,1,1,1,1,1,1,1,1,1,0.33,0.33,0.34,0.33,0.33,0.34,0,0,0,1,0.331450990275449,0.4765500178203502,0.1919989919042008,0.331450990275449,0.4765500178203502,0.1919989919042008,-0,-0,-0,1,0,-5.551115123125783e-17,31.346262,-39226.1121502141,202650,-119.0933547566484,320,0.33,0.33,0.34,0.33,0.33,0.34,0,0,0,-5.551115123125783e-17,31.346262,-39226.1121502141,202650,-119.0933547566484,320,0.33,0.33,0.34,0.33,0.33,0.34,0,0,0,-5.551115123125783e-17
0.626,94.11021079333733,94.11021079333733,0,31.05636956180132,31.05636956180132,31.99747166973469,85.82895410552248,121.5034017755449,75.56039221348554,46.09264127934038,68.6879274399803,33.73838646413164,0,0,0,31.346262,31.346262,0,10.34426646,10.34426646,10.65772908,10.34426646,10.34426646,10.65772908,0,0,0,999.9999868332601,999.9999868332601,0,331.45098591132,476.55001154574,191.9989893762,331.45098591132,476.55001154574,191.9989893762,0,0,0,-39226.1121502141,-39226.1121502141,0,-12944.61700957065,-12944.61700957065,-13336.87813107279,-35574.61662797526,-39671.78119609821,-42337.64961255837,990.4619246841606,1463.649193298381,735.9144097405178,0,0,0,0.2379951664107638,0.1244091294927885,0.05211776025188039,31.90173,31.90173,0,202650,27826.57188551692,19185.23738317802,48229.72047314129,25211.51009171359,10561.66411504356,-119.0933547566484,-119.0933547566484,0,-39.30080706969399,-39.30080706969399,-40.49174061726047,-107.6057612822328,-120.3572823452529,-129.0163245869945,0,0,0,0,0,0,320,1,1,1,1,1,1,1,1,1,1,1,1,1,1,1,0.33,0.33,0.34,0.33,0.33,0.34,0,0,0,1,0.331450990275449,0.4765500178203502,0.1919989919042008,0.331450990275449,0.4765500178203502,0.1919989919042008,-0,-0,-0,1,0,-5.551115123125783e-17,31.346262,-39226.1121502141,202650,-119.0933547566484,320,0.33,0.33,0.34,0.33,0.33,0.34,0,0,0,-5.551115123125783e-17,31.346262,-39226.1121502141,202650,-119.0933547566484,320,0.33,0.33,0.34,0.33,0.33,0.34,0,0,0,-5.551115123125783e-17
0.628,94.11021079333733,94.11021079333733,0,31.05636956180132,31.05636956180132,31.99747166973469,85.82895410552248,121.5034017755449,75.56039221348554,46.09264127934038,68.6879274399803,33.73838646413164,0,0,0,31.346262,31.346262,0,10.34426646,10.34426646,10.65772908,10.34426646,10.34426646,10.65772908,0,0,0,999.9999868332601,999.9999868332601,0,331.45098591132,476.55001154574,191.9989893762,331.45098591132,476.55001154574,191.9989893762,0,0,0,-39226.1121502141,-39226.1121502141,0,-12944.61700957065,-12944.61700957065,-13336.87813107279,-35574.61662797526,-39671.78119609821,-42337.64961255837,990.4619246841606,1463.649193298381,735.9144097405178,0,0,0,0.2379951664107638,0.1244091294927885,0.05211776025188039,31.90173,31.90173,0,202650,27826.57188551692,19185.23738317802,48229.72047314129,25211.51009171359,10561.66411504356,-119.0933547566484,-119.0933547566484,0,-39.30080706969399,-39.30080706969399,-40.49174061726047,-107.6057612822328,-120.3572823452529,-129.0163245869945,0,0,0,0,0,0,320,1,1,1,1,1,1,1,1,1,1,1,1,1,1,1,0.33,0.33,0.34,0.33,0.33,0.34,0,0,0,1,0.331450990275449,0.4765500178203502,0.1919989919042008,0.331450990275449,0.4765500178203502,0.1919989919042008,-0,-0,-0,1,0,-5.551115123125783e-17,31.346262,-39226.1121502141,202650,-119.0933547566484,320,0.33,0.33,0.34,0.33,0.33,0.34,0,0,0,-5.551115123125783e-17,31.346262,-39226.1121502141,202650,-119.0933547566484,320,0.33,0.33,0.34,0.33,0.33,0.34,0,0,0,-5.551115123125783e-17
0.63,94.11021079333733,94.11021079333733,0,31.05636956180132,31.05636956180132,31.99747166973469,85.82895410552248,121.5034017755449,75.56039221348554,46.09264127934038,68.6879274399803,33.73838646413164,0,0,0,31.346262,31.346262,0,10.34426646,10.34426646,10.65772908,10.34426646,10.34426646,10.65772908,0,0,0,999.9999868332601,999.9999868332601,0,331.45098591132,476.55001154574,191.9989893762,331.45098591132,476.55001154574,191.9989893762,0,0,0,-39226.1121502141,-39226.1121502141,0,-12944.61700957065,-12944.61700957065,-13336.87813107279,-35574.61662797526,-39671.78119609821,-42337.64961255837,990.4619246841606,1463.649193298381,735.9144097405178,0,0,0,0.2379951664107638,0.1244091294927885,0.05211776025188039,31.90173,31.90173,0,202650,27826.57188551692,19185.23738317802,48229.72047314129,25211.51009171359,10561.66411504356,-119.0933547566484,-119.0933547566484,0,-39.30080706969399,-39.30080706969399,-40.49174061726047,-107.6057612822328,-120.3572823452529,-129.0163245869945,0,0,0,0,0,0,320,1,1,1,1,1,1,1,1,1,1,1,1,1,1,1,0.33,0.33,0.34,0.33,0.33,0.34,0,0,0,1,0.331450990275449,0.4765500178203502,0.1919989919042008,0.331450990275449,0.4765500178203502,0.1919989919042008,-0,-0,-0,1,0,-5.551115123125783e-17,31.346262,-39226.1121502141,202650,-119.0933547566484,320,0.33,0.33,0.34,0.33,0.33,0.34,0,0,0,-5.551115123125783e-17,31.346262,-39226.1121502141,202650,-119.0933547566484,320,0.33,0.33,0.34,0.33,0.33,0.34,0,0,0,-5.551115123125783e-17
0.632,94.11021079333733,94.11021079333733,0,31.05636956180132,31.05636956180132,31.99747166973469,85.82895410552248,121.5034017755449,75.56039221348554,46.09264127934038,68.6879274399803,33.73838646413164,0,0,0,31.346262,31.346262,0,10.34426646,10.34426646,10.65772908,10.34426646,10.34426646,10.65772908,0,0,0,999.9999868332601,999.9999868332601,0,331.45098591132,476.55001154574,191.9989893762,331.45098591132,476.55001154574,191.9989893762,0,0,0,-39226.1121502141,-39226.1121502141,0,-12944.61700957065,-12944.61700957065,-13336.87813107279,-35574.61662797526,-39671.78119609821,-42337.64961255837,990.4619246841606,1463.649193298381,735.9144097405178,0,0,0,0.2379951664107638,0.1244091294927885,0.05211776025188039,31.90173,31.90173,0,202650,27826.57188551692,19185.23738317802,48229.72047314129,25211.51009171359,10561.66411504356,-119.0933547566484,-119.0933547566484,0,-39.30080706969399,-39.30080706969399,-40.49174061726047,-107.6057612822328,-120.3572823452529,-129.0163245869945,0,0,0,0,0,0,320,1,1,1,1,1,1,1,1,1,1,1,1,1,1,1,0.33,0.33,0.34,0.33,0.33,0.34,0,0,0,1,0.331450990275449,0.4765500178203502,0.1919989919042008,0.331450990275449,0.4765500178203502,0.1919989919042008,-0,-0,-0,1,0,-5.551115123125783e-17,31.346262,-39226.1121502141,202650,-119.0933547566484,320,0.33,0.33,0.34,0.33,0.33,0.34,0,0,0,-5.551115123125783e-17,31.346262,-39226.1121502141,202650,-119.0933547566484,320,0.33,0.33,0.34,0.33,0.33,0.34,0,0,0,-5.551115123125783e-17
0.634,94.11021079333733,94.11021079333733,0,31.05636956180132,31.05636956180132,31.99747166973469,85.82895410552248,121.5034017755449,75.56039221348554,46.09264127934038,68.6879274399803,33.73838646413164,0,0,0,31.346262,31.346262,0,10.34426646,10.34426646,10.65772908,10.34426646,10.34426646,10.65772908,0,0,0,999.9999868332601,999.9999868332601,0,331.45098591132,476.55001154574,191.9989893762,331.45098591132,476.55001154574,191.9989893762,0,0,0,-39226.1121502141,-39226.1121502141,0,-12944.61700957065,-12944.61700957065,-13336.87813107279,-35574.61662797526,-39671.78119609821,-42337.64961255837,990.4619246841606,1463.649193298381,735.9144097405178,0,0,0,0.2379951664107638,0.1244091294927885,0.05211776025188039,31.90173,31.90173,0,202650,27826.57188551692,19185.23738317802,48229.72047314129,25211.51009171359,10561.66411504356,-119.0933547566484,-119.0933547566484,0,-39.30080706969399,-39.30080706969399,-40.49174061726047,-107.6057612822328,-120.3572823452529,-129.0163245869945,0,0,0,0,0,0,320,1,1,1,1,1,1,1,1,1,1,1,1,1,1,1,0.33,0.33,0.34,0.33,0.33,0.34,0,0,0,1,0.331450990275449,0.4765500178203502,0.1919989919042008,0.331450990275449,0.4765500178203502,0.1919989919042008,-0,-0,-0,1,0,-5.551115123125783e-17,31.346262,-39226.1121502141,202650,-119.0933547566484,320,0.33,0.33,0.34,0.33,0.33,0.34,0,0,0,-5.551115123125783e-17,31.346262,-39226.1121502141,202650,-119.0933547566484,320,0.33,0.33,0.34,0.33,0.33,0.34,0,0,0,-5.551115123125783e-17
0.636,94.11021079333733,94.11021079333733,0,31.05636956180132,31.05636956180132,31.99747166973469,85.82895410552248,121.5034017755449,75.56039221348554,46.09264127934038,68.6879274399803,33.73838646413164,0,0,0,31.346262,31.346262,0,10.34426646,10.34426646,10.65772908,10.34426646,10.34426646,10.65772908,0,0,0,999.9999868332601,999.9999868332601,0,331.45098591132,476.55001154574,191.9989893762,331.45098591132,476.55001154574,191.9989893762,0,0,0,-39226.1121502141,-39226.1121502141,0,-12944.61700957065,-12944.61700957065,-13336.87813107279,-35574.61662797526,-39671.78119609821,-42337.64961255837,990.4619246841606,1463.649193298381,735.9144097405178,0,0,0,0.2379951664107638,0.1244091294927885,0.05211776025188039,31.90173,31.90173,0,202650,27826.57188551692,19185.23738317802,48229.72047314129,25211.51009171359,10561.66411504356,-119.0933547566484,-119.0933547566484,0,-39.30080706969399,-39.30080706969399,-40.49174061726047,-107.6057612822328,-120.3572823452529,-129.0163245869945,0,0,0,0,0,0,320,1,1,1,1,1,1,1,1,1,1,1,1,1,1,1,0.33,0.33,0.34,0.33,0.33,0.34,0,0,0,1,0.331450990275449,0.4765500178203502,0.1919989919042008,0.331450990275449,0.4765500178203502,0.1919989919042008,-0,-0,-0,1,0,-5.551115123125783e-17,31.346262,-39226.1121502141,202650,-119.0933547566484,320,0.33,0.33,0.34,0.33,0.33,0.34,0,0,0,-5.551115123125783e-17,31.346262,-39226.1121502141,202650,-119.0933547566484,320,0.33,0.33,0.34,0.33,0.33,0.34,0,0,0,-5.551115123125783e-17
0.638,94.11021079333733,94.11021079333733,0,31.05636956180132,31.05636956180132,31.99747166973469,85.82895410552248,121.5034017755449,75.56039221348554,46.09264127934038,68.6879274399803,33.73838646413164,0,0,0,31.346262,31.346262,0,10.34426646,10.34426646,10.65772908,10.34426646,10.34426646,10.65772908,0,0,0,999.9999868332601,999.9999868332601,0,331.45098591132,476.55001154574,191.9989893762,331.45098591132,476.55001154574,191.9989893762,0,0,0,-39226.1121502141,-39226.1121502141,0,-12944.61700957065,-12944.61700957065,-13336.87813107279,-35574.61662797526,-39671.78119609821,-42337.64961255837,990.4619246841606,1463.649193298381,735.9144097405178,0,0,0,0.2379951664107638,0.1244091294927885,0.05211776025188039,31.90173,31.90173,0,202650,27826.57188551692,19185.23738317802,48229.72047314129,25211.51009171359,10561.66411504356,-119.0933547566484,-119.0933547566484,0,-39.30080706969399,-39.30080706969399,-40.49174061726047,-107.6057612822328,-120.3572823452529,-129.0163245869945,0,0,0,0,0,0,320,1,1,1,1,1,1,1,1,1,1,1,1,1,1,1,0.33,0.33,0.34,0.33,0.33,0.34,0,0,0,1,0.331450990275449,0.4765500178203502,0.1919989919042008,0.331450990275449,0.4765500178203502,0.1919989919042008,-0,-0,-0,1,0,-5.551115123125783e-17,31.346262,-39226.1121502141,202650,-119.0933547566484,320,0.33,0.33,0.34,0.33,0.33,0.34,0,0,0,-5.551115123125783e-17,31.346262,-39226.1121502141,202650,-119.0933547566484,320,0.33,0.33,0.34,0.33,0.33,0.34,0,0,0,-5.551115123125783e-17
0.64,94.11021079333733,94.11021079333733,0,31.05636956180132,31.05636956180132,31.99747166973469,85.82895410552248,121.5034017755449,75.56039221348554,46.09264127934038,68.6879274399803,33.73838646413164,0,0,0,31.346262,31.346262,0,10.34426646,10.34426646,10.65772908,10.34426646,10.34426646,10.65772908,0,0,0,999.9999868332601,999.9999868332601,0,331.45098591132,476.55001154574,191.9989893762,331.45098591132,476.55001154574,191.9989893762,0,0,0,-39226.1121502141,-39226.1121502141,0,-12944.61700957065,-12944.61700957065,-13336.87813107279,-35574.61662797526,-39671.78119609821,-42337.64961255837,990.4619246841606,1463.649193298381,735.9144097405178,0,0,0,0.2379951664107638,0.1244091294927885,0.05211776025188039,31.90173,31.90173,0,202650,27826.57188551692,19185.23738317802,48229.72047314129,25211.51009171359,10561.66411504356,-119.0933547566484,-119.0933547566484,0,-39.30080706969399,-39.30080706969399,-40.49174061726047,-107.6057612822328,-120.3572823452529,-129.0163245869945,0,0,0,0,0,0,320,1,1,1,1,1,1,1,1,1,1,1,1,1,1,1,0.33,0.33,0.34,0.33,0.33,0.34,0,0,0,1,0.331450990275449,0.4765500178203502,0.1919989919042008,0.331450990275449,0.4765500178203502,0.1919989919042008,-0,-0,-0,1,0,-5.551115123125783e-17,31.346262,-39226.1121502141,202650,-119.0933547566484,320,0.33,0.33,0.34,0.33,0.33,0.34,0,0,0,-5.551115123125783e-17,31.346262,-39226.1121502141,202650,-119.0933547566484,320,0.33,0.33,0.34,0.33,0.33,0.34,0,0,0,-5.551115123125783e-17
0.642,94.11021079333733,94.11021079333733,0,31.05636956180132,31.05636956180132,31.99747166973469,85.82895410552248,121.5034017755449,75.56039221348554,46.09264127934038,68.6879274399803,33.73838646413164,0,0,0,31.346262,31.346262,0,10.34426646,10.34426646,10.65772908,10.34426646,10.34426646,10.65772908,0,0,0,999.9999868332601,999.9999868332601,0,331.45098591132,476.55001154574,191.9989893762,331.45098591132,476.55001154574,191.9989893762,0,0,0,-39226.1121502141,-39226.1121502141,0,-12944.61700957065,-12944.61700957065,-13336.87813107279,-35574.61662797526,-39671.78119609821,-42337.64961255837,990.4619246841606,1463.649193298381,735.9144097405178,0,0,0,0.2379951664107638,0.1244091294927885,0.05211776025188039,31.90173,31.90173,0,202650,27826.57188551692,19185.23738317802,48229.72047314129,25211.51009171359,10561.66411504356,-119.0933547566484,-119.0933547566484,0,-39.30080706969399,-39.30080706969399,-40.49174061726047,-107.6057612822328,-120.3572823452529,-129.0163245869945,0,0,0,0,0,0,320,1,1,1,1,1,1,1,1,1,1,1,1,1,1,1,0.33,0.33,0.34,0.33,0.33,0.34,0,0,0,1,0.331450990275449,0.4765500178203502,0.1919989919042008,0.331450990275449,0.4765500178203502,0.1919989919042008,-0,-0,-0,1,0,-5.551115123125783e-17,31.346262,-39226.1121502141,202650,-119.0933547566484,320,0.33,0.33,0.34,0.33,0.33,0.34,0,0,0,-5.551115123125783e-17,31.346262,-39226.1121502141,202650,-119.0933547566484,320,0.33,0.33,0.34,0.33,0.33,0.34,0,0,0,-5.551115123125783e-17
0.644,94.11021079333733,94.11021079333733,0,31.05636956180132,31.05636956180132,31.99747166973469,85.82895410552248,121.5034017755449,75.56039221348554,46.09264127934038,68.6879274399803,33.73838646413164,0,0,0,31.346262,31.346262,0,10.34426646,10.34426646,10.65772908,10.34426646,10.34426646,10.65772908,0,0,0,999.9999868332601,999.9999868332601,0,331.45098591132,476.55001154574,191.9989893762,331.45098591132,476.55001154574,191.9989893762,0,0,0,-39226.1121502141,-39226.1121502141,0,-12944.61700957065,-12944.61700957065,-13336.87813107279,-35574.61662797526,-39671.78119609821,-42337.64961255837,990.4619246841606,1463.649193298381,735.9144097405178,0,0,0,0.2379951664107638,0.1244091294927885,0.05211776025188039,31.90173,31.90173,0,202650,27826.57188551692,19185.23738317802,48229.72047314129,25211.51009171359,10561.66411504356,-119.0933547566484,-119.0933547566484,0,-39.30080706969399,-39.30080706969399,-40.49174061726047,-107.6057612822328,-120.3572823452529,-129.0163245869945,0,0,0,0,0,0,320,1,1,1,1,1,1,1,1,1,1,1,1,1,1,1,0.33,0.33,0.34,0.33,0.33,0.34,0,0,0,1,0.331450990275449,0.4765500178203502,0.1919989919042008,0.331450990275449,0.4765500178203502,0.1919989919042008,-0,-0,-0,1,0,-5.551115123125783e-17,31.346262,-39226.1121502141,202650,-119.0933547566484,320,0.33,0.33,0.34,0.33,0.33,0.34,0,0,0,-5.551115123125783e-17,31.346262,-39226.1121502141,202650,-119.0933547566484,320,0.33,0.33,0.34,0.33,0.33,0.34,0,0,0,-5.551115123125783e-17
0.646,94.11021079333733,94.11021079333733,0,31.05636956180132,31.05636956180132,31.99747166973469,85.82895410552248,121.5034017755449,75.56039221348554,46.09264127934038,68.6879274399803,33.73838646413164,0,0,0,31.346262,31.346262,0,10.34426646,10.34426646,10.65772908,10.34426646,10.34426646,10.65772908,0,0,0,999.9999868332601,999.9999868332601,0,331.45098591132,476.55001154574,191.9989893762,331.45098591132,476.55001154574,191.9989893762,0,0,0,-39226.1121502141,-39226.1121502141,0,-12944.61700957065,-12944.61700957065,-13336.87813107279,-35574.61662797526,-39671.78119609821,-42337.64961255837,990.4619246841606,1463.649193298381,735.9144097405178,0,0,0,0.2379951664107638,0.1244091294927885,0.05211776025188039,31.90173,31.90173,0,202650,27826.57188551692,19185.23738317802,48229.72047314129,25211.51009171359,10561.66411504356,-119.0933547566484,-119.0933547566484,0,-39.30080706969399,-39.30080706969399,-40.49174061726047,-107.6057612822328,-120.3572823452529,-129.0163245869945,0,0,0,0,0,0,320,1,1,1,1,1,1,1,1,1,1,1,1,1,1,1,0.33,0.33,0.34,0.33,0.33,0.34,0,0,0,1,0.331450990275449,0.4765500178203502,0.1919989919042008,0.331450990275449,0.4765500178203502,0.1919989919042008,-0,-0,-0,1,0,-5.551115123125783e-17,31.346262,-39226.1121502141,202650,-119.0933547566484,320,0.33,0.33,0.34,0.33,0.33,0.34,0,0,0,-5.551115123125783e-17,31.346262,-39226.1121502141,202650,-119.0933547566484,320,0.33,0.33,0.34,0.33,0.33,0.34,0,0,0,-5.551115123125783e-17
0.648,94.11021079333733,94.11021079333733,0,31.05636956180132,31.05636956180132,31.99747166973469,85.82895410552248,121.5034017755449,75.56039221348554,46.09264127934038,68.6879274399803,33.73838646413164,0,0,0,31.346262,31.346262,0,10.34426646,10.34426646,10.65772908,10.34426646,10.34426646,10.65772908,0,0,0,999.9999868332601,999.9999868332601,0,331.45098591132,476.55001154574,191.9989893762,331.45098591132,476.55001154574,191.9989893762,0,0,0,-39226.1121502141,-39226.1121502141,0,-12944.61700957065,-12944.61700957065,-13336.87813107279,-35574.61662797526,-39671.78119609821,-42337.64961255837,990.4619246841606,1463.649193298381,735.9144097405178,0,0,0,0.2379951664107638,0.1244091294927885,0.05211776025188039,31.90173,31.90173,0,202650,27826.57188551692,19185.23738317802,48229.72047314129,25211.51009171359,10561.66411504356,-119.0933547566484,-119.0933547566484,0,-39.30080706969399,-39.30080706969399,-40.49174061726047,-107.6057612822328,-120.3572823452529,-129.0163245869945,0,0,0,0,0,0,320,1,1,1,1,1,1,1,1,1,1,1,1,1,1,1,0.33,0.33,0.34,0.33,0.33,0.34,0,0,0,1,0.331450990275449,0.4765500178203502,0.1919989919042008,0.331450990275449,0.4765500178203502,0.1919989919042008,-0,-0,-0,1,0,-5.551115123125783e-17,31.346262,-39226.1121502141,202650,-119.0933547566484,320,0.33,0.33,0.34,0.33,0.33,0.34,0,0,0,-5.551115123125783e-17,31.346262,-39226.1121502141,202650,-119.0933547566484,320,0.33,0.33,0.34,0.33,0.33,0.34,0,0,0,-5.551115123125783e-17
0.65,94.11021079333733,94.11021079333733,0,31.05636956180132,31.05636956180132,31.99747166973469,85.82895410552248,121.5034017755449,75.56039221348554,46.09264127934038,68.6879274399803,33.73838646413164,0,0,0,31.346262,31.346262,0,10.34426646,10.34426646,10.65772908,10.34426646,10.34426646,10.65772908,0,0,0,999.9999868332601,999.9999868332601,0,331.45098591132,476.55001154574,191.9989893762,331.45098591132,476.55001154574,191.9989893762,0,0,0,-39226.1121502141,-39226.1121502141,0,-12944.61700957065,-12944.61700957065,-13336.87813107279,-35574.61662797526,-39671.78119609821,-42337.64961255837,990.4619246841606,1463.649193298381,735.9144097405178,0,0,0,0.2379951664107638,0.1244091294927885,0.05211776025188039,31.90173,31.90173,0,202650,27826.57188551692,19185.23738317802,48229.72047314129,25211.51009171359,10561.66411504356,-119.0933547566484,-119.0933547566484,0,-39.30080706969399,-39.30080706969399,-40.49174061726047,-107.6057612822328,-120.3572823452529,-129.0163245869945,0,0,0,0,0,0,320,1,1,1,1,1,1,1,1,1,1,1,1,1,1,1,0.33,0.33,0.34,0.33,0.33,0.34,0,0,0,1,0.331450990275449,0.4765500178203502,0.1919989919042008,0.331450990275449,0.4765500178203502,0.1919989919042008,-0,-0,-0,1,0,-5.551115123125783e-17,31.346262,-39226.1121502141,202650,-119.0933547566484,320,0.33,0.33,0.34,0.33,0.33,0.34,0,0,0,-5.551115123125783e-17,31.346262,-39226.1121502141,202650,-119.0933547566484,320,0.33,0.33,0.34,0.33,0.33,0.34,0,0,0,-5.551115123125783e-17
0.652,94.11021079333733,94.11021079333733,0,31.05636956180132,31.05636956180132,31.99747166973469,85.82895410552248,121.5034017755449,75.56039221348554,46.09264127934038,68.6879274399803,33.73838646413164,0,0,0,31.346262,31.346262,0,10.34426646,10.34426646,10.65772908,10.34426646,10.34426646,10.65772908,0,0,0,999.9999868332601,999.9999868332601,0,331.45098591132,476.55001154574,191.9989893762,331.45098591132,476.55001154574,191.9989893762,0,0,0,-39226.1121502141,-39226.1121502141,0,-12944.61700957065,-12944.61700957065,-13336.87813107279,-35574.61662797526,-39671.78119609821,-42337.64961255837,990.4619246841606,1463.649193298381,735.9144097405178,0,0,0,0.2379951664107638,0.1244091294927885,0.05211776025188039,31.90173,31.90173,0,202650,27826.57188551692,19185.23738317802,48229.72047314129,25211.51009171359,10561.66411504356,-119.0933547566484,-119.0933547566484,0,-39.30080706969399,-39.30080706969399,-40.49174061726047,-107.6057612822328,-120.3572823452529,-129.0163245869945,0,0,0,0,0,0,320,1,1,1,1,1,1,1,1,1,1,1,1,1,1,1,0.33,0.33,0.34,0.33,0.33,0.34,0,0,0,1,0.331450990275449,0.4765500178203502,0.1919989919042008,0.331450990275449,0.4765500178203502,0.1919989919042008,-0,-0,-0,1,0,-5.551115123125783e-17,31.346262,-39226.1121502141,202650,-119.0933547566484,320,0.33,0.33,0.34,0.33,0.33,0.34,0,0,0,-5.551115123125783e-17,31.346262,-39226.1121502141,202650,-119.0933547566484,320,0.33,0.33,0.34,0.33,0.33,0.34,0,0,0,-5.551115123125783e-17
0.654,94.11021079333733,94.11021079333733,0,31.05636956180132,31.05636956180132,31.99747166973469,85.82895410552248,121.5034017755449,75.56039221348554,46.09264127934038,68.6879274399803,33.73838646413164,0,0,0,31.346262,31.346262,0,10.34426646,10.34426646,10.65772908,10.34426646,10.34426646,10.65772908,0,0,0,999.9999868332601,999.9999868332601,0,331.45098591132,476.55001154574,191.9989893762,331.45098591132,476.55001154574,191.9989893762,0,0,0,-39226.1121502141,-39226.1121502141,0,-12944.61700957065,-12944.61700957065,-13336.87813107279,-35574.61662797526,-39671.78119609821,-42337.64961255837,990.4619246841606,1463.649193298381,735.9144097405178,0,0,0,0.2379951664107638,0.1244091294927885,0.05211776025188039,31.90173,31.90173,0,202650,27826.57188551692,19185.23738317802,48229.72047314129,25211.51009171359,10561.66411504356,-119.0933547566484,-119.0933547566484,0,-39.30080706969399,-39.30080706969399,-40.49174061726047,-107.6057612822328,-120.3572823452529,-129.0163245869945,0,0,0,0,0,0,320,1,1,1,1,1,1,1,1,1,1,1,1,1,1,1,0.33,0.33,0.34,0.33,0.33,0.34,0,0,0,1,0.331450990275449,0.4765500178203502,0.1919989919042008,0.331450990275449,0.4765500178203502,0.1919989919042008,-0,-0,-0,1,0,-5.551115123125783e-17,31.346262,-39226.1121502141,202650,-119.0933547566484,320,0.33,0.33,0.34,0.33,0.33,0.34,0,0,0,-5.551115123125783e-17,31.346262,-39226.1121502141,202650,-119.0933547566484,320,0.33,0.33,0.34,0.33,0.33,0.34,0,0,0,-5.551115123125783e-17
0.656,94.11021079333733,94.11021079333733,0,31.05636956180132,31.05636956180132,31.99747166973469,85.82895410552248,121.5034017755449,75.56039221348554,46.09264127934038,68.6879274399803,33.73838646413164,0,0,0,31.346262,31.346262,0,10.34426646,10.34426646,10.65772908,10.34426646,10.34426646,10.65772908,0,0,0,999.9999868332601,999.9999868332601,0,331.45098591132,476.55001154574,191.9989893762,331.45098591132,476.55001154574,191.9989893762,0,0,0,-39226.1121502141,-39226.1121502141,0,-12944.61700957065,-12944.61700957065,-13336.87813107279,-35574.61662797526,-39671.78119609821,-42337.64961255837,990.4619246841606,1463.649193298381,735.9144097405178,0,0,0,0.2379951664107638,0.1244091294927885,0.05211776025188039,31.90173,31.90173,0,202650,27826.57188551692,19185.23738317802,48229.72047314129,25211.51009171359,10561.66411504356,-119.0933547566484,-119.0933547566484,0,-39.30080706969399,-39.30080706969399,-40.49174061726047,-107.6057612822328,-120.3572823452529,-129.0163245869945,0,0,0,0,0,0,320,1,1,1,1,1,1,1,1,1,1,1,1,1,1,1,0.33,0.33,0.34,0.33,0.33,0.34,0,0,0,1,0.331450990275449,0.4765500178203502,0.1919989919042008,0.331450990275449,0.4765500178203502,0.1919989919042008,-0,-0,-0,1,0,-5.551115123125783e-17,31.346262,-39226.1121502141,202650,-119.0933547566484,320,0.33,0.33,0.34,0.33,0.33,0.34,0,0,0,-5.551115123125783e-17,31.346262,-39226.1121502141,202650,-119.0933547566484,320,0.33,0.33,0.34,0.33,0.33,0.34,0,0,0,-5.551115123125783e-17
0.658,94.11021079333733,94.11021079333733,0,31.05636956180132,31.05636956180132,31.99747166973469,85.82895410552248,121.5034017755449,75.56039221348554,46.09264127934038,68.6879274399803,33.73838646413164,0,0,0,31.346262,31.346262,0,10.34426646,10.34426646,10.65772908,10.34426646,10.34426646,10.65772908,0,0,0,999.9999868332601,999.9999868332601,0,331.45098591132,476.55001154574,191.9989893762,331.45098591132,476.55001154574,191.9989893762,0,0,0,-39226.1121502141,-39226.1121502141,0,-12944.61700957065,-12944.61700957065,-13336.87813107279,-35574.61662797526,-39671.78119609821,-42337.64961255837,990.4619246841606,1463.649193298381,735.9144097405178,0,0,0,0.2379951664107638,0.1244091294927885,0.05211776025188039,31.90173,31.90173,0,202650,27826.57188551692,19185.23738317802,48229.72047314129,25211.51009171359,10561.66411504356,-119.0933547566484,-119.0933547566484,0,-39.30080706969399,-39.30080706969399,-40.49174061726047,-107.6057612822328,-120.3572823452529,-129.0163245869945,0,0,0,0,0,0,320,1,1,1,1,1,1,1,1,1,1,1,1,1,1,1,0.33,0.33,0.34,0.33,0.33,0.34,0,0,0,1,0.331450990275449,0.4765500178203502,0.1919989919042008,0.331450990275449,0.4765500178203502,0.1919989919042008,-0,-0,-0,1,0,-5.551115123125783e-17,31.346262,-39226.1121502141,202650,-119.0933547566484,320,0.33,0.33,0.34,0.33,0.33,0.34,0,0,0,-5.551115123125783e-17,31.346262,-39226.1121502141,202650,-119.0933547566484,320,0.33,0.33,0.34,0.33,0.33,0.34,0,0,0,-5.551115123125783e-17
0.66,94.11021079333733,94.11021079333733,0,31.05636956180132,31.05636956180132,31.99747166973469,85.82895410552248,121.5034017755449,75.56039221348554,46.09264127934038,68.6879274399803,33.73838646413164,0,0,0,31.346262,31.346262,0,10.34426646,10.34426646,10.65772908,10.34426646,10.34426646,10.65772908,0,0,0,999.9999868332601,999.9999868332601,0,331.45098591132,476.55001154574,191.9989893762,331.45098591132,476.55001154574,191.9989893762,0,0,0,-39226.1121502141,-39226.1121502141,0,-12944.61700957065,-12944.61700957065,-13336.87813107279,-35574.61662797526,-39671.78119609821,-42337.64961255837,990.4619246841606,1463.649193298381,735.9144097405178,0,0,0,0.2379951664107638,0.1244091294927885,0.05211776025188039,31.90173,31.90173,0,202650,27826.57188551692,19185.23738317802,48229.72047314129,25211.51009171359,10561.66411504356,-119.0933547566484,-119.0933547566484,0,-39.30080706969399,-39.30080706969399,-40.49174061726047,-107.6057612822328,-120.3572823452529,-129.0163245869945,0,0,0,0,0,0,320,1,1,1,1,1,1,1,1,1,1,1,1,1,1,1,0.33,0.33,0.34,0.33,0.33,0.34,0,0,0,1,0.331450990275449,0.4765500178203502,0.1919989919042008,0.331450990275449,0.4765500178203502,0.1919989919042008,-0,-0,-0,1,0,-5.551115123125783e-17,31.346262,-39226.1121502141,202650,-119.0933547566484,320,0.33,0.33,0.34,0.33,0.33,0.34,0,0,0,-5.551115123125783e-17,31.346262,-39226.1121502141,202650,-119.0933547566484,320,0.33,0.33,0.34,0.33,0.33,0.34,0,0,0,-5.551115123125783e-17
0.662,94.11021079333733,94.11021079333733,0,31.05636956180132,31.05636956180132,31.99747166973469,85.82895410552248,121.5034017755449,75.56039221348554,46.09264127934038,68.6879274399803,33.73838646413164,0,0,0,31.346262,31.346262,0,10.34426646,10.34426646,10.65772908,10.34426646,10.34426646,10.65772908,0,0,0,999.9999868332601,999.9999868332601,0,331.45098591132,476.55001154574,191.9989893762,331.45098591132,476.55001154574,191.9989893762,0,0,0,-39226.1121502141,-39226.1121502141,0,-12944.61700957065,-12944.61700957065,-13336.87813107279,-35574.61662797526,-39671.78119609821,-42337.64961255837,990.4619246841606,1463.649193298381,735.9144097405178,0,0,0,0.2379951664107638,0.1244091294927885,0.05211776025188039,31.90173,31.90173,0,202650,27826.57188551692,19185.23738317802,48229.72047314129,25211.51009171359,10561.66411504356,-119.0933547566484,-119.0933547566484,0,-39.30080706969399,-39.30080706969399,-40.49174061726047,-107.6057612822328,-120.3572823452529,-129.0163245869945,0,0,0,0,0,0,320,1,1,1,1,1,1,1,1,1,1,1,1,1,1,1,0.33,0.33,0.34,0.33,0.33,0.34,0,0,0,1,0.331450990275449,0.4765500178203502,0.1919989919042008,0.331450990275449,0.4765500178203502,0.1919989919042008,-0,-0,-0,1,0,-5.551115123125783e-17,31.346262,-39226.1121502141,202650,-119.0933547566484,320,0.33,0.33,0.34,0.33,0.33,0.34,0,0,0,-5.551115123125783e-17,31.346262,-39226.1121502141,202650,-119.0933547566484,320,0.33,0.33,0.34,0.33,0.33,0.34,0,0,0,-5.551115123125783e-17
0.664,94.11021079333733,94.11021079333733,0,31.05636956180132,31.05636956180132,31.99747166973469,85.82895410552248,121.5034017755449,75.56039221348554,46.09264127934038,68.6879274399803,33.73838646413164,0,0,0,31.346262,31.346262,0,10.34426646,10.34426646,10.65772908,10.34426646,10.34426646,10.65772908,0,0,0,999.9999868332601,999.9999868332601,0,331.45098591132,476.55001154574,191.9989893762,331.45098591132,476.55001154574,191.9989893762,0,0,0,-39226.1121502141,-39226.1121502141,0,-12944.61700957065,-12944.61700957065,-13336.87813107279,-35574.61662797526,-39671.78119609821,-42337.64961255837,990.4619246841606,1463.649193298381,735.9144097405178,0,0,0,0.2379951664107638,0.1244091294927885,0.05211776025188039,31.90173,31.90173,0,202650,27826.57188551692,19185.23738317802,48229.72047314129,25211.51009171359,10561.66411504356,-119.0933547566484,-119.0933547566484,0,-39.30080706969399,-39.30080706969399,-40.49174061726047,-107.6057612822328,-120.3572823452529,-129.0163245869945,0,0,0,0,0,0,320,1,1,1,1,1,1,1,1,1,1,1,1,1,1,1,0.33,0.33,0.34,0.33,0.33,0.34,0,0,0,1,0.331450990275449,0.4765500178203502,0.1919989919042008,0.331450990275449,0.4765500178203502,0.1919989919042008,-0,-0,-0,1,0,-5.551115123125783e-17,31.346262,-39226.1121502141,202650,-119.0933547566484,320,0.33,0.33,0.34,0.33,0.33,0.34,0,0,0,-5.551115123125783e-17,31.346262,-39226.1121502141,202650,-119.0933547566484,320,0.33,0.33,0.34,0.33,0.33,0.34,0,0,0,-5.551115123125783e-17
0.666,94.11021079333733,94.11021079333733,0,31.05636956180132,31.05636956180132,31.99747166973469,85.82895410552248,121.5034017755449,75.56039221348554,46.09264127934038,68.6879274399803,33.73838646413164,0,0,0,31.346262,31.346262,0,10.34426646,10.34426646,10.65772908,10.34426646,10.34426646,10.65772908,0,0,0,999.9999868332601,999.9999868332601,0,331.45098591132,476.55001154574,191.9989893762,331.45098591132,476.55001154574,191.9989893762,0,0,0,-39226.1121502141,-39226.1121502141,0,-12944.61700957065,-12944.61700957065,-13336.87813107279,-35574.61662797526,-39671.78119609821,-42337.64961255837,990.4619246841606,1463.649193298381,735.9144097405178,0,0,0,0.2379951664107638,0.1244091294927885,0.05211776025188039,31.90173,31.90173,0,202650,27826.57188551692,19185.23738317802,48229.72047314129,25211.51009171359,10561.66411504356,-119.0933547566484,-119.0933547566484,0,-39.30080706969399,-39.30080706969399,-40.49174061726047,-107.6057612822328,-120.3572823452529,-129.0163245869945,0,0,0,0,0,0,320,1,1,1,1,1,1,1,1,1,1,1,1,1,1,1,0.33,0.33,0.34,0.33,0.33,0.34,0,0,0,1,0.331450990275449,0.4765500178203502,0.1919989919042008,0.331450990275449,0.4765500178203502,0.1919989919042008,-0,-0,-0,1,0,-5.551115123125783e-17,31.346262,-39226.1121502141,202650,-119.0933547566484,320,0.33,0.33,0.34,0.33,0.33,0.34,0,0,0,-5.551115123125783e-17,31.346262,-39226.1121502141,202650,-119.0933547566484,320,0.33,0.33,0.34,0.33,0.33,0.34,0,0,0,-5.551115123125783e-17
0.668,94.11021079333733,94.11021079333733,0,31.05636956180132,31.05636956180132,31.99747166973469,85.82895410552248,121.5034017755449,75.56039221348554,46.09264127934038,68.6879274399803,33.73838646413164,0,0,0,31.346262,31.346262,0,10.34426646,10.34426646,10.65772908,10.34426646,10.34426646,10.65772908,0,0,0,999.9999868332601,999.9999868332601,0,331.45098591132,476.55001154574,191.9989893762,331.45098591132,476.55001154574,191.9989893762,0,0,0,-39226.1121502141,-39226.1121502141,0,-12944.61700957065,-12944.61700957065,-13336.87813107279,-35574.61662797526,-39671.78119609821,-42337.64961255837,990.4619246841606,1463.649193298381,735.9144097405178,0,0,0,0.2379951664107638,0.1244091294927885,0.05211776025188039,31.90173,31.90173,0,202650,27826.57188551692,19185.23738317802,48229.72047314129,25211.51009171359,10561.66411504356,-119.0933547566484,-119.0933547566484,0,-39.30080706969399,-39.30080706969399,-40.49174061726047,-107.6057612822328,-120.3572823452529,-129.0163245869945,0,0,0,0,0,0,320,1,1,1,1,1,1,1,1,1,1,1,1,1,1,1,0.33,0.33,0.34,0.33,0.33,0.34,0,0,0,1,0.331450990275449,0.4765500178203502,0.1919989919042008,0.331450990275449,0.4765500178203502,0.1919989919042008,-0,-0,-0,1,0,-5.551115123125783e-17,31.346262,-39226.1121502141,202650,-119.0933547566484,320,0.33,0.33,0.34,0.33,0.33,0.34,0,0,0,-5.551115123125783e-17,31.346262,-39226.1121502141,202650,-119.0933547566484,320,0.33,0.33,0.34,0.33,0.33,0.34,0,0,0,-5.551115123125783e-17
0.67,94.11021079333733,94.11021079333733,0,31.05636956180132,31.05636956180132,31.99747166973469,85.82895410552248,121.5034017755449,75.56039221348554,46.09264127934038,68.6879274399803,33.73838646413164,0,0,0,31.346262,31.346262,0,10.34426646,10.34426646,10.65772908,10.34426646,10.34426646,10.65772908,0,0,0,999.9999868332601,999.9999868332601,0,331.45098591132,476.55001154574,191.9989893762,331.45098591132,476.55001154574,191.9989893762,0,0,0,-39226.1121502141,-39226.1121502141,0,-12944.61700957065,-12944.61700957065,-13336.87813107279,-35574.61662797526,-39671.78119609821,-42337.64961255837,990.4619246841606,1463.649193298381,735.9144097405178,0,0,0,0.2379951664107638,0.1244091294927885,0.05211776025188039,31.90173,31.90173,0,202650,27826.57188551692,19185.23738317802,48229.72047314129,25211.51009171359,10561.66411504356,-119.0933547566484,-119.0933547566484,0,-39.30080706969399,-39.30080706969399,-40.49174061726047,-107.6057612822328,-120.3572823452529,-129.0163245869945,0,0,0,0,0,0,320,1,1,1,1,1,1,1,1,1,1,1,1,1,1,1,0.33,0.33,0.34,0.33,0.33,0.34,0,0,0,1,0.331450990275449,0.4765500178203502,0.1919989919042008,0.331450990275449,0.4765500178203502,0.1919989919042008,-0,-0,-0,1,0,-5.551115123125783e-17,31.346262,-39226.1121502141,202650,-119.0933547566484,320,0.33,0.33,0.34,0.33,0.33,0.34,0,0,0,-5.551115123125783e-17,31.346262,-39226.1121502141,202650,-119.0933547566484,320,0.33,0.33,0.34,0.33,0.33,0.34,0,0,0,-5.551115123125783e-17
0.672,94.11021079333733,94.11021079333733,0,31.05636956180132,31.05636956180132,31.99747166973469,85.82895410552248,121.5034017755449,75.56039221348554,46.09264127934038,68.6879274399803,33.73838646413164,0,0,0,31.346262,31.346262,0,10.34426646,10.34426646,10.65772908,10.34426646,10.34426646,10.65772908,0,0,0,999.9999868332601,999.9999868332601,0,331.45098591132,476.55001154574,191.9989893762,331.45098591132,476.55001154574,191.9989893762,0,0,0,-39226.1121502141,-39226.1121502141,0,-12944.61700957065,-12944.61700957065,-13336.87813107279,-35574.61662797526,-39671.78119609821,-42337.64961255837,990.4619246841606,1463.649193298381,735.9144097405178,0,0,0,0.2379951664107638,0.1244091294927885,0.05211776025188039,31.90173,31.90173,0,202650,27826.57188551692,19185.23738317802,48229.72047314129,25211.51009171359,10561.66411504356,-119.0933547566484,-119.0933547566484,0,-39.30080706969399,-39.30080706969399,-40.49174061726047,-107.6057612822328,-120.3572823452529,-129.0163245869945,0,0,0,0,0,0,320,1,1,1,1,1,1,1,1,1,1,1,1,1,1,1,0.33,0.33,0.34,0.33,0.33,0.34,0,0,0,1,0.331450990275449,0.4765500178203502,0.1919989919042008,0.331450990275449,0.4765500178203502,0.1919989919042008,-0,-0,-0,1,0,-5.551115123125783e-17,31.346262,-39226.1121502141,202650,-119.0933547566484,320,0.33,0.33,0.34,0.33,0.33,0.34,0,0,0,-5.551115123125783e-17,31.346262,-39226.1121502141,202650,-119.0933547566484,320,0.33,0.33,0.34,0.33,0.33,0.34,0,0,0,-5.551115123125783e-17
0.674,94.11021079333733,94.11021079333733,0,31.05636956180132,31.05636956180132,31.99747166973469,85.82895410552248,121.5034017755449,75.56039221348554,46.09264127934038,68.6879274399803,33.73838646413164,0,0,0,31.346262,31.346262,0,10.34426646,10.34426646,10.65772908,10.34426646,10.34426646,10.65772908,0,0,0,999.9999868332601,999.9999868332601,0,331.45098591132,476.55001154574,191.9989893762,331.45098591132,476.55001154574,191.9989893762,0,0,0,-39226.1121502141,-39226.1121502141,0,-12944.61700957065,-12944.61700957065,-13336.87813107279,-35574.61662797526,-39671.78119609821,-42337.64961255837,990.4619246841606,1463.649193298381,735.9144097405178,0,0,0,0.2379951664107638,0.1244091294927885,0.05211776025188039,31.90173,31.90173,0,202650,27826.57188551692,19185.23738317802,48229.72047314129,25211.51009171359,10561.66411504356,-119.0933547566484,-119.0933547566484,0,-39.30080706969399,-39.30080706969399,-40.49174061726047,-107.6057612822328,-120.3572823452529,-129.0163245869945,0,0,0,0,0,0,320,1,1,1,1,1,1,1,1,1,1,1,1,1,1,1,0.33,0.33,0.34,0.33,0.33,0.34,0,0,0,1,0.331450990275449,0.4765500178203502,0.1919989919042008,0.331450990275449,0.4765500178203502,0.1919989919042008,-0,-0,-0,1,0,-5.551115123125783e-17,31.346262,-39226.1121502141,202650,-119.0933547566484,320,0.33,0.33,0.34,0.33,0.33,0.34,0,0,0,-5.551115123125783e-17,31.346262,-39226.1121502141,202650,-119.0933547566484,320,0.33,0.33,0.34,0.33,0.33,0.34,0,0,0,-5.551115123125783e-17
0.676,94.11021079333733,94.11021079333733,0,31.05636956180132,31.05636956180132,31.99747166973469,85.82895410552248,121.5034017755449,75.56039221348554,46.09264127934038,68.6879274399803,33.73838646413164,0,0,0,31.346262,31.346262,0,10.34426646,10.34426646,10.65772908,10.34426646,10.34426646,10.65772908,0,0,0,999.9999868332601,999.9999868332601,0,331.45098591132,476.55001154574,191.9989893762,331.45098591132,476.55001154574,191.9989893762,0,0,0,-39226.1121502141,-39226.1121502141,0,-12944.61700957065,-12944.61700957065,-13336.87813107279,-35574.61662797526,-39671.78119609821,-42337.64961255837,990.4619246841606,1463.649193298381,735.9144097405178,0,0,0,0.2379951664107638,0.1244091294927885,0.05211776025188039,31.90173,31.90173,0,202650,27826.57188551692,19185.23738317802,48229.72047314129,25211.51009171359,10561.66411504356,-119.0933547566484,-119.0933547566484,0,-39.30080706969399,-39.30080706969399,-40.49174061726047,-107.6057612822328,-120.3572823452529,-129.0163245869945,0,0,0,0,0,0,320,1,1,1,1,1,1,1,1,1,1,1,1,1,1,1,0.33,0.33,0.34,0.33,0.33,0.34,0,0,0,1,0.331450990275449,0.4765500178203502,0.1919989919042008,0.331450990275449,0.4765500178203502,0.1919989919042008,-0,-0,-0,1,0,-5.551115123125783e-17,31.346262,-39226.1121502141,202650,-119.0933547566484,320,0.33,0.33,0.34,0.33,0.33,0.34,0,0,0,-5.551115123125783e-17,31.346262,-39226.1121502141,202650,-119.0933547566484,320,0.33,0.33,0.34,0.33,0.33,0.34,0,0,0,-5.551115123125783e-17
0.678,94.11021079333733,94.11021079333733,0,31.05636956180132,31.05636956180132,31.99747166973469,85.82895410552248,121.5034017755449,75.56039221348554,46.09264127934038,68.6879274399803,33.73838646413164,0,0,0,31.346262,31.346262,0,10.34426646,10.34426646,10.65772908,10.34426646,10.34426646,10.65772908,0,0,0,999.9999868332601,999.9999868332601,0,331.45098591132,476.55001154574,191.9989893762,331.45098591132,476.55001154574,191.9989893762,0,0,0,-39226.1121502141,-39226.1121502141,0,-12944.61700957065,-12944.61700957065,-13336.87813107279,-35574.61662797526,-39671.78119609821,-42337.64961255837,990.4619246841606,1463.649193298381,735.9144097405178,0,0,0,0.2379951664107638,0.1244091294927885,0.05211776025188039,31.90173,31.90173,0,202650,27826.57188551692,19185.23738317802,48229.72047314129,25211.51009171359,10561.66411504356,-119.0933547566484,-119.0933547566484,0,-39.30080706969399,-39.30080706969399,-40.49174061726047,-107.6057612822328,-120.3572823452529,-129.0163245869945,0,0,0,0,0,0,320,1,1,1,1,1,1,1,1,1,1,1,1,1,1,1,0.33,0.33,0.34,0.33,0.33,0.34,0,0,0,1,0.331450990275449,0.4765500178203502,0.1919989919042008,0.331450990275449,0.4765500178203502,0.1919989919042008,-0,-0,-0,1,0,-5.551115123125783e-17,31.346262,-39226.1121502141,202650,-119.0933547566484,320,0.33,0.33,0.34,0.33,0.33,0.34,0,0,0,-5.551115123125783e-17,31.346262,-39226.1121502141,202650,-119.0933547566484,320,0.33,0.33,0.34,0.33,0.33,0.34,0,0,0,-5.551115123125783e-17
0.68,94.11021079333733,94.11021079333733,0,31.05636956180132,31.05636956180132,31.99747166973469,85.82895410552248,121.5034017755449,75.56039221348554,46.09264127934038,68.6879274399803,33.73838646413164,0,0,0,31.346262,31.346262,0,10.34426646,10.34426646,10.65772908,10.34426646,10.34426646,10.65772908,0,0,0,999.9999868332601,999.9999868332601,0,331.45098591132,476.55001154574,191.9989893762,331.45098591132,476.55001154574,191.9989893762,0,0,0,-39226.1121502141,-39226.1121502141,0,-12944.61700957065,-12944.61700957065,-13336.87813107279,-35574.61662797526,-39671.78119609821,-42337.64961255837,990.4619246841606,1463.649193298381,735.9144097405178,0,0,0,0.2379951664107638,0.1244091294927885,0.05211776025188039,31.90173,31.90173,0,202650,27826.57188551692,19185.23738317802,48229.72047314129,25211.51009171359,10561.66411504356,-119.0933547566484,-119.0933547566484,0,-39.30080706969399,-39.30080706969399,-40.49174061726047,-107.6057612822328,-120.3572823452529,-129.0163245869945,0,0,0,0,0,0,320,1,1,1,1,1,1,1,1,1,1,1,1,1,1,1,0.33,0.33,0.34,0.33,0.33,0.34,0,0,0,1,0.331450990275449,0.4765500178203502,0.1919989919042008,0.331450990275449,0.4765500178203502,0.1919989919042008,-0,-0,-0,1,0,-5.551115123125783e-17,31.346262,-39226.1121502141,202650,-119.0933547566484,320,0.33,0.33,0.34,0.33,0.33,0.34,0,0,0,-5.551115123125783e-17,31.346262,-39226.1121502141,202650,-119.0933547566484,320,0.33,0.33,0.34,0.33,0.33,0.34,0,0,0,-5.551115123125783e-17
0.6820000000000001,94.11021079333733,94.11021079333733,0,31.05636956180132,31.05636956180132,31.99747166973469,85.82895410552248,121.5034017755449,75.56039221348554,46.09264127934038,68.6879274399803,33.73838646413164,0,0,0,31.346262,31.346262,0,10.34426646,10.34426646,10.65772908,10.34426646,10.34426646,10.65772908,0,0,0,999.9999868332601,999.9999868332601,0,331.45098591132,476.55001154574,191.9989893762,331.45098591132,476.55001154574,191.9989893762,0,0,0,-39226.1121502141,-39226.1121502141,0,-12944.61700957065,-12944.61700957065,-13336.87813107279,-35574.61662797526,-39671.78119609821,-42337.64961255837,990.4619246841606,1463.649193298381,735.9144097405178,0,0,0,0.2379951664107638,0.1244091294927885,0.05211776025188039,31.90173,31.90173,0,202650,27826.57188551692,19185.23738317802,48229.72047314129,25211.51009171359,10561.66411504356,-119.0933547566484,-119.0933547566484,0,-39.30080706969399,-39.30080706969399,-40.49174061726047,-107.6057612822328,-120.3572823452529,-129.0163245869945,0,0,0,0,0,0,320,1,1,1,1,1,1,1,1,1,1,1,1,1,1,1,0.33,0.33,0.34,0.33,0.33,0.34,0,0,0,1,0.331450990275449,0.4765500178203502,0.1919989919042008,0.331450990275449,0.4765500178203502,0.1919989919042008,-0,-0,-0,1,0,-5.551115123125783e-17,31.346262,-39226.1121502141,202650,-119.0933547566484,320,0.33,0.33,0.34,0.33,0.33,0.34,0,0,0,-5.551115123125783e-17,31.346262,-39226.1121502141,202650,-119.0933547566484,320,0.33,0.33,0.34,0.33,0.33,0.34,0,0,0,-5.551115123125783e-17
0.6840000000000001,94.11021079333733,94.11021079333733,0,31.05636956180132,31.05636956180132,31.99747166973469,85.82895410552248,121.5034017755449,75.56039221348554,46.09264127934038,68.6879274399803,33.73838646413164,0,0,0,31.346262,31.346262,0,10.34426646,10.34426646,10.65772908,10.34426646,10.34426646,10.65772908,0,0,0,999.9999868332601,999.9999868332601,0,331.45098591132,476.55001154574,191.9989893762,331.45098591132,476.55001154574,191.9989893762,0,0,0,-39226.1121502141,-39226.1121502141,0,-12944.61700957065,-12944.61700957065,-13336.87813107279,-35574.61662797526,-39671.78119609821,-42337.64961255837,990.4619246841606,1463.649193298381,735.9144097405178,0,0,0,0.2379951664107638,0.1244091294927885,0.05211776025188039,31.90173,31.90173,0,202650,27826.57188551692,19185.23738317802,48229.72047314129,25211.51009171359,10561.66411504356,-119.0933547566484,-119.0933547566484,0,-39.30080706969399,-39.30080706969399,-40.49174061726047,-107.6057612822328,-120.3572823452529,-129.0163245869945,0,0,0,0,0,0,320,1,1,1,1,1,1,1,1,1,1,1,1,1,1,1,0.33,0.33,0.34,0.33,0.33,0.34,0,0,0,1,0.331450990275449,0.4765500178203502,0.1919989919042008,0.331450990275449,0.4765500178203502,0.1919989919042008,-0,-0,-0,1,0,-5.551115123125783e-17,31.346262,-39226.1121502141,202650,-119.0933547566484,320,0.33,0.33,0.34,0.33,0.33,0.34,0,0,0,-5.551115123125783e-17,31.346262,-39226.1121502141,202650,-119.0933547566484,320,0.33,0.33,0.34,0.33,0.33,0.34,0,0,0,-5.551115123125783e-17
0.6860000000000001,94.11021079333733,94.11021079333733,0,31.05636956180132,31.05636956180132,31.99747166973469,85.82895410552248,121.5034017755449,75.56039221348554,46.09264127934038,68.6879274399803,33.73838646413164,0,0,0,31.346262,31.346262,0,10.34426646,10.34426646,10.65772908,10.34426646,10.34426646,10.65772908,0,0,0,999.9999868332601,999.9999868332601,0,331.45098591132,476.55001154574,191.9989893762,331.45098591132,476.55001154574,191.9989893762,0,0,0,-39226.1121502141,-39226.1121502141,0,-12944.61700957065,-12944.61700957065,-13336.87813107279,-35574.61662797526,-39671.78119609821,-42337.64961255837,990.4619246841606,1463.649193298381,735.9144097405178,0,0,0,0.2379951664107638,0.1244091294927885,0.05211776025188039,31.90173,31.90173,0,202650,27826.57188551692,19185.23738317802,48229.72047314129,25211.51009171359,10561.66411504356,-119.0933547566484,-119.0933547566484,0,-39.30080706969399,-39.30080706969399,-40.49174061726047,-107.6057612822328,-120.3572823452529,-129.0163245869945,0,0,0,0,0,0,320,1,1,1,1,1,1,1,1,1,1,1,1,1,1,1,0.33,0.33,0.34,0.33,0.33,0.34,0,0,0,1,0.331450990275449,0.4765500178203502,0.1919989919042008,0.331450990275449,0.4765500178203502,0.1919989919042008,-0,-0,-0,1,0,-5.551115123125783e-17,31.346262,-39226.1121502141,202650,-119.0933547566484,320,0.33,0.33,0.34,0.33,0.33,0.34,0,0,0,-5.551115123125783e-17,31.346262,-39226.1121502141,202650,-119.0933547566484,320,0.33,0.33,0.34,0.33,0.33,0.34,0,0,0,-5.551115123125783e-17
0.6879999999999999,94.11021079333733,94.11021079333733,0,31.05636956180132,31.05636956180132,31.99747166973469,85.82895410552248,121.5034017755449,75.56039221348554,46.09264127934038,68.6879274399803,33.73838646413164,0,0,0,31.346262,31.346262,0,10.34426646,10.34426646,10.65772908,10.34426646,10.34426646,10.65772908,0,0,0,999.9999868332601,999.9999868332601,0,331.45098591132,476.55001154574,191.9989893762,331.45098591132,476.55001154574,191.9989893762,0,0,0,-39226.1121502141,-39226.1121502141,0,-12944.61700957065,-12944.61700957065,-13336.87813107279,-35574.61662797526,-39671.78119609821,-42337.64961255837,990.4619246841606,1463.649193298381,735.9144097405178,0,0,0,0.2379951664107638,0.1244091294927885,0.05211776025188039,31.90173,31.90173,0,202650,27826.57188551692,19185.23738317802,48229.72047314129,25211.51009171359,10561.66411504356,-119.0933547566484,-119.0933547566484,0,-39.30080706969399,-39.30080706969399,-40.49174061726047,-107.6057612822328,-120.3572823452529,-129.0163245869945,0,0,0,0,0,0,320,1,1,1,1,1,1,1,1,1,1,1,1,1,1,1,0.33,0.33,0.34,0.33,0.33,0.34,0,0,0,1,0.331450990275449,0.4765500178203502,0.1919989919042008,0.331450990275449,0.4765500178203502,0.1919989919042008,-0,-0,-0,1,0,-5.551115123125783e-17,31.346262,-39226.1121502141,202650,-119.0933547566484,320,0.33,0.33,0.34,0.33,0.33,0.34,0,0,0,-5.551115123125783e-17,31.346262,-39226.1121502141,202650,-119.0933547566484,320,0.33,0.33,0.34,0.33,0.33,0.34,0,0,0,-5.551115123125783e-17
0.6899999999999999,94.11021079333733,94.11021079333733,0,31.05636956180132,31.05636956180132,31.99747166973469,85.82895410552248,121.5034017755449,75.56039221348554,46.09264127934038,68.6879274399803,33.73838646413164,0,0,0,31.346262,31.346262,0,10.34426646,10.34426646,10.65772908,10.34426646,10.34426646,10.65772908,0,0,0,999.9999868332601,999.9999868332601,0,331.45098591132,476.55001154574,191.9989893762,331.45098591132,476.55001154574,191.9989893762,0,0,0,-39226.1121502141,-39226.1121502141,0,-12944.61700957065,-12944.61700957065,-13336.87813107279,-35574.61662797526,-39671.78119609821,-42337.64961255837,990.4619246841606,1463.649193298381,735.9144097405178,0,0,0,0.2379951664107638,0.1244091294927885,0.05211776025188039,31.90173,31.90173,0,202650,27826.57188551692,19185.23738317802,48229.72047314129,25211.51009171359,10561.66411504356,-119.0933547566484,-119.0933547566484,0,-39.30080706969399,-39.30080706969399,-40.49174061726047,-107.6057612822328,-120.3572823452529,-129.0163245869945,0,0,0,0,0,0,320,1,1,1,1,1,1,1,1,1,1,1,1,1,1,1,0.33,0.33,0.34,0.33,0.33,0.34,0,0,0,1,0.331450990275449,0.4765500178203502,0.1919989919042008,0.331450990275449,0.4765500178203502,0.1919989919042008,-0,-0,-0,1,0,-5.551115123125783e-17,31.346262,-39226.1121502141,202650,-119.0933547566484,320,0.33,0.33,0.34,0.33,0.33,0.34,0,0,0,-5.551115123125783e-17,31.346262,-39226.1121502141,202650,-119.0933547566484,320,0.33,0.33,0.34,0.33,0.33,0.34,0,0,0,-5.551115123125783e-17
0.6919999999999999,94.11021079333733,94.11021079333733,0,31.05636956180132,31.05636956180132,31.99747166973469,85.82895410552248,121.5034017755449,75.56039221348554,46.09264127934038,68.6879274399803,33.73838646413164,0,0,0,31.346262,31.346262,0,10.34426646,10.34426646,10.65772908,10.34426646,10.34426646,10.65772908,0,0,0,999.9999868332601,999.9999868332601,0,331.45098591132,476.55001154574,191.9989893762,331.45098591132,476.55001154574,191.9989893762,0,0,0,-39226.1121502141,-39226.1121502141,0,-12944.61700957065,-12944.61700957065,-13336.87813107279,-35574.61662797526,-39671.78119609821,-42337.64961255837,990.4619246841606,1463.649193298381,735.9144097405178,0,0,0,0.2379951664107638,0.1244091294927885,0.05211776025188039,31.90173,31.90173,0,202650,27826.57188551692,19185.23738317802,48229.72047314129,25211.51009171359,10561.66411504356,-119.0933547566484,-119.0933547566484,0,-39.30080706969399,-39.30080706969399,-40.49174061726047,-107.6057612822328,-120.3572823452529,-129.0163245869945,0,0,0,0,0,0,320,1,1,1,1,1,1,1,1,1,1,1,1,1,1,1,0.33,0.33,0.34,0.33,0.33,0.34,0,0,0,1,0.331450990275449,0.4765500178203502,0.1919989919042008,0.331450990275449,0.4765500178203502,0.1919989919042008,-0,-0,-0,1,0,-5.551115123125783e-17,31.346262,-39226.1121502141,202650,-119.0933547566484,320,0.33,0.33,0.34,0.33,0.33,0.34,0,0,0,-5.551115123125783e-17,31.346262,-39226.1121502141,202650,-119.0933547566484,320,0.33,0.33,0.34,0.33,0.33,0.34,0,0,0,-5.551115123125783e-17
0.694,94.11021079333733,94.11021079333733,0,31.05636956180132,31.05636956180132,31.99747166973469,85.82895410552248,121.5034017755449,75.56039221348554,46.09264127934038,68.6879274399803,33.73838646413164,0,0,0,31.346262,31.346262,0,10.34426646,10.34426646,10.65772908,10.34426646,10.34426646,10.65772908,0,0,0,999.9999868332601,999.9999868332601,0,331.45098591132,476.55001154574,191.9989893762,331.45098591132,476.55001154574,191.9989893762,0,0,0,-39226.1121502141,-39226.1121502141,0,-12944.61700957065,-12944.61700957065,-13336.87813107279,-35574.61662797526,-39671.78119609821,-42337.64961255837,990.4619246841606,1463.649193298381,735.9144097405178,0,0,0,0.2379951664107638,0.1244091294927885,0.05211776025188039,31.90173,31.90173,0,202650,27826.57188551692,19185.23738317802,48229.72047314129,25211.51009171359,10561.66411504356,-119.0933547566484,-119.0933547566484,0,-39.30080706969399,-39.30080706969399,-40.49174061726047,-107.6057612822328,-120.3572823452529,-129.0163245869945,0,0,0,0,0,0,320,1,1,1,1,1,1,1,1,1,1,1,1,1,1,1,0.33,0.33,0.34,0.33,0.33,0.34,0,0,0,1,0.331450990275449,0.4765500178203502,0.1919989919042008,0.331450990275449,0.4765500178203502,0.1919989919042008,-0,-0,-0,1,0,-5.551115123125783e-17,31.346262,-39226.1121502141,202650,-119.0933547566484,320,0.33,0.33,0.34,0.33,0.33,0.34,0,0,0,-5.551115123125783e-17,31.346262,-39226.1121502141,202650,-119.0933547566484,320,0.33,0.33,0.34,0.33,0.33,0.34,0,0,0,-5.551115123125783e-17
0.696,94.11021079333733,94.11021079333733,0,31.05636956180132,31.05636956180132,31.99747166973469,85.82895410552248,121.5034017755449,75.56039221348554,46.09264127934038,68.6879274399803,33.73838646413164,0,0,0,31.346262,31.346262,0,10.34426646,10.34426646,10.65772908,10.34426646,10.34426646,10.65772908,0,0,0,999.9999868332601,999.9999868332601,0,331.45098591132,476.55001154574,191.9989893762,331.45098591132,476.55001154574,191.9989893762,0,0,0,-39226.1121502141,-39226.1121502141,0,-12944.61700957065,-12944.61700957065,-13336.87813107279,-35574.61662797526,-39671.78119609821,-42337.64961255837,990.4619246841606,1463.649193298381,735.9144097405178,0,0,0,0.2379951664107638,0.1244091294927885,0.05211776025188039,31.90173,31.90173,0,202650,27826.57188551692,19185.23738317802,48229.72047314129,25211.51009171359,10561.66411504356,-119.0933547566484,-119.0933547566484,0,-39.30080706969399,-39.30080706969399,-40.49174061726047,-107.6057612822328,-120.3572823452529,-129.0163245869945,0,0,0,0,0,0,320,1,1,1,1,1,1,1,1,1,1,1,1,1,1,1,0.33,0.33,0.34,0.33,0.33,0.34,0,0,0,1,0.331450990275449,0.4765500178203502,0.1919989919042008,0.331450990275449,0.4765500178203502,0.1919989919042008,-0,-0,-0,1,0,-5.551115123125783e-17,31.346262,-39226.1121502141,202650,-119.0933547566484,320,0.33,0.33,0.34,0.33,0.33,0.34,0,0,0,-5.551115123125783e-17,31.346262,-39226.1121502141,202650,-119.0933547566484,320,0.33,0.33,0.34,0.33,0.33,0.34,0,0,0,-5.551115123125783e-17
0.698,94.11021079333733,94.11021079333733,0,31.05636956180132,31.05636956180132,31.99747166973469,85.82895410552248,121.5034017755449,75.56039221348554,46.09264127934038,68.6879274399803,33.73838646413164,0,0,0,31.346262,31.346262,0,10.34426646,10.34426646,10.65772908,10.34426646,10.34426646,10.65772908,0,0,0,999.9999868332601,999.9999868332601,0,331.45098591132,476.55001154574,191.9989893762,331.45098591132,476.55001154574,191.9989893762,0,0,0,-39226.1121502141,-39226.1121502141,0,-12944.61700957065,-12944.61700957065,-13336.87813107279,-35574.61662797526,-39671.78119609821,-42337.64961255837,990.4619246841606,1463.649193298381,735.9144097405178,0,0,0,0.2379951664107638,0.1244091294927885,0.05211776025188039,31.90173,31.90173,0,202650,27826.57188551692,19185.23738317802,48229.72047314129,25211.51009171359,10561.66411504356,-119.0933547566484,-119.0933547566484,0,-39.30080706969399,-39.30080706969399,-40.49174061726047,-107.6057612822328,-120.3572823452529,-129.0163245869945,0,0,0,0,0,0,320,1,1,1,1,1,1,1,1,1,1,1,1,1,1,1,0.33,0.33,0.34,0.33,0.33,0.34,0,0,0,1,0.331450990275449,0.4765500178203502,0.1919989919042008,0.331450990275449,0.4765500178203502,0.1919989919042008,-0,-0,-0,1,0,-5.551115123125783e-17,31.346262,-39226.1121502141,202650,-119.0933547566484,320,0.33,0.33,0.34,0.33,0.33,0.34,0,0,0,-5.551115123125783e-17,31.346262,-39226.1121502141,202650,-119.0933547566484,320,0.33,0.33,0.34,0.33,0.33,0.34,0,0,0,-5.551115123125783e-17
0.7,94.11021079333733,94.11021079333733,0,31.05636956180132,31.05636956180132,31.99747166973469,85.82895410552248,121.5034017755449,75.56039221348554,46.09264127934038,68.6879274399803,33.73838646413164,0,0,0,31.346262,31.346262,0,10.34426646,10.34426646,10.65772908,10.34426646,10.34426646,10.65772908,0,0,0,999.9999868332601,999.9999868332601,0,331.45098591132,476.55001154574,191.9989893762,331.45098591132,476.55001154574,191.9989893762,0,0,0,-39226.1121502141,-39226.1121502141,0,-12944.61700957065,-12944.61700957065,-13336.87813107279,-35574.61662797526,-39671.78119609821,-42337.64961255837,990.4619246841606,1463.649193298381,735.9144097405178,0,0,0,0.2379951664107638,0.1244091294927885,0.05211776025188039,31.90173,31.90173,0,202650,27826.57188551692,19185.23738317802,48229.72047314129,25211.51009171359,10561.66411504356,-119.0933547566484,-119.0933547566484,0,-39.30080706969399,-39.30080706969399,-40.49174061726047,-107.6057612822328,-120.3572823452529,-129.0163245869945,0,0,0,0,0,0,320,1,1,1,1,1,1,1,1,1,1,1,1,1,1,1,0.33,0.33,0.34,0.33,0.33,0.34,0,0,0,1,0.331450990275449,0.4765500178203502,0.1919989919042008,0.331450990275449,0.4765500178203502,0.1919989919042008,-0,-0,-0,1,0,-5.551115123125783e-17,31.346262,-39226.1121502141,202650,-119.0933547566484,320,0.33,0.33,0.34,0.33,0.33,0.34,0,0,0,-5.551115123125783e-17,31.346262,-39226.1121502141,202650,-119.0933547566484,320,0.33,0.33,0.34,0.33,0.33,0.34,0,0,0,-5.551115123125783e-17
0.702,94.11021079333733,94.11021079333733,0,31.05636956180132,31.05636956180132,31.99747166973469,85.82895410552248,121.5034017755449,75.56039221348554,46.09264127934038,68.6879274399803,33.73838646413164,0,0,0,31.346262,31.346262,0,10.34426646,10.34426646,10.65772908,10.34426646,10.34426646,10.65772908,0,0,0,999.9999868332601,999.9999868332601,0,331.45098591132,476.55001154574,191.9989893762,331.45098591132,476.55001154574,191.9989893762,0,0,0,-39226.1121502141,-39226.1121502141,0,-12944.61700957065,-12944.61700957065,-13336.87813107279,-35574.61662797526,-39671.78119609821,-42337.64961255837,990.4619246841606,1463.649193298381,735.9144097405178,0,0,0,0.2379951664107638,0.1244091294927885,0.05211776025188039,31.90173,31.90173,0,202650,27826.57188551692,19185.23738317802,48229.72047314129,25211.51009171359,10561.66411504356,-119.0933547566484,-119.0933547566484,0,-39.30080706969399,-39.30080706969399,-40.49174061726047,-107.6057612822328,-120.3572823452529,-129.0163245869945,0,0,0,0,0,0,320,1,1,1,1,1,1,1,1,1,1,1,1,1,1,1,0.33,0.33,0.34,0.33,0.33,0.34,0,0,0,1,0.331450990275449,0.4765500178203502,0.1919989919042008,0.331450990275449,0.4765500178203502,0.1919989919042008,-0,-0,-0,1,0,-5.551115123125783e-17,31.346262,-39226.1121502141,202650,-119.0933547566484,320,0.33,0.33,0.34,0.33,0.33,0.34,0,0,0,-5.551115123125783e-17,31.346262,-39226.1121502141,202650,-119.0933547566484,320,0.33,0.33,0.34,0.33,0.33,0.34,0,0,0,-5.551115123125783e-17
0.704,94.11021079333733,94.11021079333733,0,31.05636956180132,31.05636956180132,31.99747166973469,85.82895410552248,121.5034017755449,75.56039221348554,46.09264127934038,68.6879274399803,33.73838646413164,0,0,0,31.346262,31.346262,0,10.34426646,10.34426646,10.65772908,10.34426646,10.34426646,10.65772908,0,0,0,999.9999868332601,999.9999868332601,0,331.45098591132,476.55001154574,191.9989893762,331.45098591132,476.55001154574,191.9989893762,0,0,0,-39226.1121502141,-39226.1121502141,0,-12944.61700957065,-12944.61700957065,-13336.87813107279,-35574.61662797526,-39671.78119609821,-42337.64961255837,990.4619246841606,1463.649193298381,735.9144097405178,0,0,0,0.2379951664107638,0.1244091294927885,0.05211776025188039,31.90173,31.90173,0,202650,27826.57188551692,19185.23738317802,48229.72047314129,25211.51009171359,10561.66411504356,-119.0933547566484,-119.0933547566484,0,-39.30080706969399,-39.30080706969399,-40.49174061726047,-107.6057612822328,-120.3572823452529,-129.0163245869945,0,0,0,0,0,0,320,1,1,1,1,1,1,1,1,1,1,1,1,1,1,1,0.33,0.33,0.34,0.33,0.33,0.34,0,0,0,1,0.331450990275449,0.4765500178203502,0.1919989919042008,0.331450990275449,0.4765500178203502,0.1919989919042008,-0,-0,-0,1,0,-5.551115123125783e-17,31.346262,-39226.1121502141,202650,-119.0933547566484,320,0.33,0.33,0.34,0.33,0.33,0.34,0,0,0,-5.551115123125783e-17,31.346262,-39226.1121502141,202650,-119.0933547566484,320,0.33,0.33,0.34,0.33,0.33,0.34,0,0,0,-5.551115123125783e-17
0.706,94.11021079333733,94.11021079333733,0,31.05636956180132,31.05636956180132,31.99747166973469,85.82895410552248,121.5034017755449,75.56039221348554,46.09264127934038,68.6879274399803,33.73838646413164,0,0,0,31.346262,31.346262,0,10.34426646,10.34426646,10.65772908,10.34426646,10.34426646,10.65772908,0,0,0,999.9999868332601,999.9999868332601,0,331.45098591132,476.55001154574,191.9989893762,331.45098591132,476.55001154574,191.9989893762,0,0,0,-39226.1121502141,-39226.1121502141,0,-12944.61700957065,-12944.61700957065,-13336.87813107279,-35574.61662797526,-39671.78119609821,-42337.64961255837,990.4619246841606,1463.649193298381,735.9144097405178,0,0,0,0.2379951664107638,0.1244091294927885,0.05211776025188039,31.90173,31.90173,0,202650,27826.57188551692,19185.23738317802,48229.72047314129,25211.51009171359,10561.66411504356,-119.0933547566484,-119.0933547566484,0,-39.30080706969399,-39.30080706969399,-40.49174061726047,-107.6057612822328,-120.3572823452529,-129.0163245869945,0,0,0,0,0,0,320,1,1,1,1,1,1,1,1,1,1,1,1,1,1,1,0.33,0.33,0.34,0.33,0.33,0.34,0,0,0,1,0.331450990275449,0.4765500178203502,0.1919989919042008,0.331450990275449,0.4765500178203502,0.1919989919042008,-0,-0,-0,1,0,-5.551115123125783e-17,31.346262,-39226.1121502141,202650,-119.0933547566484,320,0.33,0.33,0.34,0.33,0.33,0.34,0,0,0,-5.551115123125783e-17,31.346262,-39226.1121502141,202650,-119.0933547566484,320,0.33,0.33,0.34,0.33,0.33,0.34,0,0,0,-5.551115123125783e-17
0.708,94.11021079333733,94.11021079333733,0,31.05636956180132,31.05636956180132,31.99747166973469,85.82895410552248,121.5034017755449,75.56039221348554,46.09264127934038,68.6879274399803,33.73838646413164,0,0,0,31.346262,31.346262,0,10.34426646,10.34426646,10.65772908,10.34426646,10.34426646,10.65772908,0,0,0,999.9999868332601,999.9999868332601,0,331.45098591132,476.55001154574,191.9989893762,331.45098591132,476.55001154574,191.9989893762,0,0,0,-39226.1121502141,-39226.1121502141,0,-12944.61700957065,-12944.61700957065,-13336.87813107279,-35574.61662797526,-39671.78119609821,-42337.64961255837,990.4619246841606,1463.649193298381,735.9144097405178,0,0,0,0.2379951664107638,0.1244091294927885,0.05211776025188039,31.90173,31.90173,0,202650,27826.57188551692,19185.23738317802,48229.72047314129,25211.51009171359,10561.66411504356,-119.0933547566484,-119.0933547566484,0,-39.30080706969399,-39.30080706969399,-40.49174061726047,-107.6057612822328,-120.3572823452529,-129.0163245869945,0,0,0,0,0,0,320,1,1,1,1,1,1,1,1,1,1,1,1,1,1,1,0.33,0.33,0.34,0.33,0.33,0.34,0,0,0,1,0.331450990275449,0.4765500178203502,0.1919989919042008,0.331450990275449,0.4765500178203502,0.1919989919042008,-0,-0,-0,1,0,-5.551115123125783e-17,31.346262,-39226.1121502141,202650,-119.0933547566484,320,0.33,0.33,0.34,0.33,0.33,0.34,0,0,0,-5.551115123125783e-17,31.346262,-39226.1121502141,202650,-119.0933547566484,320,0.33,0.33,0.34,0.33,0.33,0.34,0,0,0,-5.551115123125783e-17
0.71,94.11021079333733,94.11021079333733,0,31.05636956180132,31.05636956180132,31.99747166973469,85.82895410552248,121.5034017755449,75.56039221348554,46.09264127934038,68.6879274399803,33.73838646413164,0,0,0,31.346262,31.346262,0,10.34426646,10.34426646,10.65772908,10.34426646,10.34426646,10.65772908,0,0,0,999.9999868332601,999.9999868332601,0,331.45098591132,476.55001154574,191.9989893762,331.45098591132,476.55001154574,191.9989893762,0,0,0,-39226.1121502141,-39226.1121502141,0,-12944.61700957065,-12944.61700957065,-13336.87813107279,-35574.61662797526,-39671.78119609821,-42337.64961255837,990.4619246841606,1463.649193298381,735.9144097405178,0,0,0,0.2379951664107638,0.1244091294927885,0.05211776025188039,31.90173,31.90173,0,202650,27826.57188551692,19185.23738317802,48229.72047314129,25211.51009171359,10561.66411504356,-119.0933547566484,-119.0933547566484,0,-39.30080706969399,-39.30080706969399,-40.49174061726047,-107.6057612822328,-120.3572823452529,-129.0163245869945,0,0,0,0,0,0,320,1,1,1,1,1,1,1,1,1,1,1,1,1,1,1,0.33,0.33,0.34,0.33,0.33,0.34,0,0,0,1,0.331450990275449,0.4765500178203502,0.1919989919042008,0.331450990275449,0.4765500178203502,0.1919989919042008,-0,-0,-0,1,0,-5.551115123125783e-17,31.346262,-39226.1121502141,202650,-119.0933547566484,320,0.33,0.33,0.34,0.33,0.33,0.34,0,0,0,-5.551115123125783e-17,31.346262,-39226.1121502141,202650,-119.0933547566484,320,0.33,0.33,0.34,0.33,0.33,0.34,0,0,0,-5.551115123125783e-17
0.712,94.11021079333733,94.11021079333733,0,31.05636956180132,31.05636956180132,31.99747166973469,85.82895410552248,121.5034017755449,75.56039221348554,46.09264127934038,68.6879274399803,33.73838646413164,0,0,0,31.346262,31.346262,0,10.34426646,10.34426646,10.65772908,10.34426646,10.34426646,10.65772908,0,0,0,999.9999868332601,999.9999868332601,0,331.45098591132,476.55001154574,191.9989893762,331.45098591132,476.55001154574,191.9989893762,0,0,0,-39226.1121502141,-39226.1121502141,0,-12944.61700957065,-12944.61700957065,-13336.87813107279,-35574.61662797526,-39671.78119609821,-42337.64961255837,990.4619246841606,1463.649193298381,735.9144097405178,0,0,0,0.2379951664107638,0.1244091294927885,0.05211776025188039,31.90173,31.90173,0,202650,27826.57188551692,19185.23738317802,48229.72047314129,25211.51009171359,10561.66411504356,-119.0933547566484,-119.0933547566484,0,-39.30080706969399,-39.30080706969399,-40.49174061726047,-107.6057612822328,-120.3572823452529,-129.0163245869945,0,0,0,0,0,0,320,1,1,1,1,1,1,1,1,1,1,1,1,1,1,1,0.33,0.33,0.34,0.33,0.33,0.34,0,0,0,1,0.331450990275449,0.4765500178203502,0.1919989919042008,0.331450990275449,0.4765500178203502,0.1919989919042008,-0,-0,-0,1,0,-5.551115123125783e-17,31.346262,-39226.1121502141,202650,-119.0933547566484,320,0.33,0.33,0.34,0.33,0.33,0.34,0,0,0,-5.551115123125783e-17,31.346262,-39226.1121502141,202650,-119.0933547566484,320,0.33,0.33,0.34,0.33,0.33,0.34,0,0,0,-5.551115123125783e-17
0.714,94.11021079333733,94.11021079333733,0,31.05636956180132,31.05636956180132,31.99747166973469,85.82895410552248,121.5034017755449,75.56039221348554,46.09264127934038,68.6879274399803,33.73838646413164,0,0,0,31.346262,31.346262,0,10.34426646,10.34426646,10.65772908,10.34426646,10.34426646,10.65772908,0,0,0,999.9999868332601,999.9999868332601,0,331.45098591132,476.55001154574,191.9989893762,331.45098591132,476.55001154574,191.9989893762,0,0,0,-39226.1121502141,-39226.1121502141,0,-12944.61700957065,-12944.61700957065,-13336.87813107279,-35574.61662797526,-39671.78119609821,-42337.64961255837,990.4619246841606,1463.649193298381,735.9144097405178,0,0,0,0.2379951664107638,0.1244091294927885,0.05211776025188039,31.90173,31.90173,0,202650,27826.57188551692,19185.23738317802,48229.72047314129,25211.51009171359,10561.66411504356,-119.0933547566484,-119.0933547566484,0,-39.30080706969399,-39.30080706969399,-40.49174061726047,-107.6057612822328,-120.3572823452529,-129.0163245869945,0,0,0,0,0,0,320,1,1,1,1,1,1,1,1,1,1,1,1,1,1,1,0.33,0.33,0.34,0.33,0.33,0.34,0,0,0,1,0.331450990275449,0.4765500178203502,0.1919989919042008,0.331450990275449,0.4765500178203502,0.1919989919042008,-0,-0,-0,1,0,-5.551115123125783e-17,31.346262,-39226.1121502141,202650,-119.0933547566484,320,0.33,0.33,0.34,0.33,0.33,0.34,0,0,0,-5.551115123125783e-17,31.346262,-39226.1121502141,202650,-119.0933547566484,320,0.33,0.33,0.34,0.33,0.33,0.34,0,0,0,-5.551115123125783e-17
0.716,94.11021079333733,94.11021079333733,0,31.05636956180132,31.05636956180132,31.99747166973469,85.82895410552248,121.5034017755449,75.56039221348554,46.09264127934038,68.6879274399803,33.73838646413164,0,0,0,31.346262,31.346262,0,10.34426646,10.34426646,10.65772908,10.34426646,10.34426646,10.65772908,0,0,0,999.9999868332601,999.9999868332601,0,331.45098591132,476.55001154574,191.9989893762,331.45098591132,476.55001154574,191.9989893762,0,0,0,-39226.1121502141,-39226.1121502141,0,-12944.61700957065,-12944.61700957065,-13336.87813107279,-35574.61662797526,-39671.78119609821,-42337.64961255837,990.4619246841606,1463.649193298381,735.9144097405178,0,0,0,0.2379951664107638,0.1244091294927885,0.05211776025188039,31.90173,31.90173,0,202650,27826.57188551692,19185.23738317802,48229.72047314129,25211.51009171359,10561.66411504356,-119.0933547566484,-119.0933547566484,0,-39.30080706969399,-39.30080706969399,-40.49174061726047,-107.6057612822328,-120.3572823452529,-129.0163245869945,0,0,0,0,0,0,320,1,1,1,1,1,1,1,1,1,1,1,1,1,1,1,0.33,0.33,0.34,0.33,0.33,0.34,0,0,0,1,0.331450990275449,0.4765500178203502,0.1919989919042008,0.331450990275449,0.4765500178203502,0.1919989919042008,-0,-0,-0,1,0,-5.551115123125783e-17,31.346262,-39226.1121502141,202650,-119.0933547566484,320,0.33,0.33,0.34,0.33,0.33,0.34,0,0,0,-5.551115123125783e-17,31.346262,-39226.1121502141,202650,-119.0933547566484,320,0.33,0.33,0.34,0.33,0.33,0.34,0,0,0,-5.551115123125783e-17
0.718,94.11021079333733,94.11021079333733,0,31.05636956180132,31.05636956180132,31.99747166973469,85.82895410552248,121.5034017755449,75.56039221348554,46.09264127934038,68.6879274399803,33.73838646413164,0,0,0,31.346262,31.346262,0,10.34426646,10.34426646,10.65772908,10.34426646,10.34426646,10.65772908,0,0,0,999.9999868332601,999.9999868332601,0,331.45098591132,476.55001154574,191.9989893762,331.45098591132,476.55001154574,191.9989893762,0,0,0,-39226.1121502141,-39226.1121502141,0,-12944.61700957065,-12944.61700957065,-13336.87813107279,-35574.61662797526,-39671.78119609821,-42337.64961255837,990.4619246841606,1463.649193298381,735.9144097405178,0,0,0,0.2379951664107638,0.1244091294927885,0.05211776025188039,31.90173,31.90173,0,202650,27826.57188551692,19185.23738317802,48229.72047314129,25211.51009171359,10561.66411504356,-119.0933547566484,-119.0933547566484,0,-39.30080706969399,-39.30080706969399,-40.49174061726047,-107.6057612822328,-120.3572823452529,-129.0163245869945,0,0,0,0,0,0,320,1,1,1,1,1,1,1,1,1,1,1,1,1,1,1,0.33,0.33,0.34,0.33,0.33,0.34,0,0,0,1,0.331450990275449,0.4765500178203502,0.1919989919042008,0.331450990275449,0.4765500178203502,0.1919989919042008,-0,-0,-0,1,0,-5.551115123125783e-17,31.346262,-39226.1121502141,202650,-119.0933547566484,320,0.33,0.33,0.34,0.33,0.33,0.34,0,0,0,-5.551115123125783e-17,31.346262,-39226.1121502141,202650,-119.0933547566484,320,0.33,0.33,0.34,0.33,0.33,0.34,0,0,0,-5.551115123125783e-17
0.72,94.11021079333733,94.11021079333733,0,31.05636956180132,31.05636956180132,31.99747166973469,85.82895410552248,121.5034017755449,75.56039221348554,46.09264127934038,68.6879274399803,33.73838646413164,0,0,0,31.346262,31.346262,0,10.34426646,10.34426646,10.65772908,10.34426646,10.34426646,10.65772908,0,0,0,999.9999868332601,999.9999868332601,0,331.45098591132,476.55001154574,191.9989893762,331.45098591132,476.55001154574,191.9989893762,0,0,0,-39226.1121502141,-39226.1121502141,0,-12944.61700957065,-12944.61700957065,-13336.87813107279,-35574.61662797526,-39671.78119609821,-42337.64961255837,990.4619246841606,1463.649193298381,735.9144097405178,0,0,0,0.2379951664107638,0.1244091294927885,0.05211776025188039,31.90173,31.90173,0,202650,27826.57188551692,19185.23738317802,48229.72047314129,25211.51009171359,10561.66411504356,-119.0933547566484,-119.0933547566484,0,-39.30080706969399,-39.30080706969399,-40.49174061726047,-107.6057612822328,-120.3572823452529,-129.0163245869945,0,0,0,0,0,0,320,1,1,1,1,1,1,1,1,1,1,1,1,1,1,1,0.33,0.33,0.34,0.33,0.33,0.34,0,0,0,1,0.331450990275449,0.4765500178203502,0.1919989919042008,0.331450990275449,0.4765500178203502,0.1919989919042008,-0,-0,-0,1,0,-5.551115123125783e-17,31.346262,-39226.1121502141,202650,-119.0933547566484,320,0.33,0.33,0.34,0.33,0.33,0.34,0,0,0,-5.551115123125783e-17,31.346262,-39226.1121502141,202650,-119.0933547566484,320,0.33,0.33,0.34,0.33,0.33,0.34,0,0,0,-5.551115123125783e-17
0.722,94.11021079333733,94.11021079333733,0,31.05636956180132,31.05636956180132,31.99747166973469,85.82895410552248,121.5034017755449,75.56039221348554,46.09264127934038,68.6879274399803,33.73838646413164,0,0,0,31.346262,31.346262,0,10.34426646,10.34426646,10.65772908,10.34426646,10.34426646,10.65772908,0,0,0,999.9999868332601,999.9999868332601,0,331.45098591132,476.55001154574,191.9989893762,331.45098591132,476.55001154574,191.9989893762,0,0,0,-39226.1121502141,-39226.1121502141,0,-12944.61700957065,-12944.61700957065,-13336.87813107279,-35574.61662797526,-39671.78119609821,-42337.64961255837,990.4619246841606,1463.649193298381,735.9144097405178,0,0,0,0.2379951664107638,0.1244091294927885,0.05211776025188039,31.90173,31.90173,0,202650,27826.57188551692,19185.23738317802,48229.72047314129,25211.51009171359,10561.66411504356,-119.0933547566484,-119.0933547566484,0,-39.30080706969399,-39.30080706969399,-40.49174061726047,-107.6057612822328,-120.3572823452529,-129.0163245869945,0,0,0,0,0,0,320,1,1,1,1,1,1,1,1,1,1,1,1,1,1,1,0.33,0.33,0.34,0.33,0.33,0.34,0,0,0,1,0.331450990275449,0.4765500178203502,0.1919989919042008,0.331450990275449,0.4765500178203502,0.1919989919042008,-0,-0,-0,1,0,-5.551115123125783e-17,31.346262,-39226.1121502141,202650,-119.0933547566484,320,0.33,0.33,0.34,0.33,0.33,0.34,0,0,0,-5.551115123125783e-17,31.346262,-39226.1121502141,202650,-119.0933547566484,320,0.33,0.33,0.34,0.33,0.33,0.34,0,0,0,-5.551115123125783e-17
0.724,94.11021079333733,94.11021079333733,0,31.05636956180132,31.05636956180132,31.99747166973469,85.82895410552248,121.5034017755449,75.56039221348554,46.09264127934038,68.6879274399803,33.73838646413164,0,0,0,31.346262,31.346262,0,10.34426646,10.34426646,10.65772908,10.34426646,10.34426646,10.65772908,0,0,0,999.9999868332601,999.9999868332601,0,331.45098591132,476.55001154574,191.9989893762,331.45098591132,476.55001154574,191.9989893762,0,0,0,-39226.1121502141,-39226.1121502141,0,-12944.61700957065,-12944.61700957065,-13336.87813107279,-35574.61662797526,-39671.78119609821,-42337.64961255837,990.4619246841606,1463.649193298381,735.9144097405178,0,0,0,0.2379951664107638,0.1244091294927885,0.05211776025188039,31.90173,31.90173,0,202650,27826.57188551692,19185.23738317802,48229.72047314129,25211.51009171359,10561.66411504356,-119.0933547566484,-119.0933547566484,0,-39.30080706969399,-39.30080706969399,-40.49174061726047,-107.6057612822328,-120.3572823452529,-129.0163245869945,0,0,0,0,0,0,320,1,1,1,1,1,1,1,1,1,1,1,1,1,1,1,0.33,0.33,0.34,0.33,0.33,0.34,0,0,0,1,0.331450990275449,0.4765500178203502,0.1919989919042008,0.331450990275449,0.4765500178203502,0.1919989919042008,-0,-0,-0,1,0,-5.551115123125783e-17,31.346262,-39226.1121502141,202650,-119.0933547566484,320,0.33,0.33,0.34,0.33,0.33,0.34,0,0,0,-5.551115123125783e-17,31.346262,-39226.1121502141,202650,-119.0933547566484,320,0.33,0.33,0.34,0.33,0.33,0.34,0,0,0,-5.551115123125783e-17
0.726,94.11021079333733,94.11021079333733,0,31.05636956180132,31.05636956180132,31.99747166973469,85.82895410552248,121.5034017755449,75.56039221348554,46.09264127934038,68.6879274399803,33.73838646413164,0,0,0,31.346262,31.346262,0,10.34426646,10.34426646,10.65772908,10.34426646,10.34426646,10.65772908,0,0,0,999.9999868332601,999.9999868332601,0,331.45098591132,476.55001154574,191.9989893762,331.45098591132,476.55001154574,191.9989893762,0,0,0,-39226.1121502141,-39226.1121502141,0,-12944.61700957065,-12944.61700957065,-13336.87813107279,-35574.61662797526,-39671.78119609821,-42337.64961255837,990.4619246841606,1463.649193298381,735.9144097405178,0,0,0,0.2379951664107638,0.1244091294927885,0.05211776025188039,31.90173,31.90173,0,202650,27826.57188551692,19185.23738317802,48229.72047314129,25211.51009171359,10561.66411504356,-119.0933547566484,-119.0933547566484,0,-39.30080706969399,-39.30080706969399,-40.49174061726047,-107.6057612822328,-120.3572823452529,-129.0163245869945,0,0,0,0,0,0,320,1,1,1,1,1,1,1,1,1,1,1,1,1,1,1,0.33,0.33,0.34,0.33,0.33,0.34,0,0,0,1,0.331450990275449,0.4765500178203502,0.1919989919042008,0.331450990275449,0.4765500178203502,0.1919989919042008,-0,-0,-0,1,0,-5.551115123125783e-17,31.346262,-39226.1121502141,202650,-119.0933547566484,320,0.33,0.33,0.34,0.33,0.33,0.34,0,0,0,-5.551115123125783e-17,31.346262,-39226.1121502141,202650,-119.0933547566484,320,0.33,0.33,0.34,0.33,0.33,0.34,0,0,0,-5.551115123125783e-17
0.728,94.11021079333733,94.11021079333733,0,31.05636956180132,31.05636956180132,31.99747166973469,85.82895410552248,121.5034017755449,75.56039221348554,46.09264127934038,68.6879274399803,33.73838646413164,0,0,0,31.346262,31.346262,0,10.34426646,10.34426646,10.65772908,10.34426646,10.34426646,10.65772908,0,0,0,999.9999868332601,999.9999868332601,0,331.45098591132,476.55001154574,191.9989893762,331.45098591132,476.55001154574,191.9989893762,0,0,0,-39226.1121502141,-39226.1121502141,0,-12944.61700957065,-12944.61700957065,-13336.87813107279,-35574.61662797526,-39671.78119609821,-42337.64961255837,990.4619246841606,1463.649193298381,735.9144097405178,0,0,0,0.2379951664107638,0.1244091294927885,0.05211776025188039,31.90173,31.90173,0,202650,27826.57188551692,19185.23738317802,48229.72047314129,25211.51009171359,10561.66411504356,-119.0933547566484,-119.0933547566484,0,-39.30080706969399,-39.30080706969399,-40.49174061726047,-107.6057612822328,-120.3572823452529,-129.0163245869945,0,0,0,0,0,0,320,1,1,1,1,1,1,1,1,1,1,1,1,1,1,1,0.33,0.33,0.34,0.33,0.33,0.34,0,0,0,1,0.331450990275449,0.4765500178203502,0.1919989919042008,0.331450990275449,0.4765500178203502,0.1919989919042008,-0,-0,-0,1,0,-5.551115123125783e-17,31.346262,-39226.1121502141,202650,-119.0933547566484,320,0.33,0.33,0.34,0.33,0.33,0.34,0,0,0,-5.551115123125783e-17,31.346262,-39226.1121502141,202650,-119.0933547566484,320,0.33,0.33,0.34,0.33,0.33,0.34,0,0,0,-5.551115123125783e-17
0.73,94.11021079333733,94.11021079333733,0,31.05636956180132,31.05636956180132,31.99747166973469,85.82895410552248,121.5034017755449,75.56039221348554,46.09264127934038,68.6879274399803,33.73838646413164,0,0,0,31.346262,31.346262,0,10.34426646,10.34426646,10.65772908,10.34426646,10.34426646,10.65772908,0,0,0,999.9999868332601,999.9999868332601,0,331.45098591132,476.55001154574,191.9989893762,331.45098591132,476.55001154574,191.9989893762,0,0,0,-39226.1121502141,-39226.1121502141,0,-12944.61700957065,-12944.61700957065,-13336.87813107279,-35574.61662797526,-39671.78119609821,-42337.64961255837,990.4619246841606,1463.649193298381,735.9144097405178,0,0,0,0.2379951664107638,0.1244091294927885,0.05211776025188039,31.90173,31.90173,0,202650,27826.57188551692,19185.23738317802,48229.72047314129,25211.51009171359,10561.66411504356,-119.0933547566484,-119.0933547566484,0,-39.30080706969399,-39.30080706969399,-40.49174061726047,-107.6057612822328,-120.3572823452529,-129.0163245869945,0,0,0,0,0,0,320,1,1,1,1,1,1,1,1,1,1,1,1,1,1,1,0.33,0.33,0.34,0.33,0.33,0.34,0,0,0,1,0.331450990275449,0.4765500178203502,0.1919989919042008,0.331450990275449,0.4765500178203502,0.1919989919042008,-0,-0,-0,1,0,-5.551115123125783e-17,31.346262,-39226.1121502141,202650,-119.0933547566484,320,0.33,0.33,0.34,0.33,0.33,0.34,0,0,0,-5.551115123125783e-17,31.346262,-39226.1121502141,202650,-119.0933547566484,320,0.33,0.33,0.34,0.33,0.33,0.34,0,0,0,-5.551115123125783e-17
0.732,94.11021079333733,94.11021079333733,0,31.05636956180132,31.05636956180132,31.99747166973469,85.82895410552248,121.5034017755449,75.56039221348554,46.09264127934038,68.6879274399803,33.73838646413164,0,0,0,31.346262,31.346262,0,10.34426646,10.34426646,10.65772908,10.34426646,10.34426646,10.65772908,0,0,0,999.9999868332601,999.9999868332601,0,331.45098591132,476.55001154574,191.9989893762,331.45098591132,476.55001154574,191.9989893762,0,0,0,-39226.1121502141,-39226.1121502141,0,-12944.61700957065,-12944.61700957065,-13336.87813107279,-35574.61662797526,-39671.78119609821,-42337.64961255837,990.4619246841606,1463.649193298381,735.9144097405178,0,0,0,0.2379951664107638,0.1244091294927885,0.05211776025188039,31.90173,31.90173,0,202650,27826.57188551692,19185.23738317802,48229.72047314129,25211.51009171359,10561.66411504356,-119.0933547566484,-119.0933547566484,0,-39.30080706969399,-39.30080706969399,-40.49174061726047,-107.6057612822328,-120.3572823452529,-129.0163245869945,0,0,0,0,0,0,320,1,1,1,1,1,1,1,1,1,1,1,1,1,1,1,0.33,0.33,0.34,0.33,0.33,0.34,0,0,0,1,0.331450990275449,0.4765500178203502,0.1919989919042008,0.331450990275449,0.4765500178203502,0.1919989919042008,-0,-0,-0,1,0,-5.551115123125783e-17,31.346262,-39226.1121502141,202650,-119.0933547566484,320,0.33,0.33,0.34,0.33,0.33,0.34,0,0,0,-5.551115123125783e-17,31.346262,-39226.1121502141,202650,-119.0933547566484,320,0.33,0.33,0.34,0.33,0.33,0.34,0,0,0,-5.551115123125783e-17
0.734,94.11021079333733,94.11021079333733,0,31.05636956180132,31.05636956180132,31.99747166973469,85.82895410552248,121.5034017755449,75.56039221348554,46.09264127934038,68.6879274399803,33.73838646413164,0,0,0,31.346262,31.346262,0,10.34426646,10.34426646,10.65772908,10.34426646,10.34426646,10.65772908,0,0,0,999.9999868332601,999.9999868332601,0,331.45098591132,476.55001154574,191.9989893762,331.45098591132,476.55001154574,191.9989893762,0,0,0,-39226.1121502141,-39226.1121502141,0,-12944.61700957065,-12944.61700957065,-13336.87813107279,-35574.61662797526,-39671.78119609821,-42337.64961255837,990.4619246841606,1463.649193298381,735.9144097405178,0,0,0,0.2379951664107638,0.1244091294927885,0.05211776025188039,31.90173,31.90173,0,202650,27826.57188551692,19185.23738317802,48229.72047314129,25211.51009171359,10561.66411504356,-119.0933547566484,-119.0933547566484,0,-39.30080706969399,-39.30080706969399,-40.49174061726047,-107.6057612822328,-120.3572823452529,-129.0163245869945,0,0,0,0,0,0,320,1,1,1,1,1,1,1,1,1,1,1,1,1,1,1,0.33,0.33,0.34,0.33,0.33,0.34,0,0,0,1,0.331450990275449,0.4765500178203502,0.1919989919042008,0.331450990275449,0.4765500178203502,0.1919989919042008,-0,-0,-0,1,0,-5.551115123125783e-17,31.346262,-39226.1121502141,202650,-119.0933547566484,320,0.33,0.33,0.34,0.33,0.33,0.34,0,0,0,-5.551115123125783e-17,31.346262,-39226.1121502141,202650,-119.0933547566484,320,0.33,0.33,0.34,0.33,0.33,0.34,0,0,0,-5.551115123125783e-17
0.736,94.11021079333733,94.11021079333733,0,31.05636956180132,31.05636956180132,31.99747166973469,85.82895410552248,121.5034017755449,75.56039221348554,46.09264127934038,68.6879274399803,33.73838646413164,0,0,0,31.346262,31.346262,0,10.34426646,10.34426646,10.65772908,10.34426646,10.34426646,10.65772908,0,0,0,999.9999868332601,999.9999868332601,0,331.45098591132,476.55001154574,191.9989893762,331.45098591132,476.55001154574,191.9989893762,0,0,0,-39226.1121502141,-39226.1121502141,0,-12944.61700957065,-12944.61700957065,-13336.87813107279,-35574.61662797526,-39671.78119609821,-42337.64961255837,990.4619246841606,1463.649193298381,735.9144097405178,0,0,0,0.2379951664107638,0.1244091294927885,0.05211776025188039,31.90173,31.90173,0,202650,27826.57188551692,19185.23738317802,48229.72047314129,25211.51009171359,10561.66411504356,-119.0933547566484,-119.0933547566484,0,-39.30080706969399,-39.30080706969399,-40.49174061726047,-107.6057612822328,-120.3572823452529,-129.0163245869945,0,0,0,0,0,0,320,1,1,1,1,1,1,1,1,1,1,1,1,1,1,1,0.33,0.33,0.34,0.33,0.33,0.34,0,0,0,1,0.331450990275449,0.4765500178203502,0.1919989919042008,0.331450990275449,0.4765500178203502,0.1919989919042008,-0,-0,-0,1,0,-5.551115123125783e-17,31.346262,-39226.1121502141,202650,-119.0933547566484,320,0.33,0.33,0.34,0.33,0.33,0.34,0,0,0,-5.551115123125783e-17,31.346262,-39226.1121502141,202650,-119.0933547566484,320,0.33,0.33,0.34,0.33,0.33,0.34,0,0,0,-5.551115123125783e-17
0.738,94.11021079333733,94.11021079333733,0,31.05636956180132,31.05636956180132,31.99747166973469,85.82895410552248,121.5034017755449,75.56039221348554,46.09264127934038,68.6879274399803,33.73838646413164,0,0,0,31.346262,31.346262,0,10.34426646,10.34426646,10.65772908,10.34426646,10.34426646,10.65772908,0,0,0,999.9999868332601,999.9999868332601,0,331.45098591132,476.55001154574,191.9989893762,331.45098591132,476.55001154574,191.9989893762,0,0,0,-39226.1121502141,-39226.1121502141,0,-12944.61700957065,-12944.61700957065,-13336.87813107279,-35574.61662797526,-39671.78119609821,-42337.64961255837,990.4619246841606,1463.649193298381,735.9144097405178,0,0,0,0.2379951664107638,0.1244091294927885,0.05211776025188039,31.90173,31.90173,0,202650,27826.57188551692,19185.23738317802,48229.72047314129,25211.51009171359,10561.66411504356,-119.0933547566484,-119.0933547566484,0,-39.30080706969399,-39.30080706969399,-40.49174061726047,-107.6057612822328,-120.3572823452529,-129.0163245869945,0,0,0,0,0,0,320,1,1,1,1,1,1,1,1,1,1,1,1,1,1,1,0.33,0.33,0.34,0.33,0.33,0.34,0,0,0,1,0.331450990275449,0.4765500178203502,0.1919989919042008,0.331450990275449,0.4765500178203502,0.1919989919042008,-0,-0,-0,1,0,-5.551115123125783e-17,31.346262,-39226.1121502141,202650,-119.0933547566484,320,0.33,0.33,0.34,0.33,0.33,0.34,0,0,0,-5.551115123125783e-17,31.346262,-39226.1121502141,202650,-119.0933547566484,320,0.33,0.33,0.34,0.33,0.33,0.34,0,0,0,-5.551115123125783e-17
0.74,94.11021079333733,94.11021079333733,0,31.05636956180132,31.05636956180132,31.99747166973469,85.82895410552248,121.5034017755449,75.56039221348554,46.09264127934038,68.6879274399803,33.73838646413164,0,0,0,31.346262,31.346262,0,10.34426646,10.34426646,10.65772908,10.34426646,10.34426646,10.65772908,0,0,0,999.9999868332601,999.9999868332601,0,331.45098591132,476.55001154574,191.9989893762,331.45098591132,476.55001154574,191.9989893762,0,0,0,-39226.1121502141,-39226.1121502141,0,-12944.61700957065,-12944.61700957065,-13336.87813107279,-35574.61662797526,-39671.78119609821,-42337.64961255837,990.4619246841606,1463.649193298381,735.9144097405178,0,0,0,0.2379951664107638,0.1244091294927885,0.05211776025188039,31.90173,31.90173,0,202650,27826.57188551692,19185.23738317802,48229.72047314129,25211.51009171359,10561.66411504356,-119.0933547566484,-119.0933547566484,0,-39.30080706969399,-39.30080706969399,-40.49174061726047,-107.6057612822328,-120.3572823452529,-129.0163245869945,0,0,0,0,0,0,320,1,1,1,1,1,1,1,1,1,1,1,1,1,1,1,0.33,0.33,0.34,0.33,0.33,0.34,0,0,0,1,0.331450990275449,0.4765500178203502,0.1919989919042008,0.331450990275449,0.4765500178203502,0.1919989919042008,-0,-0,-0,1,0,-5.551115123125783e-17,31.346262,-39226.1121502141,202650,-119.0933547566484,320,0.33,0.33,0.34,0.33,0.33,0.34,0,0,0,-5.551115123125783e-17,31.346262,-39226.1121502141,202650,-119.0933547566484,320,0.33,0.33,0.34,0.33,0.33,0.34,0,0,0,-5.551115123125783e-17
0.742,94.11021079333733,94.11021079333733,0,31.05636956180132,31.05636956180132,31.99747166973469,85.82895410552248,121.5034017755449,75.56039221348554,46.09264127934038,68.6879274399803,33.73838646413164,0,0,0,31.346262,31.346262,0,10.34426646,10.34426646,10.65772908,10.34426646,10.34426646,10.65772908,0,0,0,999.9999868332601,999.9999868332601,0,331.45098591132,476.55001154574,191.9989893762,331.45098591132,476.55001154574,191.9989893762,0,0,0,-39226.1121502141,-39226.1121502141,0,-12944.61700957065,-12944.61700957065,-13336.87813107279,-35574.61662797526,-39671.78119609821,-42337.64961255837,990.4619246841606,1463.649193298381,735.9144097405178,0,0,0,0.2379951664107638,0.1244091294927885,0.05211776025188039,31.90173,31.90173,0,202650,27826.57188551692,19185.23738317802,48229.72047314129,25211.51009171359,10561.66411504356,-119.0933547566484,-119.0933547566484,0,-39.30080706969399,-39.30080706969399,-40.49174061726047,-107.6057612822328,-120.3572823452529,-129.0163245869945,0,0,0,0,0,0,320,1,1,1,1,1,1,1,1,1,1,1,1,1,1,1,0.33,0.33,0.34,0.33,0.33,0.34,0,0,0,1,0.331450990275449,0.4765500178203502,0.1919989919042008,0.331450990275449,0.4765500178203502,0.1919989919042008,-0,-0,-0,1,0,-5.551115123125783e-17,31.346262,-39226.1121502141,202650,-119.0933547566484,320,0.33,0.33,0.34,0.33,0.33,0.34,0,0,0,-5.551115123125783e-17,31.346262,-39226.1121502141,202650,-119.0933547566484,320,0.33,0.33,0.34,0.33,0.33,0.34,0,0,0,-5.551115123125783e-17
0.744,94.11021079333733,94.11021079333733,0,31.05636956180132,31.05636956180132,31.99747166973469,85.82895410552248,121.5034017755449,75.56039221348554,46.09264127934038,68.6879274399803,33.73838646413164,0,0,0,31.346262,31.346262,0,10.34426646,10.34426646,10.65772908,10.34426646,10.34426646,10.65772908,0,0,0,999.9999868332601,999.9999868332601,0,331.45098591132,476.55001154574,191.9989893762,331.45098591132,476.55001154574,191.9989893762,0,0,0,-39226.1121502141,-39226.1121502141,0,-12944.61700957065,-12944.61700957065,-13336.87813107279,-35574.61662797526,-39671.78119609821,-42337.64961255837,990.4619246841606,1463.649193298381,735.9144097405178,0,0,0,0.2379951664107638,0.1244091294927885,0.05211776025188039,31.90173,31.90173,0,202650,27826.57188551692,19185.23738317802,48229.72047314129,25211.51009171359,10561.66411504356,-119.0933547566484,-119.0933547566484,0,-39.30080706969399,-39.30080706969399,-40.49174061726047,-107.6057612822328,-120.3572823452529,-129.0163245869945,0,0,0,0,0,0,320,1,1,1,1,1,1,1,1,1,1,1,1,1,1,1,0.33,0.33,0.34,0.33,0.33,0.34,0,0,0,1,0.331450990275449,0.4765500178203502,0.1919989919042008,0.331450990275449,0.4765500178203502,0.1919989919042008,-0,-0,-0,1,0,-5.551115123125783e-17,31.346262,-39226.1121502141,202650,-119.0933547566484,320,0.33,0.33,0.34,0.33,0.33,0.34,0,0,0,-5.551115123125783e-17,31.346262,-39226.1121502141,202650,-119.0933547566484,320,0.33,0.33,0.34,0.33,0.33,0.34,0,0,0,-5.551115123125783e-17
0.746,94.11021079333733,94.11021079333733,0,31.05636956180132,31.05636956180132,31.99747166973469,85.82895410552248,121.5034017755449,75.56039221348554,46.09264127934038,68.6879274399803,33.73838646413164,0,0,0,31.346262,31.346262,0,10.34426646,10.34426646,10.65772908,10.34426646,10.34426646,10.65772908,0,0,0,999.9999868332601,999.9999868332601,0,331.45098591132,476.55001154574,191.9989893762,331.45098591132,476.55001154574,191.9989893762,0,0,0,-39226.1121502141,-39226.1121502141,0,-12944.61700957065,-12944.61700957065,-13336.87813107279,-35574.61662797526,-39671.78119609821,-42337.64961255837,990.4619246841606,1463.649193298381,735.9144097405178,0,0,0,0.2379951664107638,0.1244091294927885,0.05211776025188039,31.90173,31.90173,0,202650,27826.57188551692,19185.23738317802,48229.72047314129,25211.51009171359,10561.66411504356,-119.0933547566484,-119.0933547566484,0,-39.30080706969399,-39.30080706969399,-40.49174061726047,-107.6057612822328,-120.3572823452529,-129.0163245869945,0,0,0,0,0,0,320,1,1,1,1,1,1,1,1,1,1,1,1,1,1,1,0.33,0.33,0.34,0.33,0.33,0.34,0,0,0,1,0.331450990275449,0.4765500178203502,0.1919989919042008,0.331450990275449,0.4765500178203502,0.1919989919042008,-0,-0,-0,1,0,-5.551115123125783e-17,31.346262,-39226.1121502141,202650,-119.0933547566484,320,0.33,0.33,0.34,0.33,0.33,0.34,0,0,0,-5.551115123125783e-17,31.346262,-39226.1121502141,202650,-119.0933547566484,320,0.33,0.33,0.34,0.33,0.33,0.34,0,0,0,-5.551115123125783e-17
0.748,94.11021079333733,94.11021079333733,0,31.05636956180132,31.05636956180132,31.99747166973469,85.82895410552248,121.5034017755449,75.56039221348554,46.09264127934038,68.6879274399803,33.73838646413164,0,0,0,31.346262,31.346262,0,10.34426646,10.34426646,10.65772908,10.34426646,10.34426646,10.65772908,0,0,0,999.9999868332601,999.9999868332601,0,331.45098591132,476.55001154574,191.9989893762,331.45098591132,476.55001154574,191.9989893762,0,0,0,-39226.1121502141,-39226.1121502141,0,-12944.61700957065,-12944.61700957065,-13336.87813107279,-35574.61662797526,-39671.78119609821,-42337.64961255837,990.4619246841606,1463.649193298381,735.9144097405178,0,0,0,0.2379951664107638,0.1244091294927885,0.05211776025188039,31.90173,31.90173,0,202650,27826.57188551692,19185.23738317802,48229.72047314129,25211.51009171359,10561.66411504356,-119.0933547566484,-119.0933547566484,0,-39.30080706969399,-39.30080706969399,-40.49174061726047,-107.6057612822328,-120.3572823452529,-129.0163245869945,0,0,0,0,0,0,320,1,1,1,1,1,1,1,1,1,1,1,1,1,1,1,0.33,0.33,0.34,0.33,0.33,0.34,0,0,0,1,0.331450990275449,0.4765500178203502,0.1919989919042008,0.331450990275449,0.4765500178203502,0.1919989919042008,-0,-0,-0,1,0,-5.551115123125783e-17,31.346262,-39226.1121502141,202650,-119.0933547566484,320,0.33,0.33,0.34,0.33,0.33,0.34,0,0,0,-5.551115123125783e-17,31.346262,-39226.1121502141,202650,-119.0933547566484,320,0.33,0.33,0.34,0.33,0.33,0.34,0,0,0,-5.551115123125783e-17
0.75,94.11021079333733,94.11021079333733,0,31.05636956180132,31.05636956180132,31.99747166973469,85.82895410552248,121.5034017755449,75.56039221348554,46.09264127934038,68.6879274399803,33.73838646413164,0,0,0,31.346262,31.346262,0,10.34426646,10.34426646,10.65772908,10.34426646,10.34426646,10.65772908,0,0,0,999.9999868332601,999.9999868332601,0,331.45098591132,476.55001154574,191.9989893762,331.45098591132,476.55001154574,191.9989893762,0,0,0,-39226.1121502141,-39226.1121502141,0,-12944.61700957065,-12944.61700957065,-13336.87813107279,-35574.61662797526,-39671.78119609821,-42337.64961255837,990.4619246841606,1463.649193298381,735.9144097405178,0,0,0,0.2379951664107638,0.1244091294927885,0.05211776025188039,31.90173,31.90173,0,202650,27826.57188551692,19185.23738317802,48229.72047314129,25211.51009171359,10561.66411504356,-119.0933547566484,-119.0933547566484,0,-39.30080706969399,-39.30080706969399,-40.49174061726047,-107.6057612822328,-120.3572823452529,-129.0163245869945,0,0,0,0,0,0,320,1,1,1,1,1,1,1,1,1,1,1,1,1,1,1,0.33,0.33,0.34,0.33,0.33,0.34,0,0,0,1,0.331450990275449,0.4765500178203502,0.1919989919042008,0.331450990275449,0.4765500178203502,0.1919989919042008,-0,-0,-0,1,0,-5.551115123125783e-17,31.346262,-39226.1121502141,202650,-119.0933547566484,320,0.33,0.33,0.34,0.33,0.33,0.34,0,0,0,-5.551115123125783e-17,31.346262,-39226.1121502141,202650,-119.0933547566484,320,0.33,0.33,0.34,0.33,0.33,0.34,0,0,0,-5.551115123125783e-17
0.752,94.11021079333733,94.11021079333733,0,31.05636956180132,31.05636956180132,31.99747166973469,85.82895410552248,121.5034017755449,75.56039221348554,46.09264127934038,68.6879274399803,33.73838646413164,0,0,0,31.346262,31.346262,0,10.34426646,10.34426646,10.65772908,10.34426646,10.34426646,10.65772908,0,0,0,999.9999868332601,999.9999868332601,0,331.45098591132,476.55001154574,191.9989893762,331.45098591132,476.55001154574,191.9989893762,0,0,0,-39226.1121502141,-39226.1121502141,0,-12944.61700957065,-12944.61700957065,-13336.87813107279,-35574.61662797526,-39671.78119609821,-42337.64961255837,990.4619246841606,1463.649193298381,735.9144097405178,0,0,0,0.2379951664107638,0.1244091294927885,0.05211776025188039,31.90173,31.90173,0,202650,27826.57188551692,19185.23738317802,48229.72047314129,25211.51009171359,10561.66411504356,-119.0933547566484,-119.0933547566484,0,-39.30080706969399,-39.30080706969399,-40.49174061726047,-107.6057612822328,-120.3572823452529,-129.0163245869945,0,0,0,0,0,0,320,1,1,1,1,1,1,1,1,1,1,1,1,1,1,1,0.33,0.33,0.34,0.33,0.33,0.34,0,0,0,1,0.331450990275449,0.4765500178203502,0.1919989919042008,0.331450990275449,0.4765500178203502,0.1919989919042008,-0,-0,-0,1,0,-5.551115123125783e-17,31.346262,-39226.1121502141,202650,-119.0933547566484,320,0.33,0.33,0.34,0.33,0.33,0.34,0,0,0,-5.551115123125783e-17,31.346262,-39226.1121502141,202650,-119.0933547566484,320,0.33,0.33,0.34,0.33,0.33,0.34,0,0,0,-5.551115123125783e-17
0.754,94.11021079333733,94.11021079333733,0,31.05636956180132,31.05636956180132,31.99747166973469,85.82895410552248,121.5034017755449,75.56039221348554,46.09264127934038,68.6879274399803,33.73838646413164,0,0,0,31.346262,31.346262,0,10.34426646,10.34426646,10.65772908,10.34426646,10.34426646,10.65772908,0,0,0,999.9999868332601,999.9999868332601,0,331.45098591132,476.55001154574,191.9989893762,331.45098591132,476.55001154574,191.9989893762,0,0,0,-39226.1121502141,-39226.1121502141,0,-12944.61700957065,-12944.61700957065,-13336.87813107279,-35574.61662797526,-39671.78119609821,-42337.64961255837,990.4619246841606,1463.649193298381,735.9144097405178,0,0,0,0.2379951664107638,0.1244091294927885,0.05211776025188039,31.90173,31.90173,0,202650,27826.57188551692,19185.23738317802,48229.72047314129,25211.51009171359,10561.66411504356,-119.0933547566484,-119.0933547566484,0,-39.30080706969399,-39.30080706969399,-40.49174061726047,-107.6057612822328,-120.3572823452529,-129.0163245869945,0,0,0,0,0,0,320,1,1,1,1,1,1,1,1,1,1,1,1,1,1,1,0.33,0.33,0.34,0.33,0.33,0.34,0,0,0,1,0.331450990275449,0.4765500178203502,0.1919989919042008,0.331450990275449,0.4765500178203502,0.1919989919042008,-0,-0,-0,1,0,-5.551115123125783e-17,31.346262,-39226.1121502141,202650,-119.0933547566484,320,0.33,0.33,0.34,0.33,0.33,0.34,0,0,0,-5.551115123125783e-17,31.346262,-39226.1121502141,202650,-119.0933547566484,320,0.33,0.33,0.34,0.33,0.33,0.34,0,0,0,-5.551115123125783e-17
0.756,94.11021079333733,94.11021079333733,0,31.05636956180132,31.05636956180132,31.99747166973469,85.82895410552248,121.5034017755449,75.56039221348554,46.09264127934038,68.6879274399803,33.73838646413164,0,0,0,31.346262,31.346262,0,10.34426646,10.34426646,10.65772908,10.34426646,10.34426646,10.65772908,0,0,0,999.9999868332601,999.9999868332601,0,331.45098591132,476.55001154574,191.9989893762,331.45098591132,476.55001154574,191.9989893762,0,0,0,-39226.1121502141,-39226.1121502141,0,-12944.61700957065,-12944.61700957065,-13336.87813107279,-35574.61662797526,-39671.78119609821,-42337.64961255837,990.4619246841606,1463.649193298381,735.9144097405178,0,0,0,0.2379951664107638,0.1244091294927885,0.05211776025188039,31.90173,31.90173,0,202650,27826.57188551692,19185.23738317802,48229.72047314129,25211.51009171359,10561.66411504356,-119.0933547566484,-119.0933547566484,0,-39.30080706969399,-39.30080706969399,-40.49174061726047,-107.6057612822328,-120.3572823452529,-129.0163245869945,0,0,0,0,0,0,320,1,1,1,1,1,1,1,1,1,1,1,1,1,1,1,0.33,0.33,0.34,0.33,0.33,0.34,0,0,0,1,0.331450990275449,0.4765500178203502,0.1919989919042008,0.331450990275449,0.4765500178203502,0.1919989919042008,-0,-0,-0,1,0,-5.551115123125783e-17,31.346262,-39226.1121502141,202650,-119.0933547566484,320,0.33,0.33,0.34,0.33,0.33,0.34,0,0,0,-5.551115123125783e-17,31.346262,-39226.1121502141,202650,-119.0933547566484,320,0.33,0.33,0.34,0.33,0.33,0.34,0,0,0,-5.551115123125783e-17
0.758,94.11021079333733,94.11021079333733,0,31.05636956180132,31.05636956180132,31.99747166973469,85.82895410552248,121.5034017755449,75.56039221348554,46.09264127934038,68.6879274399803,33.73838646413164,0,0,0,31.346262,31.346262,0,10.34426646,10.34426646,10.65772908,10.34426646,10.34426646,10.65772908,0,0,0,999.9999868332601,999.9999868332601,0,331.45098591132,476.55001154574,191.9989893762,331.45098591132,476.55001154574,191.9989893762,0,0,0,-39226.1121502141,-39226.1121502141,0,-12944.61700957065,-12944.61700957065,-13336.87813107279,-35574.61662797526,-39671.78119609821,-42337.64961255837,990.4619246841606,1463.649193298381,735.9144097405178,0,0,0,0.2379951664107638,0.1244091294927885,0.05211776025188039,31.90173,31.90173,0,202650,27826.57188551692,19185.23738317802,48229.72047314129,25211.51009171359,10561.66411504356,-119.0933547566484,-119.0933547566484,0,-39.30080706969399,-39.30080706969399,-40.49174061726047,-107.6057612822328,-120.3572823452529,-129.0163245869945,0,0,0,0,0,0,320,1,1,1,1,1,1,1,1,1,1,1,1,1,1,1,0.33,0.33,0.34,0.33,0.33,0.34,0,0,0,1,0.331450990275449,0.4765500178203502,0.1919989919042008,0.331450990275449,0.4765500178203502,0.1919989919042008,-0,-0,-0,1,0,-5.551115123125783e-17,31.346262,-39226.1121502141,202650,-119.0933547566484,320,0.33,0.33,0.34,0.33,0.33,0.34,0,0,0,-5.551115123125783e-17,31.346262,-39226.1121502141,202650,-119.0933547566484,320,0.33,0.33,0.34,0.33,0.33,0.34,0,0,0,-5.551115123125783e-17
0.76,94.11021079333733,94.11021079333733,0,31.05636956180132,31.05636956180132,31.99747166973469,85.82895410552248,121.5034017755449,75.56039221348554,46.09264127934038,68.6879274399803,33.73838646413164,0,0,0,31.346262,31.346262,0,10.34426646,10.34426646,10.65772908,10.34426646,10.34426646,10.65772908,0,0,0,999.9999868332601,999.9999868332601,0,331.45098591132,476.55001154574,191.9989893762,331.45098591132,476.55001154574,191.9989893762,0,0,0,-39226.1121502141,-39226.1121502141,0,-12944.61700957065,-12944.61700957065,-13336.87813107279,-35574.61662797526,-39671.78119609821,-42337.64961255837,990.4619246841606,1463.649193298381,735.9144097405178,0,0,0,0.2379951664107638,0.1244091294927885,0.05211776025188039,31.90173,31.90173,0,202650,27826.57188551692,19185.23738317802,48229.72047314129,25211.51009171359,10561.66411504356,-119.0933547566484,-119.0933547566484,0,-39.30080706969399,-39.30080706969399,-40.49174061726047,-107.6057612822328,-120.3572823452529,-129.0163245869945,0,0,0,0,0,0,320,1,1,1,1,1,1,1,1,1,1,1,1,1,1,1,0.33,0.33,0.34,0.33,0.33,0.34,0,0,0,1,0.331450990275449,0.4765500178203502,0.1919989919042008,0.331450990275449,0.4765500178203502,0.1919989919042008,-0,-0,-0,1,0,-5.551115123125783e-17,31.346262,-39226.1121502141,202650,-119.0933547566484,320,0.33,0.33,0.34,0.33,0.33,0.34,0,0,0,-5.551115123125783e-17,31.346262,-39226.1121502141,202650,-119.0933547566484,320,0.33,0.33,0.34,0.33,0.33,0.34,0,0,0,-5.551115123125783e-17
0.762,94.11021079333733,94.11021079333733,0,31.05636956180132,31.05636956180132,31.99747166973469,85.82895410552248,121.5034017755449,75.56039221348554,46.09264127934038,68.6879274399803,33.73838646413164,0,0,0,31.346262,31.346262,0,10.34426646,10.34426646,10.65772908,10.34426646,10.34426646,10.65772908,0,0,0,999.9999868332601,999.9999868332601,0,331.45098591132,476.55001154574,191.9989893762,331.45098591132,476.55001154574,191.9989893762,0,0,0,-39226.1121502141,-39226.1121502141,0,-12944.61700957065,-12944.61700957065,-13336.87813107279,-35574.61662797526,-39671.78119609821,-42337.64961255837,990.4619246841606,1463.649193298381,735.9144097405178,0,0,0,0.2379951664107638,0.1244091294927885,0.05211776025188039,31.90173,31.90173,0,202650,27826.57188551692,19185.23738317802,48229.72047314129,25211.51009171359,10561.66411504356,-119.0933547566484,-119.0933547566484,0,-39.30080706969399,-39.30080706969399,-40.49174061726047,-107.6057612822328,-120.3572823452529,-129.0163245869945,0,0,0,0,0,0,320,1,1,1,1,1,1,1,1,1,1,1,1,1,1,1,0.33,0.33,0.34,0.33,0.33,0.34,0,0,0,1,0.331450990275449,0.4765500178203502,0.1919989919042008,0.331450990275449,0.4765500178203502,0.1919989919042008,-0,-0,-0,1,0,-5.551115123125783e-17,31.346262,-39226.1121502141,202650,-119.0933547566484,320,0.33,0.33,0.34,0.33,0.33,0.34,0,0,0,-5.551115123125783e-17,31.346262,-39226.1121502141,202650,-119.0933547566484,320,0.33,0.33,0.34,0.33,0.33,0.34,0,0,0,-5.551115123125783e-17
0.764,94.11021079333733,94.11021079333733,0,31.05636956180132,31.05636956180132,31.99747166973469,85.82895410552248,121.5034017755449,75.56039221348554,46.09264127934038,68.6879274399803,33.73838646413164,0,0,0,31.346262,31.346262,0,10.34426646,10.34426646,10.65772908,10.34426646,10.34426646,10.65772908,0,0,0,999.9999868332601,999.9999868332601,0,331.45098591132,476.55001154574,191.9989893762,331.45098591132,476.55001154574,191.9989893762,0,0,0,-39226.1121502141,-39226.1121502141,0,-12944.61700957065,-12944.61700957065,-13336.87813107279,-35574.61662797526,-39671.78119609821,-42337.64961255837,990.4619246841606,1463.649193298381,735.9144097405178,0,0,0,0.2379951664107638,0.1244091294927885,0.05211776025188039,31.90173,31.90173,0,202650,27826.57188551692,19185.23738317802,48229.72047314129,25211.51009171359,10561.66411504356,-119.0933547566484,-119.0933547566484,0,-39.30080706969399,-39.30080706969399,-40.49174061726047,-107.6057612822328,-120.3572823452529,-129.0163245869945,0,0,0,0,0,0,320,1,1,1,1,1,1,1,1,1,1,1,1,1,1,1,0.33,0.33,0.34,0.33,0.33,0.34,0,0,0,1,0.331450990275449,0.4765500178203502,0.1919989919042008,0.331450990275449,0.4765500178203502,0.1919989919042008,-0,-0,-0,1,0,-5.551115123125783e-17,31.346262,-39226.1121502141,202650,-119.0933547566484,320,0.33,0.33,0.34,0.33,0.33,0.34,0,0,0,-5.551115123125783e-17,31.346262,-39226.1121502141,202650,-119.0933547566484,320,0.33,0.33,0.34,0.33,0.33,0.34,0,0,0,-5.551115123125783e-17
0.766,94.11021079333733,94.11021079333733,0,31.05636956180132,31.05636956180132,31.99747166973469,85.82895410552248,121.5034017755449,75.56039221348554,46.09264127934038,68.6879274399803,33.73838646413164,0,0,0,31.346262,31.346262,0,10.34426646,10.34426646,10.65772908,10.34426646,10.34426646,10.65772908,0,0,0,999.9999868332601,999.9999868332601,0,331.45098591132,476.55001154574,191.9989893762,331.45098591132,476.55001154574,191.9989893762,0,0,0,-39226.1121502141,-39226.1121502141,0,-12944.61700957065,-12944.61700957065,-13336.87813107279,-35574.61662797526,-39671.78119609821,-42337.64961255837,990.4619246841606,1463.649193298381,735.9144097405178,0,0,0,0.2379951664107638,0.1244091294927885,0.05211776025188039,31.90173,31.90173,0,202650,27826.57188551692,19185.23738317802,48229.72047314129,25211.51009171359,10561.66411504356,-119.0933547566484,-119.0933547566484,0,-39.30080706969399,-39.30080706969399,-40.49174061726047,-107.6057612822328,-120.3572823452529,-129.0163245869945,0,0,0,0,0,0,320,1,1,1,1,1,1,1,1,1,1,1,1,1,1,1,0.33,0.33,0.34,0.33,0.33,0.34,0,0,0,1,0.331450990275449,0.4765500178203502,0.1919989919042008,0.331450990275449,0.4765500178203502,0.1919989919042008,-0,-0,-0,1,0,-5.551115123125783e-17,31.346262,-39226.1121502141,202650,-119.0933547566484,320,0.33,0.33,0.34,0.33,0.33,0.34,0,0,0,-5.551115123125783e-17,31.346262,-39226.1121502141,202650,-119.0933547566484,320,0.33,0.33,0.34,0.33,0.33,0.34,0,0,0,-5.551115123125783e-17
0.768,94.11021079333733,94.11021079333733,0,31.05636956180132,31.05636956180132,31.99747166973469,85.82895410552248,121.5034017755449,75.56039221348554,46.09264127934038,68.6879274399803,33.73838646413164,0,0,0,31.346262,31.346262,0,10.34426646,10.34426646,10.65772908,10.34426646,10.34426646,10.65772908,0,0,0,999.9999868332601,999.9999868332601,0,331.45098591132,476.55001154574,191.9989893762,331.45098591132,476.55001154574,191.9989893762,0,0,0,-39226.1121502141,-39226.1121502141,0,-12944.61700957065,-12944.61700957065,-13336.87813107279,-35574.61662797526,-39671.78119609821,-42337.64961255837,990.4619246841606,1463.649193298381,735.9144097405178,0,0,0,0.2379951664107638,0.1244091294927885,0.05211776025188039,31.90173,31.90173,0,202650,27826.57188551692,19185.23738317802,48229.72047314129,25211.51009171359,10561.66411504356,-119.0933547566484,-119.0933547566484,0,-39.30080706969399,-39.30080706969399,-40.49174061726047,-107.6057612822328,-120.3572823452529,-129.0163245869945,0,0,0,0,0,0,320,1,1,1,1,1,1,1,1,1,1,1,1,1,1,1,0.33,0.33,0.34,0.33,0.33,0.34,0,0,0,1,0.331450990275449,0.4765500178203502,0.1919989919042008,0.331450990275449,0.4765500178203502,0.1919989919042008,-0,-0,-0,1,0,-5.551115123125783e-17,31.346262,-39226.1121502141,202650,-119.0933547566484,320,0.33,0.33,0.34,0.33,0.33,0.34,0,0,0,-5.551115123125783e-17,31.346262,-39226.1121502141,202650,-119.0933547566484,320,0.33,0.33,0.34,0.33,0.33,0.34,0,0,0,-5.551115123125783e-17
0.77,94.11021079333733,94.11021079333733,0,31.05636956180132,31.05636956180132,31.99747166973469,85.82895410552248,121.5034017755449,75.56039221348554,46.09264127934038,68.6879274399803,33.73838646413164,0,0,0,31.346262,31.346262,0,10.34426646,10.34426646,10.65772908,10.34426646,10.34426646,10.65772908,0,0,0,999.9999868332601,999.9999868332601,0,331.45098591132,476.55001154574,191.9989893762,331.45098591132,476.55001154574,191.9989893762,0,0,0,-39226.1121502141,-39226.1121502141,0,-12944.61700957065,-12944.61700957065,-13336.87813107279,-35574.61662797526,-39671.78119609821,-42337.64961255837,990.4619246841606,1463.649193298381,735.9144097405178,0,0,0,0.2379951664107638,0.1244091294927885,0.05211776025188039,31.90173,31.90173,0,202650,27826.57188551692,19185.23738317802,48229.72047314129,25211.51009171359,10561.66411504356,-119.0933547566484,-119.0933547566484,0,-39.30080706969399,-39.30080706969399,-40.49174061726047,-107.6057612822328,-120.3572823452529,-129.0163245869945,0,0,0,0,0,0,320,1,1,1,1,1,1,1,1,1,1,1,1,1,1,1,0.33,0.33,0.34,0.33,0.33,0.34,0,0,0,1,0.331450990275449,0.4765500178203502,0.1919989919042008,0.331450990275449,0.4765500178203502,0.1919989919042008,-0,-0,-0,1,0,-5.551115123125783e-17,31.346262,-39226.1121502141,202650,-119.0933547566484,320,0.33,0.33,0.34,0.33,0.33,0.34,0,0,0,-5.551115123125783e-17,31.346262,-39226.1121502141,202650,-119.0933547566484,320,0.33,0.33,0.34,0.33,0.33,0.34,0,0,0,-5.551115123125783e-17
0.772,94.11021079333733,94.11021079333733,0,31.05636956180132,31.05636956180132,31.99747166973469,85.82895410552248,121.5034017755449,75.56039221348554,46.09264127934038,68.6879274399803,33.73838646413164,0,0,0,31.346262,31.346262,0,10.34426646,10.34426646,10.65772908,10.34426646,10.34426646,10.65772908,0,0,0,999.9999868332601,999.9999868332601,0,331.45098591132,476.55001154574,191.9989893762,331.45098591132,476.55001154574,191.9989893762,0,0,0,-39226.1121502141,-39226.1121502141,0,-12944.61700957065,-12944.61700957065,-13336.87813107279,-35574.61662797526,-39671.78119609821,-42337.64961255837,990.4619246841606,1463.649193298381,735.9144097405178,0,0,0,0.2379951664107638,0.1244091294927885,0.05211776025188039,31.90173,31.90173,0,202650,27826.57188551692,19185.23738317802,48229.72047314129,25211.51009171359,10561.66411504356,-119.0933547566484,-119.0933547566484,0,-39.30080706969399,-39.30080706969399,-40.49174061726047,-107.6057612822328,-120.3572823452529,-129.0163245869945,0,0,0,0,0,0,320,1,1,1,1,1,1,1,1,1,1,1,1,1,1,1,0.33,0.33,0.34,0.33,0.33,0.34,0,0,0,1,0.331450990275449,0.4765500178203502,0.1919989919042008,0.331450990275449,0.4765500178203502,0.1919989919042008,-0,-0,-0,1,0,-5.551115123125783e-17,31.346262,-39226.1121502141,202650,-119.0933547566484,320,0.33,0.33,0.34,0.33,0.33,0.34,0,0,0,-5.551115123125783e-17,31.346262,-39226.1121502141,202650,-119.0933547566484,320,0.33,0.33,0.34,0.33,0.33,0.34,0,0,0,-5.551115123125783e-17
0.774,94.11021079333733,94.11021079333733,0,31.05636956180132,31.05636956180132,31.99747166973469,85.82895410552248,121.5034017755449,75.56039221348554,46.09264127934038,68.6879274399803,33.73838646413164,0,0,0,31.346262,31.346262,0,10.34426646,10.34426646,10.65772908,10.34426646,10.34426646,10.65772908,0,0,0,999.9999868332601,999.9999868332601,0,331.45098591132,476.55001154574,191.9989893762,331.45098591132,476.55001154574,191.9989893762,0,0,0,-39226.1121502141,-39226.1121502141,0,-12944.61700957065,-12944.61700957065,-13336.87813107279,-35574.61662797526,-39671.78119609821,-42337.64961255837,990.4619246841606,1463.649193298381,735.9144097405178,0,0,0,0.2379951664107638,0.1244091294927885,0.05211776025188039,31.90173,31.90173,0,202650,27826.57188551692,19185.23738317802,48229.72047314129,25211.51009171359,10561.66411504356,-119.0933547566484,-119.0933547566484,0,-39.30080706969399,-39.30080706969399,-40.49174061726047,-107.6057612822328,-120.3572823452529,-129.0163245869945,0,0,0,0,0,0,320,1,1,1,1,1,1,1,1,1,1,1,1,1,1,1,0.33,0.33,0.34,0.33,0.33,0.34,0,0,0,1,0.331450990275449,0.4765500178203502,0.1919989919042008,0.331450990275449,0.4765500178203502,0.1919989919042008,-0,-0,-0,1,0,-5.551115123125783e-17,31.346262,-39226.1121502141,202650,-119.0933547566484,320,0.33,0.33,0.34,0.33,0.33,0.34,0,0,0,-5.551115123125783e-17,31.346262,-39226.1121502141,202650,-119.0933547566484,320,0.33,0.33,0.34,0.33,0.33,0.34,0,0,0,-5.551115123125783e-17
0.776,94.11021079333733,94.11021079333733,0,31.05636956180132,31.05636956180132,31.99747166973469,85.82895410552248,121.5034017755449,75.56039221348554,46.09264127934038,68.6879274399803,33.73838646413164,0,0,0,31.346262,31.346262,0,10.34426646,10.34426646,10.65772908,10.34426646,10.34426646,10.65772908,0,0,0,999.9999868332601,999.9999868332601,0,331.45098591132,476.55001154574,191.9989893762,331.45098591132,476.55001154574,191.9989893762,0,0,0,-39226.1121502141,-39226.1121502141,0,-12944.61700957065,-12944.61700957065,-13336.87813107279,-35574.61662797526,-39671.78119609821,-42337.64961255837,990.4619246841606,1463.649193298381,735.9144097405178,0,0,0,0.2379951664107638,0.1244091294927885,0.05211776025188039,31.90173,31.90173,0,202650,27826.57188551692,19185.23738317802,48229.72047314129,25211.51009171359,10561.66411504356,-119.0933547566484,-119.0933547566484,0,-39.30080706969399,-39.30080706969399,-40.49174061726047,-107.6057612822328,-120.3572823452529,-129.0163245869945,0,0,0,0,0,0,320,1,1,1,1,1,1,1,1,1,1,1,1,1,1,1,0.33,0.33,0.34,0.33,0.33,0.34,0,0,0,1,0.331450990275449,0.4765500178203502,0.1919989919042008,0.331450990275449,0.4765500178203502,0.1919989919042008,-0,-0,-0,1,0,-5.551115123125783e-17,31.346262,-39226.1121502141,202650,-119.0933547566484,320,0.33,0.33,0.34,0.33,0.33,0.34,0,0,0,-5.551115123125783e-17,31.346262,-39226.1121502141,202650,-119.0933547566484,320,0.33,0.33,0.34,0.33,0.33,0.34,0,0,0,-5.551115123125783e-17
0.778,94.11021079333733,94.11021079333733,0,31.05636956180132,31.05636956180132,31.99747166973469,85.82895410552248,121.5034017755449,75.56039221348554,46.09264127934038,68.6879274399803,33.73838646413164,0,0,0,31.346262,31.346262,0,10.34426646,10.34426646,10.65772908,10.34426646,10.34426646,10.65772908,0,0,0,999.9999868332601,999.9999868332601,0,331.45098591132,476.55001154574,191.9989893762,331.45098591132,476.55001154574,191.9989893762,0,0,0,-39226.1121502141,-39226.1121502141,0,-12944.61700957065,-12944.61700957065,-13336.87813107279,-35574.61662797526,-39671.78119609821,-42337.64961255837,990.4619246841606,1463.649193298381,735.9144097405178,0,0,0,0.2379951664107638,0.1244091294927885,0.05211776025188039,31.90173,31.90173,0,202650,27826.57188551692,19185.23738317802,48229.72047314129,25211.51009171359,10561.66411504356,-119.0933547566484,-119.0933547566484,0,-39.30080706969399,-39.30080706969399,-40.49174061726047,-107.6057612822328,-120.3572823452529,-129.0163245869945,0,0,0,0,0,0,320,1,1,1,1,1,1,1,1,1,1,1,1,1,1,1,0.33,0.33,0.34,0.33,0.33,0.34,0,0,0,1,0.331450990275449,0.4765500178203502,0.1919989919042008,0.331450990275449,0.4765500178203502,0.1919989919042008,-0,-0,-0,1,0,-5.551115123125783e-17,31.346262,-39226.1121502141,202650,-119.0933547566484,320,0.33,0.33,0.34,0.33,0.33,0.34,0,0,0,-5.551115123125783e-17,31.346262,-39226.1121502141,202650,-119.0933547566484,320,0.33,0.33,0.34,0.33,0.33,0.34,0,0,0,-5.551115123125783e-17
0.78,94.11021079333733,94.11021079333733,0,31.05636956180132,31.05636956180132,31.99747166973469,85.82895410552248,121.5034017755449,75.56039221348554,46.09264127934038,68.6879274399803,33.73838646413164,0,0,0,31.346262,31.346262,0,10.34426646,10.34426646,10.65772908,10.34426646,10.34426646,10.65772908,0,0,0,999.9999868332601,999.9999868332601,0,331.45098591132,476.55001154574,191.9989893762,331.45098591132,476.55001154574,191.9989893762,0,0,0,-39226.1121502141,-39226.1121502141,0,-12944.61700957065,-12944.61700957065,-13336.87813107279,-35574.61662797526,-39671.78119609821,-42337.64961255837,990.4619246841606,1463.649193298381,735.9144097405178,0,0,0,0.2379951664107638,0.1244091294927885,0.05211776025188039,31.90173,31.90173,0,202650,27826.57188551692,19185.23738317802,48229.72047314129,25211.51009171359,10561.66411504356,-119.0933547566484,-119.0933547566484,0,-39.30080706969399,-39.30080706969399,-40.49174061726047,-107.6057612822328,-120.3572823452529,-129.0163245869945,0,0,0,0,0,0,320,1,1,1,1,1,1,1,1,1,1,1,1,1,1,1,0.33,0.33,0.34,0.33,0.33,0.34,0,0,0,1,0.331450990275449,0.4765500178203502,0.1919989919042008,0.331450990275449,0.4765500178203502,0.1919989919042008,-0,-0,-0,1,0,-5.551115123125783e-17,31.346262,-39226.1121502141,202650,-119.0933547566484,320,0.33,0.33,0.34,0.33,0.33,0.34,0,0,0,-5.551115123125783e-17,31.346262,-39226.1121502141,202650,-119.0933547566484,320,0.33,0.33,0.34,0.33,0.33,0.34,0,0,0,-5.551115123125783e-17
0.782,94.11021079333733,94.11021079333733,0,31.05636956180132,31.05636956180132,31.99747166973469,85.82895410552248,121.5034017755449,75.56039221348554,46.09264127934038,68.6879274399803,33.73838646413164,0,0,0,31.346262,31.346262,0,10.34426646,10.34426646,10.65772908,10.34426646,10.34426646,10.65772908,0,0,0,999.9999868332601,999.9999868332601,0,331.45098591132,476.55001154574,191.9989893762,331.45098591132,476.55001154574,191.9989893762,0,0,0,-39226.1121502141,-39226.1121502141,0,-12944.61700957065,-12944.61700957065,-13336.87813107279,-35574.61662797526,-39671.78119609821,-42337.64961255837,990.4619246841606,1463.649193298381,735.9144097405178,0,0,0,0.2379951664107638,0.1244091294927885,0.05211776025188039,31.90173,31.90173,0,202650,27826.57188551692,19185.23738317802,48229.72047314129,25211.51009171359,10561.66411504356,-119.0933547566484,-119.0933547566484,0,-39.30080706969399,-39.30080706969399,-40.49174061726047,-107.6057612822328,-120.3572823452529,-129.0163245869945,0,0,0,0,0,0,320,1,1,1,1,1,1,1,1,1,1,1,1,1,1,1,0.33,0.33,0.34,0.33,0.33,0.34,0,0,0,1,0.331450990275449,0.4765500178203502,0.1919989919042008,0.331450990275449,0.4765500178203502,0.1919989919042008,-0,-0,-0,1,0,-5.551115123125783e-17,31.346262,-39226.1121502141,202650,-119.0933547566484,320,0.33,0.33,0.34,0.33,0.33,0.34,0,0,0,-5.551115123125783e-17,31.346262,-39226.1121502141,202650,-119.0933547566484,320,0.33,0.33,0.34,0.33,0.33,0.34,0,0,0,-5.551115123125783e-17
0.784,94.11021079333733,94.11021079333733,0,31.05636956180132,31.05636956180132,31.99747166973469,85.82895410552248,121.5034017755449,75.56039221348554,46.09264127934038,68.6879274399803,33.73838646413164,0,0,0,31.346262,31.346262,0,10.34426646,10.34426646,10.65772908,10.34426646,10.34426646,10.65772908,0,0,0,999.9999868332601,999.9999868332601,0,331.45098591132,476.55001154574,191.9989893762,331.45098591132,476.55001154574,191.9989893762,0,0,0,-39226.1121502141,-39226.1121502141,0,-12944.61700957065,-12944.61700957065,-13336.87813107279,-35574.61662797526,-39671.78119609821,-42337.64961255837,990.4619246841606,1463.649193298381,735.9144097405178,0,0,0,0.2379951664107638,0.1244091294927885,0.05211776025188039,31.90173,31.90173,0,202650,27826.57188551692,19185.23738317802,48229.72047314129,25211.51009171359,10561.66411504356,-119.0933547566484,-119.0933547566484,0,-39.30080706969399,-39.30080706969399,-40.49174061726047,-107.6057612822328,-120.3572823452529,-129.0163245869945,0,0,0,0,0,0,320,1,1,1,1,1,1,1,1,1,1,1,1,1,1,1,0.33,0.33,0.34,0.33,0.33,0.34,0,0,0,1,0.331450990275449,0.4765500178203502,0.1919989919042008,0.331450990275449,0.4765500178203502,0.1919989919042008,-0,-0,-0,1,0,-5.551115123125783e-17,31.346262,-39226.1121502141,202650,-119.0933547566484,320,0.33,0.33,0.34,0.33,0.33,0.34,0,0,0,-5.551115123125783e-17,31.346262,-39226.1121502141,202650,-119.0933547566484,320,0.33,0.33,0.34,0.33,0.33,0.34,0,0,0,-5.551115123125783e-17
0.786,94.11021079333733,94.11021079333733,0,31.05636956180132,31.05636956180132,31.99747166973469,85.82895410552248,121.5034017755449,75.56039221348554,46.09264127934038,68.6879274399803,33.73838646413164,0,0,0,31.346262,31.346262,0,10.34426646,10.34426646,10.65772908,10.34426646,10.34426646,10.65772908,0,0,0,999.9999868332601,999.9999868332601,0,331.45098591132,476.55001154574,191.9989893762,331.45098591132,476.55001154574,191.9989893762,0,0,0,-39226.1121502141,-39226.1121502141,0,-12944.61700957065,-12944.61700957065,-13336.87813107279,-35574.61662797526,-39671.78119609821,-42337.64961255837,990.4619246841606,1463.649193298381,735.9144097405178,0,0,0,0.2379951664107638,0.1244091294927885,0.05211776025188039,31.90173,31.90173,0,202650,27826.57188551692,19185.23738317802,48229.72047314129,25211.51009171359,10561.66411504356,-119.0933547566484,-119.0933547566484,0,-39.30080706969399,-39.30080706969399,-40.49174061726047,-107.6057612822328,-120.3572823452529,-129.0163245869945,0,0,0,0,0,0,320,1,1,1,1,1,1,1,1,1,1,1,1,1,1,1,0.33,0.33,0.34,0.33,0.33,0.34,0,0,0,1,0.331450990275449,0.4765500178203502,0.1919989919042008,0.331450990275449,0.4765500178203502,0.1919989919042008,-0,-0,-0,1,0,-5.551115123125783e-17,31.346262,-39226.1121502141,202650,-119.0933547566484,320,0.33,0.33,0.34,0.33,0.33,0.34,0,0,0,-5.551115123125783e-17,31.346262,-39226.1121502141,202650,-119.0933547566484,320,0.33,0.33,0.34,0.33,0.33,0.34,0,0,0,-5.551115123125783e-17
0.788,94.11021079333733,94.11021079333733,0,31.05636956180132,31.05636956180132,31.99747166973469,85.82895410552248,121.5034017755449,75.56039221348554,46.09264127934038,68.6879274399803,33.73838646413164,0,0,0,31.346262,31.346262,0,10.34426646,10.34426646,10.65772908,10.34426646,10.34426646,10.65772908,0,0,0,999.9999868332601,999.9999868332601,0,331.45098591132,476.55001154574,191.9989893762,331.45098591132,476.55001154574,191.9989893762,0,0,0,-39226.1121502141,-39226.1121502141,0,-12944.61700957065,-12944.61700957065,-13336.87813107279,-35574.61662797526,-39671.78119609821,-42337.64961255837,990.4619246841606,1463.649193298381,735.9144097405178,0,0,0,0.2379951664107638,0.1244091294927885,0.05211776025188039,31.90173,31.90173,0,202650,27826.57188551692,19185.23738317802,48229.72047314129,25211.51009171359,10561.66411504356,-119.0933547566484,-119.0933547566484,0,-39.30080706969399,-39.30080706969399,-40.49174061726047,-107.6057612822328,-120.3572823452529,-129.0163245869945,0,0,0,0,0,0,320,1,1,1,1,1,1,1,1,1,1,1,1,1,1,1,0.33,0.33,0.34,0.33,0.33,0.34,0,0,0,1,0.331450990275449,0.4765500178203502,0.1919989919042008,0.331450990275449,0.4765500178203502,0.1919989919042008,-0,-0,-0,1,0,-5.551115123125783e-17,31.346262,-39226.1121502141,202650,-119.0933547566484,320,0.33,0.33,0.34,0.33,0.33,0.34,0,0,0,-5.551115123125783e-17,31.346262,-39226.1121502141,202650,-119.0933547566484,320,0.33,0.33,0.34,0.33,0.33,0.34,0,0,0,-5.551115123125783e-17
0.79,94.11021079333733,94.11021079333733,0,31.05636956180132,31.05636956180132,31.99747166973469,85.82895410552248,121.5034017755449,75.56039221348554,46.09264127934038,68.6879274399803,33.73838646413164,0,0,0,31.346262,31.346262,0,10.34426646,10.34426646,10.65772908,10.34426646,10.34426646,10.65772908,0,0,0,999.9999868332601,999.9999868332601,0,331.45098591132,476.55001154574,191.9989893762,331.45098591132,476.55001154574,191.9989893762,0,0,0,-39226.1121502141,-39226.1121502141,0,-12944.61700957065,-12944.61700957065,-13336.87813107279,-35574.61662797526,-39671.78119609821,-42337.64961255837,990.4619246841606,1463.649193298381,735.9144097405178,0,0,0,0.2379951664107638,0.1244091294927885,0.05211776025188039,31.90173,31.90173,0,202650,27826.57188551692,19185.23738317802,48229.72047314129,25211.51009171359,10561.66411504356,-119.0933547566484,-119.0933547566484,0,-39.30080706969399,-39.30080706969399,-40.49174061726047,-107.6057612822328,-120.3572823452529,-129.0163245869945,0,0,0,0,0,0,320,1,1,1,1,1,1,1,1,1,1,1,1,1,1,1,0.33,0.33,0.34,0.33,0.33,0.34,0,0,0,1,0.331450990275449,0.4765500178203502,0.1919989919042008,0.331450990275449,0.4765500178203502,0.1919989919042008,-0,-0,-0,1,0,-5.551115123125783e-17,31.346262,-39226.1121502141,202650,-119.0933547566484,320,0.33,0.33,0.34,0.33,0.33,0.34,0,0,0,-5.551115123125783e-17,31.346262,-39226.1121502141,202650,-119.0933547566484,320,0.33,0.33,0.34,0.33,0.33,0.34,0,0,0,-5.551115123125783e-17
0.792,94.11021079333733,94.11021079333733,0,31.05636956180132,31.05636956180132,31.99747166973469,85.82895410552248,121.5034017755449,75.56039221348554,46.09264127934038,68.6879274399803,33.73838646413164,0,0,0,31.346262,31.346262,0,10.34426646,10.34426646,10.65772908,10.34426646,10.34426646,10.65772908,0,0,0,999.9999868332601,999.9999868332601,0,331.45098591132,476.55001154574,191.9989893762,331.45098591132,476.55001154574,191.9989893762,0,0,0,-39226.1121502141,-39226.1121502141,0,-12944.61700957065,-12944.61700957065,-13336.87813107279,-35574.61662797526,-39671.78119609821,-42337.64961255837,990.4619246841606,1463.649193298381,735.9144097405178,0,0,0,0.2379951664107638,0.1244091294927885,0.05211776025188039,31.90173,31.90173,0,202650,27826.57188551692,19185.23738317802,48229.72047314129,25211.51009171359,10561.66411504356,-119.0933547566484,-119.0933547566484,0,-39.30080706969399,-39.30080706969399,-40.49174061726047,-107.6057612822328,-120.3572823452529,-129.0163245869945,0,0,0,0,0,0,320,1,1,1,1,1,1,1,1,1,1,1,1,1,1,1,0.33,0.33,0.34,0.33,0.33,0.34,0,0,0,1,0.331450990275449,0.4765500178203502,0.1919989919042008,0.331450990275449,0.4765500178203502,0.1919989919042008,-0,-0,-0,1,0,-5.551115123125783e-17,31.346262,-39226.1121502141,202650,-119.0933547566484,320,0.33,0.33,0.34,0.33,0.33,0.34,0,0,0,-5.551115123125783e-17,31.346262,-39226.1121502141,202650,-119.0933547566484,320,0.33,0.33,0.34,0.33,0.33,0.34,0,0,0,-5.551115123125783e-17
0.794,94.11021079333733,94.11021079333733,0,31.05636956180132,31.05636956180132,31.99747166973469,85.82895410552248,121.5034017755449,75.56039221348554,46.09264127934038,68.6879274399803,33.73838646413164,0,0,0,31.346262,31.346262,0,10.34426646,10.34426646,10.65772908,10.34426646,10.34426646,10.65772908,0,0,0,999.9999868332601,999.9999868332601,0,331.45098591132,476.55001154574,191.9989893762,331.45098591132,476.55001154574,191.9989893762,0,0,0,-39226.1121502141,-39226.1121502141,0,-12944.61700957065,-12944.61700957065,-13336.87813107279,-35574.61662797526,-39671.78119609821,-42337.64961255837,990.4619246841606,1463.649193298381,735.9144097405178,0,0,0,0.2379951664107638,0.1244091294927885,0.05211776025188039,31.90173,31.90173,0,202650,27826.57188551692,19185.23738317802,48229.72047314129,25211.51009171359,10561.66411504356,-119.0933547566484,-119.0933547566484,0,-39.30080706969399,-39.30080706969399,-40.49174061726047,-107.6057612822328,-120.3572823452529,-129.0163245869945,0,0,0,0,0,0,320,1,1,1,1,1,1,1,1,1,1,1,1,1,1,1,0.33,0.33,0.34,0.33,0.33,0.34,0,0,0,1,0.331450990275449,0.4765500178203502,0.1919989919042008,0.331450990275449,0.4765500178203502,0.1919989919042008,-0,-0,-0,1,0,-5.551115123125783e-17,31.346262,-39226.1121502141,202650,-119.0933547566484,320,0.33,0.33,0.34,0.33,0.33,0.34,0,0,0,-5.551115123125783e-17,31.346262,-39226.1121502141,202650,-119.0933547566484,320,0.33,0.33,0.34,0.33,0.33,0.34,0,0,0,-5.551115123125783e-17
0.796,94.11021079333733,94.11021079333733,0,31.05636956180132,31.05636956180132,31.99747166973469,85.82895410552248,121.5034017755449,75.56039221348554,46.09264127934038,68.6879274399803,33.73838646413164,0,0,0,31.346262,31.346262,0,10.34426646,10.34426646,10.65772908,10.34426646,10.34426646,10.65772908,0,0,0,999.9999868332601,999.9999868332601,0,331.45098591132,476.55001154574,191.9989893762,331.45098591132,476.55001154574,191.9989893762,0,0,0,-39226.1121502141,-39226.1121502141,0,-12944.61700957065,-12944.61700957065,-13336.87813107279,-35574.61662797526,-39671.78119609821,-42337.64961255837,990.4619246841606,1463.649193298381,735.9144097405178,0,0,0,0.2379951664107638,0.1244091294927885,0.05211776025188039,31.90173,31.90173,0,202650,27826.57188551692,19185.23738317802,48229.72047314129,25211.51009171359,10561.66411504356,-119.0933547566484,-119.0933547566484,0,-39.30080706969399,-39.30080706969399,-40.49174061726047,-107.6057612822328,-120.3572823452529,-129.0163245869945,0,0,0,0,0,0,320,1,1,1,1,1,1,1,1,1,1,1,1,1,1,1,0.33,0.33,0.34,0.33,0.33,0.34,0,0,0,1,0.331450990275449,0.4765500178203502,0.1919989919042008,0.331450990275449,0.4765500178203502,0.1919989919042008,-0,-0,-0,1,0,-5.551115123125783e-17,31.346262,-39226.1121502141,202650,-119.0933547566484,320,0.33,0.33,0.34,0.33,0.33,0.34,0,0,0,-5.551115123125783e-17,31.346262,-39226.1121502141,202650,-119.0933547566484,320,0.33,0.33,0.34,0.33,0.33,0.34,0,0,0,-5.551115123125783e-17
0.798,94.11021079333733,94.11021079333733,0,31.05636956180132,31.05636956180132,31.99747166973469,85.82895410552248,121.5034017755449,75.56039221348554,46.09264127934038,68.6879274399803,33.73838646413164,0,0,0,31.346262,31.346262,0,10.34426646,10.34426646,10.65772908,10.34426646,10.34426646,10.65772908,0,0,0,999.9999868332601,999.9999868332601,0,331.45098591132,476.55001154574,191.9989893762,331.45098591132,476.55001154574,191.9989893762,0,0,0,-39226.1121502141,-39226.1121502141,0,-12944.61700957065,-12944.61700957065,-13336.87813107279,-35574.61662797526,-39671.78119609821,-42337.64961255837,990.4619246841606,1463.649193298381,735.9144097405178,0,0,0,0.2379951664107638,0.1244091294927885,0.05211776025188039,31.90173,31.90173,0,202650,27826.57188551692,19185.23738317802,48229.72047314129,25211.51009171359,10561.66411504356,-119.0933547566484,-119.0933547566484,0,-39.30080706969399,-39.30080706969399,-40.49174061726047,-107.6057612822328,-120.3572823452529,-129.0163245869945,0,0,0,0,0,0,320,1,1,1,1,1,1,1,1,1,1,1,1,1,1,1,0.33,0.33,0.34,0.33,0.33,0.34,0,0,0,1,0.331450990275449,0.4765500178203502,0.1919989919042008,0.331450990275449,0.4765500178203502,0.1919989919042008,-0,-0,-0,1,0,-5.551115123125783e-17,31.346262,-39226.1121502141,202650,-119.0933547566484,320,0.33,0.33,0.34,0.33,0.33,0.34,0,0,0,-5.551115123125783e-17,31.346262,-39226.1121502141,202650,-119.0933547566484,320,0.33,0.33,0.34,0.33,0.33,0.34,0,0,0,-5.551115123125783e-17
0.8,94.11021079333733,94.11021079333733,0,31.05636956180132,31.05636956180132,31.99747166973469,85.82895410552248,121.5034017755449,75.56039221348554,46.09264127934038,68.6879274399803,33.73838646413164,0,0,0,31.346262,31.346262,0,10.34426646,10.34426646,10.65772908,10.34426646,10.34426646,10.65772908,0,0,0,999.9999868332601,999.9999868332601,0,331.45098591132,476.55001154574,191.9989893762,331.45098591132,476.55001154574,191.9989893762,0,0,0,-39226.1121502141,-39226.1121502141,0,-12944.61700957065,-12944.61700957065,-13336.87813107279,-35574.61662797526,-39671.78119609821,-42337.64961255837,990.4619246841606,1463.649193298381,735.9144097405178,0,0,0,0.2379951664107638,0.1244091294927885,0.05211776025188039,31.90173,31.90173,0,202650,27826.57188551692,19185.23738317802,48229.72047314129,25211.51009171359,10561.66411504356,-119.0933547566484,-119.0933547566484,0,-39.30080706969399,-39.30080706969399,-40.49174061726047,-107.6057612822328,-120.3572823452529,-129.0163245869945,0,0,0,0,0,0,320,1,1,1,1,1,1,1,1,1,1,1,1,1,1,1,0.33,0.33,0.34,0.33,0.33,0.34,0,0,0,1,0.331450990275449,0.4765500178203502,0.1919989919042008,0.331450990275449,0.4765500178203502,0.1919989919042008,-0,-0,-0,1,0,-5.551115123125783e-17,31.346262,-39226.1121502141,202650,-119.0933547566484,320,0.33,0.33,0.34,0.33,0.33,0.34,0,0,0,-5.551115123125783e-17,31.346262,-39226.1121502141,202650,-119.0933547566484,320,0.33,0.33,0.34,0.33,0.33,0.34,0,0,0,-5.551115123125783e-17
0.802,94.11021079333733,94.11021079333733,0,31.05636956180132,31.05636956180132,31.99747166973469,85.82895410552248,121.5034017755449,75.56039221348554,46.09264127934038,68.6879274399803,33.73838646413164,0,0,0,31.346262,31.346262,0,10.34426646,10.34426646,10.65772908,10.34426646,10.34426646,10.65772908,0,0,0,999.9999868332601,999.9999868332601,0,331.45098591132,476.55001154574,191.9989893762,331.45098591132,476.55001154574,191.9989893762,0,0,0,-39226.1121502141,-39226.1121502141,0,-12944.61700957065,-12944.61700957065,-13336.87813107279,-35574.61662797526,-39671.78119609821,-42337.64961255837,990.4619246841606,1463.649193298381,735.9144097405178,0,0,0,0.2379951664107638,0.1244091294927885,0.05211776025188039,31.90173,31.90173,0,202650,27826.57188551692,19185.23738317802,48229.72047314129,25211.51009171359,10561.66411504356,-119.0933547566484,-119.0933547566484,0,-39.30080706969399,-39.30080706969399,-40.49174061726047,-107.6057612822328,-120.3572823452529,-129.0163245869945,0,0,0,0,0,0,320,1,1,1,1,1,1,1,1,1,1,1,1,1,1,1,0.33,0.33,0.34,0.33,0.33,0.34,0,0,0,1,0.331450990275449,0.4765500178203502,0.1919989919042008,0.331450990275449,0.4765500178203502,0.1919989919042008,-0,-0,-0,1,0,-5.551115123125783e-17,31.346262,-39226.1121502141,202650,-119.0933547566484,320,0.33,0.33,0.34,0.33,0.33,0.34,0,0,0,-5.551115123125783e-17,31.346262,-39226.1121502141,202650,-119.0933547566484,320,0.33,0.33,0.34,0.33,0.33,0.34,0,0,0,-5.551115123125783e-17
0.804,94.11021079333733,94.11021079333733,0,31.05636956180132,31.05636956180132,31.99747166973469,85.82895410552248,121.5034017755449,75.56039221348554,46.09264127934038,68.6879274399803,33.73838646413164,0,0,0,31.346262,31.346262,0,10.34426646,10.34426646,10.65772908,10.34426646,10.34426646,10.65772908,0,0,0,999.9999868332601,999.9999868332601,0,331.45098591132,476.55001154574,191.9989893762,331.45098591132,476.55001154574,191.9989893762,0,0,0,-39226.1121502141,-39226.1121502141,0,-12944.61700957065,-12944.61700957065,-13336.87813107279,-35574.61662797526,-39671.78119609821,-42337.64961255837,990.4619246841606,1463.649193298381,735.9144097405178,0,0,0,0.2379951664107638,0.1244091294927885,0.05211776025188039,31.90173,31.90173,0,202650,27826.57188551692,19185.23738317802,48229.72047314129,25211.51009171359,10561.66411504356,-119.0933547566484,-119.0933547566484,0,-39.30080706969399,-39.30080706969399,-40.49174061726047,-107.6057612822328,-120.3572823452529,-129.0163245869945,0,0,0,0,0,0,320,1,1,1,1,1,1,1,1,1,1,1,1,1,1,1,0.33,0.33,0.34,0.33,0.33,0.34,0,0,0,1,0.331450990275449,0.4765500178203502,0.1919989919042008,0.331450990275449,0.4765500178203502,0.1919989919042008,-0,-0,-0,1,0,-5.551115123125783e-17,31.346262,-39226.1121502141,202650,-119.0933547566484,320,0.33,0.33,0.34,0.33,0.33,0.34,0,0,0,-5.551115123125783e-17,31.346262,-39226.1121502141,202650,-119.0933547566484,320,0.33,0.33,0.34,0.33,0.33,0.34,0,0,0,-5.551115123125783e-17
0.806,94.11021079333733,94.11021079333733,0,31.05636956180132,31.05636956180132,31.99747166973469,85.82895410552248,121.5034017755449,75.56039221348554,46.09264127934038,68.6879274399803,33.73838646413164,0,0,0,31.346262,31.346262,0,10.34426646,10.34426646,10.65772908,10.34426646,10.34426646,10.65772908,0,0,0,999.9999868332601,999.9999868332601,0,331.45098591132,476.55001154574,191.9989893762,331.45098591132,476.55001154574,191.9989893762,0,0,0,-39226.1121502141,-39226.1121502141,0,-12944.61700957065,-12944.61700957065,-13336.87813107279,-35574.61662797526,-39671.78119609821,-42337.64961255837,990.4619246841606,1463.649193298381,735.9144097405178,0,0,0,0.2379951664107638,0.1244091294927885,0.05211776025188039,31.90173,31.90173,0,202650,27826.57188551692,19185.23738317802,48229.72047314129,25211.51009171359,10561.66411504356,-119.0933547566484,-119.0933547566484,0,-39.30080706969399,-39.30080706969399,-40.49174061726047,-107.6057612822328,-120.3572823452529,-129.0163245869945,0,0,0,0,0,0,320,1,1,1,1,1,1,1,1,1,1,1,1,1,1,1,0.33,0.33,0.34,0.33,0.33,0.34,0,0,0,1,0.331450990275449,0.4765500178203502,0.1919989919042008,0.331450990275449,0.4765500178203502,0.1919989919042008,-0,-0,-0,1,0,-5.551115123125783e-17,31.346262,-39226.1121502141,202650,-119.0933547566484,320,0.33,0.33,0.34,0.33,0.33,0.34,0,0,0,-5.551115123125783e-17,31.346262,-39226.1121502141,202650,-119.0933547566484,320,0.33,0.33,0.34,0.33,0.33,0.34,0,0,0,-5.551115123125783e-17
0.8080000000000001,94.11021079333733,94.11021079333733,0,31.05636956180132,31.05636956180132,31.99747166973469,85.82895410552248,121.5034017755449,75.56039221348554,46.09264127934038,68.6879274399803,33.73838646413164,0,0,0,31.346262,31.346262,0,10.34426646,10.34426646,10.65772908,10.34426646,10.34426646,10.65772908,0,0,0,999.9999868332601,999.9999868332601,0,331.45098591132,476.55001154574,191.9989893762,331.45098591132,476.55001154574,191.9989893762,0,0,0,-39226.1121502141,-39226.1121502141,0,-12944.61700957065,-12944.61700957065,-13336.87813107279,-35574.61662797526,-39671.78119609821,-42337.64961255837,990.4619246841606,1463.649193298381,735.9144097405178,0,0,0,0.2379951664107638,0.1244091294927885,0.05211776025188039,31.90173,31.90173,0,202650,27826.57188551692,19185.23738317802,48229.72047314129,25211.51009171359,10561.66411504356,-119.0933547566484,-119.0933547566484,0,-39.30080706969399,-39.30080706969399,-40.49174061726047,-107.6057612822328,-120.3572823452529,-129.0163245869945,0,0,0,0,0,0,320,1,1,1,1,1,1,1,1,1,1,1,1,1,1,1,0.33,0.33,0.34,0.33,0.33,0.34,0,0,0,1,0.331450990275449,0.4765500178203502,0.1919989919042008,0.331450990275449,0.4765500178203502,0.1919989919042008,-0,-0,-0,1,0,-5.551115123125783e-17,31.346262,-39226.1121502141,202650,-119.0933547566484,320,0.33,0.33,0.34,0.33,0.33,0.34,0,0,0,-5.551115123125783e-17,31.346262,-39226.1121502141,202650,-119.0933547566484,320,0.33,0.33,0.34,0.33,0.33,0.34,0,0,0,-5.551115123125783e-17
0.8100000000000001,94.11021079333733,94.11021079333733,0,31.05636956180132,31.05636956180132,31.99747166973469,85.82895410552248,121.5034017755449,75.56039221348554,46.09264127934038,68.6879274399803,33.73838646413164,0,0,0,31.346262,31.346262,0,10.34426646,10.34426646,10.65772908,10.34426646,10.34426646,10.65772908,0,0,0,999.9999868332601,999.9999868332601,0,331.45098591132,476.55001154574,191.9989893762,331.45098591132,476.55001154574,191.9989893762,0,0,0,-39226.1121502141,-39226.1121502141,0,-12944.61700957065,-12944.61700957065,-13336.87813107279,-35574.61662797526,-39671.78119609821,-42337.64961255837,990.4619246841606,1463.649193298381,735.9144097405178,0,0,0,0.2379951664107638,0.1244091294927885,0.05211776025188039,31.90173,31.90173,0,202650,27826.57188551692,19185.23738317802,48229.72047314129,25211.51009171359,10561.66411504356,-119.0933547566484,-119.0933547566484,0,-39.30080706969399,-39.30080706969399,-40.49174061726047,-107.6057612822328,-120.3572823452529,-129.0163245869945,0,0,0,0,0,0,320,1,1,1,1,1,1,1,1,1,1,1,1,1,1,1,0.33,0.33,0.34,0.33,0.33,0.34,0,0,0,1,0.331450990275449,0.4765500178203502,0.1919989919042008,0.331450990275449,0.4765500178203502,0.1919989919042008,-0,-0,-0,1,0,-5.551115123125783e-17,31.346262,-39226.1121502141,202650,-119.0933547566484,320,0.33,0.33,0.34,0.33,0.33,0.34,0,0,0,-5.551115123125783e-17,31.346262,-39226.1121502141,202650,-119.0933547566484,320,0.33,0.33,0.34,0.33,0.33,0.34,0,0,0,-5.551115123125783e-17
0.8120000000000001,94.11021079333733,94.11021079333733,0,31.05636956180132,31.05636956180132,31.99747166973469,85.82895410552248,121.5034017755449,75.56039221348554,46.09264127934038,68.6879274399803,33.73838646413164,0,0,0,31.346262,31.346262,0,10.34426646,10.34426646,10.65772908,10.34426646,10.34426646,10.65772908,0,0,0,999.9999868332601,999.9999868332601,0,331.45098591132,476.55001154574,191.9989893762,331.45098591132,476.55001154574,191.9989893762,0,0,0,-39226.1121502141,-39226.1121502141,0,-12944.61700957065,-12944.61700957065,-13336.87813107279,-35574.61662797526,-39671.78119609821,-42337.64961255837,990.4619246841606,1463.649193298381,735.9144097405178,0,0,0,0.2379951664107638,0.1244091294927885,0.05211776025188039,31.90173,31.90173,0,202650,27826.57188551692,19185.23738317802,48229.72047314129,25211.51009171359,10561.66411504356,-119.0933547566484,-119.0933547566484,0,-39.30080706969399,-39.30080706969399,-40.49174061726047,-107.6057612822328,-120.3572823452529,-129.0163245869945,0,0,0,0,0,0,320,1,1,1,1,1,1,1,1,1,1,1,1,1,1,1,0.33,0.33,0.34,0.33,0.33,0.34,0,0,0,1,0.331450990275449,0.4765500178203502,0.1919989919042008,0.331450990275449,0.4765500178203502,0.1919989919042008,-0,-0,-0,1,0,-5.551115123125783e-17,31.346262,-39226.1121502141,202650,-119.0933547566484,320,0.33,0.33,0.34,0.33,0.33,0.34,0,0,0,-5.551115123125783e-17,31.346262,-39226.1121502141,202650,-119.0933547566484,320,0.33,0.33,0.34,0.33,0.33,0.34,0,0,0,-5.551115123125783e-17
0.8139999999999999,94.11021079333733,94.11021079333733,0,31.05636956180132,31.05636956180132,31.99747166973469,85.82895410552248,121.5034017755449,75.56039221348554,46.09264127934038,68.6879274399803,33.73838646413164,0,0,0,31.346262,31.346262,0,10.34426646,10.34426646,10.65772908,10.34426646,10.34426646,10.65772908,0,0,0,999.9999868332601,999.9999868332601,0,331.45098591132,476.55001154574,191.9989893762,331.45098591132,476.55001154574,191.9989893762,0,0,0,-39226.1121502141,-39226.1121502141,0,-12944.61700957065,-12944.61700957065,-13336.87813107279,-35574.61662797526,-39671.78119609821,-42337.64961255837,990.4619246841606,1463.649193298381,735.9144097405178,0,0,0,0.2379951664107638,0.1244091294927885,0.05211776025188039,31.90173,31.90173,0,202650,27826.57188551692,19185.23738317802,48229.72047314129,25211.51009171359,10561.66411504356,-119.0933547566484,-119.0933547566484,0,-39.30080706969399,-39.30080706969399,-40.49174061726047,-107.6057612822328,-120.3572823452529,-129.0163245869945,0,0,0,0,0,0,320,1,1,1,1,1,1,1,1,1,1,1,1,1,1,1,0.33,0.33,0.34,0.33,0.33,0.34,0,0,0,1,0.331450990275449,0.4765500178203502,0.1919989919042008,0.331450990275449,0.4765500178203502,0.1919989919042008,-0,-0,-0,1,0,-5.551115123125783e-17,31.346262,-39226.1121502141,202650,-119.0933547566484,320,0.33,0.33,0.34,0.33,0.33,0.34,0,0,0,-5.551115123125783e-17,31.346262,-39226.1121502141,202650,-119.0933547566484,320,0.33,0.33,0.34,0.33,0.33,0.34,0,0,0,-5.551115123125783e-17
0.8159999999999999,94.11021079333733,94.11021079333733,0,31.05636956180132,31.05636956180132,31.99747166973469,85.82895410552248,121.5034017755449,75.56039221348554,46.09264127934038,68.6879274399803,33.73838646413164,0,0,0,31.346262,31.346262,0,10.34426646,10.34426646,10.65772908,10.34426646,10.34426646,10.65772908,0,0,0,999.9999868332601,999.9999868332601,0,331.45098591132,476.55001154574,191.9989893762,331.45098591132,476.55001154574,191.9989893762,0,0,0,-39226.1121502141,-39226.1121502141,0,-12944.61700957065,-12944.61700957065,-13336.87813107279,-35574.61662797526,-39671.78119609821,-42337.64961255837,990.4619246841606,1463.649193298381,735.9144097405178,0,0,0,0.2379951664107638,0.1244091294927885,0.05211776025188039,31.90173,31.90173,0,202650,27826.57188551692,19185.23738317802,48229.72047314129,25211.51009171359,10561.66411504356,-119.0933547566484,-119.0933547566484,0,-39.30080706969399,-39.30080706969399,-40.49174061726047,-107.6057612822328,-120.3572823452529,-129.0163245869945,0,0,0,0,0,0,320,1,1,1,1,1,1,1,1,1,1,1,1,1,1,1,0.33,0.33,0.34,0.33,0.33,0.34,0,0,0,1,0.331450990275449,0.4765500178203502,0.1919989919042008,0.331450990275449,0.4765500178203502,0.1919989919042008,-0,-0,-0,1,0,-5.551115123125783e-17,31.346262,-39226.1121502141,202650,-119.0933547566484,320,0.33,0.33,0.34,0.33,0.33,0.34,0,0,0,-5.551115123125783e-17,31.346262,-39226.1121502141,202650,-119.0933547566484,320,0.33,0.33,0.34,0.33,0.33,0.34,0,0,0,-5.551115123125783e-17
0.8179999999999999,94.11021079333733,94.11021079333733,0,31.05636956180132,31.05636956180132,31.99747166973469,85.82895410552248,121.5034017755449,75.56039221348554,46.09264127934038,68.6879274399803,33.73838646413164,0,0,0,31.346262,31.346262,0,10.34426646,10.34426646,10.65772908,10.34426646,10.34426646,10.65772908,0,0,0,999.9999868332601,999.9999868332601,0,331.45098591132,476.55001154574,191.9989893762,331.45098591132,476.55001154574,191.9989893762,0,0,0,-39226.1121502141,-39226.1121502141,0,-12944.61700957065,-12944.61700957065,-13336.87813107279,-35574.61662797526,-39671.78119609821,-42337.64961255837,990.4619246841606,1463.649193298381,735.9144097405178,0,0,0,0.2379951664107638,0.1244091294927885,0.05211776025188039,31.90173,31.90173,0,202650,27826.57188551692,19185.23738317802,48229.72047314129,25211.51009171359,10561.66411504356,-119.0933547566484,-119.0933547566484,0,-39.30080706969399,-39.30080706969399,-40.49174061726047,-107.6057612822328,-120.3572823452529,-129.0163245869945,0,0,0,0,0,0,320,1,1,1,1,1,1,1,1,1,1,1,1,1,1,1,0.33,0.33,0.34,0.33,0.33,0.34,0,0,0,1,0.331450990275449,0.4765500178203502,0.1919989919042008,0.331450990275449,0.4765500178203502,0.1919989919042008,-0,-0,-0,1,0,-5.551115123125783e-17,31.346262,-39226.1121502141,202650,-119.0933547566484,320,0.33,0.33,0.34,0.33,0.33,0.34,0,0,0,-5.551115123125783e-17,31.346262,-39226.1121502141,202650,-119.0933547566484,320,0.33,0.33,0.34,0.33,0.33,0.34,0,0,0,-5.551115123125783e-17
0.82,94.11021079333733,94.11021079333733,0,31.05636956180132,31.05636956180132,31.99747166973469,85.82895410552248,121.5034017755449,75.56039221348554,46.09264127934038,68.6879274399803,33.73838646413164,0,0,0,31.346262,31.346262,0,10.34426646,10.34426646,10.65772908,10.34426646,10.34426646,10.65772908,0,0,0,999.9999868332601,999.9999868332601,0,331.45098591132,476.55001154574,191.9989893762,331.45098591132,476.55001154574,191.9989893762,0,0,0,-39226.1121502141,-39226.1121502141,0,-12944.61700957065,-12944.61700957065,-13336.87813107279,-35574.61662797526,-39671.78119609821,-42337.64961255837,990.4619246841606,1463.649193298381,735.9144097405178,0,0,0,0.2379951664107638,0.1244091294927885,0.05211776025188039,31.90173,31.90173,0,202650,27826.57188551692,19185.23738317802,48229.72047314129,25211.51009171359,10561.66411504356,-119.0933547566484,-119.0933547566484,0,-39.30080706969399,-39.30080706969399,-40.49174061726047,-107.6057612822328,-120.3572823452529,-129.0163245869945,0,0,0,0,0,0,320,1,1,1,1,1,1,1,1,1,1,1,1,1,1,1,0.33,0.33,0.34,0.33,0.33,0.34,0,0,0,1,0.331450990275449,0.4765500178203502,0.1919989919042008,0.331450990275449,0.4765500178203502,0.1919989919042008,-0,-0,-0,1,0,-5.551115123125783e-17,31.346262,-39226.1121502141,202650,-119.0933547566484,320,0.33,0.33,0.34,0.33,0.33,0.34,0,0,0,-5.551115123125783e-17,31.346262,-39226.1121502141,202650,-119.0933547566484,320,0.33,0.33,0.34,0.33,0.33,0.34,0,0,0,-5.551115123125783e-17
0.822,94.11021079333733,94.11021079333733,0,31.05636956180132,31.05636956180132,31.99747166973469,85.82895410552248,121.5034017755449,75.56039221348554,46.09264127934038,68.6879274399803,33.73838646413164,0,0,0,31.346262,31.346262,0,10.34426646,10.34426646,10.65772908,10.34426646,10.34426646,10.65772908,0,0,0,999.9999868332601,999.9999868332601,0,331.45098591132,476.55001154574,191.9989893762,331.45098591132,476.55001154574,191.9989893762,0,0,0,-39226.1121502141,-39226.1121502141,0,-12944.61700957065,-12944.61700957065,-13336.87813107279,-35574.61662797526,-39671.78119609821,-42337.64961255837,990.4619246841606,1463.649193298381,735.9144097405178,0,0,0,0.2379951664107638,0.1244091294927885,0.05211776025188039,31.90173,31.90173,0,202650,27826.57188551692,19185.23738317802,48229.72047314129,25211.51009171359,10561.66411504356,-119.0933547566484,-119.0933547566484,0,-39.30080706969399,-39.30080706969399,-40.49174061726047,-107.6057612822328,-120.3572823452529,-129.0163245869945,0,0,0,0,0,0,320,1,1,1,1,1,1,1,1,1,1,1,1,1,1,1,0.33,0.33,0.34,0.33,0.33,0.34,0,0,0,1,0.331450990275449,0.4765500178203502,0.1919989919042008,0.331450990275449,0.4765500178203502,0.1919989919042008,-0,-0,-0,1,0,-5.551115123125783e-17,31.346262,-39226.1121502141,202650,-119.0933547566484,320,0.33,0.33,0.34,0.33,0.33,0.34,0,0,0,-5.551115123125783e-17,31.346262,-39226.1121502141,202650,-119.0933547566484,320,0.33,0.33,0.34,0.33,0.33,0.34,0,0,0,-5.551115123125783e-17
0.824,94.11021079333733,94.11021079333733,0,31.05636956180132,31.05636956180132,31.99747166973469,85.82895410552248,121.5034017755449,75.56039221348554,46.09264127934038,68.6879274399803,33.73838646413164,0,0,0,31.346262,31.346262,0,10.34426646,10.34426646,10.65772908,10.34426646,10.34426646,10.65772908,0,0,0,999.9999868332601,999.9999868332601,0,331.45098591132,476.55001154574,191.9989893762,331.45098591132,476.55001154574,191.9989893762,0,0,0,-39226.1121502141,-39226.1121502141,0,-12944.61700957065,-12944.61700957065,-13336.87813107279,-35574.61662797526,-39671.78119609821,-42337.64961255837,990.4619246841606,1463.649193298381,735.9144097405178,0,0,0,0.2379951664107638,0.1244091294927885,0.05211776025188039,31.90173,31.90173,0,202650,27826.57188551692,19185.23738317802,48229.72047314129,25211.51009171359,10561.66411504356,-119.0933547566484,-119.0933547566484,0,-39.30080706969399,-39.30080706969399,-40.49174061726047,-107.6057612822328,-120.3572823452529,-129.0163245869945,0,0,0,0,0,0,320,1,1,1,1,1,1,1,1,1,1,1,1,1,1,1,0.33,0.33,0.34,0.33,0.33,0.34,0,0,0,1,0.331450990275449,0.4765500178203502,0.1919989919042008,0.331450990275449,0.4765500178203502,0.1919989919042008,-0,-0,-0,1,0,-5.551115123125783e-17,31.346262,-39226.1121502141,202650,-119.0933547566484,320,0.33,0.33,0.34,0.33,0.33,0.34,0,0,0,-5.551115123125783e-17,31.346262,-39226.1121502141,202650,-119.0933547566484,320,0.33,0.33,0.34,0.33,0.33,0.34,0,0,0,-5.551115123125783e-17
0.826,94.11021079333733,94.11021079333733,0,31.05636956180132,31.05636956180132,31.99747166973469,85.82895410552248,121.5034017755449,75.56039221348554,46.09264127934038,68.6879274399803,33.73838646413164,0,0,0,31.346262,31.346262,0,10.34426646,10.34426646,10.65772908,10.34426646,10.34426646,10.65772908,0,0,0,999.9999868332601,999.9999868332601,0,331.45098591132,476.55001154574,191.9989893762,331.45098591132,476.55001154574,191.9989893762,0,0,0,-39226.1121502141,-39226.1121502141,0,-12944.61700957065,-12944.61700957065,-13336.87813107279,-35574.61662797526,-39671.78119609821,-42337.64961255837,990.4619246841606,1463.649193298381,735.9144097405178,0,0,0,0.2379951664107638,0.1244091294927885,0.05211776025188039,31.90173,31.90173,0,202650,27826.57188551692,19185.23738317802,48229.72047314129,25211.51009171359,10561.66411504356,-119.0933547566484,-119.0933547566484,0,-39.30080706969399,-39.30080706969399,-40.49174061726047,-107.6057612822328,-120.3572823452529,-129.0163245869945,0,0,0,0,0,0,320,1,1,1,1,1,1,1,1,1,1,1,1,1,1,1,0.33,0.33,0.34,0.33,0.33,0.34,0,0,0,1,0.331450990275449,0.4765500178203502,0.1919989919042008,0.331450990275449,0.4765500178203502,0.1919989919042008,-0,-0,-0,1,0,-5.551115123125783e-17,31.346262,-39226.1121502141,202650,-119.0933547566484,320,0.33,0.33,0.34,0.33,0.33,0.34,0,0,0,-5.551115123125783e-17,31.346262,-39226.1121502141,202650,-119.0933547566484,320,0.33,0.33,0.34,0.33,0.33,0.34,0,0,0,-5.551115123125783e-17
0.828,94.11021079333733,94.11021079333733,0,31.05636956180132,31.05636956180132,31.99747166973469,85.82895410552248,121.5034017755449,75.56039221348554,46.09264127934038,68.6879274399803,33.73838646413164,0,0,0,31.346262,31.346262,0,10.34426646,10.34426646,10.65772908,10.34426646,10.34426646,10.65772908,0,0,0,999.9999868332601,999.9999868332601,0,331.45098591132,476.55001154574,191.9989893762,331.45098591132,476.55001154574,191.9989893762,0,0,0,-39226.1121502141,-39226.1121502141,0,-12944.61700957065,-12944.61700957065,-13336.87813107279,-35574.61662797526,-39671.78119609821,-42337.64961255837,990.4619246841606,1463.649193298381,735.9144097405178,0,0,0,0.2379951664107638,0.1244091294927885,0.05211776025188039,31.90173,31.90173,0,202650,27826.57188551692,19185.23738317802,48229.72047314129,25211.51009171359,10561.66411504356,-119.0933547566484,-119.0933547566484,0,-39.30080706969399,-39.30080706969399,-40.49174061726047,-107.6057612822328,-120.3572823452529,-129.0163245869945,0,0,0,0,0,0,320,1,1,1,1,1,1,1,1,1,1,1,1,1,1,1,0.33,0.33,0.34,0.33,0.33,0.34,0,0,0,1,0.331450990275449,0.4765500178203502,0.1919989919042008,0.331450990275449,0.4765500178203502,0.1919989919042008,-0,-0,-0,1,0,-5.551115123125783e-17,31.346262,-39226.1121502141,202650,-119.0933547566484,320,0.33,0.33,0.34,0.33,0.33,0.34,0,0,0,-5.551115123125783e-17,31.346262,-39226.1121502141,202650,-119.0933547566484,320,0.33,0.33,0.34,0.33,0.33,0.34,0,0,0,-5.551115123125783e-17
0.83,94.11021079333733,94.11021079333733,0,31.05636956180132,31.05636956180132,31.99747166973469,85.82895410552248,121.5034017755449,75.56039221348554,46.09264127934038,68.6879274399803,33.73838646413164,0,0,0,31.346262,31.346262,0,10.34426646,10.34426646,10.65772908,10.34426646,10.34426646,10.65772908,0,0,0,999.9999868332601,999.9999868332601,0,331.45098591132,476.55001154574,191.9989893762,331.45098591132,476.55001154574,191.9989893762,0,0,0,-39226.1121502141,-39226.1121502141,0,-12944.61700957065,-12944.61700957065,-13336.87813107279,-35574.61662797526,-39671.78119609821,-42337.64961255837,990.4619246841606,1463.649193298381,735.9144097405178,0,0,0,0.2379951664107638,0.1244091294927885,0.05211776025188039,31.90173,31.90173,0,202650,27826.57188551692,19185.23738317802,48229.72047314129,25211.51009171359,10561.66411504356,-119.0933547566484,-119.0933547566484,0,-39.30080706969399,-39.30080706969399,-40.49174061726047,-107.6057612822328,-120.3572823452529,-129.0163245869945,0,0,0,0,0,0,320,1,1,1,1,1,1,1,1,1,1,1,1,1,1,1,0.33,0.33,0.34,0.33,0.33,0.34,0,0,0,1,0.331450990275449,0.4765500178203502,0.1919989919042008,0.331450990275449,0.4765500178203502,0.1919989919042008,-0,-0,-0,1,0,-5.551115123125783e-17,31.346262,-39226.1121502141,202650,-119.0933547566484,320,0.33,0.33,0.34,0.33,0.33,0.34,0,0,0,-5.551115123125783e-17,31.346262,-39226.1121502141,202650,-119.0933547566484,320,0.33,0.33,0.34,0.33,0.33,0.34,0,0,0,-5.551115123125783e-17
0.832,94.11021079333733,94.11021079333733,0,31.05636956180132,31.05636956180132,31.99747166973469,85.82895410552248,121.5034017755449,75.56039221348554,46.09264127934038,68.6879274399803,33.73838646413164,0,0,0,31.346262,31.346262,0,10.34426646,10.34426646,10.65772908,10.34426646,10.34426646,10.65772908,0,0,0,999.9999868332601,999.9999868332601,0,331.45098591132,476.55001154574,191.9989893762,331.45098591132,476.55001154574,191.9989893762,0,0,0,-39226.1121502141,-39226.1121502141,0,-12944.61700957065,-12944.61700957065,-13336.87813107279,-35574.61662797526,-39671.78119609821,-42337.64961255837,990.4619246841606,1463.649193298381,735.9144097405178,0,0,0,0.2379951664107638,0.1244091294927885,0.05211776025188039,31.90173,31.90173,0,202650,27826.57188551692,19185.23738317802,48229.72047314129,25211.51009171359,10561.66411504356,-119.0933547566484,-119.0933547566484,0,-39.30080706969399,-39.30080706969399,-40.49174061726047,-107.6057612822328,-120.3572823452529,-129.0163245869945,0,0,0,0,0,0,320,1,1,1,1,1,1,1,1,1,1,1,1,1,1,1,0.33,0.33,0.34,0.33,0.33,0.34,0,0,0,1,0.331450990275449,0.4765500178203502,0.1919989919042008,0.331450990275449,0.4765500178203502,0.1919989919042008,-0,-0,-0,1,0,-5.551115123125783e-17,31.346262,-39226.1121502141,202650,-119.0933547566484,320,0.33,0.33,0.34,0.33,0.33,0.34,0,0,0,-5.551115123125783e-17,31.346262,-39226.1121502141,202650,-119.0933547566484,320,0.33,0.33,0.34,0.33,0.33,0.34,0,0,0,-5.551115123125783e-17
0.834,94.11021079333733,94.11021079333733,0,31.05636956180132,31.05636956180132,31.99747166973469,85.82895410552248,121.5034017755449,75.56039221348554,46.09264127934038,68.6879274399803,33.73838646413164,0,0,0,31.346262,31.346262,0,10.34426646,10.34426646,10.65772908,10.34426646,10.34426646,10.65772908,0,0,0,999.9999868332601,999.9999868332601,0,331.45098591132,476.55001154574,191.9989893762,331.45098591132,476.55001154574,191.9989893762,0,0,0,-39226.1121502141,-39226.1121502141,0,-12944.61700957065,-12944.61700957065,-13336.87813107279,-35574.61662797526,-39671.78119609821,-42337.64961255837,990.4619246841606,1463.649193298381,735.9144097405178,0,0,0,0.2379951664107638,0.1244091294927885,0.05211776025188039,31.90173,31.90173,0,202650,27826.57188551692,19185.23738317802,48229.72047314129,25211.51009171359,10561.66411504356,-119.0933547566484,-119.0933547566484,0,-39.30080706969399,-39.30080706969399,-40.49174061726047,-107.6057612822328,-120.3572823452529,-129.0163245869945,0,0,0,0,0,0,320,1,1,1,1,1,1,1,1,1,1,1,1,1,1,1,0.33,0.33,0.34,0.33,0.33,0.34,0,0,0,1,0.331450990275449,0.4765500178203502,0.1919989919042008,0.331450990275449,0.4765500178203502,0.1919989919042008,-0,-0,-0,1,0,-5.551115123125783e-17,31.346262,-39226.1121502141,202650,-119.0933547566484,320,0.33,0.33,0.34,0.33,0.33,0.34,0,0,0,-5.551115123125783e-17,31.346262,-39226.1121502141,202650,-119.0933547566484,320,0.33,0.33,0.34,0.33,0.33,0.34,0,0,0,-5.551115123125783e-17
0.836,94.11021079333733,94.11021079333733,0,31.05636956180132,31.05636956180132,31.99747166973469,85.82895410552248,121.5034017755449,75.56039221348554,46.09264127934038,68.6879274399803,33.73838646413164,0,0,0,31.346262,31.346262,0,10.34426646,10.34426646,10.65772908,10.34426646,10.34426646,10.65772908,0,0,0,999.9999868332601,999.9999868332601,0,331.45098591132,476.55001154574,191.9989893762,331.45098591132,476.55001154574,191.9989893762,0,0,0,-39226.1121502141,-39226.1121502141,0,-12944.61700957065,-12944.61700957065,-13336.87813107279,-35574.61662797526,-39671.78119609821,-42337.64961255837,990.4619246841606,1463.649193298381,735.9144097405178,0,0,0,0.2379951664107638,0.1244091294927885,0.05211776025188039,31.90173,31.90173,0,202650,27826.57188551692,19185.23738317802,48229.72047314129,25211.51009171359,10561.66411504356,-119.0933547566484,-119.0933547566484,0,-39.30080706969399,-39.30080706969399,-40.49174061726047,-107.6057612822328,-120.3572823452529,-129.0163245869945,0,0,0,0,0,0,320,1,1,1,1,1,1,1,1,1,1,1,1,1,1,1,0.33,0.33,0.34,0.33,0.33,0.34,0,0,0,1,0.331450990275449,0.4765500178203502,0.1919989919042008,0.331450990275449,0.4765500178203502,0.1919989919042008,-0,-0,-0,1,0,-5.551115123125783e-17,31.346262,-39226.1121502141,202650,-119.0933547566484,320,0.33,0.33,0.34,0.33,0.33,0.34,0,0,0,-5.551115123125783e-17,31.346262,-39226.1121502141,202650,-119.0933547566484,320,0.33,0.33,0.34,0.33,0.33,0.34,0,0,0,-5.551115123125783e-17
0.838,94.11021079333733,94.11021079333733,0,31.05636956180132,31.05636956180132,31.99747166973469,85.82895410552248,121.5034017755449,75.56039221348554,46.09264127934038,68.6879274399803,33.73838646413164,0,0,0,31.346262,31.346262,0,10.34426646,10.34426646,10.65772908,10.34426646,10.34426646,10.65772908,0,0,0,999.9999868332601,999.9999868332601,0,331.45098591132,476.55001154574,191.9989893762,331.45098591132,476.55001154574,191.9989893762,0,0,0,-39226.1121502141,-39226.1121502141,0,-12944.61700957065,-12944.61700957065,-13336.87813107279,-35574.61662797526,-39671.78119609821,-42337.64961255837,990.4619246841606,1463.649193298381,735.9144097405178,0,0,0,0.2379951664107638,0.1244091294927885,0.05211776025188039,31.90173,31.90173,0,202650,27826.57188551692,19185.23738317802,48229.72047314129,25211.51009171359,10561.66411504356,-119.0933547566484,-119.0933547566484,0,-39.30080706969399,-39.30080706969399,-40.49174061726047,-107.6057612822328,-120.3572823452529,-129.0163245869945,0,0,0,0,0,0,320,1,1,1,1,1,1,1,1,1,1,1,1,1,1,1,0.33,0.33,0.34,0.33,0.33,0.34,0,0,0,1,0.331450990275449,0.4765500178203502,0.1919989919042008,0.331450990275449,0.4765500178203502,0.1919989919042008,-0,-0,-0,1,0,-5.551115123125783e-17,31.346262,-39226.1121502141,202650,-119.0933547566484,320,0.33,0.33,0.34,0.33,0.33,0.34,0,0,0,-5.551115123125783e-17,31.346262,-39226.1121502141,202650,-119.0933547566484,320,0.33,0.33,0.34,0.33,0.33,0.34,0,0,0,-5.551115123125783e-17
0.84,94.11021079333733,94.11021079333733,0,31.05636956180132,31.05636956180132,31.99747166973469,85.82895410552248,121.5034017755449,75.56039221348554,46.09264127934038,68.6879274399803,33.73838646413164,0,0,0,31.346262,31.346262,0,10.34426646,10.34426646,10.65772908,10.34426646,10.34426646,10.65772908,0,0,0,999.9999868332601,999.9999868332601,0,331.45098591132,476.55001154574,191.9989893762,331.45098591132,476.55001154574,191.9989893762,0,0,0,-39226.1121502141,-39226.1121502141,0,-12944.61700957065,-12944.61700957065,-13336.87813107279,-35574.61662797526,-39671.78119609821,-42337.64961255837,990.4619246841606,1463.649193298381,735.9144097405178,0,0,0,0.2379951664107638,0.1244091294927885,0.05211776025188039,31.90173,31.90173,0,202650,27826.57188551692,19185.23738317802,48229.72047314129,25211.51009171359,10561.66411504356,-119.0933547566484,-119.0933547566484,0,-39.30080706969399,-39.30080706969399,-40.49174061726047,-107.6057612822328,-120.3572823452529,-129.0163245869945,0,0,0,0,0,0,320,1,1,1,1,1,1,1,1,1,1,1,1,1,1,1,0.33,0.33,0.34,0.33,0.33,0.34,0,0,0,1,0.331450990275449,0.4765500178203502,0.1919989919042008,0.331450990275449,0.4765500178203502,0.1919989919042008,-0,-0,-0,1,0,-5.551115123125783e-17,31.346262,-39226.1121502141,202650,-119.0933547566484,320,0.33,0.33,0.34,0.33,0.33,0.34,0,0,0,-5.551115123125783e-17,31.346262,-39226.1121502141,202650,-119.0933547566484,320,0.33,0.33,0.34,0.33,0.33,0.34,0,0,0,-5.551115123125783e-17
0.842,94.11021079333733,94.11021079333733,0,31.05636956180132,31.05636956180132,31.99747166973469,85.82895410552248,121.5034017755449,75.56039221348554,46.09264127934038,68.6879274399803,33.73838646413164,0,0,0,31.346262,31.346262,0,10.34426646,10.34426646,10.65772908,10.34426646,10.34426646,10.65772908,0,0,0,999.9999868332601,999.9999868332601,0,331.45098591132,476.55001154574,191.9989893762,331.45098591132,476.55001154574,191.9989893762,0,0,0,-39226.1121502141,-39226.1121502141,0,-12944.61700957065,-12944.61700957065,-13336.87813107279,-35574.61662797526,-39671.78119609821,-42337.64961255837,990.4619246841606,1463.649193298381,735.9144097405178,0,0,0,0.2379951664107638,0.1244091294927885,0.05211776025188039,31.90173,31.90173,0,202650,27826.57188551692,19185.23738317802,48229.72047314129,25211.51009171359,10561.66411504356,-119.0933547566484,-119.0933547566484,0,-39.30080706969399,-39.30080706969399,-40.49174061726047,-107.6057612822328,-120.3572823452529,-129.0163245869945,0,0,0,0,0,0,320,1,1,1,1,1,1,1,1,1,1,1,1,1,1,1,0.33,0.33,0.34,0.33,0.33,0.34,0,0,0,1,0.331450990275449,0.4765500178203502,0.1919989919042008,0.331450990275449,0.4765500178203502,0.1919989919042008,-0,-0,-0,1,0,-5.551115123125783e-17,31.346262,-39226.1121502141,202650,-119.0933547566484,320,0.33,0.33,0.34,0.33,0.33,0.34,0,0,0,-5.551115123125783e-17,31.346262,-39226.1121502141,202650,-119.0933547566484,320,0.33,0.33,0.34,0.33,0.33,0.34,0,0,0,-5.551115123125783e-17
0.844,94.11021079333733,94.11021079333733,0,31.05636956180132,31.05636956180132,31.99747166973469,85.82895410552248,121.5034017755449,75.56039221348554,46.09264127934038,68.6879274399803,33.73838646413164,0,0,0,31.346262,31.346262,0,10.34426646,10.34426646,10.65772908,10.34426646,10.34426646,10.65772908,0,0,0,999.9999868332601,999.9999868332601,0,331.45098591132,476.55001154574,191.9989893762,331.45098591132,476.55001154574,191.9989893762,0,0,0,-39226.1121502141,-39226.1121502141,0,-12944.61700957065,-12944.61700957065,-13336.87813107279,-35574.61662797526,-39671.78119609821,-42337.64961255837,990.4619246841606,1463.649193298381,735.9144097405178,0,0,0,0.2379951664107638,0.1244091294927885,0.05211776025188039,31.90173,31.90173,0,202650,27826.57188551692,19185.23738317802,48229.72047314129,25211.51009171359,10561.66411504356,-119.0933547566484,-119.0933547566484,0,-39.30080706969399,-39.30080706969399,-40.49174061726047,-107.6057612822328,-120.3572823452529,-129.0163245869945,0,0,0,0,0,0,320,1,1,1,1,1,1,1,1,1,1,1,1,1,1,1,0.33,0.33,0.34,0.33,0.33,0.34,0,0,0,1,0.331450990275449,0.4765500178203502,0.1919989919042008,0.331450990275449,0.4765500178203502,0.1919989919042008,-0,-0,-0,1,0,-5.551115123125783e-17,31.346262,-39226.1121502141,202650,-119.0933547566484,320,0.33,0.33,0.34,0.33,0.33,0.34,0,0,0,-5.551115123125783e-17,31.346262,-39226.1121502141,202650,-119.0933547566484,320,0.33,0.33,0.34,0.33,0.33,0.34,0,0,0,-5.551115123125783e-17
0.846,94.11021079333733,94.11021079333733,0,31.05636956180132,31.05636956180132,31.99747166973469,85.82895410552248,121.5034017755449,75.56039221348554,46.09264127934038,68.6879274399803,33.73838646413164,0,0,0,31.346262,31.346262,0,10.34426646,10.34426646,10.65772908,10.34426646,10.34426646,10.65772908,0,0,0,999.9999868332601,999.9999868332601,0,331.45098591132,476.55001154574,191.9989893762,331.45098591132,476.55001154574,191.9989893762,0,0,0,-39226.1121502141,-39226.1121502141,0,-12944.61700957065,-12944.61700957065,-13336.87813107279,-35574.61662797526,-39671.78119609821,-42337.64961255837,990.4619246841606,1463.649193298381,735.9144097405178,0,0,0,0.2379951664107638,0.1244091294927885,0.05211776025188039,31.90173,31.90173,0,202650,27826.57188551692,19185.23738317802,48229.72047314129,25211.51009171359,10561.66411504356,-119.0933547566484,-119.0933547566484,0,-39.30080706969399,-39.30080706969399,-40.49174061726047,-107.6057612822328,-120.3572823452529,-129.0163245869945,0,0,0,0,0,0,320,1,1,1,1,1,1,1,1,1,1,1,1,1,1,1,0.33,0.33,0.34,0.33,0.33,0.34,0,0,0,1,0.331450990275449,0.4765500178203502,0.1919989919042008,0.331450990275449,0.4765500178203502,0.1919989919042008,-0,-0,-0,1,0,-5.551115123125783e-17,31.346262,-39226.1121502141,202650,-119.0933547566484,320,0.33,0.33,0.34,0.33,0.33,0.34,0,0,0,-5.551115123125783e-17,31.346262,-39226.1121502141,202650,-119.0933547566484,320,0.33,0.33,0.34,0.33,0.33,0.34,0,0,0,-5.551115123125783e-17
0.848,94.11021079333733,94.11021079333733,0,31.05636956180132,31.05636956180132,31.99747166973469,85.82895410552248,121.5034017755449,75.56039221348554,46.09264127934038,68.6879274399803,33.73838646413164,0,0,0,31.346262,31.346262,0,10.34426646,10.34426646,10.65772908,10.34426646,10.34426646,10.65772908,0,0,0,999.9999868332601,999.9999868332601,0,331.45098591132,476.55001154574,191.9989893762,331.45098591132,476.55001154574,191.9989893762,0,0,0,-39226.1121502141,-39226.1121502141,0,-12944.61700957065,-12944.61700957065,-13336.87813107279,-35574.61662797526,-39671.78119609821,-42337.64961255837,990.4619246841606,1463.649193298381,735.9144097405178,0,0,0,0.2379951664107638,0.1244091294927885,0.05211776025188039,31.90173,31.90173,0,202650,27826.57188551692,19185.23738317802,48229.72047314129,25211.51009171359,10561.66411504356,-119.0933547566484,-119.0933547566484,0,-39.30080706969399,-39.30080706969399,-40.49174061726047,-107.6057612822328,-120.3572823452529,-129.0163245869945,0,0,0,0,0,0,320,1,1,1,1,1,1,1,1,1,1,1,1,1,1,1,0.33,0.33,0.34,0.33,0.33,0.34,0,0,0,1,0.331450990275449,0.4765500178203502,0.1919989919042008,0.331450990275449,0.4765500178203502,0.1919989919042008,-0,-0,-0,1,0,-5.551115123125783e-17,31.346262,-39226.1121502141,202650,-119.0933547566484,320,0.33,0.33,0.34,0.33,0.33,0.34,0,0,0,-5.551115123125783e-17,31.346262,-39226.1121502141,202650,-119.0933547566484,320,0.33,0.33,0.34,0.33,0.33,0.34,0,0,0,-5.551115123125783e-17
0.85,94.11021079333733,94.11021079333733,0,31.05636956180132,31.05636956180132,31.99747166973469,85.82895410552248,121.5034017755449,75.56039221348554,46.09264127934038,68.6879274399803,33.73838646413164,0,0,0,31.346262,31.346262,0,10.34426646,10.34426646,10.65772908,10.34426646,10.34426646,10.65772908,0,0,0,999.9999868332601,999.9999868332601,0,331.45098591132,476.55001154574,191.9989893762,331.45098591132,476.55001154574,191.9989893762,0,0,0,-39226.1121502141,-39226.1121502141,0,-12944.61700957065,-12944.61700957065,-13336.87813107279,-35574.61662797526,-39671.78119609821,-42337.64961255837,990.4619246841606,1463.649193298381,735.9144097405178,0,0,0,0.2379951664107638,0.1244091294927885,0.05211776025188039,31.90173,31.90173,0,202650,27826.57188551692,19185.23738317802,48229.72047314129,25211.51009171359,10561.66411504356,-119.0933547566484,-119.0933547566484,0,-39.30080706969399,-39.30080706969399,-40.49174061726047,-107.6057612822328,-120.3572823452529,-129.0163245869945,0,0,0,0,0,0,320,1,1,1,1,1,1,1,1,1,1,1,1,1,1,1,0.33,0.33,0.34,0.33,0.33,0.34,0,0,0,1,0.331450990275449,0.4765500178203502,0.1919989919042008,0.331450990275449,0.4765500178203502,0.1919989919042008,-0,-0,-0,1,0,-5.551115123125783e-17,31.346262,-39226.1121502141,202650,-119.0933547566484,320,0.33,0.33,0.34,0.33,0.33,0.34,0,0,0,-5.551115123125783e-17,31.346262,-39226.1121502141,202650,-119.0933547566484,320,0.33,0.33,0.34,0.33,0.33,0.34,0,0,0,-5.551115123125783e-17
0.852,94.11021079333733,94.11021079333733,0,31.05636956180132,31.05636956180132,31.99747166973469,85.82895410552248,121.5034017755449,75.56039221348554,46.09264127934038,68.6879274399803,33.73838646413164,0,0,0,31.346262,31.346262,0,10.34426646,10.34426646,10.65772908,10.34426646,10.34426646,10.65772908,0,0,0,999.9999868332601,999.9999868332601,0,331.45098591132,476.55001154574,191.9989893762,331.45098591132,476.55001154574,191.9989893762,0,0,0,-39226.1121502141,-39226.1121502141,0,-12944.61700957065,-12944.61700957065,-13336.87813107279,-35574.61662797526,-39671.78119609821,-42337.64961255837,990.4619246841606,1463.649193298381,735.9144097405178,0,0,0,0.2379951664107638,0.1244091294927885,0.05211776025188039,31.90173,31.90173,0,202650,27826.57188551692,19185.23738317802,48229.72047314129,25211.51009171359,10561.66411504356,-119.0933547566484,-119.0933547566484,0,-39.30080706969399,-39.30080706969399,-40.49174061726047,-107.6057612822328,-120.3572823452529,-129.0163245869945,0,0,0,0,0,0,320,1,1,1,1,1,1,1,1,1,1,1,1,1,1,1,0.33,0.33,0.34,0.33,0.33,0.34,0,0,0,1,0.331450990275449,0.4765500178203502,0.1919989919042008,0.331450990275449,0.4765500178203502,0.1919989919042008,-0,-0,-0,1,0,-5.551115123125783e-17,31.346262,-39226.1121502141,202650,-119.0933547566484,320,0.33,0.33,0.34,0.33,0.33,0.34,0,0,0,-5.551115123125783e-17,31.346262,-39226.1121502141,202650,-119.0933547566484,320,0.33,0.33,0.34,0.33,0.33,0.34,0,0,0,-5.551115123125783e-17
0.854,94.11021079333733,94.11021079333733,0,31.05636956180132,31.05636956180132,31.99747166973469,85.82895410552248,121.5034017755449,75.56039221348554,46.09264127934038,68.6879274399803,33.73838646413164,0,0,0,31.346262,31.346262,0,10.34426646,10.34426646,10.65772908,10.34426646,10.34426646,10.65772908,0,0,0,999.9999868332601,999.9999868332601,0,331.45098591132,476.55001154574,191.9989893762,331.45098591132,476.55001154574,191.9989893762,0,0,0,-39226.1121502141,-39226.1121502141,0,-12944.61700957065,-12944.61700957065,-13336.87813107279,-35574.61662797526,-39671.78119609821,-42337.64961255837,990.4619246841606,1463.649193298381,735.9144097405178,0,0,0,0.2379951664107638,0.1244091294927885,0.05211776025188039,31.90173,31.90173,0,202650,27826.57188551692,19185.23738317802,48229.72047314129,25211.51009171359,10561.66411504356,-119.0933547566484,-119.0933547566484,0,-39.30080706969399,-39.30080706969399,-40.49174061726047,-107.6057612822328,-120.3572823452529,-129.0163245869945,0,0,0,0,0,0,320,1,1,1,1,1,1,1,1,1,1,1,1,1,1,1,0.33,0.33,0.34,0.33,0.33,0.34,0,0,0,1,0.331450990275449,0.4765500178203502,0.1919989919042008,0.331450990275449,0.4765500178203502,0.1919989919042008,-0,-0,-0,1,0,-5.551115123125783e-17,31.346262,-39226.1121502141,202650,-119.0933547566484,320,0.33,0.33,0.34,0.33,0.33,0.34,0,0,0,-5.551115123125783e-17,31.346262,-39226.1121502141,202650,-119.0933547566484,320,0.33,0.33,0.34,0.33,0.33,0.34,0,0,0,-5.551115123125783e-17
0.856,94.11021079333733,94.11021079333733,0,31.05636956180132,31.05636956180132,31.99747166973469,85.82895410552248,121.5034017755449,75.56039221348554,46.09264127934038,68.6879274399803,33.73838646413164,0,0,0,31.346262,31.346262,0,10.34426646,10.34426646,10.65772908,10.34426646,10.34426646,10.65772908,0,0,0,999.9999868332601,999.9999868332601,0,331.45098591132,476.55001154574,191.9989893762,331.45098591132,476.55001154574,191.9989893762,0,0,0,-39226.1121502141,-39226.1121502141,0,-12944.61700957065,-12944.61700957065,-13336.87813107279,-35574.61662797526,-39671.78119609821,-42337.64961255837,990.4619246841606,1463.649193298381,735.9144097405178,0,0,0,0.2379951664107638,0.1244091294927885,0.05211776025188039,31.90173,31.90173,0,202650,27826.57188551692,19185.23738317802,48229.72047314129,25211.51009171359,10561.66411504356,-119.0933547566484,-119.0933547566484,0,-39.30080706969399,-39.30080706969399,-40.49174061726047,-107.6057612822328,-120.3572823452529,-129.0163245869945,0,0,0,0,0,0,320,1,1,1,1,1,1,1,1,1,1,1,1,1,1,1,0.33,0.33,0.34,0.33,0.33,0.34,0,0,0,1,0.331450990275449,0.4765500178203502,0.1919989919042008,0.331450990275449,0.4765500178203502,0.1919989919042008,-0,-0,-0,1,0,-5.551115123125783e-17,31.346262,-39226.1121502141,202650,-119.0933547566484,320,0.33,0.33,0.34,0.33,0.33,0.34,0,0,0,-5.551115123125783e-17,31.346262,-39226.1121502141,202650,-119.0933547566484,320,0.33,0.33,0.34,0.33,0.33,0.34,0,0,0,-5.551115123125783e-17
0.858,94.11021079333733,94.11021079333733,0,31.05636956180132,31.05636956180132,31.99747166973469,85.82895410552248,121.5034017755449,75.56039221348554,46.09264127934038,68.6879274399803,33.73838646413164,0,0,0,31.346262,31.346262,0,10.34426646,10.34426646,10.65772908,10.34426646,10.34426646,10.65772908,0,0,0,999.9999868332601,999.9999868332601,0,331.45098591132,476.55001154574,191.9989893762,331.45098591132,476.55001154574,191.9989893762,0,0,0,-39226.1121502141,-39226.1121502141,0,-12944.61700957065,-12944.61700957065,-13336.87813107279,-35574.61662797526,-39671.78119609821,-42337.64961255837,990.4619246841606,1463.649193298381,735.9144097405178,0,0,0,0.2379951664107638,0.1244091294927885,0.05211776025188039,31.90173,31.90173,0,202650,27826.57188551692,19185.23738317802,48229.72047314129,25211.51009171359,10561.66411504356,-119.0933547566484,-119.0933547566484,0,-39.30080706969399,-39.30080706969399,-40.49174061726047,-107.6057612822328,-120.3572823452529,-129.0163245869945,0,0,0,0,0,0,320,1,1,1,1,1,1,1,1,1,1,1,1,1,1,1,0.33,0.33,0.34,0.33,0.33,0.34,0,0,0,1,0.331450990275449,0.4765500178203502,0.1919989919042008,0.331450990275449,0.4765500178203502,0.1919989919042008,-0,-0,-0,1,0,-5.551115123125783e-17,31.346262,-39226.1121502141,202650,-119.0933547566484,320,0.33,0.33,0.34,0.33,0.33,0.34,0,0,0,-5.551115123125783e-17,31.346262,-39226.1121502141,202650,-119.0933547566484,320,0.33,0.33,0.34,0.33,0.33,0.34,0,0,0,-5.551115123125783e-17
0.86,94.11021079333733,94.11021079333733,0,31.05636956180132,31.05636956180132,31.99747166973469,85.82895410552248,121.5034017755449,75.56039221348554,46.09264127934038,68.6879274399803,33.73838646413164,0,0,0,31.346262,31.346262,0,10.34426646,10.34426646,10.65772908,10.34426646,10.34426646,10.65772908,0,0,0,999.9999868332601,999.9999868332601,0,331.45098591132,476.55001154574,191.9989893762,331.45098591132,476.55001154574,191.9989893762,0,0,0,-39226.1121502141,-39226.1121502141,0,-12944.61700957065,-12944.61700957065,-13336.87813107279,-35574.61662797526,-39671.78119609821,-42337.64961255837,990.4619246841606,1463.649193298381,735.9144097405178,0,0,0,0.2379951664107638,0.1244091294927885,0.05211776025188039,31.90173,31.90173,0,202650,27826.57188551692,19185.23738317802,48229.72047314129,25211.51009171359,10561.66411504356,-119.0933547566484,-119.0933547566484,0,-39.30080706969399,-39.30080706969399,-40.49174061726047,-107.6057612822328,-120.3572823452529,-129.0163245869945,0,0,0,0,0,0,320,1,1,1,1,1,1,1,1,1,1,1,1,1,1,1,0.33,0.33,0.34,0.33,0.33,0.34,0,0,0,1,0.331450990275449,0.4765500178203502,0.1919989919042008,0.331450990275449,0.4765500178203502,0.1919989919042008,-0,-0,-0,1,0,-5.551115123125783e-17,31.346262,-39226.1121502141,202650,-119.0933547566484,320,0.33,0.33,0.34,0.33,0.33,0.34,0,0,0,-5.551115123125783e-17,31.346262,-39226.1121502141,202650,-119.0933547566484,320,0.33,0.33,0.34,0.33,0.33,0.34,0,0,0,-5.551115123125783e-17
0.862,94.11021079333733,94.11021079333733,0,31.05636956180132,31.05636956180132,31.99747166973469,85.82895410552248,121.5034017755449,75.56039221348554,46.09264127934038,68.6879274399803,33.73838646413164,0,0,0,31.346262,31.346262,0,10.34426646,10.34426646,10.65772908,10.34426646,10.34426646,10.65772908,0,0,0,999.9999868332601,999.9999868332601,0,331.45098591132,476.55001154574,191.9989893762,331.45098591132,476.55001154574,191.9989893762,0,0,0,-39226.1121502141,-39226.1121502141,0,-12944.61700957065,-12944.61700957065,-13336.87813107279,-35574.61662797526,-39671.78119609821,-42337.64961255837,990.4619246841606,1463.649193298381,735.9144097405178,0,0,0,0.2379951664107638,0.1244091294927885,0.05211776025188039,31.90173,31.90173,0,202650,27826.57188551692,19185.23738317802,48229.72047314129,25211.51009171359,10561.66411504356,-119.0933547566484,-119.0933547566484,0,-39.30080706969399,-39.30080706969399,-40.49174061726047,-107.6057612822328,-120.3572823452529,-129.0163245869945,0,0,0,0,0,0,320,1,1,1,1,1,1,1,1,1,1,1,1,1,1,1,0.33,0.33,0.34,0.33,0.33,0.34,0,0,0,1,0.331450990275449,0.4765500178203502,0.1919989919042008,0.331450990275449,0.4765500178203502,0.1919989919042008,-0,-0,-0,1,0,-5.551115123125783e-17,31.346262,-39226.1121502141,202650,-119.0933547566484,320,0.33,0.33,0.34,0.33,0.33,0.34,0,0,0,-5.551115123125783e-17,31.346262,-39226.1121502141,202650,-119.0933547566484,320,0.33,0.33,0.34,0.33,0.33,0.34,0,0,0,-5.551115123125783e-17
0.864,94.11021079333733,94.11021079333733,0,31.05636956180132,31.05636956180132,31.99747166973469,85.82895410552248,121.5034017755449,75.56039221348554,46.09264127934038,68.6879274399803,33.73838646413164,0,0,0,31.346262,31.346262,0,10.34426646,10.34426646,10.65772908,10.34426646,10.34426646,10.65772908,0,0,0,999.9999868332601,999.9999868332601,0,331.45098591132,476.55001154574,191.9989893762,331.45098591132,476.55001154574,191.9989893762,0,0,0,-39226.1121502141,-39226.1121502141,0,-12944.61700957065,-12944.61700957065,-13336.87813107279,-35574.61662797526,-39671.78119609821,-42337.64961255837,990.4619246841606,1463.649193298381,735.9144097405178,0,0,0,0.2379951664107638,0.1244091294927885,0.05211776025188039,31.90173,31.90173,0,202650,27826.57188551692,19185.23738317802,48229.72047314129,25211.51009171359,10561.66411504356,-119.0933547566484,-119.0933547566484,0,-39.30080706969399,-39.30080706969399,-40.49174061726047,-107.6057612822328,-120.3572823452529,-129.0163245869945,0,0,0,0,0,0,320,1,1,1,1,1,1,1,1,1,1,1,1,1,1,1,0.33,0.33,0.34,0.33,0.33,0.34,0,0,0,1,0.331450990275449,0.4765500178203502,0.1919989919042008,0.331450990275449,0.4765500178203502,0.1919989919042008,-0,-0,-0,1,0,-5.551115123125783e-17,31.346262,-39226.1121502141,202650,-119.0933547566484,320,0.33,0.33,0.34,0.33,0.33,0.34,0,0,0,-5.551115123125783e-17,31.346262,-39226.1121502141,202650,-119.0933547566484,320,0.33,0.33,0.34,0.33,0.33,0.34,0,0,0,-5.551115123125783e-17
0.866,94.11021079333733,94.11021079333733,0,31.05636956180132,31.05636956180132,31.99747166973469,85.82895410552248,121.5034017755449,75.56039221348554,46.09264127934038,68.6879274399803,33.73838646413164,0,0,0,31.346262,31.346262,0,10.34426646,10.34426646,10.65772908,10.34426646,10.34426646,10.65772908,0,0,0,999.9999868332601,999.9999868332601,0,331.45098591132,476.55001154574,191.9989893762,331.45098591132,476.55001154574,191.9989893762,0,0,0,-39226.1121502141,-39226.1121502141,0,-12944.61700957065,-12944.61700957065,-13336.87813107279,-35574.61662797526,-39671.78119609821,-42337.64961255837,990.4619246841606,1463.649193298381,735.9144097405178,0,0,0,0.2379951664107638,0.1244091294927885,0.05211776025188039,31.90173,31.90173,0,202650,27826.57188551692,19185.23738317802,48229.72047314129,25211.51009171359,10561.66411504356,-119.0933547566484,-119.0933547566484,0,-39.30080706969399,-39.30080706969399,-40.49174061726047,-107.6057612822328,-120.3572823452529,-129.0163245869945,0,0,0,0,0,0,320,1,1,1,1,1,1,1,1,1,1,1,1,1,1,1,0.33,0.33,0.34,0.33,0.33,0.34,0,0,0,1,0.331450990275449,0.4765500178203502,0.1919989919042008,0.331450990275449,0.4765500178203502,0.1919989919042008,-0,-0,-0,1,0,-5.551115123125783e-17,31.346262,-39226.1121502141,202650,-119.0933547566484,320,0.33,0.33,0.34,0.33,0.33,0.34,0,0,0,-5.551115123125783e-17,31.346262,-39226.1121502141,202650,-119.0933547566484,320,0.33,0.33,0.34,0.33,0.33,0.34,0,0,0,-5.551115123125783e-17
0.868,94.11021079333733,94.11021079333733,0,31.05636956180132,31.05636956180132,31.99747166973469,85.82895410552248,121.5034017755449,75.56039221348554,46.09264127934038,68.6879274399803,33.73838646413164,0,0,0,31.346262,31.346262,0,10.34426646,10.34426646,10.65772908,10.34426646,10.34426646,10.65772908,0,0,0,999.9999868332601,999.9999868332601,0,331.45098591132,476.55001154574,191.9989893762,331.45098591132,476.55001154574,191.9989893762,0,0,0,-39226.1121502141,-39226.1121502141,0,-12944.61700957065,-12944.61700957065,-13336.87813107279,-35574.61662797526,-39671.78119609821,-42337.64961255837,990.4619246841606,1463.649193298381,735.9144097405178,0,0,0,0.2379951664107638,0.1244091294927885,0.05211776025188039,31.90173,31.90173,0,202650,27826.57188551692,19185.23738317802,48229.72047314129,25211.51009171359,10561.66411504356,-119.0933547566484,-119.0933547566484,0,-39.30080706969399,-39.30080706969399,-40.49174061726047,-107.6057612822328,-120.3572823452529,-129.0163245869945,0,0,0,0,0,0,320,1,1,1,1,1,1,1,1,1,1,1,1,1,1,1,0.33,0.33,0.34,0.33,0.33,0.34,0,0,0,1,0.331450990275449,0.4765500178203502,0.1919989919042008,0.331450990275449,0.4765500178203502,0.1919989919042008,-0,-0,-0,1,0,-5.551115123125783e-17,31.346262,-39226.1121502141,202650,-119.0933547566484,320,0.33,0.33,0.34,0.33,0.33,0.34,0,0,0,-5.551115123125783e-17,31.346262,-39226.1121502141,202650,-119.0933547566484,320,0.33,0.33,0.34,0.33,0.33,0.34,0,0,0,-5.551115123125783e-17
0.87,94.11021079333733,94.11021079333733,0,31.05636956180132,31.05636956180132,31.99747166973469,85.82895410552248,121.5034017755449,75.56039221348554,46.09264127934038,68.6879274399803,33.73838646413164,0,0,0,31.346262,31.346262,0,10.34426646,10.34426646,10.65772908,10.34426646,10.34426646,10.65772908,0,0,0,999.9999868332601,999.9999868332601,0,331.45098591132,476.55001154574,191.9989893762,331.45098591132,476.55001154574,191.9989893762,0,0,0,-39226.1121502141,-39226.1121502141,0,-12944.61700957065,-12944.61700957065,-13336.87813107279,-35574.61662797526,-39671.78119609821,-42337.64961255837,990.4619246841606,1463.649193298381,735.9144097405178,0,0,0,0.2379951664107638,0.1244091294927885,0.05211776025188039,31.90173,31.90173,0,202650,27826.57188551692,19185.23738317802,48229.72047314129,25211.51009171359,10561.66411504356,-119.0933547566484,-119.0933547566484,0,-39.30080706969399,-39.30080706969399,-40.49174061726047,-107.6057612822328,-120.3572823452529,-129.0163245869945,0,0,0,0,0,0,320,1,1,1,1,1,1,1,1,1,1,1,1,1,1,1,0.33,0.33,0.34,0.33,0.33,0.34,0,0,0,1,0.331450990275449,0.4765500178203502,0.1919989919042008,0.331450990275449,0.4765500178203502,0.1919989919042008,-0,-0,-0,1,0,-5.551115123125783e-17,31.346262,-39226.1121502141,202650,-119.0933547566484,320,0.33,0.33,0.34,0.33,0.33,0.34,0,0,0,-5.551115123125783e-17,31.346262,-39226.1121502141,202650,-119.0933547566484,320,0.33,0.33,0.34,0.33,0.33,0.34,0,0,0,-5.551115123125783e-17
0.872,94.11021079333733,94.11021079333733,0,31.05636956180132,31.05636956180132,31.99747166973469,85.82895410552248,121.5034017755449,75.56039221348554,46.09264127934038,68.6879274399803,33.73838646413164,0,0,0,31.346262,31.346262,0,10.34426646,10.34426646,10.65772908,10.34426646,10.34426646,10.65772908,0,0,0,999.9999868332601,999.9999868332601,0,331.45098591132,476.55001154574,191.9989893762,331.45098591132,476.55001154574,191.9989893762,0,0,0,-39226.1121502141,-39226.1121502141,0,-12944.61700957065,-12944.61700957065,-13336.87813107279,-35574.61662797526,-39671.78119609821,-42337.64961255837,990.4619246841606,1463.649193298381,735.9144097405178,0,0,0,0.2379951664107638,0.1244091294927885,0.05211776025188039,31.90173,31.90173,0,202650,27826.57188551692,19185.23738317802,48229.72047314129,25211.51009171359,10561.66411504356,-119.0933547566484,-119.0933547566484,0,-39.30080706969399,-39.30080706969399,-40.49174061726047,-107.6057612822328,-120.3572823452529,-129.0163245869945,0,0,0,0,0,0,320,1,1,1,1,1,1,1,1,1,1,1,1,1,1,1,0.33,0.33,0.34,0.33,0.33,0.34,0,0,0,1,0.331450990275449,0.4765500178203502,0.1919989919042008,0.331450990275449,0.4765500178203502,0.1919989919042008,-0,-0,-0,1,0,-5.551115123125783e-17,31.346262,-39226.1121502141,202650,-119.0933547566484,320,0.33,0.33,0.34,0.33,0.33,0.34,0,0,0,-5.551115123125783e-17,31.346262,-39226.1121502141,202650,-119.0933547566484,320,0.33,0.33,0.34,0.33,0.33,0.34,0,0,0,-5.551115123125783e-17
0.874,94.11021079333733,94.11021079333733,0,31.05636956180132,31.05636956180132,31.99747166973469,85.82895410552248,121.5034017755449,75.56039221348554,46.09264127934038,68.6879274399803,33.73838646413164,0,0,0,31.346262,31.346262,0,10.34426646,10.34426646,10.65772908,10.34426646,10.34426646,10.65772908,0,0,0,999.9999868332601,999.9999868332601,0,331.45098591132,476.55001154574,191.9989893762,331.45098591132,476.55001154574,191.9989893762,0,0,0,-39226.1121502141,-39226.1121502141,0,-12944.61700957065,-12944.61700957065,-13336.87813107279,-35574.61662797526,-39671.78119609821,-42337.64961255837,990.4619246841606,1463.649193298381,735.9144097405178,0,0,0,0.2379951664107638,0.1244091294927885,0.05211776025188039,31.90173,31.90173,0,202650,27826.57188551692,19185.23738317802,48229.72047314129,25211.51009171359,10561.66411504356,-119.0933547566484,-119.0933547566484,0,-39.30080706969399,-39.30080706969399,-40.49174061726047,-107.6057612822328,-120.3572823452529,-129.0163245869945,0,0,0,0,0,0,320,1,1,1,1,1,1,1,1,1,1,1,1,1,1,1,0.33,0.33,0.34,0.33,0.33,0.34,0,0,0,1,0.331450990275449,0.4765500178203502,0.1919989919042008,0.331450990275449,0.4765500178203502,0.1919989919042008,-0,-0,-0,1,0,-5.551115123125783e-17,31.346262,-39226.1121502141,202650,-119.0933547566484,320,0.33,0.33,0.34,0.33,0.33,0.34,0,0,0,-5.551115123125783e-17,31.346262,-39226.1121502141,202650,-119.0933547566484,320,0.33,0.33,0.34,0.33,0.33,0.34,0,0,0,-5.551115123125783e-17
0.876,94.11021079333733,94.11021079333733,0,31.05636956180132,31.05636956180132,31.99747166973469,85.82895410552248,121.5034017755449,75.56039221348554,46.09264127934038,68.6879274399803,33.73838646413164,0,0,0,31.346262,31.346262,0,10.34426646,10.34426646,10.65772908,10.34426646,10.34426646,10.65772908,0,0,0,999.9999868332601,999.9999868332601,0,331.45098591132,476.55001154574,191.9989893762,331.45098591132,476.55001154574,191.9989893762,0,0,0,-39226.1121502141,-39226.1121502141,0,-12944.61700957065,-12944.61700957065,-13336.87813107279,-35574.61662797526,-39671.78119609821,-42337.64961255837,990.4619246841606,1463.649193298381,735.9144097405178,0,0,0,0.2379951664107638,0.1244091294927885,0.05211776025188039,31.90173,31.90173,0,202650,27826.57188551692,19185.23738317802,48229.72047314129,25211.51009171359,10561.66411504356,-119.0933547566484,-119.0933547566484,0,-39.30080706969399,-39.30080706969399,-40.49174061726047,-107.6057612822328,-120.3572823452529,-129.0163245869945,0,0,0,0,0,0,320,1,1,1,1,1,1,1,1,1,1,1,1,1,1,1,0.33,0.33,0.34,0.33,0.33,0.34,0,0,0,1,0.331450990275449,0.4765500178203502,0.1919989919042008,0.331450990275449,0.4765500178203502,0.1919989919042008,-0,-0,-0,1,0,-5.551115123125783e-17,31.346262,-39226.1121502141,202650,-119.0933547566484,320,0.33,0.33,0.34,0.33,0.33,0.34,0,0,0,-5.551115123125783e-17,31.346262,-39226.1121502141,202650,-119.0933547566484,320,0.33,0.33,0.34,0.33,0.33,0.34,0,0,0,-5.551115123125783e-17
0.878,94.11021079333733,94.11021079333733,0,31.05636956180132,31.05636956180132,31.99747166973469,85.82895410552248,121.5034017755449,75.56039221348554,46.09264127934038,68.6879274399803,33.73838646413164,0,0,0,31.346262,31.346262,0,10.34426646,10.34426646,10.65772908,10.34426646,10.34426646,10.65772908,0,0,0,999.9999868332601,999.9999868332601,0,331.45098591132,476.55001154574,191.9989893762,331.45098591132,476.55001154574,191.9989893762,0,0,0,-39226.1121502141,-39226.1121502141,0,-12944.61700957065,-12944.61700957065,-13336.87813107279,-35574.61662797526,-39671.78119609821,-42337.64961255837,990.4619246841606,1463.649193298381,735.9144097405178,0,0,0,0.2379951664107638,0.1244091294927885,0.05211776025188039,31.90173,31.90173,0,202650,27826.57188551692,19185.23738317802,48229.72047314129,25211.51009171359,10561.66411504356,-119.0933547566484,-119.0933547566484,0,-39.30080706969399,-39.30080706969399,-40.49174061726047,-107.6057612822328,-120.3572823452529,-129.0163245869945,0,0,0,0,0,0,320,1,1,1,1,1,1,1,1,1,1,1,1,1,1,1,0.33,0.33,0.34,0.33,0.33,0.34,0,0,0,1,0.331450990275449,0.4765500178203502,0.1919989919042008,0.331450990275449,0.4765500178203502,0.1919989919042008,-0,-0,-0,1,0,-5.551115123125783e-17,31.346262,-39226.1121502141,202650,-119.0933547566484,320,0.33,0.33,0.34,0.33,0.33,0.34,0,0,0,-5.551115123125783e-17,31.346262,-39226.1121502141,202650,-119.0933547566484,320,0.33,0.33,0.34,0.33,0.33,0.34,0,0,0,-5.551115123125783e-17
0.88,94.11021079333733,94.11021079333733,0,31.05636956180132,31.05636956180132,31.99747166973469,85.82895410552248,121.5034017755449,75.56039221348554,46.09264127934038,68.6879274399803,33.73838646413164,0,0,0,31.346262,31.346262,0,10.34426646,10.34426646,10.65772908,10.34426646,10.34426646,10.65772908,0,0,0,999.9999868332601,999.9999868332601,0,331.45098591132,476.55001154574,191.9989893762,331.45098591132,476.55001154574,191.9989893762,0,0,0,-39226.1121502141,-39226.1121502141,0,-12944.61700957065,-12944.61700957065,-13336.87813107279,-35574.61662797526,-39671.78119609821,-42337.64961255837,990.4619246841606,1463.649193298381,735.9144097405178,0,0,0,0.2379951664107638,0.1244091294927885,0.05211776025188039,31.90173,31.90173,0,202650,27826.57188551692,19185.23738317802,48229.72047314129,25211.51009171359,10561.66411504356,-119.0933547566484,-119.0933547566484,0,-39.30080706969399,-39.30080706969399,-40.49174061726047,-107.6057612822328,-120.3572823452529,-129.0163245869945,0,0,0,0,0,0,320,1,1,1,1,1,1,1,1,1,1,1,1,1,1,1,0.33,0.33,0.34,0.33,0.33,0.34,0,0,0,1,0.331450990275449,0.4765500178203502,0.1919989919042008,0.331450990275449,0.4765500178203502,0.1919989919042008,-0,-0,-0,1,0,-5.551115123125783e-17,31.346262,-39226.1121502141,202650,-119.0933547566484,320,0.33,0.33,0.34,0.33,0.33,0.34,0,0,0,-5.551115123125783e-17,31.346262,-39226.1121502141,202650,-119.0933547566484,320,0.33,0.33,0.34,0.33,0.33,0.34,0,0,0,-5.551115123125783e-17
0.882,94.11021079333733,94.11021079333733,0,31.05636956180132,31.05636956180132,31.99747166973469,85.82895410552248,121.5034017755449,75.56039221348554,46.09264127934038,68.6879274399803,33.73838646413164,0,0,0,31.346262,31.346262,0,10.34426646,10.34426646,10.65772908,10.34426646,10.34426646,10.65772908,0,0,0,999.9999868332601,999.9999868332601,0,331.45098591132,476.55001154574,191.9989893762,331.45098591132,476.55001154574,191.9989893762,0,0,0,-39226.1121502141,-39226.1121502141,0,-12944.61700957065,-12944.61700957065,-13336.87813107279,-35574.61662797526,-39671.78119609821,-42337.64961255837,990.4619246841606,1463.649193298381,735.9144097405178,0,0,0,0.2379951664107638,0.1244091294927885,0.05211776025188039,31.90173,31.90173,0,202650,27826.57188551692,19185.23738317802,48229.72047314129,25211.51009171359,10561.66411504356,-119.0933547566484,-119.0933547566484,0,-39.30080706969399,-39.30080706969399,-40.49174061726047,-107.6057612822328,-120.3572823452529,-129.0163245869945,0,0,0,0,0,0,320,1,1,1,1,1,1,1,1,1,1,1,1,1,1,1,0.33,0.33,0.34,0.33,0.33,0.34,0,0,0,1,0.331450990275449,0.4765500178203502,0.1919989919042008,0.331450990275449,0.4765500178203502,0.1919989919042008,-0,-0,-0,1,0,-5.551115123125783e-17,31.346262,-39226.1121502141,202650,-119.0933547566484,320,0.33,0.33,0.34,0.33,0.33,0.34,0,0,0,-5.551115123125783e-17,31.346262,-39226.1121502141,202650,-119.0933547566484,320,0.33,0.33,0.34,0.33,0.33,0.34,0,0,0,-5.551115123125783e-17
0.884,94.11021079333733,94.11021079333733,0,31.05636956180132,31.05636956180132,31.99747166973469,85.82895410552248,121.5034017755449,75.56039221348554,46.09264127934038,68.6879274399803,33.73838646413164,0,0,0,31.346262,31.346262,0,10.34426646,10.34426646,10.65772908,10.34426646,10.34426646,10.65772908,0,0,0,999.9999868332601,999.9999868332601,0,331.45098591132,476.55001154574,191.9989893762,331.45098591132,476.55001154574,191.9989893762,0,0,0,-39226.1121502141,-39226.1121502141,0,-12944.61700957065,-12944.61700957065,-13336.87813107279,-35574.61662797526,-39671.78119609821,-42337.64961255837,990.4619246841606,1463.649193298381,735.9144097405178,0,0,0,0.2379951664107638,0.1244091294927885,0.05211776025188039,31.90173,31.90173,0,202650,27826.57188551692,19185.23738317802,48229.72047314129,25211.51009171359,10561.66411504356,-119.0933547566484,-119.0933547566484,0,-39.30080706969399,-39.30080706969399,-40.49174061726047,-107.6057612822328,-120.3572823452529,-129.0163245869945,0,0,0,0,0,0,320,1,1,1,1,1,1,1,1,1,1,1,1,1,1,1,0.33,0.33,0.34,0.33,0.33,0.34,0,0,0,1,0.331450990275449,0.4765500178203502,0.1919989919042008,0.331450990275449,0.4765500178203502,0.1919989919042008,-0,-0,-0,1,0,-5.551115123125783e-17,31.346262,-39226.1121502141,202650,-119.0933547566484,320,0.33,0.33,0.34,0.33,0.33,0.34,0,0,0,-5.551115123125783e-17,31.346262,-39226.1121502141,202650,-119.0933547566484,320,0.33,0.33,0.34,0.33,0.33,0.34,0,0,0,-5.551115123125783e-17
0.886,94.11021079333733,94.11021079333733,0,31.05636956180132,31.05636956180132,31.99747166973469,85.82895410552248,121.5034017755449,75.56039221348554,46.09264127934038,68.6879274399803,33.73838646413164,0,0,0,31.346262,31.346262,0,10.34426646,10.34426646,10.65772908,10.34426646,10.34426646,10.65772908,0,0,0,999.9999868332601,999.9999868332601,0,331.45098591132,476.55001154574,191.9989893762,331.45098591132,476.55001154574,191.9989893762,0,0,0,-39226.1121502141,-39226.1121502141,0,-12944.61700957065,-12944.61700957065,-13336.87813107279,-35574.61662797526,-39671.78119609821,-42337.64961255837,990.4619246841606,1463.649193298381,735.9144097405178,0,0,0,0.2379951664107638,0.1244091294927885,0.05211776025188039,31.90173,31.90173,0,202650,27826.57188551692,19185.23738317802,48229.72047314129,25211.51009171359,10561.66411504356,-119.0933547566484,-119.0933547566484,0,-39.30080706969399,-39.30080706969399,-40.49174061726047,-107.6057612822328,-120.3572823452529,-129.0163245869945,0,0,0,0,0,0,320,1,1,1,1,1,1,1,1,1,1,1,1,1,1,1,0.33,0.33,0.34,0.33,0.33,0.34,0,0,0,1,0.331450990275449,0.4765500178203502,0.1919989919042008,0.331450990275449,0.4765500178203502,0.1919989919042008,-0,-0,-0,1,0,-5.551115123125783e-17,31.346262,-39226.1121502141,202650,-119.0933547566484,320,0.33,0.33,0.34,0.33,0.33,0.34,0,0,0,-5.551115123125783e-17,31.346262,-39226.1121502141,202650,-119.0933547566484,320,0.33,0.33,0.34,0.33,0.33,0.34,0,0,0,-5.551115123125783e-17
0.888,94.11021079333733,94.11021079333733,0,31.05636956180132,31.05636956180132,31.99747166973469,85.82895410552248,121.5034017755449,75.56039221348554,46.09264127934038,68.6879274399803,33.73838646413164,0,0,0,31.346262,31.346262,0,10.34426646,10.34426646,10.65772908,10.34426646,10.34426646,10.65772908,0,0,0,999.9999868332601,999.9999868332601,0,331.45098591132,476.55001154574,191.9989893762,331.45098591132,476.55001154574,191.9989893762,0,0,0,-39226.1121502141,-39226.1121502141,0,-12944.61700957065,-12944.61700957065,-13336.87813107279,-35574.61662797526,-39671.78119609821,-42337.64961255837,990.4619246841606,1463.649193298381,735.9144097405178,0,0,0,0.2379951664107638,0.1244091294927885,0.05211776025188039,31.90173,31.90173,0,202650,27826.57188551692,19185.23738317802,48229.72047314129,25211.51009171359,10561.66411504356,-119.0933547566484,-119.0933547566484,0,-39.30080706969399,-39.30080706969399,-40.49174061726047,-107.6057612822328,-120.3572823452529,-129.0163245869945,0,0,0,0,0,0,320,1,1,1,1,1,1,1,1,1,1,1,1,1,1,1,0.33,0.33,0.34,0.33,0.33,0.34,0,0,0,1,0.331450990275449,0.4765500178203502,0.1919989919042008,0.331450990275449,0.4765500178203502,0.1919989919042008,-0,-0,-0,1,0,-5.551115123125783e-17,31.346262,-39226.1121502141,202650,-119.0933547566484,320,0.33,0.33,0.34,0.33,0.33,0.34,0,0,0,-5.551115123125783e-17,31.346262,-39226.1121502141,202650,-119.0933547566484,320,0.33,0.33,0.34,0.33,0.33,0.34,0,0,0,-5.551115123125783e-17
0.89,94.11021079333733,94.11021079333733,0,31.05636956180132,31.05636956180132,31.99747166973469,85.82895410552248,121.5034017755449,75.56039221348554,46.09264127934038,68.6879274399803,33.73838646413164,0,0,0,31.346262,31.346262,0,10.34426646,10.34426646,10.65772908,10.34426646,10.34426646,10.65772908,0,0,0,999.9999868332601,999.9999868332601,0,331.45098591132,476.55001154574,191.9989893762,331.45098591132,476.55001154574,191.9989893762,0,0,0,-39226.1121502141,-39226.1121502141,0,-12944.61700957065,-12944.61700957065,-13336.87813107279,-35574.61662797526,-39671.78119609821,-42337.64961255837,990.4619246841606,1463.649193298381,735.9144097405178,0,0,0,0.2379951664107638,0.1244091294927885,0.05211776025188039,31.90173,31.90173,0,202650,27826.57188551692,19185.23738317802,48229.72047314129,25211.51009171359,10561.66411504356,-119.0933547566484,-119.0933547566484,0,-39.30080706969399,-39.30080706969399,-40.49174061726047,-107.6057612822328,-120.3572823452529,-129.0163245869945,0,0,0,0,0,0,320,1,1,1,1,1,1,1,1,1,1,1,1,1,1,1,0.33,0.33,0.34,0.33,0.33,0.34,0,0,0,1,0.331450990275449,0.4765500178203502,0.1919989919042008,0.331450990275449,0.4765500178203502,0.1919989919042008,-0,-0,-0,1,0,-5.551115123125783e-17,31.346262,-39226.1121502141,202650,-119.0933547566484,320,0.33,0.33,0.34,0.33,0.33,0.34,0,0,0,-5.551115123125783e-17,31.346262,-39226.1121502141,202650,-119.0933547566484,320,0.33,0.33,0.34,0.33,0.33,0.34,0,0,0,-5.551115123125783e-17
0.892,94.11021079333733,94.11021079333733,0,31.05636956180132,31.05636956180132,31.99747166973469,85.82895410552248,121.5034017755449,75.56039221348554,46.09264127934038,68.6879274399803,33.73838646413164,0,0,0,31.346262,31.346262,0,10.34426646,10.34426646,10.65772908,10.34426646,10.34426646,10.65772908,0,0,0,999.9999868332601,999.9999868332601,0,331.45098591132,476.55001154574,191.9989893762,331.45098591132,476.55001154574,191.9989893762,0,0,0,-39226.1121502141,-39226.1121502141,0,-12944.61700957065,-12944.61700957065,-13336.87813107279,-35574.61662797526,-39671.78119609821,-42337.64961255837,990.4619246841606,1463.649193298381,735.9144097405178,0,0,0,0.2379951664107638,0.1244091294927885,0.05211776025188039,31.90173,31.90173,0,202650,27826.57188551692,19185.23738317802,48229.72047314129,25211.51009171359,10561.66411504356,-119.0933547566484,-119.0933547566484,0,-39.30080706969399,-39.30080706969399,-40.49174061726047,-107.6057612822328,-120.3572823452529,-129.0163245869945,0,0,0,0,0,0,320,1,1,1,1,1,1,1,1,1,1,1,1,1,1,1,0.33,0.33,0.34,0.33,0.33,0.34,0,0,0,1,0.331450990275449,0.4765500178203502,0.1919989919042008,0.331450990275449,0.4765500178203502,0.1919989919042008,-0,-0,-0,1,0,-5.551115123125783e-17,31.346262,-39226.1121502141,202650,-119.0933547566484,320,0.33,0.33,0.34,0.33,0.33,0.34,0,0,0,-5.551115123125783e-17,31.346262,-39226.1121502141,202650,-119.0933547566484,320,0.33,0.33,0.34,0.33,0.33,0.34,0,0,0,-5.551115123125783e-17
0.894,94.11021079333733,94.11021079333733,0,31.05636956180132,31.05636956180132,31.99747166973469,85.82895410552248,121.5034017755449,75.56039221348554,46.09264127934038,68.6879274399803,33.73838646413164,0,0,0,31.346262,31.346262,0,10.34426646,10.34426646,10.65772908,10.34426646,10.34426646,10.65772908,0,0,0,999.9999868332601,999.9999868332601,0,331.45098591132,476.55001154574,191.9989893762,331.45098591132,476.55001154574,191.9989893762,0,0,0,-39226.1121502141,-39226.1121502141,0,-12944.61700957065,-12944.61700957065,-13336.87813107279,-35574.61662797526,-39671.78119609821,-42337.64961255837,990.4619246841606,1463.649193298381,735.9144097405178,0,0,0,0.2379951664107638,0.1244091294927885,0.05211776025188039,31.90173,31.90173,0,202650,27826.57188551692,19185.23738317802,48229.72047314129,25211.51009171359,10561.66411504356,-119.0933547566484,-119.0933547566484,0,-39.30080706969399,-39.30080706969399,-40.49174061726047,-107.6057612822328,-120.3572823452529,-129.0163245869945,0,0,0,0,0,0,320,1,1,1,1,1,1,1,1,1,1,1,1,1,1,1,0.33,0.33,0.34,0.33,0.33,0.34,0,0,0,1,0.331450990275449,0.4765500178203502,0.1919989919042008,0.331450990275449,0.4765500178203502,0.1919989919042008,-0,-0,-0,1,0,-5.551115123125783e-17,31.346262,-39226.1121502141,202650,-119.0933547566484,320,0.33,0.33,0.34,0.33,0.33,0.34,0,0,0,-5.551115123125783e-17,31.346262,-39226.1121502141,202650,-119.0933547566484,320,0.33,0.33,0.34,0.33,0.33,0.34,0,0,0,-5.551115123125783e-17
0.896,94.11021079333733,94.11021079333733,0,31.05636956180132,31.05636956180132,31.99747166973469,85.82895410552248,121.5034017755449,75.56039221348554,46.09264127934038,68.6879274399803,33.73838646413164,0,0,0,31.346262,31.346262,0,10.34426646,10.34426646,10.65772908,10.34426646,10.34426646,10.65772908,0,0,0,999.9999868332601,999.9999868332601,0,331.45098591132,476.55001154574,191.9989893762,331.45098591132,476.55001154574,191.9989893762,0,0,0,-39226.1121502141,-39226.1121502141,0,-12944.61700957065,-12944.61700957065,-13336.87813107279,-35574.61662797526,-39671.78119609821,-42337.64961255837,990.4619246841606,1463.649193298381,735.9144097405178,0,0,0,0.2379951664107638,0.1244091294927885,0.05211776025188039,31.90173,31.90173,0,202650,27826.57188551692,19185.23738317802,48229.72047314129,25211.51009171359,10561.66411504356,-119.0933547566484,-119.0933547566484,0,-39.30080706969399,-39.30080706969399,-40.49174061726047,-107.6057612822328,-120.3572823452529,-129.0163245869945,0,0,0,0,0,0,320,1,1,1,1,1,1,1,1,1,1,1,1,1,1,1,0.33,0.33,0.34,0.33,0.33,0.34,0,0,0,1,0.331450990275449,0.4765500178203502,0.1919989919042008,0.331450990275449,0.4765500178203502,0.1919989919042008,-0,-0,-0,1,0,-5.551115123125783e-17,31.346262,-39226.1121502141,202650,-119.0933547566484,320,0.33,0.33,0.34,0.33,0.33,0.34,0,0,0,-5.551115123125783e-17,31.346262,-39226.1121502141,202650,-119.0933547566484,320,0.33,0.33,0.34,0.33,0.33,0.34,0,0,0,-5.551115123125783e-17
0.898,94.11021079333733,94.11021079333733,0,31.05636956180132,31.05636956180132,31.99747166973469,85.82895410552248,121.5034017755449,75.56039221348554,46.09264127934038,68.6879274399803,33.73838646413164,0,0,0,31.346262,31.346262,0,10.34426646,10.34426646,10.65772908,10.34426646,10.34426646,10.65772908,0,0,0,999.9999868332601,999.9999868332601,0,331.45098591132,476.55001154574,191.9989893762,331.45098591132,476.55001154574,191.9989893762,0,0,0,-39226.1121502141,-39226.1121502141,0,-12944.61700957065,-12944.61700957065,-13336.87813107279,-35574.61662797526,-39671.78119609821,-42337.64961255837,990.4619246841606,1463.649193298381,735.9144097405178,0,0,0,0.2379951664107638,0.1244091294927885,0.05211776025188039,31.90173,31.90173,0,202650,27826.57188551692,19185.23738317802,48229.72047314129,25211.51009171359,10561.66411504356,-119.0933547566484,-119.0933547566484,0,-39.30080706969399,-39.30080706969399,-40.49174061726047,-107.6057612822328,-120.3572823452529,-129.0163245869945,0,0,0,0,0,0,320,1,1,1,1,1,1,1,1,1,1,1,1,1,1,1,0.33,0.33,0.34,0.33,0.33,0.34,0,0,0,1,0.331450990275449,0.4765500178203502,0.1919989919042008,0.331450990275449,0.4765500178203502,0.1919989919042008,-0,-0,-0,1,0,-5.551115123125783e-17,31.346262,-39226.1121502141,202650,-119.0933547566484,320,0.33,0.33,0.34,0.33,0.33,0.34,0,0,0,-5.551115123125783e-17,31.346262,-39226.1121502141,202650,-119.0933547566484,320,0.33,0.33,0.34,0.33,0.33,0.34,0,0,0,-5.551115123125783e-17
0.9,94.11021079333733,94.11021079333733,0,31.05636956180132,31.05636956180132,31.99747166973469,85.82895410552248,121.5034017755449,75.56039221348554,46.09264127934038,68.6879274399803,33.73838646413164,0,0,0,31.346262,31.346262,0,10.34426646,10.34426646,10.65772908,10.34426646,10.34426646,10.65772908,0,0,0,999.9999868332601,999.9999868332601,0,331.45098591132,476.55001154574,191.9989893762,331.45098591132,476.55001154574,191.9989893762,0,0,0,-39226.1121502141,-39226.1121502141,0,-12944.61700957065,-12944.61700957065,-13336.87813107279,-35574.61662797526,-39671.78119609821,-42337.64961255837,990.4619246841606,1463.649193298381,735.9144097405178,0,0,0,0.2379951664107638,0.1244091294927885,0.05211776025188039,31.90173,31.90173,0,202650,27826.57188551692,19185.23738317802,48229.72047314129,25211.51009171359,10561.66411504356,-119.0933547566484,-119.0933547566484,0,-39.30080706969399,-39.30080706969399,-40.49174061726047,-107.6057612822328,-120.3572823452529,-129.0163245869945,0,0,0,0,0,0,320,1,1,1,1,1,1,1,1,1,1,1,1,1,1,1,0.33,0.33,0.34,0.33,0.33,0.34,0,0,0,1,0.331450990275449,0.4765500178203502,0.1919989919042008,0.331450990275449,0.4765500178203502,0.1919989919042008,-0,-0,-0,1,0,-5.551115123125783e-17,31.346262,-39226.1121502141,202650,-119.0933547566484,320,0.33,0.33,0.34,0.33,0.33,0.34,0,0,0,-5.551115123125783e-17,31.346262,-39226.1121502141,202650,-119.0933547566484,320,0.33,0.33,0.34,0.33,0.33,0.34,0,0,0,-5.551115123125783e-17
0.902,94.11021079333733,94.11021079333733,0,31.05636956180132,31.05636956180132,31.99747166973469,85.82895410552248,121.5034017755449,75.56039221348554,46.09264127934038,68.6879274399803,33.73838646413164,0,0,0,31.346262,31.346262,0,10.34426646,10.34426646,10.65772908,10.34426646,10.34426646,10.65772908,0,0,0,999.9999868332601,999.9999868332601,0,331.45098591132,476.55001154574,191.9989893762,331.45098591132,476.55001154574,191.9989893762,0,0,0,-39226.1121502141,-39226.1121502141,0,-12944.61700957065,-12944.61700957065,-13336.87813107279,-35574.61662797526,-39671.78119609821,-42337.64961255837,990.4619246841606,1463.649193298381,735.9144097405178,0,0,0,0.2379951664107638,0.1244091294927885,0.05211776025188039,31.90173,31.90173,0,202650,27826.57188551692,19185.23738317802,48229.72047314129,25211.51009171359,10561.66411504356,-119.0933547566484,-119.0933547566484,0,-39.30080706969399,-39.30080706969399,-40.49174061726047,-107.6057612822328,-120.3572823452529,-129.0163245869945,0,0,0,0,0,0,320,1,1,1,1,1,1,1,1,1,1,1,1,1,1,1,0.33,0.33,0.34,0.33,0.33,0.34,0,0,0,1,0.331450990275449,0.4765500178203502,0.1919989919042008,0.331450990275449,0.4765500178203502,0.1919989919042008,-0,-0,-0,1,0,-5.551115123125783e-17,31.346262,-39226.1121502141,202650,-119.0933547566484,320,0.33,0.33,0.34,0.33,0.33,0.34,0,0,0,-5.551115123125783e-17,31.346262,-39226.1121502141,202650,-119.0933547566484,320,0.33,0.33,0.34,0.33,0.33,0.34,0,0,0,-5.551115123125783e-17
0.904,94.11021079333733,94.11021079333733,0,31.05636956180132,31.05636956180132,31.99747166973469,85.82895410552248,121.5034017755449,75.56039221348554,46.09264127934038,68.6879274399803,33.73838646413164,0,0,0,31.346262,31.346262,0,10.34426646,10.34426646,10.65772908,10.34426646,10.34426646,10.65772908,0,0,0,999.9999868332601,999.9999868332601,0,331.45098591132,476.55001154574,191.9989893762,331.45098591132,476.55001154574,191.9989893762,0,0,0,-39226.1121502141,-39226.1121502141,0,-12944.61700957065,-12944.61700957065,-13336.87813107279,-35574.61662797526,-39671.78119609821,-42337.64961255837,990.4619246841606,1463.649193298381,735.9144097405178,0,0,0,0.2379951664107638,0.1244091294927885,0.05211776025188039,31.90173,31.90173,0,202650,27826.57188551692,19185.23738317802,48229.72047314129,25211.51009171359,10561.66411504356,-119.0933547566484,-119.0933547566484,0,-39.30080706969399,-39.30080706969399,-40.49174061726047,-107.6057612822328,-120.3572823452529,-129.0163245869945,0,0,0,0,0,0,320,1,1,1,1,1,1,1,1,1,1,1,1,1,1,1,0.33,0.33,0.34,0.33,0.33,0.34,0,0,0,1,0.331450990275449,0.4765500178203502,0.1919989919042008,0.331450990275449,0.4765500178203502,0.1919989919042008,-0,-0,-0,1,0,-5.551115123125783e-17,31.346262,-39226.1121502141,202650,-119.0933547566484,320,0.33,0.33,0.34,0.33,0.33,0.34,0,0,0,-5.551115123125783e-17,31.346262,-39226.1121502141,202650,-119.0933547566484,320,0.33,0.33,0.34,0.33,0.33,0.34,0,0,0,-5.551115123125783e-17
0.906,94.11021079333733,94.11021079333733,0,31.05636956180132,31.05636956180132,31.99747166973469,85.82895410552248,121.5034017755449,75.56039221348554,46.09264127934038,68.6879274399803,33.73838646413164,0,0,0,31.346262,31.346262,0,10.34426646,10.34426646,10.65772908,10.34426646,10.34426646,10.65772908,0,0,0,999.9999868332601,999.9999868332601,0,331.45098591132,476.55001154574,191.9989893762,331.45098591132,476.55001154574,191.9989893762,0,0,0,-39226.1121502141,-39226.1121502141,0,-12944.61700957065,-12944.61700957065,-13336.87813107279,-35574.61662797526,-39671.78119609821,-42337.64961255837,990.4619246841606,1463.649193298381,735.9144097405178,0,0,0,0.2379951664107638,0.1244091294927885,0.05211776025188039,31.90173,31.90173,0,202650,27826.57188551692,19185.23738317802,48229.72047314129,25211.51009171359,10561.66411504356,-119.0933547566484,-119.0933547566484,0,-39.30080706969399,-39.30080706969399,-40.49174061726047,-107.6057612822328,-120.3572823452529,-129.0163245869945,0,0,0,0,0,0,320,1,1,1,1,1,1,1,1,1,1,1,1,1,1,1,0.33,0.33,0.34,0.33,0.33,0.34,0,0,0,1,0.331450990275449,0.4765500178203502,0.1919989919042008,0.331450990275449,0.4765500178203502,0.1919989919042008,-0,-0,-0,1,0,-5.551115123125783e-17,31.346262,-39226.1121502141,202650,-119.0933547566484,320,0.33,0.33,0.34,0.33,0.33,0.34,0,0,0,-5.551115123125783e-17,31.346262,-39226.1121502141,202650,-119.0933547566484,320,0.33,0.33,0.34,0.33,0.33,0.34,0,0,0,-5.551115123125783e-17
0.908,94.11021079333733,94.11021079333733,0,31.05636956180132,31.05636956180132,31.99747166973469,85.82895410552248,121.5034017755449,75.56039221348554,46.09264127934038,68.6879274399803,33.73838646413164,0,0,0,31.346262,31.346262,0,10.34426646,10.34426646,10.65772908,10.34426646,10.34426646,10.65772908,0,0,0,999.9999868332601,999.9999868332601,0,331.45098591132,476.55001154574,191.9989893762,331.45098591132,476.55001154574,191.9989893762,0,0,0,-39226.1121502141,-39226.1121502141,0,-12944.61700957065,-12944.61700957065,-13336.87813107279,-35574.61662797526,-39671.78119609821,-42337.64961255837,990.4619246841606,1463.649193298381,735.9144097405178,0,0,0,0.2379951664107638,0.1244091294927885,0.05211776025188039,31.90173,31.90173,0,202650,27826.57188551692,19185.23738317802,48229.72047314129,25211.51009171359,10561.66411504356,-119.0933547566484,-119.0933547566484,0,-39.30080706969399,-39.30080706969399,-40.49174061726047,-107.6057612822328,-120.3572823452529,-129.0163245869945,0,0,0,0,0,0,320,1,1,1,1,1,1,1,1,1,1,1,1,1,1,1,0.33,0.33,0.34,0.33,0.33,0.34,0,0,0,1,0.331450990275449,0.4765500178203502,0.1919989919042008,0.331450990275449,0.4765500178203502,0.1919989919042008,-0,-0,-0,1,0,-5.551115123125783e-17,31.346262,-39226.1121502141,202650,-119.0933547566484,320,0.33,0.33,0.34,0.33,0.33,0.34,0,0,0,-5.551115123125783e-17,31.346262,-39226.1121502141,202650,-119.0933547566484,320,0.33,0.33,0.34,0.33,0.33,0.34,0,0,0,-5.551115123125783e-17
0.91,94.11021079333733,94.11021079333733,0,31.05636956180132,31.05636956180132,31.99747166973469,85.82895410552248,121.5034017755449,75.56039221348554,46.09264127934038,68.6879274399803,33.73838646413164,0,0,0,31.346262,31.346262,0,10.34426646,10.34426646,10.65772908,10.34426646,10.34426646,10.65772908,0,0,0,999.9999868332601,999.9999868332601,0,331.45098591132,476.55001154574,191.9989893762,331.45098591132,476.55001154574,191.9989893762,0,0,0,-39226.1121502141,-39226.1121502141,0,-12944.61700957065,-12944.61700957065,-13336.87813107279,-35574.61662797526,-39671.78119609821,-42337.64961255837,990.4619246841606,1463.649193298381,735.9144097405178,0,0,0,0.2379951664107638,0.1244091294927885,0.05211776025188039,31.90173,31.90173,0,202650,27826.57188551692,19185.23738317802,48229.72047314129,25211.51009171359,10561.66411504356,-119.0933547566484,-119.0933547566484,0,-39.30080706969399,-39.30080706969399,-40.49174061726047,-107.6057612822328,-120.3572823452529,-129.0163245869945,0,0,0,0,0,0,320,1,1,1,1,1,1,1,1,1,1,1,1,1,1,1,0.33,0.33,0.34,0.33,0.33,0.34,0,0,0,1,0.331450990275449,0.4765500178203502,0.1919989919042008,0.331450990275449,0.4765500178203502,0.1919989919042008,-0,-0,-0,1,0,-5.551115123125783e-17,31.346262,-39226.1121502141,202650,-119.0933547566484,320,0.33,0.33,0.34,0.33,0.33,0.34,0,0,0,-5.551115123125783e-17,31.346262,-39226.1121502141,202650,-119.0933547566484,320,0.33,0.33,0.34,0.33,0.33,0.34,0,0,0,-5.551115123125783e-17
0.912,94.11021079333733,94.11021079333733,0,31.05636956180132,31.05636956180132,31.99747166973469,85.82895410552248,121.5034017755449,75.56039221348554,46.09264127934038,68.6879274399803,33.73838646413164,0,0,0,31.346262,31.346262,0,10.34426646,10.34426646,10.65772908,10.34426646,10.34426646,10.65772908,0,0,0,999.9999868332601,999.9999868332601,0,331.45098591132,476.55001154574,191.9989893762,331.45098591132,476.55001154574,191.9989893762,0,0,0,-39226.1121502141,-39226.1121502141,0,-12944.61700957065,-12944.61700957065,-13336.87813107279,-35574.61662797526,-39671.78119609821,-42337.64961255837,990.4619246841606,1463.649193298381,735.9144097405178,0,0,0,0.2379951664107638,0.1244091294927885,0.05211776025188039,31.90173,31.90173,0,202650,27826.57188551692,19185.23738317802,48229.72047314129,25211.51009171359,10561.66411504356,-119.0933547566484,-119.0933547566484,0,-39.30080706969399,-39.30080706969399,-40.49174061726047,-107.6057612822328,-120.3572823452529,-129.0163245869945,0,0,0,0,0,0,320,1,1,1,1,1,1,1,1,1,1,1,1,1,1,1,0.33,0.33,0.34,0.33,0.33,0.34,0,0,0,1,0.331450990275449,0.4765500178203502,0.1919989919042008,0.331450990275449,0.4765500178203502,0.1919989919042008,-0,-0,-0,1,0,-5.551115123125783e-17,31.346262,-39226.1121502141,202650,-119.0933547566484,320,0.33,0.33,0.34,0.33,0.33,0.34,0,0,0,-5.551115123125783e-17,31.346262,-39226.1121502141,202650,-119.0933547566484,320,0.33,0.33,0.34,0.33,0.33,0.34,0,0,0,-5.551115123125783e-17
0.914,94.11021079333733,94.11021079333733,0,31.05636956180132,31.05636956180132,31.99747166973469,85.82895410552248,121.5034017755449,75.56039221348554,46.09264127934038,68.6879274399803,33.73838646413164,0,0,0,31.346262,31.346262,0,10.34426646,10.34426646,10.65772908,10.34426646,10.34426646,10.65772908,0,0,0,999.9999868332601,999.9999868332601,0,331.45098591132,476.55001154574,191.9989893762,331.45098591132,476.55001154574,191.9989893762,0,0,0,-39226.1121502141,-39226.1121502141,0,-12944.61700957065,-12944.61700957065,-13336.87813107279,-35574.61662797526,-39671.78119609821,-42337.64961255837,990.4619246841606,1463.649193298381,735.9144097405178,0,0,0,0.2379951664107638,0.1244091294927885,0.05211776025188039,31.90173,31.90173,0,202650,27826.57188551692,19185.23738317802,48229.72047314129,25211.51009171359,10561.66411504356,-119.0933547566484,-119.0933547566484,0,-39.30080706969399,-39.30080706969399,-40.49174061726047,-107.6057612822328,-120.3572823452529,-129.0163245869945,0,0,0,0,0,0,320,1,1,1,1,1,1,1,1,1,1,1,1,1,1,1,0.33,0.33,0.34,0.33,0.33,0.34,0,0,0,1,0.331450990275449,0.4765500178203502,0.1919989919042008,0.331450990275449,0.4765500178203502,0.1919989919042008,-0,-0,-0,1,0,-5.551115123125783e-17,31.346262,-39226.1121502141,202650,-119.0933547566484,320,0.33,0.33,0.34,0.33,0.33,0.34,0,0,0,-5.551115123125783e-17,31.346262,-39226.1121502141,202650,-119.0933547566484,320,0.33,0.33,0.34,0.33,0.33,0.34,0,0,0,-5.551115123125783e-17
0.916,94.11021079333733,94.11021079333733,0,31.05636956180132,31.05636956180132,31.99747166973469,85.82895410552248,121.5034017755449,75.56039221348554,46.09264127934038,68.6879274399803,33.73838646413164,0,0,0,31.346262,31.346262,0,10.34426646,10.34426646,10.65772908,10.34426646,10.34426646,10.65772908,0,0,0,999.9999868332601,999.9999868332601,0,331.45098591132,476.55001154574,191.9989893762,331.45098591132,476.55001154574,191.9989893762,0,0,0,-39226.1121502141,-39226.1121502141,0,-12944.61700957065,-12944.61700957065,-13336.87813107279,-35574.61662797526,-39671.78119609821,-42337.64961255837,990.4619246841606,1463.649193298381,735.9144097405178,0,0,0,0.2379951664107638,0.1244091294927885,0.05211776025188039,31.90173,31.90173,0,202650,27826.57188551692,19185.23738317802,48229.72047314129,25211.51009171359,10561.66411504356,-119.0933547566484,-119.0933547566484,0,-39.30080706969399,-39.30080706969399,-40.49174061726047,-107.6057612822328,-120.3572823452529,-129.0163245869945,0,0,0,0,0,0,320,1,1,1,1,1,1,1,1,1,1,1,1,1,1,1,0.33,0.33,0.34,0.33,0.33,0.34,0,0,0,1,0.331450990275449,0.4765500178203502,0.1919989919042008,0.331450990275449,0.4765500178203502,0.1919989919042008,-0,-0,-0,1,0,-5.551115123125783e-17,31.346262,-39226.1121502141,202650,-119.0933547566484,320,0.33,0.33,0.34,0.33,0.33,0.34,0,0,0,-5.551115123125783e-17,31.346262,-39226.1121502141,202650,-119.0933547566484,320,0.33,0.33,0.34,0.33,0.33,0.34,0,0,0,-5.551115123125783e-17
0.918,94.11021079333733,94.11021079333733,0,31.05636956180132,31.05636956180132,31.99747166973469,85.82895410552248,121.5034017755449,75.56039221348554,46.09264127934038,68.6879274399803,33.73838646413164,0,0,0,31.346262,31.346262,0,10.34426646,10.34426646,10.65772908,10.34426646,10.34426646,10.65772908,0,0,0,999.9999868332601,999.9999868332601,0,331.45098591132,476.55001154574,191.9989893762,331.45098591132,476.55001154574,191.9989893762,0,0,0,-39226.1121502141,-39226.1121502141,0,-12944.61700957065,-12944.61700957065,-13336.87813107279,-35574.61662797526,-39671.78119609821,-42337.64961255837,990.4619246841606,1463.649193298381,735.9144097405178,0,0,0,0.2379951664107638,0.1244091294927885,0.05211776025188039,31.90173,31.90173,0,202650,27826.57188551692,19185.23738317802,48229.72047314129,25211.51009171359,10561.66411504356,-119.0933547566484,-119.0933547566484,0,-39.30080706969399,-39.30080706969399,-40.49174061726047,-107.6057612822328,-120.3572823452529,-129.0163245869945,0,0,0,0,0,0,320,1,1,1,1,1,1,1,1,1,1,1,1,1,1,1,0.33,0.33,0.34,0.33,0.33,0.34,0,0,0,1,0.331450990275449,0.4765500178203502,0.1919989919042008,0.331450990275449,0.4765500178203502,0.1919989919042008,-0,-0,-0,1,0,-5.551115123125783e-17,31.346262,-39226.1121502141,202650,-119.0933547566484,320,0.33,0.33,0.34,0.33,0.33,0.34,0,0,0,-5.551115123125783e-17,31.346262,-39226.1121502141,202650,-119.0933547566484,320,0.33,0.33,0.34,0.33,0.33,0.34,0,0,0,-5.551115123125783e-17
0.92,94.11021079333733,94.11021079333733,0,31.05636956180132,31.05636956180132,31.99747166973469,85.82895410552248,121.5034017755449,75.56039221348554,46.09264127934038,68.6879274399803,33.73838646413164,0,0,0,31.346262,31.346262,0,10.34426646,10.34426646,10.65772908,10.34426646,10.34426646,10.65772908,0,0,0,999.9999868332601,999.9999868332601,0,331.45098591132,476.55001154574,191.9989893762,331.45098591132,476.55001154574,191.9989893762,0,0,0,-39226.1121502141,-39226.1121502141,0,-12944.61700957065,-12944.61700957065,-13336.87813107279,-35574.61662797526,-39671.78119609821,-42337.64961255837,990.4619246841606,1463.649193298381,735.9144097405178,0,0,0,0.2379951664107638,0.1244091294927885,0.05211776025188039,31.90173,31.90173,0,202650,27826.57188551692,19185.23738317802,48229.72047314129,25211.51009171359,10561.66411504356,-119.0933547566484,-119.0933547566484,0,-39.30080706969399,-39.30080706969399,-40.49174061726047,-107.6057612822328,-120.3572823452529,-129.0163245869945,0,0,0,0,0,0,320,1,1,1,1,1,1,1,1,1,1,1,1,1,1,1,0.33,0.33,0.34,0.33,0.33,0.34,0,0,0,1,0.331450990275449,0.4765500178203502,0.1919989919042008,0.331450990275449,0.4765500178203502,0.1919989919042008,-0,-0,-0,1,0,-5.551115123125783e-17,31.346262,-39226.1121502141,202650,-119.0933547566484,320,0.33,0.33,0.34,0.33,0.33,0.34,0,0,0,-5.551115123125783e-17,31.346262,-39226.1121502141,202650,-119.0933547566484,320,0.33,0.33,0.34,0.33,0.33,0.34,0,0,0,-5.551115123125783e-17
0.922,94.11021079333733,94.11021079333733,0,31.05636956180132,31.05636956180132,31.99747166973469,85.82895410552248,121.5034017755449,75.56039221348554,46.09264127934038,68.6879274399803,33.73838646413164,0,0,0,31.346262,31.346262,0,10.34426646,10.34426646,10.65772908,10.34426646,10.34426646,10.65772908,0,0,0,999.9999868332601,999.9999868332601,0,331.45098591132,476.55001154574,191.9989893762,331.45098591132,476.55001154574,191.9989893762,0,0,0,-39226.1121502141,-39226.1121502141,0,-12944.61700957065,-12944.61700957065,-13336.87813107279,-35574.61662797526,-39671.78119609821,-42337.64961255837,990.4619246841606,1463.649193298381,735.9144097405178,0,0,0,0.2379951664107638,0.1244091294927885,0.05211776025188039,31.90173,31.90173,0,202650,27826.57188551692,19185.23738317802,48229.72047314129,25211.51009171359,10561.66411504356,-119.0933547566484,-119.0933547566484,0,-39.30080706969399,-39.30080706969399,-40.49174061726047,-107.6057612822328,-120.3572823452529,-129.0163245869945,0,0,0,0,0,0,320,1,1,1,1,1,1,1,1,1,1,1,1,1,1,1,0.33,0.33,0.34,0.33,0.33,0.34,0,0,0,1,0.331450990275449,0.4765500178203502,0.1919989919042008,0.331450990275449,0.4765500178203502,0.1919989919042008,-0,-0,-0,1,0,-5.551115123125783e-17,31.346262,-39226.1121502141,202650,-119.0933547566484,320,0.33,0.33,0.34,0.33,0.33,0.34,0,0,0,-5.551115123125783e-17,31.346262,-39226.1121502141,202650,-119.0933547566484,320,0.33,0.33,0.34,0.33,0.33,0.34,0,0,0,-5.551115123125783e-17
0.924,94.11021079333733,94.11021079333733,0,31.05636956180132,31.05636956180132,31.99747166973469,85.82895410552248,121.5034017755449,75.56039221348554,46.09264127934038,68.6879274399803,33.73838646413164,0,0,0,31.346262,31.346262,0,10.34426646,10.34426646,10.65772908,10.34426646,10.34426646,10.65772908,0,0,0,999.9999868332601,999.9999868332601,0,331.45098591132,476.55001154574,191.9989893762,331.45098591132,476.55001154574,191.9989893762,0,0,0,-39226.1121502141,-39226.1121502141,0,-12944.61700957065,-12944.61700957065,-13336.87813107279,-35574.61662797526,-39671.78119609821,-42337.64961255837,990.4619246841606,1463.649193298381,735.9144097405178,0,0,0,0.2379951664107638,0.1244091294927885,0.05211776025188039,31.90173,31.90173,0,202650,27826.57188551692,19185.23738317802,48229.72047314129,25211.51009171359,10561.66411504356,-119.0933547566484,-119.0933547566484,0,-39.30080706969399,-39.30080706969399,-40.49174061726047,-107.6057612822328,-120.3572823452529,-129.0163245869945,0,0,0,0,0,0,320,1,1,1,1,1,1,1,1,1,1,1,1,1,1,1,0.33,0.33,0.34,0.33,0.33,0.34,0,0,0,1,0.331450990275449,0.4765500178203502,0.1919989919042008,0.331450990275449,0.4765500178203502,0.1919989919042008,-0,-0,-0,1,0,-5.551115123125783e-17,31.346262,-39226.1121502141,202650,-119.0933547566484,320,0.33,0.33,0.34,0.33,0.33,0.34,0,0,0,-5.551115123125783e-17,31.346262,-39226.1121502141,202650,-119.0933547566484,320,0.33,0.33,0.34,0.33,0.33,0.34,0,0,0,-5.551115123125783e-17
0.926,94.11021079333733,94.11021079333733,0,31.05636956180132,31.05636956180132,31.99747166973469,85.82895410552248,121.5034017755449,75.56039221348554,46.09264127934038,68.6879274399803,33.73838646413164,0,0,0,31.346262,31.346262,0,10.34426646,10.34426646,10.65772908,10.34426646,10.34426646,10.65772908,0,0,0,999.9999868332601,999.9999868332601,0,331.45098591132,476.55001154574,191.9989893762,331.45098591132,476.55001154574,191.9989893762,0,0,0,-39226.1121502141,-39226.1121502141,0,-12944.61700957065,-12944.61700957065,-13336.87813107279,-35574.61662797526,-39671.78119609821,-42337.64961255837,990.4619246841606,1463.649193298381,735.9144097405178,0,0,0,0.2379951664107638,0.1244091294927885,0.05211776025188039,31.90173,31.90173,0,202650,27826.57188551692,19185.23738317802,48229.72047314129,25211.51009171359,10561.66411504356,-119.0933547566484,-119.0933547566484,0,-39.30080706969399,-39.30080706969399,-40.49174061726047,-107.6057612822328,-120.3572823452529,-129.0163245869945,0,0,0,0,0,0,320,1,1,1,1,1,1,1,1,1,1,1,1,1,1,1,0.33,0.33,0.34,0.33,0.33,0.34,0,0,0,1,0.331450990275449,0.4765500178203502,0.1919989919042008,0.331450990275449,0.4765500178203502,0.1919989919042008,-0,-0,-0,1,0,-5.551115123125783e-17,31.346262,-39226.1121502141,202650,-119.0933547566484,320,0.33,0.33,0.34,0.33,0.33,0.34,0,0,0,-5.551115123125783e-17,31.346262,-39226.1121502141,202650,-119.0933547566484,320,0.33,0.33,0.34,0.33,0.33,0.34,0,0,0,-5.551115123125783e-17
0.928,94.11021079333733,94.11021079333733,0,31.05636956180132,31.05636956180132,31.99747166973469,85.82895410552248,121.5034017755449,75.56039221348554,46.09264127934038,68.6879274399803,33.73838646413164,0,0,0,31.346262,31.346262,0,10.34426646,10.34426646,10.65772908,10.34426646,10.34426646,10.65772908,0,0,0,999.9999868332601,999.9999868332601,0,331.45098591132,476.55001154574,191.9989893762,331.45098591132,476.55001154574,191.9989893762,0,0,0,-39226.1121502141,-39226.1121502141,0,-12944.61700957065,-12944.61700957065,-13336.87813107279,-35574.61662797526,-39671.78119609821,-42337.64961255837,990.4619246841606,1463.649193298381,735.9144097405178,0,0,0,0.2379951664107638,0.1244091294927885,0.05211776025188039,31.90173,31.90173,0,202650,27826.57188551692,19185.23738317802,48229.72047314129,25211.51009171359,10561.66411504356,-119.0933547566484,-119.0933547566484,0,-39.30080706969399,-39.30080706969399,-40.49174061726047,-107.6057612822328,-120.3572823452529,-129.0163245869945,0,0,0,0,0,0,320,1,1,1,1,1,1,1,1,1,1,1,1,1,1,1,0.33,0.33,0.34,0.33,0.33,0.34,0,0,0,1,0.331450990275449,0.4765500178203502,0.1919989919042008,0.331450990275449,0.4765500178203502,0.1919989919042008,-0,-0,-0,1,0,-5.551115123125783e-17,31.346262,-39226.1121502141,202650,-119.0933547566484,320,0.33,0.33,0.34,0.33,0.33,0.34,0,0,0,-5.551115123125783e-17,31.346262,-39226.1121502141,202650,-119.0933547566484,320,0.33,0.33,0.34,0.33,0.33,0.34,0,0,0,-5.551115123125783e-17
0.93,94.11021079333733,94.11021079333733,0,31.05636956180132,31.05636956180132,31.99747166973469,85.82895410552248,121.5034017755449,75.56039221348554,46.09264127934038,68.6879274399803,33.73838646413164,0,0,0,31.346262,31.346262,0,10.34426646,10.34426646,10.65772908,10.34426646,10.34426646,10.65772908,0,0,0,999.9999868332601,999.9999868332601,0,331.45098591132,476.55001154574,191.9989893762,331.45098591132,476.55001154574,191.9989893762,0,0,0,-39226.1121502141,-39226.1121502141,0,-12944.61700957065,-12944.61700957065,-13336.87813107279,-35574.61662797526,-39671.78119609821,-42337.64961255837,990.4619246841606,1463.649193298381,735.9144097405178,0,0,0,0.2379951664107638,0.1244091294927885,0.05211776025188039,31.90173,31.90173,0,202650,27826.57188551692,19185.23738317802,48229.72047314129,25211.51009171359,10561.66411504356,-119.0933547566484,-119.0933547566484,0,-39.30080706969399,-39.30080706969399,-40.49174061726047,-107.6057612822328,-120.3572823452529,-129.0163245869945,0,0,0,0,0,0,320,1,1,1,1,1,1,1,1,1,1,1,1,1,1,1,0.33,0.33,0.34,0.33,0.33,0.34,0,0,0,1,0.331450990275449,0.4765500178203502,0.1919989919042008,0.331450990275449,0.4765500178203502,0.1919989919042008,-0,-0,-0,1,0,-5.551115123125783e-17,31.346262,-39226.1121502141,202650,-119.0933547566484,320,0.33,0.33,0.34,0.33,0.33,0.34,0,0,0,-5.551115123125783e-17,31.346262,-39226.1121502141,202650,-119.0933547566484,320,0.33,0.33,0.34,0.33,0.33,0.34,0,0,0,-5.551115123125783e-17
0.9320000000000001,94.11021079333733,94.11021079333733,0,31.05636956180132,31.05636956180132,31.99747166973469,85.82895410552248,121.5034017755449,75.56039221348554,46.09264127934038,68.6879274399803,33.73838646413164,0,0,0,31.346262,31.346262,0,10.34426646,10.34426646,10.65772908,10.34426646,10.34426646,10.65772908,0,0,0,999.9999868332601,999.9999868332601,0,331.45098591132,476.55001154574,191.9989893762,331.45098591132,476.55001154574,191.9989893762,0,0,0,-39226.1121502141,-39226.1121502141,0,-12944.61700957065,-12944.61700957065,-13336.87813107279,-35574.61662797526,-39671.78119609821,-42337.64961255837,990.4619246841606,1463.649193298381,735.9144097405178,0,0,0,0.2379951664107638,0.1244091294927885,0.05211776025188039,31.90173,31.90173,0,202650,27826.57188551692,19185.23738317802,48229.72047314129,25211.51009171359,10561.66411504356,-119.0933547566484,-119.0933547566484,0,-39.30080706969399,-39.30080706969399,-40.49174061726047,-107.6057612822328,-120.3572823452529,-129.0163245869945,0,0,0,0,0,0,320,1,1,1,1,1,1,1,1,1,1,1,1,1,1,1,0.33,0.33,0.34,0.33,0.33,0.34,0,0,0,1,0.331450990275449,0.4765500178203502,0.1919989919042008,0.331450990275449,0.4765500178203502,0.1919989919042008,-0,-0,-0,1,0,-5.551115123125783e-17,31.346262,-39226.1121502141,202650,-119.0933547566484,320,0.33,0.33,0.34,0.33,0.33,0.34,0,0,0,-5.551115123125783e-17,31.346262,-39226.1121502141,202650,-119.0933547566484,320,0.33,0.33,0.34,0.33,0.33,0.34,0,0,0,-5.551115123125783e-17
0.9340000000000001,94.11021079333733,94.11021079333733,0,31.05636956180132,31.05636956180132,31.99747166973469,85.82895410552248,121.5034017755449,75.56039221348554,46.09264127934038,68.6879274399803,33.73838646413164,0,0,0,31.346262,31.346262,0,10.34426646,10.34426646,10.65772908,10.34426646,10.34426646,10.65772908,0,0,0,999.9999868332601,999.9999868332601,0,331.45098591132,476.55001154574,191.9989893762,331.45098591132,476.55001154574,191.9989893762,0,0,0,-39226.1121502141,-39226.1121502141,0,-12944.61700957065,-12944.61700957065,-13336.87813107279,-35574.61662797526,-39671.78119609821,-42337.64961255837,990.4619246841606,1463.649193298381,735.9144097405178,0,0,0,0.2379951664107638,0.1244091294927885,0.05211776025188039,31.90173,31.90173,0,202650,27826.57188551692,19185.23738317802,48229.72047314129,25211.51009171359,10561.66411504356,-119.0933547566484,-119.0933547566484,0,-39.30080706969399,-39.30080706969399,-40.49174061726047,-107.6057612822328,-120.3572823452529,-129.0163245869945,0,0,0,0,0,0,320,1,1,1,1,1,1,1,1,1,1,1,1,1,1,1,0.33,0.33,0.34,0.33,0.33,0.34,0,0,0,1,0.331450990275449,0.4765500178203502,0.1919989919042008,0.331450990275449,0.4765500178203502,0.1919989919042008,-0,-0,-0,1,0,-5.551115123125783e-17,31.346262,-39226.1121502141,202650,-119.0933547566484,320,0.33,0.33,0.34,0.33,0.33,0.34,0,0,0,-5.551115123125783e-17,31.346262,-39226.1121502141,202650,-119.0933547566484,320,0.33,0.33,0.34,0.33,0.33,0.34,0,0,0,-5.551115123125783e-17
0.9360000000000001,94.11021079333733,94.11021079333733,0,31.05636956180132,31.05636956180132,31.99747166973469,85.82895410552248,121.5034017755449,75.56039221348554,46.09264127934038,68.6879274399803,33.73838646413164,0,0,0,31.346262,31.346262,0,10.34426646,10.34426646,10.65772908,10.34426646,10.34426646,10.65772908,0,0,0,999.9999868332601,999.9999868332601,0,331.45098591132,476.55001154574,191.9989893762,331.45098591132,476.55001154574,191.9989893762,0,0,0,-39226.1121502141,-39226.1121502141,0,-12944.61700957065,-12944.61700957065,-13336.87813107279,-35574.61662797526,-39671.78119609821,-42337.64961255837,990.4619246841606,1463.649193298381,735.9144097405178,0,0,0,0.2379951664107638,0.1244091294927885,0.05211776025188039,31.90173,31.90173,0,202650,27826.57188551692,19185.23738317802,48229.72047314129,25211.51009171359,10561.66411504356,-119.0933547566484,-119.0933547566484,0,-39.30080706969399,-39.30080706969399,-40.49174061726047,-107.6057612822328,-120.3572823452529,-129.0163245869945,0,0,0,0,0,0,320,1,1,1,1,1,1,1,1,1,1,1,1,1,1,1,0.33,0.33,0.34,0.33,0.33,0.34,0,0,0,1,0.331450990275449,0.4765500178203502,0.1919989919042008,0.331450990275449,0.4765500178203502,0.1919989919042008,-0,-0,-0,1,0,-5.551115123125783e-17,31.346262,-39226.1121502141,202650,-119.0933547566484,320,0.33,0.33,0.34,0.33,0.33,0.34,0,0,0,-5.551115123125783e-17,31.346262,-39226.1121502141,202650,-119.0933547566484,320,0.33,0.33,0.34,0.33,0.33,0.34,0,0,0,-5.551115123125783e-17
0.9379999999999999,94.11021079333733,94.11021079333733,0,31.05636956180132,31.05636956180132,31.99747166973469,85.82895410552248,121.5034017755449,75.56039221348554,46.09264127934038,68.6879274399803,33.73838646413164,0,0,0,31.346262,31.346262,0,10.34426646,10.34426646,10.65772908,10.34426646,10.34426646,10.65772908,0,0,0,999.9999868332601,999.9999868332601,0,331.45098591132,476.55001154574,191.9989893762,331.45098591132,476.55001154574,191.9989893762,0,0,0,-39226.1121502141,-39226.1121502141,0,-12944.61700957065,-12944.61700957065,-13336.87813107279,-35574.61662797526,-39671.78119609821,-42337.64961255837,990.4619246841606,1463.649193298381,735.9144097405178,0,0,0,0.2379951664107638,0.1244091294927885,0.05211776025188039,31.90173,31.90173,0,202650,27826.57188551692,19185.23738317802,48229.72047314129,25211.51009171359,10561.66411504356,-119.0933547566484,-119.0933547566484,0,-39.30080706969399,-39.30080706969399,-40.49174061726047,-107.6057612822328,-120.3572823452529,-129.0163245869945,0,0,0,0,0,0,320,1,1,1,1,1,1,1,1,1,1,1,1,1,1,1,0.33,0.33,0.34,0.33,0.33,0.34,0,0,0,1,0.331450990275449,0.4765500178203502,0.1919989919042008,0.331450990275449,0.4765500178203502,0.1919989919042008,-0,-0,-0,1,0,-5.551115123125783e-17,31.346262,-39226.1121502141,202650,-119.0933547566484,320,0.33,0.33,0.34,0.33,0.33,0.34,0,0,0,-5.551115123125783e-17,31.346262,-39226.1121502141,202650,-119.0933547566484,320,0.33,0.33,0.34,0.33,0.33,0.34,0,0,0,-5.551115123125783e-17
0.9399999999999999,94.11021079333733,94.11021079333733,0,31.05636956180132,31.05636956180132,31.99747166973469,85.82895410552248,121.5034017755449,75.56039221348554,46.09264127934038,68.6879274399803,33.73838646413164,0,0,0,31.346262,31.346262,0,10.34426646,10.34426646,10.65772908,10.34426646,10.34426646,10.65772908,0,0,0,999.9999868332601,999.9999868332601,0,331.45098591132,476.55001154574,191.9989893762,331.45098591132,476.55001154574,191.9989893762,0,0,0,-39226.1121502141,-39226.1121502141,0,-12944.61700957065,-12944.61700957065,-13336.87813107279,-35574.61662797526,-39671.78119609821,-42337.64961255837,990.4619246841606,1463.649193298381,735.9144097405178,0,0,0,0.2379951664107638,0.1244091294927885,0.05211776025188039,31.90173,31.90173,0,202650,27826.57188551692,19185.23738317802,48229.72047314129,25211.51009171359,10561.66411504356,-119.0933547566484,-119.0933547566484,0,-39.30080706969399,-39.30080706969399,-40.49174061726047,-107.6057612822328,-120.3572823452529,-129.0163245869945,0,0,0,0,0,0,320,1,1,1,1,1,1,1,1,1,1,1,1,1,1,1,0.33,0.33,0.34,0.33,0.33,0.34,0,0,0,1,0.331450990275449,0.4765500178203502,0.1919989919042008,0.331450990275449,0.4765500178203502,0.1919989919042008,-0,-0,-0,1,0,-5.551115123125783e-17,31.346262,-39226.1121502141,202650,-119.0933547566484,320,0.33,0.33,0.34,0.33,0.33,0.34,0,0,0,-5.551115123125783e-17,31.346262,-39226.1121502141,202650,-119.0933547566484,320,0.33,0.33,0.34,0.33,0.33,0.34,0,0,0,-5.551115123125783e-17
0.9419999999999999,94.11021079333733,94.11021079333733,0,31.05636956180132,31.05636956180132,31.99747166973469,85.82895410552248,121.5034017755449,75.56039221348554,46.09264127934038,68.6879274399803,33.73838646413164,0,0,0,31.346262,31.346262,0,10.34426646,10.34426646,10.65772908,10.34426646,10.34426646,10.65772908,0,0,0,999.9999868332601,999.9999868332601,0,331.45098591132,476.55001154574,191.9989893762,331.45098591132,476.55001154574,191.9989893762,0,0,0,-39226.1121502141,-39226.1121502141,0,-12944.61700957065,-12944.61700957065,-13336.87813107279,-35574.61662797526,-39671.78119609821,-42337.64961255837,990.4619246841606,1463.649193298381,735.9144097405178,0,0,0,0.2379951664107638,0.1244091294927885,0.05211776025188039,31.90173,31.90173,0,202650,27826.57188551692,19185.23738317802,48229.72047314129,25211.51009171359,10561.66411504356,-119.0933547566484,-119.0933547566484,0,-39.30080706969399,-39.30080706969399,-40.49174061726047,-107.6057612822328,-120.3572823452529,-129.0163245869945,0,0,0,0,0,0,320,1,1,1,1,1,1,1,1,1,1,1,1,1,1,1,0.33,0.33,0.34,0.33,0.33,0.34,0,0,0,1,0.331450990275449,0.4765500178203502,0.1919989919042008,0.331450990275449,0.4765500178203502,0.1919989919042008,-0,-0,-0,1,0,-5.551115123125783e-17,31.346262,-39226.1121502141,202650,-119.0933547566484,320,0.33,0.33,0.34,0.33,0.33,0.34,0,0,0,-5.551115123125783e-17,31.346262,-39226.1121502141,202650,-119.0933547566484,320,0.33,0.33,0.34,0.33,0.33,0.34,0,0,0,-5.551115123125783e-17
0.944,94.11021079333733,94.11021079333733,0,31.05636956180132,31.05636956180132,31.99747166973469,85.82895410552248,121.5034017755449,75.56039221348554,46.09264127934038,68.6879274399803,33.73838646413164,0,0,0,31.346262,31.346262,0,10.34426646,10.34426646,10.65772908,10.34426646,10.34426646,10.65772908,0,0,0,999.9999868332601,999.9999868332601,0,331.45098591132,476.55001154574,191.9989893762,331.45098591132,476.55001154574,191.9989893762,0,0,0,-39226.1121502141,-39226.1121502141,0,-12944.61700957065,-12944.61700957065,-13336.87813107279,-35574.61662797526,-39671.78119609821,-42337.64961255837,990.4619246841606,1463.649193298381,735.9144097405178,0,0,0,0.2379951664107638,0.1244091294927885,0.05211776025188039,31.90173,31.90173,0,202650,27826.57188551692,19185.23738317802,48229.72047314129,25211.51009171359,10561.66411504356,-119.0933547566484,-119.0933547566484,0,-39.30080706969399,-39.30080706969399,-40.49174061726047,-107.6057612822328,-120.3572823452529,-129.0163245869945,0,0,0,0,0,0,320,1,1,1,1,1,1,1,1,1,1,1,1,1,1,1,0.33,0.33,0.34,0.33,0.33,0.34,0,0,0,1,0.331450990275449,0.4765500178203502,0.1919989919042008,0.331450990275449,0.4765500178203502,0.1919989919042008,-0,-0,-0,1,0,-5.551115123125783e-17,31.346262,-39226.1121502141,202650,-119.0933547566484,320,0.33,0.33,0.34,0.33,0.33,0.34,0,0,0,-5.551115123125783e-17,31.346262,-39226.1121502141,202650,-119.0933547566484,320,0.33,0.33,0.34,0.33,0.33,0.34,0,0,0,-5.551115123125783e-17
0.946,94.11021079333733,94.11021079333733,0,31.05636956180132,31.05636956180132,31.99747166973469,85.82895410552248,121.5034017755449,75.56039221348554,46.09264127934038,68.6879274399803,33.73838646413164,0,0,0,31.346262,31.346262,0,10.34426646,10.34426646,10.65772908,10.34426646,10.34426646,10.65772908,0,0,0,999.9999868332601,999.9999868332601,0,331.45098591132,476.55001154574,191.9989893762,331.45098591132,476.55001154574,191.9989893762,0,0,0,-39226.1121502141,-39226.1121502141,0,-12944.61700957065,-12944.61700957065,-13336.87813107279,-35574.61662797526,-39671.78119609821,-42337.64961255837,990.4619246841606,1463.649193298381,735.9144097405178,0,0,0,0.2379951664107638,0.1244091294927885,0.05211776025188039,31.90173,31.90173,0,202650,27826.57188551692,19185.23738317802,48229.72047314129,25211.51009171359,10561.66411504356,-119.0933547566484,-119.0933547566484,0,-39.30080706969399,-39.30080706969399,-40.49174061726047,-107.6057612822328,-120.3572823452529,-129.0163245869945,0,0,0,0,0,0,320,1,1,1,1,1,1,1,1,1,1,1,1,1,1,1,0.33,0.33,0.34,0.33,0.33,0.34,0,0,0,1,0.331450990275449,0.4765500178203502,0.1919989919042008,0.331450990275449,0.4765500178203502,0.1919989919042008,-0,-0,-0,1,0,-5.551115123125783e-17,31.346262,-39226.1121502141,202650,-119.0933547566484,320,0.33,0.33,0.34,0.33,0.33,0.34,0,0,0,-5.551115123125783e-17,31.346262,-39226.1121502141,202650,-119.0933547566484,320,0.33,0.33,0.34,0.33,0.33,0.34,0,0,0,-5.551115123125783e-17
0.948,94.11021079333733,94.11021079333733,0,31.05636956180132,31.05636956180132,31.99747166973469,85.82895410552248,121.5034017755449,75.56039221348554,46.09264127934038,68.6879274399803,33.73838646413164,0,0,0,31.346262,31.346262,0,10.34426646,10.34426646,10.65772908,10.34426646,10.34426646,10.65772908,0,0,0,999.9999868332601,999.9999868332601,0,331.45098591132,476.55001154574,191.9989893762,331.45098591132,476.55001154574,191.9989893762,0,0,0,-39226.1121502141,-39226.1121502141,0,-12944.61700957065,-12944.61700957065,-13336.87813107279,-35574.61662797526,-39671.78119609821,-42337.64961255837,990.4619246841606,1463.649193298381,735.9144097405178,0,0,0,0.2379951664107638,0.1244091294927885,0.05211776025188039,31.90173,31.90173,0,202650,27826.57188551692,19185.23738317802,48229.72047314129,25211.51009171359,10561.66411504356,-119.0933547566484,-119.0933547566484,0,-39.30080706969399,-39.30080706969399,-40.49174061726047,-107.6057612822328,-120.3572823452529,-129.0163245869945,0,0,0,0,0,0,320,1,1,1,1,1,1,1,1,1,1,1,1,1,1,1,0.33,0.33,0.34,0.33,0.33,0.34,0,0,0,1,0.331450990275449,0.4765500178203502,0.1919989919042008,0.331450990275449,0.4765500178203502,0.1919989919042008,-0,-0,-0,1,0,-5.551115123125783e-17,31.346262,-39226.1121502141,202650,-119.0933547566484,320,0.33,0.33,0.34,0.33,0.33,0.34,0,0,0,-5.551115123125783e-17,31.346262,-39226.1121502141,202650,-119.0933547566484,320,0.33,0.33,0.34,0.33,0.33,0.34,0,0,0,-5.551115123125783e-17
0.95,94.11021079333733,94.11021079333733,0,31.05636956180132,31.05636956180132,31.99747166973469,85.82895410552248,121.5034017755449,75.56039221348554,46.09264127934038,68.6879274399803,33.73838646413164,0,0,0,31.346262,31.346262,0,10.34426646,10.34426646,10.65772908,10.34426646,10.34426646,10.65772908,0,0,0,999.9999868332601,999.9999868332601,0,331.45098591132,476.55001154574,191.9989893762,331.45098591132,476.55001154574,191.9989893762,0,0,0,-39226.1121502141,-39226.1121502141,0,-12944.61700957065,-12944.61700957065,-13336.87813107279,-35574.61662797526,-39671.78119609821,-42337.64961255837,990.4619246841606,1463.649193298381,735.9144097405178,0,0,0,0.2379951664107638,0.1244091294927885,0.05211776025188039,31.90173,31.90173,0,202650,27826.57188551692,19185.23738317802,48229.72047314129,25211.51009171359,10561.66411504356,-119.0933547566484,-119.0933547566484,0,-39.30080706969399,-39.30080706969399,-40.49174061726047,-107.6057612822328,-120.3572823452529,-129.0163245869945,0,0,0,0,0,0,320,1,1,1,1,1,1,1,1,1,1,1,1,1,1,1,0.33,0.33,0.34,0.33,0.33,0.34,0,0,0,1,0.331450990275449,0.4765500178203502,0.1919989919042008,0.331450990275449,0.4765500178203502,0.1919989919042008,-0,-0,-0,1,0,-5.551115123125783e-17,31.346262,-39226.1121502141,202650,-119.0933547566484,320,0.33,0.33,0.34,0.33,0.33,0.34,0,0,0,-5.551115123125783e-17,31.346262,-39226.1121502141,202650,-119.0933547566484,320,0.33,0.33,0.34,0.33,0.33,0.34,0,0,0,-5.551115123125783e-17
0.952,94.11021079333733,94.11021079333733,0,31.05636956180132,31.05636956180132,31.99747166973469,85.82895410552248,121.5034017755449,75.56039221348554,46.09264127934038,68.6879274399803,33.73838646413164,0,0,0,31.346262,31.346262,0,10.34426646,10.34426646,10.65772908,10.34426646,10.34426646,10.65772908,0,0,0,999.9999868332601,999.9999868332601,0,331.45098591132,476.55001154574,191.9989893762,331.45098591132,476.55001154574,191.9989893762,0,0,0,-39226.1121502141,-39226.1121502141,0,-12944.61700957065,-12944.61700957065,-13336.87813107279,-35574.61662797526,-39671.78119609821,-42337.64961255837,990.4619246841606,1463.649193298381,735.9144097405178,0,0,0,0.2379951664107638,0.1244091294927885,0.05211776025188039,31.90173,31.90173,0,202650,27826.57188551692,19185.23738317802,48229.72047314129,25211.51009171359,10561.66411504356,-119.0933547566484,-119.0933547566484,0,-39.30080706969399,-39.30080706969399,-40.49174061726047,-107.6057612822328,-120.3572823452529,-129.0163245869945,0,0,0,0,0,0,320,1,1,1,1,1,1,1,1,1,1,1,1,1,1,1,0.33,0.33,0.34,0.33,0.33,0.34,0,0,0,1,0.331450990275449,0.4765500178203502,0.1919989919042008,0.331450990275449,0.4765500178203502,0.1919989919042008,-0,-0,-0,1,0,-5.551115123125783e-17,31.346262,-39226.1121502141,202650,-119.0933547566484,320,0.33,0.33,0.34,0.33,0.33,0.34,0,0,0,-5.551115123125783e-17,31.346262,-39226.1121502141,202650,-119.0933547566484,320,0.33,0.33,0.34,0.33,0.33,0.34,0,0,0,-5.551115123125783e-17
0.954,94.11021079333733,94.11021079333733,0,31.05636956180132,31.05636956180132,31.99747166973469,85.82895410552248,121.5034017755449,75.56039221348554,46.09264127934038,68.6879274399803,33.73838646413164,0,0,0,31.346262,31.346262,0,10.34426646,10.34426646,10.65772908,10.34426646,10.34426646,10.65772908,0,0,0,999.9999868332601,999.9999868332601,0,331.45098591132,476.55001154574,191.9989893762,331.45098591132,476.55001154574,191.9989893762,0,0,0,-39226.1121502141,-39226.1121502141,0,-12944.61700957065,-12944.61700957065,-13336.87813107279,-35574.61662797526,-39671.78119609821,-42337.64961255837,990.4619246841606,1463.649193298381,735.9144097405178,0,0,0,0.2379951664107638,0.1244091294927885,0.05211776025188039,31.90173,31.90173,0,202650,27826.57188551692,19185.23738317802,48229.72047314129,25211.51009171359,10561.66411504356,-119.0933547566484,-119.0933547566484,0,-39.30080706969399,-39.30080706969399,-40.49174061726047,-107.6057612822328,-120.3572823452529,-129.0163245869945,0,0,0,0,0,0,320,1,1,1,1,1,1,1,1,1,1,1,1,1,1,1,0.33,0.33,0.34,0.33,0.33,0.34,0,0,0,1,0.331450990275449,0.4765500178203502,0.1919989919042008,0.331450990275449,0.4765500178203502,0.1919989919042008,-0,-0,-0,1,0,-5.551115123125783e-17,31.346262,-39226.1121502141,202650,-119.0933547566484,320,0.33,0.33,0.34,0.33,0.33,0.34,0,0,0,-5.551115123125783e-17,31.346262,-39226.1121502141,202650,-119.0933547566484,320,0.33,0.33,0.34,0.33,0.33,0.34,0,0,0,-5.551115123125783e-17
0.956,94.11021079333733,94.11021079333733,0,31.05636956180132,31.05636956180132,31.99747166973469,85.82895410552248,121.5034017755449,75.56039221348554,46.09264127934038,68.6879274399803,33.73838646413164,0,0,0,31.346262,31.346262,0,10.34426646,10.34426646,10.65772908,10.34426646,10.34426646,10.65772908,0,0,0,999.9999868332601,999.9999868332601,0,331.45098591132,476.55001154574,191.9989893762,331.45098591132,476.55001154574,191.9989893762,0,0,0,-39226.1121502141,-39226.1121502141,0,-12944.61700957065,-12944.61700957065,-13336.87813107279,-35574.61662797526,-39671.78119609821,-42337.64961255837,990.4619246841606,1463.649193298381,735.9144097405178,0,0,0,0.2379951664107638,0.1244091294927885,0.05211776025188039,31.90173,31.90173,0,202650,27826.57188551692,19185.23738317802,48229.72047314129,25211.51009171359,10561.66411504356,-119.0933547566484,-119.0933547566484,0,-39.30080706969399,-39.30080706969399,-40.49174061726047,-107.6057612822328,-120.3572823452529,-129.0163245869945,0,0,0,0,0,0,320,1,1,1,1,1,1,1,1,1,1,1,1,1,1,1,0.33,0.33,0.34,0.33,0.33,0.34,0,0,0,1,0.331450990275449,0.4765500178203502,0.1919989919042008,0.331450990275449,0.4765500178203502,0.1919989919042008,-0,-0,-0,1,0,-5.551115123125783e-17,31.346262,-39226.1121502141,202650,-119.0933547566484,320,0.33,0.33,0.34,0.33,0.33,0.34,0,0,0,-5.551115123125783e-17,31.346262,-39226.1121502141,202650,-119.0933547566484,320,0.33,0.33,0.34,0.33,0.33,0.34,0,0,0,-5.551115123125783e-17
0.958,94.11021079333733,94.11021079333733,0,31.05636956180132,31.05636956180132,31.99747166973469,85.82895410552248,121.5034017755449,75.56039221348554,46.09264127934038,68.6879274399803,33.73838646413164,0,0,0,31.346262,31.346262,0,10.34426646,10.34426646,10.65772908,10.34426646,10.34426646,10.65772908,0,0,0,999.9999868332601,999.9999868332601,0,331.45098591132,476.55001154574,191.9989893762,331.45098591132,476.55001154574,191.9989893762,0,0,0,-39226.1121502141,-39226.1121502141,0,-12944.61700957065,-12944.61700957065,-13336.87813107279,-35574.61662797526,-39671.78119609821,-42337.64961255837,990.4619246841606,1463.649193298381,735.9144097405178,0,0,0,0.2379951664107638,0.1244091294927885,0.05211776025188039,31.90173,31.90173,0,202650,27826.57188551692,19185.23738317802,48229.72047314129,25211.51009171359,10561.66411504356,-119.0933547566484,-119.0933547566484,0,-39.30080706969399,-39.30080706969399,-40.49174061726047,-107.6057612822328,-120.3572823452529,-129.0163245869945,0,0,0,0,0,0,320,1,1,1,1,1,1,1,1,1,1,1,1,1,1,1,0.33,0.33,0.34,0.33,0.33,0.34,0,0,0,1,0.331450990275449,0.4765500178203502,0.1919989919042008,0.331450990275449,0.4765500178203502,0.1919989919042008,-0,-0,-0,1,0,-5.551115123125783e-17,31.346262,-39226.1121502141,202650,-119.0933547566484,320,0.33,0.33,0.34,0.33,0.33,0.34,0,0,0,-5.551115123125783e-17,31.346262,-39226.1121502141,202650,-119.0933547566484,320,0.33,0.33,0.34,0.33,0.33,0.34,0,0,0,-5.551115123125783e-17
0.96,94.11021079333733,94.11021079333733,0,31.05636956180132,31.05636956180132,31.99747166973469,85.82895410552248,121.5034017755449,75.56039221348554,46.09264127934038,68.6879274399803,33.73838646413164,0,0,0,31.346262,31.346262,0,10.34426646,10.34426646,10.65772908,10.34426646,10.34426646,10.65772908,0,0,0,999.9999868332601,999.9999868332601,0,331.45098591132,476.55001154574,191.9989893762,331.45098591132,476.55001154574,191.9989893762,0,0,0,-39226.1121502141,-39226.1121502141,0,-12944.61700957065,-12944.61700957065,-13336.87813107279,-35574.61662797526,-39671.78119609821,-42337.64961255837,990.4619246841606,1463.649193298381,735.9144097405178,0,0,0,0.2379951664107638,0.1244091294927885,0.05211776025188039,31.90173,31.90173,0,202650,27826.57188551692,19185.23738317802,48229.72047314129,25211.51009171359,10561.66411504356,-119.0933547566484,-119.0933547566484,0,-39.30080706969399,-39.30080706969399,-40.49174061726047,-107.6057612822328,-120.3572823452529,-129.0163245869945,0,0,0,0,0,0,320,1,1,1,1,1,1,1,1,1,1,1,1,1,1,1,0.33,0.33,0.34,0.33,0.33,0.34,0,0,0,1,0.331450990275449,0.4765500178203502,0.1919989919042008,0.331450990275449,0.4765500178203502,0.1919989919042008,-0,-0,-0,1,0,-5.551115123125783e-17,31.346262,-39226.1121502141,202650,-119.0933547566484,320,0.33,0.33,0.34,0.33,0.33,0.34,0,0,0,-5.551115123125783e-17,31.346262,-39226.1121502141,202650,-119.0933547566484,320,0.33,0.33,0.34,0.33,0.33,0.34,0,0,0,-5.551115123125783e-17
0.962,94.11021079333733,94.11021079333733,0,31.05636956180132,31.05636956180132,31.99747166973469,85.82895410552248,121.5034017755449,75.56039221348554,46.09264127934038,68.6879274399803,33.73838646413164,0,0,0,31.346262,31.346262,0,10.34426646,10.34426646,10.65772908,10.34426646,10.34426646,10.65772908,0,0,0,999.9999868332601,999.9999868332601,0,331.45098591132,476.55001154574,191.9989893762,331.45098591132,476.55001154574,191.9989893762,0,0,0,-39226.1121502141,-39226.1121502141,0,-12944.61700957065,-12944.61700957065,-13336.87813107279,-35574.61662797526,-39671.78119609821,-42337.64961255837,990.4619246841606,1463.649193298381,735.9144097405178,0,0,0,0.2379951664107638,0.1244091294927885,0.05211776025188039,31.90173,31.90173,0,202650,27826.57188551692,19185.23738317802,48229.72047314129,25211.51009171359,10561.66411504356,-119.0933547566484,-119.0933547566484,0,-39.30080706969399,-39.30080706969399,-40.49174061726047,-107.6057612822328,-120.3572823452529,-129.0163245869945,0,0,0,0,0,0,320,1,1,1,1,1,1,1,1,1,1,1,1,1,1,1,0.33,0.33,0.34,0.33,0.33,0.34,0,0,0,1,0.331450990275449,0.4765500178203502,0.1919989919042008,0.331450990275449,0.4765500178203502,0.1919989919042008,-0,-0,-0,1,0,-5.551115123125783e-17,31.346262,-39226.1121502141,202650,-119.0933547566484,320,0.33,0.33,0.34,0.33,0.33,0.34,0,0,0,-5.551115123125783e-17,31.346262,-39226.1121502141,202650,-119.0933547566484,320,0.33,0.33,0.34,0.33,0.33,0.34,0,0,0,-5.551115123125783e-17
0.964,94.11021079333733,94.11021079333733,0,31.05636956180132,31.05636956180132,31.99747166973469,85.82895410552248,121.5034017755449,75.56039221348554,46.09264127934038,68.6879274399803,33.73838646413164,0,0,0,31.346262,31.346262,0,10.34426646,10.34426646,10.65772908,10.34426646,10.34426646,10.65772908,0,0,0,999.9999868332601,999.9999868332601,0,331.45098591132,476.55001154574,191.9989893762,331.45098591132,476.55001154574,191.9989893762,0,0,0,-39226.1121502141,-39226.1121502141,0,-12944.61700957065,-12944.61700957065,-13336.87813107279,-35574.61662797526,-39671.78119609821,-42337.64961255837,990.4619246841606,1463.649193298381,735.9144097405178,0,0,0,0.2379951664107638,0.1244091294927885,0.05211776025188039,31.90173,31.90173,0,202650,27826.57188551692,19185.23738317802,48229.72047314129,25211.51009171359,10561.66411504356,-119.0933547566484,-119.0933547566484,0,-39.30080706969399,-39.30080706969399,-40.49174061726047,-107.6057612822328,-120.3572823452529,-129.0163245869945,0,0,0,0,0,0,320,1,1,1,1,1,1,1,1,1,1,1,1,1,1,1,0.33,0.33,0.34,0.33,0.33,0.34,0,0,0,1,0.331450990275449,0.4765500178203502,0.1919989919042008,0.331450990275449,0.4765500178203502,0.1919989919042008,-0,-0,-0,1,0,-5.551115123125783e-17,31.346262,-39226.1121502141,202650,-119.0933547566484,320,0.33,0.33,0.34,0.33,0.33,0.34,0,0,0,-5.551115123125783e-17,31.346262,-39226.1121502141,202650,-119.0933547566484,320,0.33,0.33,0.34,0.33,0.33,0.34,0,0,0,-5.551115123125783e-17
0.966,94.11021079333733,94.11021079333733,0,31.05636956180132,31.05636956180132,31.99747166973469,85.82895410552248,121.5034017755449,75.56039221348554,46.09264127934038,68.6879274399803,33.73838646413164,0,0,0,31.346262,31.346262,0,10.34426646,10.34426646,10.65772908,10.34426646,10.34426646,10.65772908,0,0,0,999.9999868332601,999.9999868332601,0,331.45098591132,476.55001154574,191.9989893762,331.45098591132,476.55001154574,191.9989893762,0,0,0,-39226.1121502141,-39226.1121502141,0,-12944.61700957065,-12944.61700957065,-13336.87813107279,-35574.61662797526,-39671.78119609821,-42337.64961255837,990.4619246841606,1463.649193298381,735.9144097405178,0,0,0,0.2379951664107638,0.1244091294927885,0.05211776025188039,31.90173,31.90173,0,202650,27826.57188551692,19185.23738317802,48229.72047314129,25211.51009171359,10561.66411504356,-119.0933547566484,-119.0933547566484,0,-39.30080706969399,-39.30080706969399,-40.49174061726047,-107.6057612822328,-120.3572823452529,-129.0163245869945,0,0,0,0,0,0,320,1,1,1,1,1,1,1,1,1,1,1,1,1,1,1,0.33,0.33,0.34,0.33,0.33,0.34,0,0,0,1,0.331450990275449,0.4765500178203502,0.1919989919042008,0.331450990275449,0.4765500178203502,0.1919989919042008,-0,-0,-0,1,0,-5.551115123125783e-17,31.346262,-39226.1121502141,202650,-119.0933547566484,320,0.33,0.33,0.34,0.33,0.33,0.34,0,0,0,-5.551115123125783e-17,31.346262,-39226.1121502141,202650,-119.0933547566484,320,0.33,0.33,0.34,0.33,0.33,0.34,0,0,0,-5.551115123125783e-17
0.968,94.11021079333733,94.11021079333733,0,31.05636956180132,31.05636956180132,31.99747166973469,85.82895410552248,121.5034017755449,75.56039221348554,46.09264127934038,68.6879274399803,33.73838646413164,0,0,0,31.346262,31.346262,0,10.34426646,10.34426646,10.65772908,10.34426646,10.34426646,10.65772908,0,0,0,999.9999868332601,999.9999868332601,0,331.45098591132,476.55001154574,191.9989893762,331.45098591132,476.55001154574,191.9989893762,0,0,0,-39226.1121502141,-39226.1121502141,0,-12944.61700957065,-12944.61700957065,-13336.87813107279,-35574.61662797526,-39671.78119609821,-42337.64961255837,990.4619246841606,1463.649193298381,735.9144097405178,0,0,0,0.2379951664107638,0.1244091294927885,0.05211776025188039,31.90173,31.90173,0,202650,27826.57188551692,19185.23738317802,48229.72047314129,25211.51009171359,10561.66411504356,-119.0933547566484,-119.0933547566484,0,-39.30080706969399,-39.30080706969399,-40.49174061726047,-107.6057612822328,-120.3572823452529,-129.0163245869945,0,0,0,0,0,0,320,1,1,1,1,1,1,1,1,1,1,1,1,1,1,1,0.33,0.33,0.34,0.33,0.33,0.34,0,0,0,1,0.331450990275449,0.4765500178203502,0.1919989919042008,0.331450990275449,0.4765500178203502,0.1919989919042008,-0,-0,-0,1,0,-5.551115123125783e-17,31.346262,-39226.1121502141,202650,-119.0933547566484,320,0.33,0.33,0.34,0.33,0.33,0.34,0,0,0,-5.551115123125783e-17,31.346262,-39226.1121502141,202650,-119.0933547566484,320,0.33,0.33,0.34,0.33,0.33,0.34,0,0,0,-5.551115123125783e-17
0.97,94.11021079333733,94.11021079333733,0,31.05636956180132,31.05636956180132,31.99747166973469,85.82895410552248,121.5034017755449,75.56039221348554,46.09264127934038,68.6879274399803,33.73838646413164,0,0,0,31.346262,31.346262,0,10.34426646,10.34426646,10.65772908,10.34426646,10.34426646,10.65772908,0,0,0,999.9999868332601,999.9999868332601,0,331.45098591132,476.55001154574,191.9989893762,331.45098591132,476.55001154574,191.9989893762,0,0,0,-39226.1121502141,-39226.1121502141,0,-12944.61700957065,-12944.61700957065,-13336.87813107279,-35574.61662797526,-39671.78119609821,-42337.64961255837,990.4619246841606,1463.649193298381,735.9144097405178,0,0,0,0.2379951664107638,0.1244091294927885,0.05211776025188039,31.90173,31.90173,0,202650,27826.57188551692,19185.23738317802,48229.72047314129,25211.51009171359,10561.66411504356,-119.0933547566484,-119.0933547566484,0,-39.30080706969399,-39.30080706969399,-40.49174061726047,-107.6057612822328,-120.3572823452529,-129.0163245869945,0,0,0,0,0,0,320,1,1,1,1,1,1,1,1,1,1,1,1,1,1,1,0.33,0.33,0.34,0.33,0.33,0.34,0,0,0,1,0.331450990275449,0.4765500178203502,0.1919989919042008,0.331450990275449,0.4765500178203502,0.1919989919042008,-0,-0,-0,1,0,-5.551115123125783e-17,31.346262,-39226.1121502141,202650,-119.0933547566484,320,0.33,0.33,0.34,0.33,0.33,0.34,0,0,0,-5.551115123125783e-17,31.346262,-39226.1121502141,202650,-119.0933547566484,320,0.33,0.33,0.34,0.33,0.33,0.34,0,0,0,-5.551115123125783e-17
0.972,94.11021079333733,94.11021079333733,0,31.05636956180132,31.05636956180132,31.99747166973469,85.82895410552248,121.5034017755449,75.56039221348554,46.09264127934038,68.6879274399803,33.73838646413164,0,0,0,31.346262,31.346262,0,10.34426646,10.34426646,10.65772908,10.34426646,10.34426646,10.65772908,0,0,0,999.9999868332601,999.9999868332601,0,331.45098591132,476.55001154574,191.9989893762,331.45098591132,476.55001154574,191.9989893762,0,0,0,-39226.1121502141,-39226.1121502141,0,-12944.61700957065,-12944.61700957065,-13336.87813107279,-35574.61662797526,-39671.78119609821,-42337.64961255837,990.4619246841606,1463.649193298381,735.9144097405178,0,0,0,0.2379951664107638,0.1244091294927885,0.05211776025188039,31.90173,31.90173,0,202650,27826.57188551692,19185.23738317802,48229.72047314129,25211.51009171359,10561.66411504356,-119.0933547566484,-119.0933547566484,0,-39.30080706969399,-39.30080706969399,-40.49174061726047,-107.6057612822328,-120.3572823452529,-129.0163245869945,0,0,0,0,0,0,320,1,1,1,1,1,1,1,1,1,1,1,1,1,1,1,0.33,0.33,0.34,0.33,0.33,0.34,0,0,0,1,0.331450990275449,0.4765500178203502,0.1919989919042008,0.331450990275449,0.4765500178203502,0.1919989919042008,-0,-0,-0,1,0,-5.551115123125783e-17,31.346262,-39226.1121502141,202650,-119.0933547566484,320,0.33,0.33,0.34,0.33,0.33,0.34,0,0,0,-5.551115123125783e-17,31.346262,-39226.1121502141,202650,-119.0933547566484,320,0.33,0.33,0.34,0.33,0.33,0.34,0,0,0,-5.551115123125783e-17
0.974,94.11021079333733,94.11021079333733,0,31.05636956180132,31.05636956180132,31.99747166973469,85.82895410552248,121.5034017755449,75.56039221348554,46.09264127934038,68.6879274399803,33.73838646413164,0,0,0,31.346262,31.346262,0,10.34426646,10.34426646,10.65772908,10.34426646,10.34426646,10.65772908,0,0,0,999.9999868332601,999.9999868332601,0,331.45098591132,476.55001154574,191.9989893762,331.45098591132,476.55001154574,191.9989893762,0,0,0,-39226.1121502141,-39226.1121502141,0,-12944.61700957065,-12944.61700957065,-13336.87813107279,-35574.61662797526,-39671.78119609821,-42337.64961255837,990.4619246841606,1463.649193298381,735.9144097405178,0,0,0,0.2379951664107638,0.1244091294927885,0.05211776025188039,31.90173,31.90173,0,202650,27826.57188551692,19185.23738317802,48229.72047314129,25211.51009171359,10561.66411504356,-119.0933547566484,-119.0933547566484,0,-39.30080706969399,-39.30080706969399,-40.49174061726047,-107.6057612822328,-120.3572823452529,-129.0163245869945,0,0,0,0,0,0,320,1,1,1,1,1,1,1,1,1,1,1,1,1,1,1,0.33,0.33,0.34,0.33,0.33,0.34,0,0,0,1,0.331450990275449,0.4765500178203502,0.1919989919042008,0.331450990275449,0.4765500178203502,0.1919989919042008,-0,-0,-0,1,0,-5.551115123125783e-17,31.346262,-39226.1121502141,202650,-119.0933547566484,320,0.33,0.33,0.34,0.33,0.33,0.34,0,0,0,-5.551115123125783e-17,31.346262,-39226.1121502141,202650,-119.0933547566484,320,0.33,0.33,0.34,0.33,0.33,0.34,0,0,0,-5.551115123125783e-17
0.976,94.11021079333733,94.11021079333733,0,31.05636956180132,31.05636956180132,31.99747166973469,85.82895410552248,121.5034017755449,75.56039221348554,46.09264127934038,68.6879274399803,33.73838646413164,0,0,0,31.346262,31.346262,0,10.34426646,10.34426646,10.65772908,10.34426646,10.34426646,10.65772908,0,0,0,999.9999868332601,999.9999868332601,0,331.45098591132,476.55001154574,191.9989893762,331.45098591132,476.55001154574,191.9989893762,0,0,0,-39226.1121502141,-39226.1121502141,0,-12944.61700957065,-12944.61700957065,-13336.87813107279,-35574.61662797526,-39671.78119609821,-42337.64961255837,990.4619246841606,1463.649193298381,735.9144097405178,0,0,0,0.2379951664107638,0.1244091294927885,0.05211776025188039,31.90173,31.90173,0,202650,27826.57188551692,19185.23738317802,48229.72047314129,25211.51009171359,10561.66411504356,-119.0933547566484,-119.0933547566484,0,-39.30080706969399,-39.30080706969399,-40.49174061726047,-107.6057612822328,-120.3572823452529,-129.0163245869945,0,0,0,0,0,0,320,1,1,1,1,1,1,1,1,1,1,1,1,1,1,1,0.33,0.33,0.34,0.33,0.33,0.34,0,0,0,1,0.331450990275449,0.4765500178203502,0.1919989919042008,0.331450990275449,0.4765500178203502,0.1919989919042008,-0,-0,-0,1,0,-5.551115123125783e-17,31.346262,-39226.1121502141,202650,-119.0933547566484,320,0.33,0.33,0.34,0.33,0.33,0.34,0,0,0,-5.551115123125783e-17,31.346262,-39226.1121502141,202650,-119.0933547566484,320,0.33,0.33,0.34,0.33,0.33,0.34,0,0,0,-5.551115123125783e-17
0.978,94.11021079333733,94.11021079333733,0,31.05636956180132,31.05636956180132,31.99747166973469,85.82895410552248,121.5034017755449,75.56039221348554,46.09264127934038,68.6879274399803,33.73838646413164,0,0,0,31.346262,31.346262,0,10.34426646,10.34426646,10.65772908,10.34426646,10.34426646,10.65772908,0,0,0,999.9999868332601,999.9999868332601,0,331.45098591132,476.55001154574,191.9989893762,331.45098591132,476.55001154574,191.9989893762,0,0,0,-39226.1121502141,-39226.1121502141,0,-12944.61700957065,-12944.61700957065,-13336.87813107279,-35574.61662797526,-39671.78119609821,-42337.64961255837,990.4619246841606,1463.649193298381,735.9144097405178,0,0,0,0.2379951664107638,0.1244091294927885,0.05211776025188039,31.90173,31.90173,0,202650,27826.57188551692,19185.23738317802,48229.72047314129,25211.51009171359,10561.66411504356,-119.0933547566484,-119.0933547566484,0,-39.30080706969399,-39.30080706969399,-40.49174061726047,-107.6057612822328,-120.3572823452529,-129.0163245869945,0,0,0,0,0,0,320,1,1,1,1,1,1,1,1,1,1,1,1,1,1,1,0.33,0.33,0.34,0.33,0.33,0.34,0,0,0,1,0.331450990275449,0.4765500178203502,0.1919989919042008,0.331450990275449,0.4765500178203502,0.1919989919042008,-0,-0,-0,1,0,-5.551115123125783e-17,31.346262,-39226.1121502141,202650,-119.0933547566484,320,0.33,0.33,0.34,0.33,0.33,0.34,0,0,0,-5.551115123125783e-17,31.346262,-39226.1121502141,202650,-119.0933547566484,320,0.33,0.33,0.34,0.33,0.33,0.34,0,0,0,-5.551115123125783e-17
0.98,94.11021079333733,94.11021079333733,0,31.05636956180132,31.05636956180132,31.99747166973469,85.82895410552248,121.5034017755449,75.56039221348554,46.09264127934038,68.6879274399803,33.73838646413164,0,0,0,31.346262,31.346262,0,10.34426646,10.34426646,10.65772908,10.34426646,10.34426646,10.65772908,0,0,0,999.9999868332601,999.9999868332601,0,331.45098591132,476.55001154574,191.9989893762,331.45098591132,476.55001154574,191.9989893762,0,0,0,-39226.1121502141,-39226.1121502141,0,-12944.61700957065,-12944.61700957065,-13336.87813107279,-35574.61662797526,-39671.78119609821,-42337.64961255837,990.4619246841606,1463.649193298381,735.9144097405178,0,0,0,0.2379951664107638,0.1244091294927885,0.05211776025188039,31.90173,31.90173,0,202650,27826.57188551692,19185.23738317802,48229.72047314129,25211.51009171359,10561.66411504356,-119.0933547566484,-119.0933547566484,0,-39.30080706969399,-39.30080706969399,-40.49174061726047,-107.6057612822328,-120.3572823452529,-129.0163245869945,0,0,0,0,0,0,320,1,1,1,1,1,1,1,1,1,1,1,1,1,1,1,0.33,0.33,0.34,0.33,0.33,0.34,0,0,0,1,0.331450990275449,0.4765500178203502,0.1919989919042008,0.331450990275449,0.4765500178203502,0.1919989919042008,-0,-0,-0,1,0,-5.551115123125783e-17,31.346262,-39226.1121502141,202650,-119.0933547566484,320,0.33,0.33,0.34,0.33,0.33,0.34,0,0,0,-5.551115123125783e-17,31.346262,-39226.1121502141,202650,-119.0933547566484,320,0.33,0.33,0.34,0.33,0.33,0.34,0,0,0,-5.551115123125783e-17
0.982,94.11021079333733,94.11021079333733,0,31.05636956180132,31.05636956180132,31.99747166973469,85.82895410552248,121.5034017755449,75.56039221348554,46.09264127934038,68.6879274399803,33.73838646413164,0,0,0,31.346262,31.346262,0,10.34426646,10.34426646,10.65772908,10.34426646,10.34426646,10.65772908,0,0,0,999.9999868332601,999.9999868332601,0,331.45098591132,476.55001154574,191.9989893762,331.45098591132,476.55001154574,191.9989893762,0,0,0,-39226.1121502141,-39226.1121502141,0,-12944.61700957065,-12944.61700957065,-13336.87813107279,-35574.61662797526,-39671.78119609821,-42337.64961255837,990.4619246841606,1463.649193298381,735.9144097405178,0,0,0,0.2379951664107638,0.1244091294927885,0.05211776025188039,31.90173,31.90173,0,202650,27826.57188551692,19185.23738317802,48229.72047314129,25211.51009171359,10561.66411504356,-119.0933547566484,-119.0933547566484,0,-39.30080706969399,-39.30080706969399,-40.49174061726047,-107.6057612822328,-120.3572823452529,-129.0163245869945,0,0,0,0,0,0,320,1,1,1,1,1,1,1,1,1,1,1,1,1,1,1,0.33,0.33,0.34,0.33,0.33,0.34,0,0,0,1,0.331450990275449,0.4765500178203502,0.1919989919042008,0.331450990275449,0.4765500178203502,0.1919989919042008,-0,-0,-0,1,0,-5.551115123125783e-17,31.346262,-39226.1121502141,202650,-119.0933547566484,320,0.33,0.33,0.34,0.33,0.33,0.34,0,0,0,-5.551115123125783e-17,31.346262,-39226.1121502141,202650,-119.0933547566484,320,0.33,0.33,0.34,0.33,0.33,0.34,0,0,0,-5.551115123125783e-17
0.984,94.11021079333733,94.11021079333733,0,31.05636956180132,31.05636956180132,31.99747166973469,85.82895410552248,121.5034017755449,75.56039221348554,46.09264127934038,68.6879274399803,33.73838646413164,0,0,0,31.346262,31.346262,0,10.34426646,10.34426646,10.65772908,10.34426646,10.34426646,10.65772908,0,0,0,999.9999868332601,999.9999868332601,0,331.45098591132,476.55001154574,191.9989893762,331.45098591132,476.55001154574,191.9989893762,0,0,0,-39226.1121502141,-39226.1121502141,0,-12944.61700957065,-12944.61700957065,-13336.87813107279,-35574.61662797526,-39671.78119609821,-42337.64961255837,990.4619246841606,1463.649193298381,735.9144097405178,0,0,0,0.2379951664107638,0.1244091294927885,0.05211776025188039,31.90173,31.90173,0,202650,27826.57188551692,19185.23738317802,48229.72047314129,25211.51009171359,10561.66411504356,-119.0933547566484,-119.0933547566484,0,-39.30080706969399,-39.30080706969399,-40.49174061726047,-107.6057612822328,-120.3572823452529,-129.0163245869945,0,0,0,0,0,0,320,1,1,1,1,1,1,1,1,1,1,1,1,1,1,1,0.33,0.33,0.34,0.33,0.33,0.34,0,0,0,1,0.331450990275449,0.4765500178203502,0.1919989919042008,0.331450990275449,0.4765500178203502,0.1919989919042008,-0,-0,-0,1,0,-5.551115123125783e-17,31.346262,-39226.1121502141,202650,-119.0933547566484,320,0.33,0.33,0.34,0.33,0.33,0.34,0,0,0,-5.551115123125783e-17,31.346262,-39226.1121502141,202650,-119.0933547566484,320,0.33,0.33,0.34,0.33,0.33,0.34,0,0,0,-5.551115123125783e-17
0.986,94.11021079333733,94.11021079333733,0,31.05636956180132,31.05636956180132,31.99747166973469,85.82895410552248,121.5034017755449,75.56039221348554,46.09264127934038,68.6879274399803,33.73838646413164,0,0,0,31.346262,31.346262,0,10.34426646,10.34426646,10.65772908,10.34426646,10.34426646,10.65772908,0,0,0,999.9999868332601,999.9999868332601,0,331.45098591132,476.55001154574,191.9989893762,331.45098591132,476.55001154574,191.9989893762,0,0,0,-39226.1121502141,-39226.1121502141,0,-12944.61700957065,-12944.61700957065,-13336.87813107279,-35574.61662797526,-39671.78119609821,-42337.64961255837,990.4619246841606,1463.649193298381,735.9144097405178,0,0,0,0.2379951664107638,0.1244091294927885,0.05211776025188039,31.90173,31.90173,0,202650,27826.57188551692,19185.23738317802,48229.72047314129,25211.51009171359,10561.66411504356,-119.0933547566484,-119.0933547566484,0,-39.30080706969399,-39.30080706969399,-40.49174061726047,-107.6057612822328,-120.3572823452529,-129.0163245869945,0,0,0,0,0,0,320,1,1,1,1,1,1,1,1,1,1,1,1,1,1,1,0.33,0.33,0.34,0.33,0.33,0.34,0,0,0,1,0.331450990275449,0.4765500178203502,0.1919989919042008,0.331450990275449,0.4765500178203502,0.1919989919042008,-0,-0,-0,1,0,-5.551115123125783e-17,31.346262,-39226.1121502141,202650,-119.0933547566484,320,0.33,0.33,0.34,0.33,0.33,0.34,0,0,0,-5.551115123125783e-17,31.346262,-39226.1121502141,202650,-119.0933547566484,320,0.33,0.33,0.34,0.33,0.33,0.34,0,0,0,-5.551115123125783e-17
0.988,94.11021079333733,94.11021079333733,0,31.05636956180132,31.05636956180132,31.99747166973469,85.82895410552248,121.5034017755449,75.56039221348554,46.09264127934038,68.6879274399803,33.73838646413164,0,0,0,31.346262,31.346262,0,10.34426646,10.34426646,10.65772908,10.34426646,10.34426646,10.65772908,0,0,0,999.9999868332601,999.9999868332601,0,331.45098591132,476.55001154574,191.9989893762,331.45098591132,476.55001154574,191.9989893762,0,0,0,-39226.1121502141,-39226.1121502141,0,-12944.61700957065,-12944.61700957065,-13336.87813107279,-35574.61662797526,-39671.78119609821,-42337.64961255837,990.4619246841606,1463.649193298381,735.9144097405178,0,0,0,0.2379951664107638,0.1244091294927885,0.05211776025188039,31.90173,31.90173,0,202650,27826.57188551692,19185.23738317802,48229.72047314129,25211.51009171359,10561.66411504356,-119.0933547566484,-119.0933547566484,0,-39.30080706969399,-39.30080706969399,-40.49174061726047,-107.6057612822328,-120.3572823452529,-129.0163245869945,0,0,0,0,0,0,320,1,1,1,1,1,1,1,1,1,1,1,1,1,1,1,0.33,0.33,0.34,0.33,0.33,0.34,0,0,0,1,0.331450990275449,0.4765500178203502,0.1919989919042008,0.331450990275449,0.4765500178203502,0.1919989919042008,-0,-0,-0,1,0,-5.551115123125783e-17,31.346262,-39226.1121502141,202650,-119.0933547566484,320,0.33,0.33,0.34,0.33,0.33,0.34,0,0,0,-5.551115123125783e-17,31.346262,-39226.1121502141,202650,-119.0933547566484,320,0.33,0.33,0.34,0.33,0.33,0.34,0,0,0,-5.551115123125783e-17
0.99,94.11021079333733,94.11021079333733,0,31.05636956180132,31.05636956180132,31.99747166973469,85.82895410552248,121.5034017755449,75.56039221348554,46.09264127934038,68.6879274399803,33.73838646413164,0,0,0,31.346262,31.346262,0,10.34426646,10.34426646,10.65772908,10.34426646,10.34426646,10.65772908,0,0,0,999.9999868332601,999.9999868332601,0,331.45098591132,476.55001154574,191.9989893762,331.45098591132,476.55001154574,191.9989893762,0,0,0,-39226.1121502141,-39226.1121502141,0,-12944.61700957065,-12944.61700957065,-13336.87813107279,-35574.61662797526,-39671.78119609821,-42337.64961255837,990.4619246841606,1463.649193298381,735.9144097405178,0,0,0,0.2379951664107638,0.1244091294927885,0.05211776025188039,31.90173,31.90173,0,202650,27826.57188551692,19185.23738317802,48229.72047314129,25211.51009171359,10561.66411504356,-119.0933547566484,-119.0933547566484,0,-39.30080706969399,-39.30080706969399,-40.49174061726047,-107.6057612822328,-120.3572823452529,-129.0163245869945,0,0,0,0,0,0,320,1,1,1,1,1,1,1,1,1,1,1,1,1,1,1,0.33,0.33,0.34,0.33,0.33,0.34,0,0,0,1,0.331450990275449,0.4765500178203502,0.1919989919042008,0.331450990275449,0.4765500178203502,0.1919989919042008,-0,-0,-0,1,0,-5.551115123125783e-17,31.346262,-39226.1121502141,202650,-119.0933547566484,320,0.33,0.33,0.34,0.33,0.33,0.34,0,0,0,-5.551115123125783e-17,31.346262,-39226.1121502141,202650,-119.0933547566484,320,0.33,0.33,0.34,0.33,0.33,0.34,0,0,0,-5.551115123125783e-17
0.992,94.11021079333733,94.11021079333733,0,31.05636956180132,31.05636956180132,31.99747166973469,85.82895410552248,121.5034017755449,75.56039221348554,46.09264127934038,68.6879274399803,33.73838646413164,0,0,0,31.346262,31.346262,0,10.34426646,10.34426646,10.65772908,10.34426646,10.34426646,10.65772908,0,0,0,999.9999868332601,999.9999868332601,0,331.45098591132,476.55001154574,191.9989893762,331.45098591132,476.55001154574,191.9989893762,0,0,0,-39226.1121502141,-39226.1121502141,0,-12944.61700957065,-12944.61700957065,-13336.87813107279,-35574.61662797526,-39671.78119609821,-42337.64961255837,990.4619246841606,1463.649193298381,735.9144097405178,0,0,0,0.2379951664107638,0.1244091294927885,0.05211776025188039,31.90173,31.90173,0,202650,27826.57188551692,19185.23738317802,48229.72047314129,25211.51009171359,10561.66411504356,-119.0933547566484,-119.0933547566484,0,-39.30080706969399,-39.30080706969399,-40.49174061726047,-107.6057612822328,-120.3572823452529,-129.0163245869945,0,0,0,0,0,0,320,1,1,1,1,1,1,1,1,1,1,1,1,1,1,1,0.33,0.33,0.34,0.33,0.33,0.34,0,0,0,1,0.331450990275449,0.4765500178203502,0.1919989919042008,0.331450990275449,0.4765500178203502,0.1919989919042008,-0,-0,-0,1,0,-5.551115123125783e-17,31.346262,-39226.1121502141,202650,-119.0933547566484,320,0.33,0.33,0.34,0.33,0.33,0.34,0,0,0,-5.551115123125783e-17,31.346262,-39226.1121502141,202650,-119.0933547566484,320,0.33,0.33,0.34,0.33,0.33,0.34,0,0,0,-5.551115123125783e-17
0.994,94.11021079333733,94.11021079333733,0,31.05636956180132,31.05636956180132,31.99747166973469,85.82895410552248,121.5034017755449,75.56039221348554,46.09264127934038,68.6879274399803,33.73838646413164,0,0,0,31.346262,31.346262,0,10.34426646,10.34426646,10.65772908,10.34426646,10.34426646,10.65772908,0,0,0,999.9999868332601,999.9999868332601,0,331.45098591132,476.55001154574,191.9989893762,331.45098591132,476.55001154574,191.9989893762,0,0,0,-39226.1121502141,-39226.1121502141,0,-12944.61700957065,-12944.61700957065,-13336.87813107279,-35574.61662797526,-39671.78119609821,-42337.64961255837,990.4619246841606,1463.649193298381,735.9144097405178,0,0,0,0.2379951664107638,0.1244091294927885,0.05211776025188039,31.90173,31.90173,0,202650,27826.57188551692,19185.23738317802,48229.72047314129,25211.51009171359,10561.66411504356,-119.0933547566484,-119.0933547566484,0,-39.30080706969399,-39.30080706969399,-40.49174061726047,-107.6057612822328,-120.3572823452529,-129.0163245869945,0,0,0,0,0,0,320,1,1,1,1,1,1,1,1,1,1,1,1,1,1,1,0.33,0.33,0.34,0.33,0.33,0.34,0,0,0,1,0.331450990275449,0.4765500178203502,0.1919989919042008,0.331450990275449,0.4765500178203502,0.1919989919042008,-0,-0,-0,1,0,-5.551115123125783e-17,31.346262,-39226.1121502141,202650,-119.0933547566484,320,0.33,0.33,0.34,0.33,0.33,0.34,0,0,0,-5.551115123125783e-17,31.346262,-39226.1121502141,202650,-119.0933547566484,320,0.33,0.33,0.34,0.33,0.33,0.34,0,0,0,-5.551115123125783e-17
0.996,94.11021079333733,94.11021079333733,0,31.05636956180132,31.05636956180132,31.99747166973469,85.82895410552248,121.5034017755449,75.56039221348554,46.09264127934038,68.6879274399803,33.73838646413164,0,0,0,31.346262,31.346262,0,10.34426646,10.34426646,10.65772908,10.34426646,10.34426646,10.65772908,0,0,0,999.9999868332601,999.9999868332601,0,331.45098591132,476.55001154574,191.9989893762,331.45098591132,476.55001154574,191.9989893762,0,0,0,-39226.1121502141,-39226.1121502141,0,-12944.61700957065,-12944.61700957065,-13336.87813107279,-35574.61662797526,-39671.78119609821,-42337.64961255837,990.4619246841606,1463.649193298381,735.9144097405178,0,0,0,0.2379951664107638,0.1244091294927885,0.05211776025188039,31.90173,31.90173,0,202650,27826.57188551692,19185.23738317802,48229.72047314129,25211.51009171359,10561.66411504356,-119.0933547566484,-119.0933547566484,0,-39.30080706969399,-39.30080706969399,-40.49174061726047,-107.6057612822328,-120.3572823452529,-129.0163245869945,0,0,0,0,0,0,320,1,1,1,1,1,1,1,1,1,1,1,1,1,1,1,0.33,0.33,0.34,0.33,0.33,0.34,0,0,0,1,0.331450990275449,0.4765500178203502,0.1919989919042008,0.331450990275449,0.4765500178203502,0.1919989919042008,-0,-0,-0,1,0,-5.551115123125783e-17,31.346262,-39226.1121502141,202650,-119.0933547566484,320,0.33,0.33,0.34,0.33,0.33,0.34,0,0,0,-5.551115123125783e-17,31.346262,-39226.1121502141,202650,-119.0933547566484,320,0.33,0.33,0.34,0.33,0.33,0.34,0,0,0,-5.551115123125783e-17
0.998,94.11021079333733,94.11021079333733,0,31.05636956180132,31.05636956180132,31.99747166973469,85.82895410552248,121.5034017755449,75.56039221348554,46.09264127934038,68.6879274399803,33.73838646413164,0,0,0,31.346262,31.346262,0,10.34426646,10.34426646,10.65772908,10.34426646,10.34426646,10.65772908,0,0,0,999.9999868332601,999.9999868332601,0,331.45098591132,476.55001154574,191.9989893762,331.45098591132,476.55001154574,191.9989893762,0,0,0,-39226.1121502141,-39226.1121502141,0,-12944.61700957065,-12944.61700957065,-13336.87813107279,-35574.61662797526,-39671.78119609821,-42337.64961255837,990.4619246841606,1463.649193298381,735.9144097405178,0,0,0,0.2379951664107638,0.1244091294927885,0.05211776025188039,31.90173,31.90173,0,202650,27826.57188551692,19185.23738317802,48229.72047314129,25211.51009171359,10561.66411504356,-119.0933547566484,-119.0933547566484,0,-39.30080706969399,-39.30080706969399,-40.49174061726047,-107.6057612822328,-120.3572823452529,-129.0163245869945,0,0,0,0,0,0,320,1,1,1,1,1,1,1,1,1,1,1,1,1,1,1,0.33,0.33,0.34,0.33,0.33,0.34,0,0,0,1,0.331450990275449,0.4765500178203502,0.1919989919042008,0.331450990275449,0.4765500178203502,0.1919989919042008,-0,-0,-0,1,0,-5.551115123125783e-17,31.346262,-39226.1121502141,202650,-119.0933547566484,320,0.33,0.33,0.34,0.33,0.33,0.34,0,0,0,-5.551115123125783e-17,31.346262,-39226.1121502141,202650,-119.0933547566484,320,0.33,0.33,0.34,0.33,0.33,0.34,0,0,0,-5.551115123125783e-17
1,94.11021079333733,94.11021079333733,0,31.05636956180132,31.05636956180132,31.99747166973469,85.82895410552248,121.5034017755449,75.56039221348554,46.09264127934038,68.6879274399803,33.73838646413164,0,0,0,31.346262,31.346262,0,10.34426646,10.34426646,10.65772908,10.34426646,10.34426646,10.65772908,0,0,0,999.9999868332601,999.9999868332601,0,331.45098591132,476.55001154574,191.9989893762,331.45098591132,476.55001154574,191.9989893762,0,0,0,-39226.1121502141,-39226.1121502141,0,-12944.61700957065,-12944.61700957065,-13336.87813107279,-35574.61662797526,-39671.78119609821,-42337.64961255837,990.4619246841606,1463.649193298381,735.9144097405178,0,0,0,0.2379951664107638,0.1244091294927885,0.05211776025188039,31.90173,31.90173,0,202650,27826.57188551692,19185.23738317802,48229.72047314129,25211.51009171359,10561.66411504356,-119.0933547566484,-119.0933547566484,0,-39.30080706969399,-39.30080706969399,-40.49174061726047,-107.6057612822328,-120.3572823452529,-129.0163245869945,0,0,0,0,0,0,320,1,1,1,1,1,1,1,1,1,1,1,1,1,1,1,0.33,0.33,0.34,0.33,0.33,0.34,0,0,0,1,0.331450990275449,0.4765500178203502,0.1919989919042008,0.331450990275449,0.4765500178203502,0.1919989919042008,-0,-0,-0,1,0,-5.551115123125783e-17,31.346262,-39226.1121502141,202650,-119.0933547566484,320,0.33,0.33,0.34,0.33,0.33,0.34,0,0,0,-5.551115123125783e-17,31.346262,-39226.1121502141,202650,-119.0933547566484,320,0.33,0.33,0.34,0.33,0.33,0.34,0,0,0,-5.551115123125783e-17
1,94.11021079333733,94.11021079333733,0,31.05636956180132,31.05636956180132,31.99747166973469,85.82895410552248,121.5034017755449,75.56039221348554,46.09264127934038,68.6879274399803,33.73838646413164,0,0,0,31.346262,31.346262,0,10.34426646,10.34426646,10.65772908,10.34426646,10.34426646,10.65772908,0,0,0,999.9999868332601,999.9999868332601,0,331.45098591132,476.55001154574,191.9989893762,331.45098591132,476.55001154574,191.9989893762,0,0,0,-39226.1121502141,-39226.1121502141,0,-12944.61700957065,-12944.61700957065,-13336.87813107279,-35574.61662797526,-39671.78119609821,-42337.64961255837,990.4619246841606,1463.649193298381,735.9144097405178,0,0,0,0.2379951664107638,0.1244091294927885,0.05211776025188039,31.90173,31.90173,0,202650,27826.57188551692,19185.23738317802,48229.72047314129,25211.51009171359,10561.66411504356,-119.0933547566484,-119.0933547566484,0,-39.30080706969399,-39.30080706969399,-40.49174061726047,-107.6057612822328,-120.3572823452529,-129.0163245869945,0,0,0,0,0,0,320,1,1,1,1,1,1,1,1,1,1,1,1,1,1,1,0.33,0.33,0.34,0.33,0.33,0.34,0,0,0,1,0.331450990275449,0.4765500178203502,0.1919989919042008,0.331450990275449,0.4765500178203502,0.1919989919042008,-0,-0,-0,1,0,-5.551115123125783e-17,31.346262,-39226.1121502141,202650,-119.0933547566484,320,0.33,0.33,0.34,0.33,0.33,0.34,0,0,0,-5.551115123125783e-17,31.346262,-39226.1121502141,202650,-119.0933547566484,320,0.33,0.33,0.34,0.33,0.33,0.34,0,0,0,-5.551115123125783e-17
